ISO-10303-21;
HEADER;
FILE_DESCRIPTION (( 'STEP AP214' ),
    '1' );
FILE_NAME ('Bottom_Enclosure.STEP',
    '2026-01-20T03:49:51',
    ( '' ),
    ( '' ),
    'SwSTEP 2.0',
    'SolidWorks 2026',
    '' );
FILE_SCHEMA (( 'AUTOMOTIVE_DESIGN' ));
ENDSEC;

DATA;
#1 = ORIENTED_EDGE ( 'NONE', *, *, #3003, .F. ) ;
#2 = CARTESIAN_POINT ( 'NONE',  ( 0.000000000000000000, -28.47129294843108482, -2.500000000000000000 ) ) ;
#3 = DIRECTION ( 'NONE',  ( 1.000000000000000000, 2.135044278125326586E-15, 0.000000000000000000 ) ) ;
#4 = CARTESIAN_POINT ( 'NONE',  ( -16.21496222574229762, 22.52870705156888675, 3.292323440001584611 ) ) ;
#5 = LINE ( 'NONE', #3085, #2341 ) ;
#6 = STYLED_ITEM ( 'NONE', ( #2580 ), #44 ) ;
#7 = CARTESIAN_POINT ( 'NONE',  ( 0.000000000000000000, 0.000000000000000000, -4.000000000000000000 ) ) ;
#8 = ORIENTED_EDGE ( 'NONE', *, *, #3132, .F. ) ;
#9 = EDGE_CURVE ( 'NONE', #949, #2496, #1811, .T. ) ;
#10 = CARTESIAN_POINT ( 'NONE',  ( -16.96496222574225854, -18.72129294843107417, -2.500000000000000000 ) ) ;
#11 = LINE ( 'NONE', #3092, #2249 ) ;
#12 = EDGE_LOOP ( 'NONE', ( #3147, #1624, #351, #1672 ) ) ;
#13 = AXIS2_PLACEMENT_3D ( 'NONE', #4, #40, #2051 ) ;
#14 = LINE ( 'NONE', #1499, #2402 ) ;
#15 = FACE_OUTER_BOUND ( 'NONE', #1168, .T. ) ;
#16 = CIRCLE ( 'NONE', #3226, 2.749999999999995559 ) ;
#17 = ORIENTED_EDGE ( 'NONE', *, *, #1652, .T. ) ;
#18 = CYLINDRICAL_SURFACE ( 'NONE', #1940, 1.500000000000001332 ) ;
#19 = CARTESIAN_POINT ( 'NONE',  ( -10.88296222574226668, -25.62529294843109184, 0.000000000000000000 ) ) ;
#20 = LINE ( 'NONE', #1277, #3192 ) ;
#21 = VECTOR ( 'NONE', #711, 1000.000000000000000 ) ;
#22 = DIRECTION ( 'NONE',  ( -1.000000000000000000, 0.000000000000000000, 0.000000000000000000 ) ) ;
#23 = DIRECTION ( 'NONE',  ( -0.000000000000000000, -0.000000000000000000, 1.000000000000000000 ) ) ;
#24 = EDGE_CURVE ( 'NONE', #2672, #1776, #2535, .T. ) ;
#25 = EDGE_CURVE ( 'NONE', #2785, #171, #2843, .T. ) ;
#26 = AXIS2_PLACEMENT_3D ( 'NONE', #90, #917, #1909 ) ;
#27 = DIRECTION ( 'NONE',  ( 0.000000000000000000, 0.000000000000000000, 1.000000000000000000 ) ) ;
#28 = EDGE_CURVE ( 'NONE', #1427, #3199, #791, .T. ) ;
#29 = ORIENTED_EDGE ( 'NONE', *, *, #9, .T. ) ;
#30 = VECTOR ( 'NONE', #1573, 1000.000000000000000 ) ;
#31 = DIRECTION ( 'NONE',  ( -0.000000000000000000, -0.000000000000000000, 1.000000000000000000 ) ) ;
#32 = ORIENTED_EDGE ( 'NONE', *, *, #223, .T. ) ;
#33 = LINE ( 'NONE', #1066, #2345 ) ;
#34 = CIRCLE ( 'NONE', #2505, 1.499999999999999556 ) ;
#35 = CARTESIAN_POINT ( 'NONE',  ( -16.96496222574226564, 26.27870705156888320, 3.292323440001584611 ) ) ;
#36 = EDGE_LOOP ( 'NONE', ( #2093, #206, #2805, #2776 ) ) ;
#37 = FACE_OUTER_BOUND ( 'NONE', #3255, .T. ) ;
#38 = DIRECTION ( 'NONE',  ( 0.000000000000000000, 0.000000000000000000, 1.000000000000000000 ) ) ;
#39 = FACE_OUTER_BOUND ( 'NONE', #3214, .T. ) ;
#40 = DIRECTION ( 'NONE',  ( -0.000000000000000000, -0.000000000000000000, -1.000000000000000000 ) ) ;
#41 = AXIS2_PLACEMENT_3D ( 'NONE', #808, #1828, #2855 ) ;
#42 = DIRECTION ( 'NONE',  ( -1.734723475976807094E-16, 1.000000000000000000, 0.000000000000000000 ) ) ;
#43 = DIRECTION ( 'NONE',  ( -0.000000000000000000, 0.000000000000000000, 1.000000000000000000 ) ) ;
#44 = MANIFOLD_SOLID_BREP ( 'Fillet1', #1619 ) ;
#45 = DIRECTION ( 'NONE',  ( 1.000000000000000000, 0.000000000000000000, 0.000000000000000000 ) ) ;
#46 = VERTEX_POINT ( 'NONE', #50 ) ;
#47 = CARTESIAN_POINT ( 'NONE',  ( -16.21496222574226564, -22.47129294843110969, 3.000000000000001776 ) ) ;
#48 = ORIENTED_EDGE ( 'NONE', *, *, #1156, .F. ) ;
#49 = ADVANCED_FACE ( 'NONE', ( #1880, #1305 ), #3260, .F. ) ;
#50 = CARTESIAN_POINT ( 'NONE',  ( 17.28503777425773791, -22.47129294843107417, 3.000000000000001776 ) ) ;
#51 = PLANE ( 'NONE',  #896 ) ;
#52 = DIRECTION ( 'NONE',  ( 0.000000000000000000, 0.000000000000000000, 1.000000000000000000 ) ) ;
#53 = EDGE_CURVE ( 'NONE', #2048, #272, #2054, .T. ) ;
#54 = ADVANCED_FACE ( 'NONE', ( #589 ), #18, .F. ) ;
#55 = ORIENTED_EDGE ( 'NONE', *, *, #1821, .F. ) ;
#56 = CARTESIAN_POINT ( 'NONE',  ( 10.45303777425773362, -25.62529294843109540, 0.000000000000000000 ) ) ;
#57 = ADVANCED_FACE ( 'NONE', ( #1321 ), #2080, .F. ) ;
#58 = DIRECTION ( 'NONE',  ( -0.000000000000000000, -0.000000000000000000, -1.000000000000000000 ) ) ;
#59 = LINE ( 'NONE', #320, #741 ) ;
#60 = EDGE_CURVE ( 'NONE', #3180, #146, #1602, .T. ) ;
#61 = MECHANICAL_DESIGN_GEOMETRIC_PRESENTATION_REPRESENTATION (  '', ( #6 ), #222 ) ;
#62 = AXIS2_PLACEMENT_3D ( 'NONE', #1175, #2773, #173 ) ;
#63 = DIRECTION ( 'NONE',  ( -0.000000000000000000, -0.000000000000000000, -1.000000000000000000 ) ) ;
#64 = EDGE_LOOP ( 'NONE', ( #3253, #645 ) ) ;
#65 = EDGE_CURVE ( 'NONE', #240, #2417, #328, .T. ) ;
#66 = EDGE_CURVE ( 'NONE', #1422, #2936, #2352, .T. ) ;
#67 = ORIENTED_EDGE ( 'NONE', *, *, #3134, .F. ) ;
#68 = ORIENTED_EDGE ( 'NONE', *, *, #1400, .T. ) ;
#69 = DIRECTION ( 'NONE',  ( 1.000000000000000000, 2.135044278125331319E-15, -0.000000000000000000 ) ) ;
#70 = DIRECTION ( 'NONE',  ( 0.000000000000000000, 0.000000000000000000, -1.000000000000000000 ) ) ;
#71 = CARTESIAN_POINT ( 'NONE',  ( 0.000000000000000000, 0.000000000000000000, -2.500000000000000000 ) ) ;
#72 = VECTOR ( 'NONE', #2716, 1000.000000000000114 ) ;
#73 = EDGE_LOOP ( 'NONE', ( #2388, #690 ) ) ;
#74 = DIRECTION ( 'NONE',  ( 1.000000000000000000, 0.000000000000000000, 0.000000000000000000 ) ) ;
#75 = DIRECTION ( 'NONE',  ( 0.000000000000000000, 0.000000000000000000, 1.000000000000000000 ) ) ;
#76 = ADVANCED_FACE ( 'NONE', ( #37 ), #1069, .T. ) ;
#77 = AXIS2_PLACEMENT_3D ( 'NONE', #2542, #1790, #1289 ) ;
#78 = DIRECTION ( 'NONE',  ( 1.000000000000000000, 0.000000000000000000, 0.000000000000000000 ) ) ;
#79 = CIRCLE ( 'NONE', #398, 2.749999999999995559 ) ;
#80 = DIRECTION ( 'NONE',  ( -0.000000000000000000, -0.000000000000000000, -1.000000000000000000 ) ) ;
#81 = ORIENTED_EDGE ( 'NONE', *, *, #2198, .F. ) ;
#82 = CIRCLE ( 'NONE', #2717, 0.9499999999999995115 ) ;
#83 = VECTOR ( 'NONE', #921, 1000.000000000000000 ) ;
#84 = ORIENTED_EDGE ( 'NONE', *, *, #2621, .F. ) ;
#85 = AXIS2_PLACEMENT_3D ( 'NONE', #1708, #1407, #2516 ) ;
#86 = DIRECTION ( 'NONE',  ( -1.000000000000000000, 0.000000000000000000, 0.000000000000000000 ) ) ;
#87 = DIRECTION ( 'NONE',  ( -1.000000000000000000, 0.000000000000000000, 0.000000000000000000 ) ) ;
#88 = CARTESIAN_POINT ( 'NONE',  ( -10.88296222574226668, -25.62529294843109184, 0.000000000000000000 ) ) ;
#89 = VERTEX_POINT ( 'NONE', #2871 ) ;
#90 = CARTESIAN_POINT ( 'NONE',  ( -10.88296222574226668, 25.68270705156890443, 0.000000000000000000 ) ) ;
#91 = EDGE_CURVE ( 'NONE', #1576, #3022, #571, .T. ) ;
#92 = AXIS2_PLACEMENT_3D ( 'NONE', #1974, #2223, #2244 ) ;
#93 = DIRECTION ( 'NONE',  ( -0.000000000000000000, -1.000000000000000000, 0.000000000000000000 ) ) ;
#94 = CARTESIAN_POINT ( 'NONE',  ( -17.71496222574226564, -22.47129294843110969, 3.292323440001584611 ) ) ;
#95 = CARTESIAN_POINT ( 'NONE',  ( 16.03503777425773791, 30.02870705156891162, -3.499999999999999556 ) ) ;
#96 = ORIENTED_EDGE ( 'NONE', *, *, #1557, .F. ) ;
#97 = ORIENTED_EDGE ( 'NONE', *, *, #535, .T. ) ;
#98 = CARTESIAN_POINT ( 'NONE',  ( -10.88296222574226668, 25.68270705156890443, 0.000000000000000000 ) ) ;
#99 = CARTESIAN_POINT ( 'NONE',  ( -17.16496222574230046, 22.52870705156889031, -3.000000000000002665 ) ) ;
#100 = ORIENTED_EDGE ( 'NONE', *, *, #2816, .T. ) ;
#101 = CARTESIAN_POINT ( 'NONE',  ( -17.16496222574230046, 22.52870705156889031, 3.000000000000001776 ) ) ;
#102 = ORIENTED_EDGE ( 'NONE', *, *, #740, .T. ) ;
#103 = CARTESIAN_POINT ( 'NONE',  ( -9.932962225742267393, -25.62529294843109184, -2.500000000000000000 ) ) ;
#104 = DIRECTION ( 'NONE',  ( 1.000000000000000000, 0.000000000000000000, 0.000000000000000000 ) ) ;
#105 = LINE ( 'NONE', #1157, #21 ) ;
#106 = ORIENTED_EDGE ( 'NONE', *, *, #2315, .T. ) ;
#107 = EDGE_CURVE ( 'NONE', #3155, #2744, #1097, .T. ) ;
#108 = ORIENTED_EDGE ( 'NONE', *, *, #2650, .T. ) ;
#109 = VERTEX_POINT ( 'NONE', #2125 ) ;
#110 = ADVANCED_FACE ( 'NONE', ( #855 ), #1449, .T. ) ;
#111 = CARTESIAN_POINT ( 'NONE',  ( -16.96496222574226564, 18.77870705156889031, -2.500000000000000000 ) ) ;
#112 = FACE_OUTER_BOUND ( 'NONE', #1164, .T. ) ;
#113 = VERTEX_POINT ( 'NONE', #2638 ) ;
#114 = CYLINDRICAL_SURFACE ( 'NONE', #2878, 0.9500000000000029532 ) ;
#115 = ORIENTED_EDGE ( 'NONE', *, *, #1148, .T. ) ;
#116 = CARTESIAN_POINT ( 'NONE',  ( 15.78503777425773613, -22.47129294843107417, 3.292323440001584611 ) ) ;
#117 = VECTOR ( 'NONE', #3058, 1000.000000000000000 ) ;
#118 = VECTOR ( 'NONE', #719, 1000.000000000000000 ) ;
#119 = EDGE_CURVE ( 'NONE', #1420, #366, #2636, .T. ) ;
#120 = ADVANCED_FACE ( 'NONE', ( #1628 ), #3121, .T. ) ;
#121 = CARTESIAN_POINT ( 'NONE',  ( -15.26496222574226458, -22.47129294843110969, -3.000000000000002665 ) ) ;
#122 = AXIS2_PLACEMENT_3D ( 'NONE', #438, #1451, #2486 ) ;
#123 = ADVANCED_FACE ( 'NONE', ( #1332 ), #2587, .T. ) ;
#124 = EDGE_LOOP ( 'NONE', ( #3111, #1319, #2490, #1706 ) ) ;
#125 = AXIS2_PLACEMENT_3D ( 'NONE', #875, #1333, #2404 ) ;
#126 = EDGE_LOOP ( 'NONE', ( #1510, #985, #2022, #1222 ) ) ;
#127 = VECTOR ( 'NONE', #1264, 1000.000000000000000 ) ;
#128 = ORIENTED_EDGE ( 'NONE', *, *, #1888, .T. ) ;
#129 = ORIENTED_EDGE ( 'NONE', *, *, #2958, .F. ) ;
#130 = CARTESIAN_POINT ( 'NONE',  ( -16.21496222574226564, -22.47129294843110969, 3.000000000000001776 ) ) ;
#131 = VECTOR ( 'NONE', #1942, 1000.000000000000000 ) ;
#132 = DIRECTION ( 'NONE',  ( 1.000000000000000000, 0.000000000000000000, 0.000000000000000000 ) ) ;
#133 = AXIS2_PLACEMENT_3D ( 'NONE', #2254, #1505, #3223 ) ;
#134 = EDGE_LOOP ( 'NONE', ( #774, #3277, #129, #1241 ) ) ;
#135 = DIRECTION ( 'NONE',  ( -0.000000000000000000, 0.000000000000000000, 1.000000000000000000 ) ) ;
#136 = VECTOR ( 'NONE', #1905, 1000.000000000000000 ) ;
#137 = ORIENTED_EDGE ( 'NONE', *, *, #2374, .T. ) ;
#138 = DIRECTION ( 'NONE',  ( 1.000000000000000000, 0.000000000000000000, 0.000000000000000000 ) ) ;
#139 = DIRECTION ( 'NONE',  ( -1.000000000000000000, 0.000000000000000000, 0.000000000000000000 ) ) ;
#140 = LINE ( 'NONE', #3160, #3305 ) ;
#141 = EDGE_CURVE ( 'NONE', #2635, #1993, #2215, .T. ) ;
#142 = CARTESIAN_POINT ( 'NONE',  ( -19.46496222574226920, 27.02870705156890097, -3.499999999999999556 ) ) ;
#143 = DIRECTION ( 'NONE',  ( 0.000000000000000000, 0.000000000000000000, -1.000000000000000000 ) ) ;
#144 = EDGE_LOOP ( 'NONE', ( #1096, #106, #882, #601 ) ) ;
#146 = VERTEX_POINT ( 'NONE', #1343 ) ;
#145 = DIRECTION ( 'NONE',  ( 1.000000000000000000, 0.000000000000000000, 0.000000000000000000 ) ) ;
#147 = ORIENTED_EDGE ( 'NONE', *, *, #2360, .T. ) ;
#148 = ORIENTED_EDGE ( 'NONE', *, *, #1769, .F. ) ;
#149 = DIRECTION ( 'NONE',  ( -0.000000000000000000, -0.000000000000000000, -1.000000000000000000 ) ) ;
#150 = CARTESIAN_POINT ( 'NONE',  ( -14.71496222574229762, 22.52870705156888675, 3.000000000000001776 ) ) ;
#151 = VERTEX_POINT ( 'NONE', #625 ) ;
#152 = ORIENTED_EDGE ( 'NONE', *, *, #2165, .T. ) ;
#153 = DIRECTION ( 'NONE',  ( 0.000000000000000000, 0.000000000000000000, 1.000000000000000000 ) ) ;
#154 = DIRECTION ( 'NONE',  ( 1.000000000000000000, 0.000000000000000000, 0.000000000000000000 ) ) ;
#155 = EDGE_CURVE ( 'NONE', #447, #109, #580, .T. ) ;
#156 = CARTESIAN_POINT ( 'NONE',  ( -14.71496222574229762, 22.52870705156888675, 3.292323440001584611 ) ) ;
#157 = PLANE ( 'NONE',  #2447 ) ;
#158 = DIRECTION ( 'NONE',  ( 1.000000000000000000, 0.000000000000000000, 0.000000000000000000 ) ) ;
#159 = ORIENTED_EDGE ( 'NONE', *, *, #2067, .T. ) ;
#161 = EDGE_LOOP ( 'NONE', ( #1182, #1047 ) ) ;
#160 = DIRECTION ( 'NONE',  ( -0.000000000000000000, 0.000000000000000000, 1.000000000000000000 ) ) ;
#162 = VECTOR ( 'NONE', #1536, 1000.000000000000000 ) ;
#163 = EDGE_LOOP ( 'NONE', ( #1581, #1697, #441, #2171 ) ) ;
#164 = ORIENTED_EDGE ( 'NONE', *, *, #221, .T. ) ;
#165 = EDGE_CURVE ( 'NONE', #378, #954, #322, .T. ) ;
#166 = DIRECTION ( 'NONE',  ( 1.000000000000000000, -3.469446951953611033E-15, 0.000000000000000000 ) ) ;
#167 = CARTESIAN_POINT ( 'NONE',  ( 10.45303777425773362, 25.68270705156890443, 0.000000000000000000 ) ) ;
#168 = EDGE_CURVE ( 'NONE', #1780, #1127, #598, .T. ) ;
#169 = VERTEX_POINT ( 'NONE', #2137 ) ;
#170 = ORIENTED_EDGE ( 'NONE', *, *, #2351, .T. ) ;
#171 = VERTEX_POINT ( 'NONE', #2663 ) ;
#172 = LINE ( 'NONE', #2962, #526 ) ;
#173 = DIRECTION ( 'NONE',  ( 1.000000000000000000, 0.000000000000000000, 0.000000000000000000 ) ) ;
#174 = LINE ( 'NONE', #977, #72 ) ;
#175 = LINE ( 'NONE', #1247, #1864 ) ;
#176 = CIRCLE ( 'NONE', #2066, 1.500000000000001332 ) ;
#177 = DIRECTION ( 'NONE',  ( -0.000000000000000000, -0.000000000000000000, -1.000000000000000000 ) ) ;
#178 = ORIENTED_EDGE ( 'NONE', *, *, #596, .F. ) ;
#180 = ORIENTED_EDGE ( 'NONE', *, *, #2328, .T. ) ;
#179 = DIRECTION ( 'NONE',  ( 0.000000000000000000, 0.000000000000000000, 1.000000000000000000 ) ) ;
#181 = EDGE_LOOP ( 'NONE', ( #2919, #1926, #306, #722 ) ) ;
#182 = EDGE_LOOP ( 'NONE', ( #3048, #742, #2961, #2474, #2988, #1600, #613, #1152, #3029, #1001, #67, #1312, #2870, #2653, #1953, #910, #2226, #2921, #1809, #2457, #1083, #339, #32, #260, #485, #1200, #736, #682, #1534, #2256, #953, #1392, #2939, #621, #1361, #224, #1908, #1605, #2245, #1290, #2462, #775, #2993, #1800, #973, #3195 ) ) ;
#183 = CARTESIAN_POINT ( 'NONE',  ( -16.96496222574226564, 18.77870705156889031, -4.002000000000000668 ) ) ;
#184 = CARTESIAN_POINT ( 'NONE',  ( -17.96496222574226564, 30.02870705156890097, -4.000000000000000000 ) ) ;
#185 = ORIENTED_EDGE ( 'NONE', *, *, #2055, .T. ) ;
#186 = VERTEX_POINT ( 'NONE', #1887 ) ;
#187 = VERTEX_POINT ( 'NONE', #843 ) ;
#188 = DIRECTION ( 'NONE',  ( -0.000000000000000000, -0.000000000000000000, -1.000000000000000000 ) ) ;
#189 = DIRECTION ( 'NONE',  ( -0.000000000000000000, -0.000000000000000000, 1.000000000000000000 ) ) ;
#190 = VECTOR ( 'NONE', #578, 1000.000000000000000 ) ;
#191 = LINE ( 'NONE', #1944, #1692 ) ;
#192 = VECTOR ( 'NONE', #3315, 1000.000000000000000 ) ;
#193 = AXIS2_PLACEMENT_3D ( 'NONE', #3010, #718, #166 ) ;
#194 = CARTESIAN_POINT ( 'NONE',  ( 16.73503777425770522, 22.52870705156892583, 3.000000000000001776 ) ) ;
#195 = APPLICATION_PROTOCOL_DEFINITION ( 'draft international standard', 'automotive_design', 1998, #2141 ) ;
#196 = VERTEX_POINT ( 'NONE', #1870 ) ;
#197 = CIRCLE ( 'NONE', #534, 1.000000000000000888 ) ;
#198 = DIRECTION ( 'NONE',  ( 0.000000000000000000, 0.000000000000000000, 1.000000000000000000 ) ) ;
#199 = CARTESIAN_POINT ( 'NONE',  ( -13.88296222574226668, -25.62529294843109184, 0.000000000000000000 ) ) ;
#200 = EDGE_LOOP ( 'NONE', ( #2422, #661, #1970, #3098 ) ) ;
#201 = ORIENTED_EDGE ( 'NONE', *, *, #1949, .T. ) ;
#202 = ADVANCED_FACE ( 'NONE', ( #1634 ), #813, .T. ) ;
#203 = EDGE_CURVE ( 'NONE', #2866, #3138, #3215, .T. ) ;
#204 = DIRECTION ( 'NONE',  ( 1.000000000000000000, 0.000000000000000000, 0.000000000000000000 ) ) ;
#205 = FACE_OUTER_BOUND ( 'NONE', #2121, .T. ) ;
#206 = ORIENTED_EDGE ( 'NONE', *, *, #2719, .T. ) ;
#207 = DIRECTION ( 'NONE',  ( 1.000000000000000000, -1.156482317317871725E-15, 0.000000000000000000 ) ) ;
#208 = ORIENTED_EDGE ( 'NONE', *, *, #1171, .T. ) ;
#209 = CARTESIAN_POINT ( 'NONE',  ( 15.78503777425770060, 22.52870705156892583, 3.000000000000001776 ) ) ;
#210 = LINE ( 'NONE', #1962, #3246 ) ;
#211 = DIRECTION ( 'NONE',  ( 0.000000000000000000, 0.000000000000000000, 1.000000000000000000 ) ) ;
#212 = EDGE_CURVE ( 'NONE', #3322, #1269, #296, .T. ) ;
#213 = FACE_OUTER_BOUND ( 'NONE', #2078, .T. ) ;
#214 = ORIENTED_EDGE ( 'NONE', *, *, #737, .T. ) ;
#215 = CARTESIAN_POINT ( 'NONE',  ( -17.96496222574225854, -26.22129294843106706, -4.000000000000000000 ) ) ;
#216 = DIRECTION ( 'NONE',  ( 1.000000000000000000, 0.000000000000000000, 0.000000000000000000 ) ) ;
#217 = EDGE_LOOP ( 'NONE', ( #2895, #170, #1398, #2187 ) ) ;
#218 = VERTEX_POINT ( 'NONE', #1090 ) ;
#219 = FACE_OUTER_BOUND ( 'NONE', #2810, .T. ) ;
#220 = DIRECTION ( 'NONE',  ( -0.000000000000000000, -0.000000000000000000, -1.000000000000000000 ) ) ;
#221 = EDGE_CURVE ( 'NONE', #2672, #1669, #608, .T. ) ;
#222 =( GEOMETRIC_REPRESENTATION_CONTEXT ( 3 ) GLOBAL_UNCERTAINTY_ASSIGNED_CONTEXT ( ( #1834 ) ) GLOBAL_UNIT_ASSIGNED_CONTEXT ( ( #2910, #1861, #2626 ) ) REPRESENTATION_CONTEXT ( 'NONE', 'WORKASPACE' ) );
#223 = EDGE_CURVE ( 'NONE', #1703, #712, #1274, .T. ) ;
#224 = ORIENTED_EDGE ( 'NONE', *, *, #3062, .F. ) ;
#225 = DIRECTION ( 'NONE',  ( -0.000000000000000000, -0.000000000000000000, -1.000000000000000000 ) ) ;
#226 = CYLINDRICAL_SURFACE ( 'NONE', #955, 2.749999999999995559 ) ;
#227 = DIRECTION ( 'NONE',  ( -0.000000000000000000, 0.000000000000000000, 1.000000000000000000 ) ) ;
#228 = CARTESIAN_POINT ( 'NONE',  ( 16.03503777425773791, -26.97129294843108838, -4.000000000000000000 ) ) ;
#229 = EDGE_CURVE ( 'NONE', #1544, #2791, #2559, .T. ) ;
#230 = EDGE_LOOP ( 'NONE', ( #1655, #1395, #876, #1251 ) ) ;
#231 = EDGE_CURVE ( 'NONE', #1703, #3076, #449, .T. ) ;
#232 = CIRCLE ( 'NONE', #1208, 1.499999999999999556 ) ;
#233 = PLANE ( 'NONE',  #575 ) ;
#234 = ORIENTED_EDGE ( 'NONE', *, *, #563, .F. ) ;
#235 = AXIS2_PLACEMENT_3D ( 'NONE', #286, #1531, #1037 ) ;
#236 = FACE_OUTER_BOUND ( 'NONE', #1362, .T. ) ;
#237 = CARTESIAN_POINT ( 'NONE',  ( -15.26496222574230011, 22.52870705156889031, 3.000000000000001776 ) ) ;
#238 = ORIENTED_EDGE ( 'NONE', *, *, #370, .F. ) ;
#239 = CIRCLE ( 'NONE', #1578, 0.9500000000000029532 ) ;
#240 = VERTEX_POINT ( 'NONE', #2980 ) ;
#241 = LINE ( 'NONE', #2581, #1588 ) ;
#242 = CARTESIAN_POINT ( 'NONE',  ( -19.46496222574226209, -28.47129294843108482, 0.000000000000000000 ) ) ;
#243 = LINE ( 'NONE', #2320, #1521 ) ;
#244 = AXIS2_PLACEMENT_3D ( 'NONE', #769, #1822, #2865 ) ;
#245 = CIRCLE ( 'NONE', #402, 2.749999999999995559 ) ;
#246 = LINE ( 'NONE', #1556, #190 ) ;
#247 = AXIS2_PLACEMENT_3D ( 'NONE', #389, #723, #2465 ) ;
#248 = AXIS2_PLACEMENT_3D ( 'NONE', #7, #43, #827 ) ;
#249 = EDGE_CURVE ( 'NONE', #2897, #614, #1485, .T. ) ;
#250 = ORIENTED_EDGE ( 'NONE', *, *, #3133, .F. ) ;
#251 = AXIS2_PLACEMENT_3D ( 'NONE', #1675, #3183, #2707 ) ;
#252 = AXIS2_PLACEMENT_3D ( 'NONE', #130, #2191, #1936 ) ;
#253 = LINE ( 'NONE', #1020, #2603 ) ;
#254 = VERTEX_POINT ( 'NONE', #2736 ) ;
#255 = CIRCLE ( 'NONE', #694, 3.000000000000000000 ) ;
#256 = DIRECTION ( 'NONE',  ( -0.000000000000000000, -0.000000000000000000, 1.000000000000000000 ) ) ;
#257 = CARTESIAN_POINT ( 'NONE',  ( -11.83296222574226597, -25.62529294843109184, 0.000000000000000000 ) ) ;
#258 = LINE ( 'NONE', #1791, #1770 ) ;
#259 = ORIENTED_EDGE ( 'NONE', *, *, #2931, .T. ) ;
#260 = ORIENTED_EDGE ( 'NONE', *, *, #727, .T. ) ;
#261 = CARTESIAN_POINT ( 'NONE',  ( 11.40187074164450109, 28.52870705156890807, -2.500000000000000000 ) ) ;
#262 = DIRECTION ( 'NONE',  ( 0.000000000000000000, 0.000000000000000000, 1.000000000000000000 ) ) ;
#263 = LINE ( 'NONE', #2355, #1736 ) ;
#264 = EDGE_CURVE ( 'NONE', #2909, #366, #2481, .T. ) ;
#265 = DIRECTION ( 'NONE',  ( 1.000000000000000000, 0.000000000000000000, 0.000000000000000000 ) ) ;
#266 = ORIENTED_EDGE ( 'NONE', *, *, #2818, .T. ) ;
#267 = CYLINDRICAL_SURFACE ( 'NONE', #2880, 2.749999999999995559 ) ;
#268 = ORIENTED_EDGE ( 'NONE', *, *, #3059, .T. ) ;
#269 = FACE_OUTER_BOUND ( 'NONE', #606, .T. ) ;
#270 = FACE_OUTER_BOUND ( 'NONE', #705, .T. ) ;
#271 = EDGE_CURVE ( 'NONE', #3124, #187, #746, .T. ) ;
#272 = VERTEX_POINT ( 'NONE', #2233 ) ;
#273 = DIRECTION ( 'NONE',  ( 0.000000000000000000, 0.000000000000000000, -1.000000000000000000 ) ) ;
#274 = DIRECTION ( 'NONE',  ( -1.000000000000000000, 0.000000000000000000, -0.000000000000000000 ) ) ;
#275 = LINE ( 'NONE', #1011, #2698 ) ;
#276 = EDGE_CURVE ( 'NONE', #1931, #2433, #1707, .T. ) ;
#277 = CARTESIAN_POINT ( 'NONE',  ( 15.78503777425770060, 22.52870705156892583, -3.000000000000002665 ) ) ;
#278 = VECTOR ( 'NONE', #2061, 1000.000000000000000 ) ;
#279 = VECTOR ( 'NONE', #920, 1000.000000000000000 ) ;
#280 = DIRECTION ( 'NONE',  ( 1.000000000000000000, 0.000000000000000000, 0.000000000000000000 ) ) ;
#281 = VERTEX_POINT ( 'NONE', #2515 ) ;
#282 = CARTESIAN_POINT ( 'NONE',  ( -19.46496222574226920, 30.02870705156890097, -3.499999999999999556 ) ) ;
#283 = EDGE_CURVE ( 'NONE', #2424, #2006, #172, .T. ) ;
#284 = VECTOR ( 'NONE', #52, 1000.000000000000000 ) ;
#285 = CARTESIAN_POINT ( 'NONE',  ( 16.53503777425773791, -18.72129294843107417, -4.002000000000000668 ) ) ;
#286 = CARTESIAN_POINT ( 'NONE',  ( -16.21496222574229762, 22.52870705156889031, 3.292323440001584611 ) ) ;
#287 = AXIS2_PLACEMENT_3D ( 'NONE', #2263, #3272, #2009 ) ;
#288 = EDGE_LOOP ( 'NONE', ( #1204, #482, #494, #502 ) ) ;
#289 = DIRECTION ( 'NONE',  ( 1.000000000000000000, 0.000000000000000000, 0.000000000000000000 ) ) ;
#290 = CARTESIAN_POINT ( 'NONE',  ( -17.96496222574225854, -18.72129294843107417, 3.292323440001584611 ) ) ;
#291 = DIRECTION ( 'NONE',  ( -0.000000000000000000, -0.000000000000000000, -1.000000000000000000 ) ) ;
#292 = AXIS2_PLACEMENT_3D ( 'NONE', #2699, #1668, #158 ) ;
#293 = DIRECTION ( 'NONE',  ( -1.000000000000000000, -2.135044278125326586E-15, 0.000000000000000000 ) ) ;
#294 = AXIS2_PLACEMENT_3D ( 'NONE', #1554, #2847, #859 ) ;
#295 = DIRECTION ( 'NONE',  ( 1.000000000000000000, 0.000000000000000000, 0.000000000000000000 ) ) ;
#296 = LINE ( 'NONE', #1885, #2242 ) ;
#297 = AXIS2_PLACEMENT_3D ( 'NONE', #2148, #63, #2387 ) ;
#298 = CARTESIAN_POINT ( 'NONE',  ( 15.78503777425770060, 22.52870705156892583, -2.500000000000000000 ) ) ;
#299 = CIRCLE ( 'NONE', #2128, 0.9499999999999995115 ) ;
#300 = CARTESIAN_POINT ( 'NONE',  ( 15.78503777425770060, 22.52870705156892583, -3.000000000000002665 ) ) ;
#301 = CIRCLE ( 'NONE', #1971, 3.000000000000000888 ) ;
#302 = VECTOR ( 'NONE', #2116, 1000.000000000000000 ) ;
#303 = ADVANCED_FACE ( 'NONE', ( #3221 ), #957, .F. ) ;
#304 = CARTESIAN_POINT ( 'NONE',  ( -16.46496222574226209, -29.47129294843108838, -4.000000000000000000 ) ) ;
#305 = CARTESIAN_POINT ( 'NONE',  ( -17.96496222574226209, -2.077616114535444481E-15, -2.500000000000000000 ) ) ;
#306 = ORIENTED_EDGE ( 'NONE', *, *, #1659, .F. ) ;
#307 = EDGE_CURVE ( 'NONE', #520, #2071, #1219, .T. ) ;
#308 = EDGE_CURVE ( 'NONE', #2567, #196, #3140, .T. ) ;
#309 = VECTOR ( 'NONE', #2899, 1000.000000000000000 ) ;
#310 = DIRECTION ( 'NONE',  ( 0.000000000000000000, 0.000000000000000000, -1.000000000000000000 ) ) ;
#311 = EDGE_CURVE ( 'NONE', #949, #2579, #2024, .T. ) ;
#312 = ORIENTED_EDGE ( 'NONE', *, *, #432, .T. ) ;
#313 = EDGE_CURVE ( 'NONE', #3322, #1643, #2884, .T. ) ;
#314 = CARTESIAN_POINT ( 'NONE',  ( -10.88296222574226668, -25.62529294843109184, 0.000000000000000000 ) ) ;
#315 = DIRECTION ( 'NONE',  ( -0.000000000000000000, 0.000000000000000000, 1.000000000000000000 ) ) ;
#316 = PLANE ( 'NONE',  #3079 ) ;
#317 = VECTOR ( 'NONE', #2727, 1000.000000000000000 ) ;
#318 = FACE_OUTER_BOUND ( 'NONE', #1959, .T. ) ;
#319 = CARTESIAN_POINT ( 'NONE',  ( -16.46496222574226920, 27.02870705156890097, 3.292323440001584611 ) ) ;
#320 = CARTESIAN_POINT ( 'NONE',  ( 17.53503777425773080, 30.02870705156891162, 3.292323440001584611 ) ) ;
#321 = EDGE_CURVE ( 'NONE', #2938, #2684, #353, .T. ) ;
#322 = LINE ( 'NONE', #2373, #1195 ) ;
#323 = EDGE_CURVE ( 'NONE', #1140, #1496, #744, .T. ) ;
#324 = FACE_OUTER_BOUND ( 'NONE', #1546, .T. ) ;
#325 = EDGE_LOOP ( 'NONE', ( #2250, #2230, #628, #2317 ) ) ;
#326 = ORIENTED_EDGE ( 'NONE', *, *, #2976, .F. ) ;
#327 = ORIENTED_EDGE ( 'NONE', *, *, #508, .T. ) ;
#328 = LINE ( 'NONE', #2366, #654 ) ;
#329 = DIRECTION ( 'NONE',  ( 1.000000000000000000, 0.000000000000000000, 0.000000000000000000 ) ) ;
#330 = DIRECTION ( 'NONE',  ( 1.000000000000000000, 0.000000000000000000, 0.000000000000000000 ) ) ;
#331 = EDGE_CURVE ( 'NONE', #1128, #966, #3261, .T. ) ;
#332 = ORIENTED_EDGE ( 'NONE', *, *, #2816, .F. ) ;
#333 = CARTESIAN_POINT ( 'NONE',  ( 17.53503777425773436, 18.77870705156889031, 3.292323440001584611 ) ) ;
#334 = DIRECTION ( 'NONE',  ( -0.000000000000000000, 0.000000000000000000, 1.000000000000000000 ) ) ;
#335 = VECTOR ( 'NONE', #1842, 1000.000000000000000 ) ;
#336 = LINE ( 'NONE', #350, #2021 ) ;
#337 = ORIENTED_EDGE ( 'NONE', *, *, #2200, .F. ) ;
#338 = EDGE_CURVE ( 'NONE', #2897, #1032, #1108, .T. ) ;
#339 = ORIENTED_EDGE ( 'NONE', *, *, #2621, .T. ) ;
#340 = CARTESIAN_POINT ( 'NONE',  ( 10.45303777425773362, 25.68270705156890443, -2.500000000000000000 ) ) ;
#341 = CARTESIAN_POINT ( 'NONE',  ( -17.16496222574226493, -22.47129294843110969, -3.000000000000002665 ) ) ;
#342 = FACE_OUTER_BOUND ( 'NONE', #533, .T. ) ;
#343 = VECTOR ( 'NONE', #293, 1000.000000000000000 ) ;
#344 = EDGE_LOOP ( 'NONE', ( #1184, #663, #2411, #2742, #1938, #2992, #2003, #401, #1093, #1237, #550, #2686, #2978, #3325, #3231, #1704 ) ) ;
#345 = DIRECTION ( 'NONE',  ( 1.000000000000000000, 0.000000000000000000, 0.000000000000000000 ) ) ;
#346 = DIRECTION ( 'NONE',  ( 0.000000000000000000, -0.000000000000000000, -1.000000000000000000 ) ) ;
#347 = AXIS2_PLACEMENT_3D ( 'NONE', #657, #177, #1433 ) ;
#348 = AXIS2_PLACEMENT_3D ( 'NONE', #277, #23, #1075 ) ;
#349 = CARTESIAN_POINT ( 'NONE',  ( 10.45303777425773362, -25.62529294843109540, 0.000000000000000000 ) ) ;
#350 = CARTESIAN_POINT ( 'NONE',  ( -9.932962225742267393, 25.68270705156890443, 0.000000000000000000 ) ) ;
#351 = ORIENTED_EDGE ( 'NONE', *, *, #2321, .F. ) ;
#352 = CIRCLE ( 'NONE', #1059, 2.499999999999998668 ) ;
#353 = CIRCLE ( 'NONE', #685, 0.9499999999999995115 ) ;
#354 = ORIENTED_EDGE ( 'NONE', *, *, #3036, .F. ) ;
#355 = DIRECTION ( 'NONE',  ( 0.000000000000000000, 0.000000000000000000, -1.000000000000000000 ) ) ;
#356 = CARTESIAN_POINT ( 'NONE',  ( 15.78503777425773613, -22.47129294843107417, 3.292323440001584611 ) ) ;
#357 = VERTEX_POINT ( 'NONE', #937 ) ;
#358 = CARTESIAN_POINT ( 'NONE',  ( -16.21496222574229407, 19.77870705156889031, -4.002000000000000668 ) ) ;
#359 = DIRECTION ( 'NONE',  ( 1.000000000000000000, 1.734723475976807094E-16, -0.000000000000000000 ) ) ;
#360 = VERTEX_POINT ( 'NONE', #2269 ) ;
#361 = ADVANCED_FACE ( 'NONE', ( #1961 ), #2772, .T. ) ;
#362 = DIRECTION ( 'NONE',  ( 0.000000000000000000, 0.000000000000000000, 1.000000000000000000 ) ) ;
#363 = EDGE_CURVE ( 'NONE', #1032, #954, #2445, .T. ) ;
#364 = EDGE_CURVE ( 'NONE', #602, #2747, #521, .T. ) ;
#365 = DIRECTION ( 'NONE',  ( 1.000000000000000000, 0.000000000000000000, 0.000000000000000000 ) ) ;
#366 = VERTEX_POINT ( 'NONE', #261 ) ;
#367 = ORIENTED_EDGE ( 'NONE', *, *, #660, .T. ) ;
#368 = CARTESIAN_POINT ( 'NONE',  ( -17.96496222574226564, 30.02870705156890097, -4.000000000000000000 ) ) ;
#369 = FACE_OUTER_BOUND ( 'NONE', #3008, .T. ) ;
#370 = EDGE_CURVE ( 'NONE', #1422, #2942, #2305, .T. ) ;
#371 = EDGE_CURVE ( 'NONE', #2260, #2749, #2318, .T. ) ;
#372 = ORIENTED_EDGE ( 'NONE', *, *, #1033, .F. ) ;
#373 = DIRECTION ( 'NONE',  ( 1.000000000000000000, 0.000000000000000000, 0.000000000000000000 ) ) ;
#374 = VERTEX_POINT ( 'NONE', #1551 ) ;
#375 = EDGE_CURVE ( 'NONE', #2432, #1722, #763, .T. ) ;
#376 = DIRECTION ( 'NONE',  ( -1.000000000000000000, 0.000000000000000000, 0.000000000000000000 ) ) ;
#377 = LINE ( 'NONE', #1394, #2348 ) ;
#378 = VERTEX_POINT ( 'NONE', #1258 ) ;
#379 = AXIS2_PLACEMENT_3D ( 'NONE', #976, #390, #2498 ) ;
#380 = ORIENTED_EDGE ( 'NONE', *, *, #3198, .T. ) ;
#381 = VERTEX_POINT ( 'NONE', #290 ) ;
#382 = ORIENTED_EDGE ( 'NONE', *, *, #3035, .F. ) ;
#383 = DIRECTION ( 'NONE',  ( 0.000000000000000000, 0.000000000000000000, -1.000000000000000000 ) ) ;
#384 = DIRECTION ( 'NONE',  ( -0.000000000000000000, -0.000000000000000000, 1.000000000000000000 ) ) ;
#385 = EDGE_CURVE ( 'NONE', #2942, #386, #3090, .T. ) ;
#386 = VERTEX_POINT ( 'NONE', #504 ) ;
#387 = CARTESIAN_POINT ( 'NONE',  ( 15.78503777425770060, 22.52870705156892583, -3.000000000000002665 ) ) ;
#388 = VERTEX_POINT ( 'NONE', #2829 ) ;
#389 = CARTESIAN_POINT ( 'NONE',  ( 15.78503777425773613, -22.47129294843107417, -2.500000000000000000 ) ) ;
#390 = DIRECTION ( 'NONE',  ( -0.000000000000000000, -0.000000000000000000, -1.000000000000000000 ) ) ;
#391 = FACE_OUTER_BOUND ( 'NONE', #2762, .T. ) ;
#392 = AXIS2_PLACEMENT_3D ( 'NONE', #3011, #2438, #1220 ) ;
#393 = VECTOR ( 'NONE', #739, 1000.000000000000000 ) ;
#394 = CARTESIAN_POINT ( 'NONE',  ( -16.96496222574225854, -19.72129294843107417, 3.292323440001584611 ) ) ;
#395 = AXIS2_PLACEMENT_3D ( 'NONE', #56, #1088, #2115 ) ;
#396 = DIRECTION ( 'NONE',  ( -0.000000000000000000, 0.000000000000000000, 1.000000000000000000 ) ) ;
#397 = EDGE_LOOP ( 'NONE', ( #2937, #102, #456, #2668 ) ) ;
#398 = AXIS2_PLACEMENT_3D ( 'NONE', #1889, #2666, #45 ) ;
#399 = ADVANCED_FACE ( 'NONE', ( #1781 ), #1812, .T. ) ;
#401 = ORIENTED_EDGE ( 'NONE', *, *, #375, .T. ) ;
#400 = DIRECTION ( 'NONE',  ( -0.000000000000000000, 0.000000000000000000, 1.000000000000000000 ) ) ;
#402 = AXIS2_PLACEMENT_3D ( 'NONE', #1076, #509, #2601 ) ;
#403 = ORIENTED_EDGE ( 'NONE', *, *, #901, .F. ) ;
#404 = ORIENTED_EDGE ( 'NONE', *, *, #168, .T. ) ;
#405 = EDGE_CURVE ( 'NONE', #3180, #447, #241, .T. ) ;
#406 = ADVANCED_FACE ( 'NONE', ( #2548 ), #1568, .T. ) ;
#407 = CARTESIAN_POINT ( 'NONE',  ( -11.83179519312905903, 28.52870705156890097, 0.000000000000000000 ) ) ;
#408 = AXIS2_PLACEMENT_3D ( 'NONE', #2531, #225, #2286 ) ;
#409 = CARTESIAN_POINT ( 'NONE',  ( 14.28503777425770060, 22.52870705156892583, 3.000000000000001776 ) ) ;
#410 = CIRCLE ( 'NONE', #2718, 2.749999999999995559 ) ;
#411 = VERTEX_POINT ( 'NONE', #1070 ) ;
#412 = AXIS2_PLACEMENT_3D ( 'NONE', #1071, #3117, #2096 ) ;
#413 = LINE ( 'NONE', #2214, #2157 ) ;
#414 = ORIENTED_EDGE ( 'NONE', *, *, #3275, .F. ) ;
#415 = CARTESIAN_POINT ( 'NONE',  ( 15.78503777425775390, -25.22129294843106706, -4.002000000000000668 ) ) ;
#416 = CARTESIAN_POINT ( 'NONE',  ( -16.21496222574229051, -25.22129294843106706, -2.500000000000000000 ) ) ;
#417 = DIRECTION ( 'NONE',  ( 0.000000000000000000, 0.000000000000000000, -1.000000000000000000 ) ) ;
#418 = AXIS2_PLACEMENT_3D ( 'NONE', #2563, #1288, #2540 ) ;
#419 = DIRECTION ( 'NONE',  ( -0.000000000000000000, 0.000000000000000000, 1.000000000000000000 ) ) ;
#420 = ADVANCED_FACE ( 'NONE', ( #3298 ), #2332, .F. ) ;
#421 = LINE ( 'NONE', #2184, #675 ) ;
#422 = EDGE_LOOP ( 'NONE', ( #3141, #789, #3074, #762 ) ) ;
#423 = EDGE_CURVE ( 'NONE', #1922, #2967, #82, .T. ) ;
#425 = ORIENTED_EDGE ( 'NONE', *, *, #1229, .F. ) ;
#424 = DIRECTION ( 'NONE',  ( -1.156482317317871971E-16, 1.000000000000000000, 0.000000000000000000 ) ) ;
#426 = VERTEX_POINT ( 'NONE', #1794 ) ;
#427 = ORIENTED_EDGE ( 'NONE', *, *, #2874, .T. ) ;
#428 = CYLINDRICAL_SURFACE ( 'NONE', #2568, 1.000000000000000888 ) ;
#429 = FACE_OUTER_BOUND ( 'NONE', #2512, .T. ) ;
#430 = ORIENTED_EDGE ( 'NONE', *, *, #2958, .T. ) ;
#431 = LINE ( 'NONE', #1442, #2109 ) ;
#432 = EDGE_CURVE ( 'NONE', #1549, #2216, #301, .T. ) ;
#433 = ORIENTED_EDGE ( 'NONE', *, *, #1948, .T. ) ;
#434 = DIRECTION ( 'NONE',  ( 0.000000000000000000, 0.000000000000000000, 1.000000000000000000 ) ) ;
#435 = CARTESIAN_POINT ( 'NONE',  ( -19.46496222574226920, 28.52870705156889741, 0.000000000000000000 ) ) ;
#436 = DIRECTION ( 'NONE',  ( -1.000000000000000000, 0.000000000000000000, 0.000000000000000000 ) ) ;
#437 = DIRECTION ( 'NONE',  ( -0.000000000000000000, 0.000000000000000000, 1.000000000000000000 ) ) ;
#438 = CARTESIAN_POINT ( 'NONE',  ( 0.000000000000000000, 0.000000000000000000, 0.000000000000000000 ) ) ;
#439 = VERTEX_POINT ( 'NONE', #2037 ) ;
#441 = ORIENTED_EDGE ( 'NONE', *, *, #3134, .T. ) ;
#440 = CARTESIAN_POINT ( 'NONE',  ( 15.78503777425775390, -19.72129294843107417, 3.292323440001584611 ) ) ;
#442 = PRESENTATION_LAYER_ASSIGNMENT (  '', '', ( #6 ) ) ;
#443 = ORIENTED_EDGE ( 'NONE', *, *, #2896, .T. ) ;
#444 = ORIENTED_EDGE ( 'NONE', *, *, #853, .F. ) ;
#445 = DIRECTION ( 'NONE',  ( -0.000000000000000000, 0.000000000000000000, 1.000000000000000000 ) ) ;
#446 = DIRECTION ( 'NONE',  ( -0.000000000000000000, -0.000000000000000000, -1.000000000000000000 ) ) ;
#447 = VERTEX_POINT ( 'NONE', #3056 ) ;
#448 = EDGE_LOOP ( 'NONE', ( #2819, #2428, #414, #234 ) ) ;
#449 = LINE ( 'NONE', #3207, #2296 ) ;
#450 = FACE_OUTER_BOUND ( 'NONE', #1762, .T. ) ;
#451 = DIRECTION ( 'NONE',  ( 0.000000000000000000, 0.000000000000000000, 1.000000000000000000 ) ) ;
#452 = AXIS2_PLACEMENT_3D ( 'NONE', #2550, #1057, #1585 ) ;
#453 = DIRECTION ( 'NONE',  ( -1.000000000000000000, 0.000000000000000000, 0.000000000000000000 ) ) ;
#454 = CIRCLE ( 'NONE', #3173, 1.000000000000000888 ) ;
#455 = DIRECTION ( 'NONE',  ( -0.000000000000000000, 0.000000000000000000, 1.000000000000000000 ) ) ;
#456 = ORIENTED_EDGE ( 'NONE', *, *, #1608, .F. ) ;
#457 = AXIS2_PLACEMENT_3D ( 'NONE', #1728, #396, #2680 ) ;
#458 = AXIS2_PLACEMENT_3D ( 'NONE', #1301, #1336, #2364 ) ;
#459 = CARTESIAN_POINT ( 'NONE',  ( -17.96496222574226564, 26.27870705156888320, 3.292323440001584611 ) ) ;
#461 = ORIENTED_EDGE ( 'NONE', *, *, #2463, .T. ) ;
#460 = CARTESIAN_POINT ( 'NONE',  ( 16.03503777425773791, 28.52870705156890807, -4.000000000000000000 ) ) ;
#462 = ORIENTED_EDGE ( 'NONE', *, *, #60, .F. ) ;
#463 = DIRECTION ( 'NONE',  ( 1.000000000000000000, 0.000000000000000000, 0.000000000000000000 ) ) ;
#464 = FACE_OUTER_BOUND ( 'NONE', #2144, .T. ) ;
#465 = ORIENTED_EDGE ( 'NONE', *, *, #203, .F. ) ;
#466 = PLANE ( 'NONE',  #2864 ) ;
#467 = LINE ( 'NONE', #1483, #1840 ) ;
#468 = EDGE_LOOP ( 'NONE', ( #312, #2459, #2576, #1793 ) ) ;
#469 = DIRECTION ( 'NONE',  ( 2.135044278125326586E-15, 1.000000000000000000, -0.000000000000000000 ) ) ;
#470 = DIRECTION ( 'NONE',  ( 0.000000000000000000, 0.000000000000000000, 1.000000000000000000 ) ) ;
#471 = AXIS2_PLACEMENT_3D ( 'NONE', #2664, #362, #1930 ) ;
#472 = DIRECTION ( 'NONE',  ( 1.000000000000000000, 0.000000000000000000, 0.000000000000000000 ) ) ;
#473 = CIRCLE ( 'NONE', #2781, 0.9500000000000029532 ) ;
#474 = LINE ( 'NONE', #2739, #1586 ) ;
#475 = ORIENTED_EDGE ( 'NONE', *, *, #680, .F. ) ;
#476 = PRODUCT ( 'Bottom_Enclosure', 'Bottom_Enclosure', '', ( #962 ) ) ;
#477 = EDGE_CURVE ( 'NONE', #240, #2897, #1276, .T. ) ;
#478 = EDGE_CURVE ( 'NONE', #570, #2224, #2049, .T. ) ;
#479 = FACE_OUTER_BOUND ( 'NONE', #946, .T. ) ;
#480 = LINE ( 'NONE', #1435, #1065 ) ;
#481 = EDGE_LOOP ( 'NONE', ( #2828, #2464, #1183, #382 ) ) ;
#482 = ORIENTED_EDGE ( 'NONE', *, *, #941, .T. ) ;
#483 = CYLINDRICAL_SURFACE ( 'NONE', #1874, 1.000000000000000888 ) ;
#484 = DIRECTION ( 'NONE',  ( -1.000000000000000000, -2.703465157366452467E-16, 0.000000000000000000 ) ) ;
#485 = ORIENTED_EDGE ( 'NONE', *, *, #3133, .T. ) ;
#486 = ORIENTED_EDGE ( 'NONE', *, *, #979, .T. ) ;
#487 = SURFACE_STYLE_USAGE ( .BOTH. , #1765 ) ;
#488 = CARTESIAN_POINT ( 'NONE',  ( 15.78503777425775390, -25.22129294843106706, -2.500000000000000000 ) ) ;
#489 = FACE_OUTER_BOUND ( 'NONE', #182, .T. ) ;
#490 = LINE ( 'NONE', #1228, #527 ) ;
#491 = EDGE_CURVE ( 'NONE', #1993, #2635, #3149, .T. ) ;
#492 = ADVANCED_FACE ( 'NONE', ( #2081 ), #3100, .T. ) ;
#493 = DIRECTION ( 'NONE',  ( -0.000000000000000000, -0.000000000000000000, -1.000000000000000000 ) ) ;
#494 = ORIENTED_EDGE ( 'NONE', *, *, #2719, .F. ) ;
#495 = LINE ( 'NONE', #1298, #1685 ) ;
#496 = CARTESIAN_POINT ( 'NONE',  ( 10.45303777425773362, -25.62529294843109540, -2.500000000000000000 ) ) ;
#497 = ORIENTED_EDGE ( 'NONE', *, *, #229, .T. ) ;
#498 = ORIENTED_EDGE ( 'NONE', *, *, #2374, .F. ) ;
#499 = CARTESIAN_POINT ( 'NONE',  ( 16.53503777425773080, 26.27870705156888320, 3.292323440001584611 ) ) ;
#500 = CARTESIAN_POINT ( 'NONE',  ( -19.46496222574226920, 30.02870705156890097, 3.292323440001584611 ) ) ;
#501 = AXIS2_PLACEMENT_3D ( 'NONE', #1348, #2094, #822 ) ;
#502 = ORIENTED_EDGE ( 'NONE', *, *, #1651, .F. ) ;
#503 = ORIENTED_EDGE ( 'NONE', *, *, #2165, .F. ) ;
#504 = CARTESIAN_POINT ( 'NONE',  ( 16.03503777425773791, -28.47129294843108482, 3.292323440001584611 ) ) ;
#505 = CARTESIAN_POINT ( 'NONE',  ( 15.78503777425775390, -19.72129294843107772, -2.500000000000000000 ) ) ;
#506 = CIRCLE ( 'NONE', #1450, 3.000000000000000888 ) ;
#507 = LINE ( 'NONE', #2097, #566 ) ;
#508 = EDGE_CURVE ( 'NONE', #2379, #360, #1114, .T. ) ;
#509 = DIRECTION ( 'NONE',  ( 0.000000000000000000, -0.000000000000000000, -1.000000000000000000 ) ) ;
#510 = EDGE_LOOP ( 'NONE', ( #461, #782 ) ) ;
#511 = CIRCLE ( 'NONE', #2227, 0.9499999999999995115 ) ;
#512 = CARTESIAN_POINT ( 'NONE',  ( 19.03503777425773080, 30.02870705156891162, -3.499999999999999556 ) ) ;
#513 = ORIENTED_EDGE ( 'NONE', *, *, #2221, .F. ) ;
#514 = CYLINDRICAL_SURFACE ( 'NONE', #418, 2.749999999999995559 ) ;
#515 = DIRECTION ( 'NONE',  ( 0.000000000000000000, -0.000000000000000000, -1.000000000000000000 ) ) ;
#516 = EDGE_CURVE ( 'NONE', #1399, #186, #255, .T. ) ;
#517 = DIRECTION ( 'NONE',  ( 1.000000000000000000, 2.703465157366452467E-16, -0.000000000000000000 ) ) ;
#518 = ORIENTED_EDGE ( 'NONE', *, *, #1456, .T. ) ;
#519 = AXIS2_PLACEMENT_3D ( 'NONE', #2598, #842, #2617 ) ;
#520 = VERTEX_POINT ( 'NONE', #2258 ) ;
#521 = LINE ( 'NONE', #1322, #192 ) ;
#522 = DIRECTION ( 'NONE',  ( 1.000000000000000000, 0.000000000000000000, 0.000000000000000000 ) ) ;
#523 = CARTESIAN_POINT ( 'NONE',  ( 11.40187074164454017, -28.47129294843108482, -2.500000000000000000 ) ) ;
#524 = CIRCLE ( 'NONE', #2295, 1.000000000000000888 ) ;
#525 = CARTESIAN_POINT ( 'NONE',  ( 16.73503777425774075, -22.47129294843107417, -3.000000000000002665 ) ) ;
#526 = VECTOR ( 'NONE', #1428, 1000.000000000000000 ) ;
#527 = VECTOR ( 'NONE', #749, 1000.000000000000114 ) ;
#528 = ORIENTED_EDGE ( 'NONE', *, *, #2034, .T. ) ;
#529 = VECTOR ( 'NONE', #1129, 1000.000000000000000 ) ;
#530 = ADVANCED_FACE ( 'NONE', ( #1495 ), #2741, .T. ) ;
#531 = VECTOR ( 'NONE', #1424, 1000.000000000000000 ) ;
#532 = CARTESIAN_POINT ( 'NONE',  ( 15.78503777425770060, 22.52870705156892583, 3.000000000000001776 ) ) ;
#533 = EDGE_LOOP ( 'NONE', ( #1992, #2970, #1928, #1911 ) ) ;
#534 = AXIS2_PLACEMENT_3D ( 'NONE', #964, #2456, #145 ) ;
#535 = EDGE_CURVE ( 'NONE', #1116, #378, #1714, .T. ) ;
#536 = CARTESIAN_POINT ( 'NONE',  ( -16.96496222574225854, -18.72129294843107417, -4.002000000000000668 ) ) ;
#537 = CARTESIAN_POINT ( 'NONE',  ( -19.46496222574226920, 27.02870705156890097, 3.292323440001584611 ) ) ;
#538 = ORIENTED_EDGE ( 'NONE', *, *, #1081, .T. ) ;
#539 = ORIENTED_EDGE ( 'NONE', *, *, #2369, .T. ) ;
#540 = DIRECTION ( 'NONE',  ( 0.000000000000000000, 0.000000000000000000, -1.000000000000000000 ) ) ;
#541 = CARTESIAN_POINT ( 'NONE',  ( 14.28503777425770060, 22.52870705156892583, 3.292323440001584611 ) ) ;
#542 = CARTESIAN_POINT ( 'NONE',  ( 11.40303777425773468, -25.62529294843109540, 0.000000000000000000 ) ) ;
#543 = CARTESIAN_POINT ( 'NONE',  ( -16.46496222574226920, 28.52870705156889741, -4.000000000000000000 ) ) ;
#544 = DIRECTION ( 'NONE',  ( -0.000000000000000000, -0.000000000000000000, -1.000000000000000000 ) ) ;
#545 = ORIENTED_EDGE ( 'NONE', *, *, #2162, .F. ) ;
#546 = DIRECTION ( 'NONE',  ( 1.000000000000000000, 0.000000000000000000, 0.000000000000000000 ) ) ;
#547 = EDGE_LOOP ( 'NONE', ( #2998, #643, #2208, #3269 ) ) ;
#548 = CARTESIAN_POINT ( 'NONE',  ( 16.03503777425773791, -29.97129294843108838, 3.292323440001584611 ) ) ;
#549 = CARTESIAN_POINT ( 'NONE',  ( -16.96496222574225854, -19.72129294843107417, -4.002000000000000668 ) ) ;
#550 = ORIENTED_EDGE ( 'NONE', *, *, #1281, .F. ) ;
#551 = CARTESIAN_POINT ( 'NONE',  ( -10.88296222574226668, -25.62529294843109184, 0.000000000000000000 ) ) ;
#552 = DIRECTION ( 'NONE',  ( 1.000000000000000000, 0.000000000000000000, 0.000000000000000000 ) ) ;
#553 = CYLINDRICAL_SURFACE ( 'NONE', #2564, 1.500000000000001332 ) ;
#554 = DIRECTION ( 'NONE',  ( 1.000000000000000000, 0.000000000000000000, 0.000000000000000000 ) ) ;
#555 = CYLINDRICAL_SURFACE ( 'NONE', #395, 0.9499999999999995115 ) ;
#556 = AXIS2_PLACEMENT_3D ( 'NONE', #847, #611, #2879 ) ;
#557 = DIRECTION ( 'NONE',  ( 1.000000000000000000, 0.000000000000000000, 0.000000000000000000 ) ) ;
#558 = LINE ( 'NONE', #1785, #797 ) ;
#559 = EDGE_CURVE ( 'NONE', #1375, #520, #2989, .T. ) ;
#560 = EDGE_CURVE ( 'NONE', #381, #2006, #984, .T. ) ;
#561 = ORIENTED_EDGE ( 'NONE', *, *, #2818, .F. ) ;
#562 = EDGE_CURVE ( 'NONE', #374, #1128, #2507, .T. ) ;
#563 = EDGE_CURVE ( 'NONE', #2662, #1203, #3289, .T. ) ;
#564 = DIRECTION ( 'NONE',  ( -0.000000000000000000, 0.000000000000000000, 1.000000000000000000 ) ) ;
#565 = ORIENTED_EDGE ( 'NONE', *, *, #2401, .T. ) ;
#566 = VECTOR ( 'NONE', #3118, 1000.000000000000000 ) ;
#567 = CARTESIAN_POINT ( 'NONE',  ( -16.46496222574226920, 30.02870705156890097, -3.499999999999999556 ) ) ;
#568 = CARTESIAN_POINT ( 'NONE',  ( -16.46496222574226209, -28.47129294843108838, -2.500000000000000000 ) ) ;
#569 = CIRCLE ( 'NONE', #2968, 0.9499999999999995115 ) ;
#570 = VERTEX_POINT ( 'NONE', #1730 ) ;
#571 = LINE ( 'NONE', #2614, #2952 ) ;
#572 = CARTESIAN_POINT ( 'NONE',  ( 7.285040208365947123, -28.47129294843108482, 3.292323440001584611 ) ) ;
#573 = PRODUCT_DEFINITION_FORMATION_WITH_SPECIFIED_SOURCE ( 'Symmetric', '', #476, .NOT_KNOWN. ) ;
#574 = CARTESIAN_POINT ( 'NONE',  ( -10.88296222574226668, 25.68270705156890443, -2.500000000000000000 ) ) ;
#575 = AXIS2_PLACEMENT_3D ( 'NONE', #282, #2820, #2837 ) ;
#576 = PLANE ( 'NONE',  #2236 ) ;
#577 = CIRCLE ( 'NONE', #2775, 0.9499999999999995115 ) ;
#578 = DIRECTION ( 'NONE',  ( -2.409338161078898687E-16, 0.000000000000000000, 1.000000000000000000 ) ) ;
#579 = AXIS2_PLACEMENT_3D ( 'NONE', #961, #674, #2721 ) ;
#580 = LINE ( 'NONE', #1637, #2377 ) ;
#581 = AXIS2_PLACEMENT_3D ( 'NONE', #209, #1191, #1985 ) ;
#582 = CIRCLE ( 'NONE', #2450, 0.9499999999999995115 ) ;
#583 = DIRECTION ( 'NONE',  ( 1.000000000000000000, 0.000000000000000000, 0.000000000000000000 ) ) ;
#584 = AXIS2_PLACEMENT_3D ( 'NONE', #111, #445, #1479 ) ;
#585 = ORIENTED_EDGE ( 'NONE', *, *, #1412, .T. ) ;
#586 = EDGE_CURVE ( 'NONE', #2224, #1386, #1981, .T. ) ;
#587 = CIRCLE ( 'NONE', #751, 3.000000000000000888 ) ;
#588 = ORIENTED_EDGE ( 'NONE', *, *, #713, .T. ) ;
#589 = FACE_OUTER_BOUND ( 'NONE', #1941, .T. ) ;
#590 = CARTESIAN_POINT ( 'NONE',  ( -11.83179519312906436, -28.47129294843108482, 0.000000000000000000 ) ) ;
#591 = DIRECTION ( 'NONE',  ( 1.000000000000000000, 0.000000000000000000, 0.000000000000000000 ) ) ;
#592 = ORIENTED_EDGE ( 'NONE', *, *, #141, .F. ) ;
#593 = CYLINDRICAL_SURFACE ( 'NONE', #2389, 2.749999999999995559 ) ;
#594 = CARTESIAN_POINT ( 'NONE',  ( -16.21496222574229051, -19.72129294843111325, -2.500000000000000000 ) ) ;
#595 = DIRECTION ( 'NONE',  ( 0.000000000000000000, 0.000000000000000000, 1.000000000000000000 ) ) ;
#596 = EDGE_CURVE ( 'NONE', #1032, #1116, #480, .T. ) ;
#597 = DIRECTION ( 'NONE',  ( -2.135044278125326586E-15, -1.000000000000000000, 0.000000000000000000 ) ) ;
#598 = LINE ( 'NONE', #1609, #924 ) ;
#599 = EDGE_CURVE ( 'NONE', #2432, #2473, #1991, .T. ) ;
#600 = CARTESIAN_POINT ( 'NONE',  ( 15.78503777425776988, 25.27870705156888320, -4.002000000000000668 ) ) ;
#601 = ORIENTED_EDGE ( 'NONE', *, *, #1848, .F. ) ;
#602 = VERTEX_POINT ( 'NONE', #2471 ) ;
#603 = DIRECTION ( 'NONE',  ( 0.000000000000000000, 0.000000000000000000, 1.000000000000000000 ) ) ;
#604 = DIRECTION ( 'NONE',  ( -1.000000000000000000, 0.000000000000000000, 0.000000000000000000 ) ) ;
#605 = DIRECTION ( 'NONE',  ( 1.000000000000000000, -0.000000000000000000, 1.204669080539449344E-16 ) ) ;
#606 = EDGE_LOOP ( 'NONE', ( #1377, #354, #1804, #2057 ) ) ;
#607 = FACE_OUTER_BOUND ( 'NONE', #706, .T. ) ;
#608 = LINE ( 'NONE', #885, #951 ) ;
#609 = DIRECTION ( 'NONE',  ( -0.000000000000000000, 0.000000000000000000, 1.000000000000000000 ) ) ;
#610 = AXIS2_PLACEMENT_3D ( 'NONE', #314, #3099, #86 ) ;
#611 = DIRECTION ( 'NONE',  ( 0.000000000000000000, 0.000000000000000000, -1.000000000000000000 ) ) ;
#612 = FACE_OUTER_BOUND ( 'NONE', #1671, .T. ) ;
#613 = ORIENTED_EDGE ( 'NONE', *, *, #1033, .T. ) ;
#614 = VERTEX_POINT ( 'NONE', #3046 ) ;
#615 = ORIENTED_EDGE ( 'NONE', *, *, #2896, .F. ) ;
#616 = DIRECTION ( 'NONE',  ( -0.000000000000000000, 0.000000000000000000, 1.000000000000000000 ) ) ;
#617 = FACE_OUTER_BOUND ( 'NONE', #963, .T. ) ;
#618 = DIRECTION ( 'NONE',  ( -0.000000000000000000, -0.000000000000000000, -1.000000000000000000 ) ) ;
#619 = EDGE_CURVE ( 'NONE', #954, #171, #1172, .T. ) ;
#620 = VECTOR ( 'NONE', #451, 1000.000000000000000 ) ;
#621 = ORIENTED_EDGE ( 'NONE', *, *, #535, .F. ) ;
#622 = DIRECTION ( 'NONE',  ( 0.7071067811865474617, 0.000000000000000000, -0.7071067811865474617 ) ) ;
#623 = DIRECTION ( 'NONE',  ( 0.000000000000000000, 0.000000000000000000, 1.000000000000000000 ) ) ;
#624 = AXIS2_PLACEMENT_3D ( 'NONE', #2868, #310, #1839 ) ;
#625 = CARTESIAN_POINT ( 'NONE',  ( 17.53503777425773080, 26.27870705156888320, 3.292323440001584611 ) ) ;
#626 = LINE ( 'NONE', #2426, #890 ) ;
#627 = DIRECTION ( 'NONE',  ( 0.000000000000000000, 0.000000000000000000, 1.000000000000000000 ) ) ;
#628 = ORIENTED_EDGE ( 'NONE', *, *, #972, .T. ) ;
#629 = AXIS2_PLACEMENT_3D ( 'NONE', #349, #1650, #3113 ) ;
#630 = EDGE_CURVE ( 'NONE', #46, #196, #945, .T. ) ;
#631 = EDGE_CURVE ( 'NONE', #892, #2780, #197, .T. ) ;
#632 = ADVANCED_FACE ( 'NONE', ( #1670 ), #2206, .T. ) ;
#633 = ORIENTED_EDGE ( 'NONE', *, *, #321, .T. ) ;
#634 = VECTOR ( 'NONE', #1813, 1000.000000000000000 ) ;
#635 = CARTESIAN_POINT ( 'NONE',  ( -16.21496222574229762, 22.52870705156889031, -3.000000000000002665 ) ) ;
#636 = CARTESIAN_POINT ( 'NONE',  ( 16.53503777425774501, -25.22129294843106706, 3.292323440001584611 ) ) ;
#637 = ORIENTED_EDGE ( 'NONE', *, *, #3176, .T. ) ;
#638 = PLANE ( 'NONE',  #3028 ) ;
#639 = ORIENTED_EDGE ( 'NONE', *, *, #904, .F. ) ;
#640 = CARTESIAN_POINT ( 'NONE',  ( -19.46496222574226209, -28.47129294843108482, 3.292323440001584611 ) ) ;
#641 = DIRECTION ( 'NONE',  ( -1.000000000000000000, 0.000000000000000000, 0.000000000000000000 ) ) ;
#642 = ORIENTED_EDGE ( 'NONE', *, *, #1865, .F. ) ;
#643 = ORIENTED_EDGE ( 'NONE', *, *, #2544, .F. ) ;
#644 = EDGE_LOOP ( 'NONE', ( #1441, #17 ) ) ;
#645 = ORIENTED_EDGE ( 'NONE', *, *, #2802, .T. ) ;
#646 = CARTESIAN_POINT ( 'NONE',  ( -16.21496222574229762, 22.52870705156889031, -3.000000000000002665 ) ) ;
#647 = DIRECTION ( 'NONE',  ( -0.000000000000000000, -0.000000000000000000, -1.000000000000000000 ) ) ;
#648 = ORIENTED_EDGE ( 'NONE', *, *, #1557, .T. ) ;
#649 = LINE ( 'NONE', #2927, #1744 ) ;
#650 = ORIENTED_EDGE ( 'NONE', *, *, #2766, .T. ) ;
#651 = CARTESIAN_POINT ( 'NONE',  ( 10.45303777425773362, -25.62529294843109540, 0.000000000000000000 ) ) ;
#652 = FACE_OUTER_BOUND ( 'NONE', #468, .T. ) ;
#653 = CARTESIAN_POINT ( 'NONE',  ( 15.78503777425776988, 25.27870705156888320, 3.292323440001584611 ) ) ;
#654 = VECTOR ( 'NONE', #1583, 1000.000000000000000 ) ;
#655 = EDGE_CURVE ( 'NONE', #1101, #2909, #2759, .T. ) ;
#656 = EDGE_CURVE ( 'NONE', #2216, #520, #1475, .T. ) ;
#657 = CARTESIAN_POINT ( 'NONE',  ( 16.53503777425773436, 18.77870705156889031, 3.292323440001584611 ) ) ;
#658 = ORIENTED_EDGE ( 'NONE', *, *, #1748, .T. ) ;
#659 = ADVANCED_FACE ( 'NONE', ( #927 ), #3267, .F. ) ;
#660 = EDGE_CURVE ( 'NONE', #3080, #815, #11, .T. ) ;
#661 = ORIENTED_EDGE ( 'NONE', *, *, #907, .T. ) ;
#662 = ORIENTED_EDGE ( 'NONE', *, *, #907, .F. ) ;
#663 = ORIENTED_EDGE ( 'NONE', *, *, #2948, .F. ) ;
#664 = DIRECTION ( 'NONE',  ( -0.000000000000000000, -0.000000000000000000, -1.000000000000000000 ) ) ;
#665 = LINE ( 'NONE', #932, #1850 ) ;
#666 = ORIENTED_EDGE ( 'NONE', *, *, #979, .F. ) ;
#667 = CARTESIAN_POINT ( 'NONE',  ( -10.88296222574226668, 25.68270705156890443, 0.000000000000000000 ) ) ;
#668 = ORIENTED_EDGE ( 'NONE', *, *, #1014, .T. ) ;
#669 = CARTESIAN_POINT ( 'NONE',  ( -17.96496222574225854, -26.97129294843108838, -4.000000000000000000 ) ) ;
#670 = CARTESIAN_POINT ( 'NONE',  ( -10.88296222574226668, 25.68270705156890443, -2.500000000000000000 ) ) ;
#671 = DIRECTION ( 'NONE',  ( 0.000000000000000000, 0.000000000000000000, -1.000000000000000000 ) ) ;
#672 = EDGE_CURVE ( 'NONE', #3076, #1960, #2343, .T. ) ;
#673 = AXIS2_PLACEMENT_3D ( 'NONE', #2528, #220, #2347 ) ;
#674 = DIRECTION ( 'NONE',  ( 0.000000000000000000, -0.000000000000000000, -1.000000000000000000 ) ) ;
#675 = VECTOR ( 'NONE', #2935, 1000.000000000000000 ) ;
#676 = AXIS2_PLACEMENT_3D ( 'NONE', #3091, #2089, #1545 ) ;
#677 = ORIENTED_EDGE ( 'NONE', *, *, #1261, .F. ) ;
#679 = VERTEX_POINT ( 'NONE', #1803 ) ;
#678 = CARTESIAN_POINT ( 'NONE',  ( -19.46496222574226920, 30.02870705156890097, -3.499999999999999556 ) ) ;
#680 = EDGE_CURVE ( 'NONE', #2260, #439, #1920, .T. ) ;
#681 = CIRCLE ( 'NONE', #3241, 0.9499999999999995115 ) ;
#682 = ORIENTED_EDGE ( 'NONE', *, *, #91, .F. ) ;
#683 = ORIENTED_EDGE ( 'NONE', *, *, #1457, .T. ) ;
#684 = DIRECTION ( 'NONE',  ( 0.000000000000000000, 0.000000000000000000, -1.000000000000000000 ) ) ;
#685 = AXIS2_PLACEMENT_3D ( 'NONE', #2713, #188, #138 ) ;
#686 = DIRECTION ( 'NONE',  ( -0.000000000000000000, -0.000000000000000000, 1.000000000000000000 ) ) ;
#687 = CIRCLE ( 'NONE', #1539, 2.999999999999999112 ) ;
#688 = VERTEX_POINT ( 'NONE', #1836 ) ;
#689 = AXIS2_PLACEMENT_3D ( 'NONE', #2247, #2687, #3201 ) ;
#690 = ORIENTED_EDGE ( 'NONE', *, *, #1262, .T. ) ;
#691 = CARTESIAN_POINT ( 'NONE',  ( -7.714959791634051989, -11.83278339979662874, -0.3076765599984150334 ) ) ;
#692 = DIRECTION ( 'NONE',  ( 0.000000000000000000, 0.000000000000000000, -1.000000000000000000 ) ) ;
#693 = DIRECTION ( 'NONE',  ( 1.000000000000000000, 0.000000000000000000, 0.000000000000000000 ) ) ;
#694 = AXIS2_PLACEMENT_3D ( 'NONE', #1250, #2702, #1952 ) ;
#695 = CARTESIAN_POINT ( 'NONE',  ( -9.934129258355469005, -28.47129294843108482, 0.000000000000000000 ) ) ;
#696 = ORIENTED_EDGE ( 'NONE', *, *, #2201, .T. ) ;
#697 = EDGE_CURVE ( 'NONE', #679, #2473, #2726, .T. ) ;
#699 = ORIENTED_EDGE ( 'NONE', *, *, #508, .F. ) ;
#698 = DIRECTION ( 'NONE',  ( -0.000000000000000000, -0.000000000000000000, -1.000000000000000000 ) ) ;
#700 = ORIENTED_EDGE ( 'NONE', *, *, #264, .T. ) ;
#701 = ORIENTED_EDGE ( 'NONE', *, *, #165, .T. ) ;
#702 = CARTESIAN_POINT ( 'NONE',  ( 15.78503777425770060, 22.52870705156892583, 3.000000000000001776 ) ) ;
#703 = CARTESIAN_POINT ( 'NONE',  ( 0.000000000000000000, 0.000000000000000000, -2.500000000000000000 ) ) ;
#704 = ORIENTED_EDGE ( 'NONE', *, *, #364, .T. ) ;
#705 = EDGE_LOOP ( 'NONE', ( #895, #699, #2339, #1501 ) ) ;
#706 = EDGE_LOOP ( 'NONE', ( #1238, #2733, #1163, #108 ) ) ;
#707 = CARTESIAN_POINT ( 'NONE',  ( -10.88296222574226668, -25.62529294843109184, -2.500000000000000000 ) ) ;
#708 = PLANE ( 'NONE',  #2957 ) ;
#709 = CARTESIAN_POINT ( 'NONE',  ( 17.53503777425773080, 30.02870705156891162, -4.000000000000000000 ) ) ;
#710 = CARTESIAN_POINT ( 'NONE',  ( -17.16496222574230046, 22.52870705156889031, -3.000000000000002665 ) ) ;
#711 = DIRECTION ( 'NONE',  ( -0.000000000000000000, -0.000000000000000000, -1.000000000000000000 ) ) ;
#712 = VERTEX_POINT ( 'NONE', #1737 ) ;
#713 = EDGE_CURVE ( 'NONE', #171, #2703, #2267, .T. ) ;
#715 = EDGE_LOOP ( 'NONE', ( #1007, #1221, #332, #2863 ) ) ;
#714 = DIRECTION ( 'NONE',  ( 2.409338161078898687E-16, -0.000000000000000000, -1.000000000000000000 ) ) ;
#716 = ORIENTED_EDGE ( 'NONE', *, *, #2070, .T. ) ;
#717 = VERTEX_POINT ( 'NONE', #2790 ) ;
#718 = DIRECTION ( 'NONE',  ( -0.000000000000000000, -0.000000000000000000, -1.000000000000000000 ) ) ;
#719 = DIRECTION ( 'NONE',  ( -1.000000000000000000, 0.000000000000000000, 0.000000000000000000 ) ) ;
#720 = VERTEX_POINT ( 'NONE', #2529 ) ;
#721 = CARTESIAN_POINT ( 'NONE',  ( 17.28503777425770238, 22.52870705156892583, 3.292323440001584611 ) ) ;
#722 = ORIENTED_EDGE ( 'NONE', *, *, #1820, .T. ) ;
#723 = DIRECTION ( 'NONE',  ( 0.000000000000000000, -0.000000000000000000, -1.000000000000000000 ) ) ;
#724 = PLANE ( 'NONE',  #1331 ) ;
#725 = CARTESIAN_POINT ( 'NONE',  ( 10.45303777425773362, 25.68270705156890443, 0.000000000000000000 ) ) ;
#726 = EDGE_CURVE ( 'NONE', #1890, #720, #1533, .T. ) ;
#727 = EDGE_CURVE ( 'NONE', #712, #1101, #258, .T. ) ;
#728 = VECTOR ( 'NONE', #3126, 1000.000000000000000 ) ;
#729 = CARTESIAN_POINT ( 'NONE',  ( -16.46496222574226209, -29.97129294843108838, 3.292323440001584611 ) ) ;
#730 = CIRCLE ( 'NONE', #2600, 3.000000000000000888 ) ;
#731 = ORIENTED_EDGE ( 'NONE', *, *, #1888, .F. ) ;
#732 = VECTOR ( 'NONE', #1572, 1000.000000000000000 ) ;
#733 = LINE ( 'NONE', #3187, #2500 ) ;
#734 = DIRECTION ( 'NONE',  ( 0.000000000000000000, 0.000000000000000000, 1.000000000000000000 ) ) ;
#735 = EDGE_LOOP ( 'NONE', ( #2487, #2114 ) ) ;
#736 = ORIENTED_EDGE ( 'NONE', *, *, #1409, .T. ) ;
#737 = EDGE_CURVE ( 'NONE', #374, #1678, #3205, .T. ) ;
#738 = CARTESIAN_POINT ( 'NONE',  ( 11.40187074164450642, 28.52870705156890452, 0.000000000000000000 ) ) ;
#739 = DIRECTION ( 'NONE',  ( -1.156482317317871971E-16, 1.000000000000000000, 0.000000000000000000 ) ) ;
#740 = EDGE_CURVE ( 'NONE', #1427, #570, #2620, .T. ) ;
#741 = VECTOR ( 'NONE', #1799, 1000.000000000000000 ) ;
#742 = ORIENTED_EDGE ( 'NONE', *, *, #758, .F. ) ;
#743 = ORIENTED_EDGE ( 'NONE', *, *, #2696, .T. ) ;
#744 = CIRCLE ( 'NONE', #2079, 0.9499999999999995115 ) ;
#745 = CARTESIAN_POINT ( 'NONE',  ( 16.03503777425773791, 30.02870705156891162, -4.000000000000000000 ) ) ;
#746 = LINE ( 'NONE', #669, #848 ) ;
#747 = CARTESIAN_POINT ( 'NONE',  ( -16.46496222574226209, -29.47129294843108838, -4.000000000000000000 ) ) ;
#748 = VECTOR ( 'NONE', #2903, 1000.000000000000000 ) ;
#749 = DIRECTION ( 'NONE',  ( 0.000000000000000000, -0.7071067811865474617, -0.7071067811865474617 ) ) ;
#750 = VECTOR ( 'NONE', #1795, 1000.000000000000000 ) ;
#751 = AXIS2_PLACEMENT_3D ( 'NONE', #1003, #1036, #3094 ) ;
#752 = CARTESIAN_POINT ( 'NONE',  ( -19.46496222574226209, -26.97129294843108838, -3.499999999999999556 ) ) ;
#753 = VERTEX_POINT ( 'NONE', #721 ) ;
#754 = AXIS2_PLACEMENT_3D ( 'NONE', #1453, #400, #1694 ) ;
#755 = CARTESIAN_POINT ( 'NONE',  ( 15.78503777425775390, -25.22129294843106706, 3.292323440001584611 ) ) ;
#756 = ORIENTED_EDGE ( 'NONE', *, *, #283, .T. ) ;
#757 = ORIENTED_EDGE ( 'NONE', *, *, #2949, .F. ) ;
#758 = EDGE_CURVE ( 'NONE', #1405, #2672, #413, .T. ) ;
#759 = CYLINDRICAL_SURFACE ( 'NONE', #960, 1.500000000000001332 ) ;
#760 = CYLINDRICAL_SURFACE ( 'NONE', #1677, 1.500000000000001332 ) ;
#761 = VERTEX_POINT ( 'NONE', #935 ) ;
#762 = ORIENTED_EDGE ( 'NONE', *, *, #2534, .T. ) ;
#763 = LINE ( 'NONE', #1008, #3038 ) ;
#764 = DIRECTION ( 'NONE',  ( -0.000000000000000000, -0.000000000000000000, 1.000000000000000000 ) ) ;
#765 = DIRECTION ( 'NONE',  ( 1.000000000000000000, 0.000000000000000000, 0.000000000000000000 ) ) ;
#766 = DIRECTION ( 'NONE',  ( 1.000000000000000000, 1.040834085586083310E-14, 0.000000000000000000 ) ) ;
#767 = ORIENTED_EDGE ( 'NONE', *, *, #3132, .T. ) ;
#768 = EDGE_CURVE ( 'NONE', #1890, #2473, #1705, .T. ) ;
#769 = CARTESIAN_POINT ( 'NONE',  ( -16.21496222574226564, -22.47129294843110969, 3.292323440001584611 ) ) ;
#770 = VERTEX_POINT ( 'NONE', #2479 ) ;
#771 = FACE_OUTER_BOUND ( 'NONE', #912, .T. ) ;
#772 = CYLINDRICAL_SURFACE ( 'NONE', #77, 3.000000000000000888 ) ;
#773 = AXIS2_PLACEMENT_3D ( 'NONE', #2898, #603, #1615 ) ;
#774 = ORIENTED_EDGE ( 'NONE', *, *, #223, .F. ) ;
#775 = ORIENTED_EDGE ( 'NONE', *, *, #2766, .F. ) ;
#776 = CARTESIAN_POINT ( 'NONE',  ( 19.03503777425773080, 30.02870705156891162, 3.292323440001584611 ) ) ;
#777 = LINE ( 'NONE', #1056, #634 ) ;
#778 = CARTESIAN_POINT ( 'NONE',  ( -16.21496222574229762, 22.52870705156888675, 3.000000000000001776 ) ) ;
#779 = EDGE_CURVE ( 'NONE', #2811, #2703, #431, .T. ) ;
#780 = CARTESIAN_POINT ( 'NONE',  ( -16.21496222574229762, 22.52870705156888675, 3.292323440001584611 ) ) ;
#781 = EDGE_CURVE ( 'NONE', #1934, #1367, #926, .T. ) ;
#782 = ORIENTED_EDGE ( 'NONE', *, *, #2099, .T. ) ;
#783 = AXIS2_PLACEMENT_3D ( 'NONE', #778, #1844, #765 ) ;
#784 = DIRECTION ( 'NONE',  ( 1.000000000000000000, 0.000000000000000000, 0.000000000000000000 ) ) ;
#785 = ORIENTED_EDGE ( 'NONE', *, *, #1187, .T. ) ;
#786 = FACE_OUTER_BOUND ( 'NONE', #1035, .T. ) ;
#787 = LINE ( 'NONE', #1500, #1853 ) ;
#788 =( GEOMETRIC_REPRESENTATION_CONTEXT ( 3 ) GLOBAL_UNCERTAINTY_ASSIGNED_CONTEXT ( ( #830 ) ) GLOBAL_UNIT_ASSIGNED_CONTEXT ( ( #1969, #2756, #3248 ) ) REPRESENTATION_CONTEXT ( 'NONE', 'WORKASPACE' ) );
#789 = ORIENTED_EDGE ( 'NONE', *, *, #24, .T. ) ;
#790 = CIRCLE ( 'NONE', #624, 3.000000000000000888 ) ;
#791 = LINE ( 'NONE', #745, #2002 ) ;
#792 = DIRECTION ( 'NONE',  ( -0.000000000000000000, -0.000000000000000000, -1.000000000000000000 ) ) ;
#793 = DIRECTION ( 'NONE',  ( -1.000000000000000000, 0.000000000000000000, -0.000000000000000000 ) ) ;
#794 = CARTESIAN_POINT ( 'NONE',  ( -16.21496222574229051, -25.22129294843106706, 3.292323440001584611 ) ) ;
#795 = EDGE_CURVE ( 'NONE', #146, #109, #467, .T. ) ;
#796 = CARTESIAN_POINT ( 'NONE',  ( 17.53503777425773080, 26.27870705156888320, -2.500000000000000000 ) ) ;
#797 = VECTOR ( 'NONE', #1283, 1000.000000000000000 ) ;
#798 = DIRECTION ( 'NONE',  ( 1.000000000000000000, 0.000000000000000000, 0.000000000000000000 ) ) ;
#799 = PRODUCT_RELATED_PRODUCT_CATEGORY ( 'part', '', ( #476 ) ) ;
#800 = ORIENTED_EDGE ( 'NONE', *, *, #599, .T. ) ;
#801 = VECTOR ( 'NONE', #2940, 1000.000000000000000 ) ;
#802 = DIRECTION ( 'NONE',  ( -1.000000000000000000, -2.703465157366452467E-16, 0.000000000000000000 ) ) ;
#803 = VECTOR ( 'NONE', #714, 1000.000000000000000 ) ;
#804 = CARTESIAN_POINT ( 'NONE',  ( 13.45303777425773539, 25.68270705156890443, -2.500000000000000000 ) ) ;
#805 = DIRECTION ( 'NONE',  ( -0.000000000000000000, 0.000000000000000000, 1.000000000000000000 ) ) ;
#806 = ORIENTED_EDGE ( 'NONE', *, *, #3225, .T. ) ;
#807 = CARTESIAN_POINT ( 'NONE',  ( -16.96496222574226920, 25.27870705156888320, -4.002000000000000668 ) ) ;
#808 = CARTESIAN_POINT ( 'NONE',  ( -16.46496222574226920, 27.02870705156890097, -4.000000000000000000 ) ) ;
#809 = DIRECTION ( 'NONE',  ( 0.000000000000000000, 0.000000000000000000, 1.000000000000000000 ) ) ;
#810 = LINE ( 'NONE', #794, #343 ) ;
#811 = LINE ( 'NONE', #1044, #2769 ) ;
#812 = ADVANCED_FACE ( 'NONE', ( #2792 ), #466, .F. ) ;
#813 = CYLINDRICAL_SURFACE ( 'NONE', #1895, 2.749999999999995559 ) ;
#814 = DIRECTION ( 'NONE',  ( -0.000000000000000000, -0.000000000000000000, -1.000000000000000000 ) ) ;
#815 = VERTEX_POINT ( 'NONE', #594 ) ;
#816 = CARTESIAN_POINT ( 'NONE',  ( 16.03503777425773436, 27.02870705156891162, 3.292323440001584611 ) ) ;
#817 = DIRECTION ( 'NONE',  ( -0.000000000000000000, 0.000000000000000000, 1.000000000000000000 ) ) ;
#818 = ORIENTED_EDGE ( 'NONE', *, *, #363, .F. ) ;
#819 = CARTESIAN_POINT ( 'NONE',  ( 17.28503777425770238, 22.52870705156892583, 3.000000000000001776 ) ) ;
#820 = CARTESIAN_POINT ( 'NONE',  ( -13.46496222574226920, -22.47129294843110969, 3.292323440001584611 ) ) ;
#821 = VERTEX_POINT ( 'NONE', #888 ) ;
#822 = DIRECTION ( 'NONE',  ( -1.000000000000000000, 0.000000000000000000, 0.000000000000000000 ) ) ;
#823 = CARTESIAN_POINT ( 'NONE',  ( -7.714959791634051989, -29.97129294843108838, -0.3076765599984150334 ) ) ;
#824 = CARTESIAN_POINT ( 'NONE',  ( 19.03503777425774146, -26.97129294843108482, 3.292323440001584611 ) ) ;
#825 = CYLINDRICAL_SURFACE ( 'NONE', #348, 0.9500000000000029532 ) ;
#826 = VECTOR ( 'NONE', #2197, 1000.000000000000000 ) ;
#827 = DIRECTION ( 'NONE',  ( 1.000000000000000000, 0.000000000000000000, 0.000000000000000000 ) ) ;
#828 = ADVANCED_FACE ( 'NONE', ( #2362 ), #2737, .T. ) ;
#829 = EDGE_CURVE ( 'NONE', #1399, #770, #1468, .T. ) ;
#830 = UNCERTAINTY_MEASURE_WITH_UNIT (LENGTH_MEASURE( 1.000000000000000082E-05 ), #1969, 'distance_accuracy_value', 'NONE');
#831 = DIRECTION ( 'NONE',  ( 1.000000000000000000, 0.000000000000000000, 0.000000000000000000 ) ) ;
#832 = ORIENTED_EDGE ( 'NONE', *, *, #1196, .F. ) ;
#833 = AXIS2_PLACEMENT_3D ( 'NONE', #3167, #605, #838 ) ;
#834 = CIRCLE ( 'NONE', #1095, 3.000000000000000000 ) ;
#835 = ADVANCED_FACE ( 'NONE', ( #1445 ), #2234, .F. ) ;
#836 = ORIENTED_EDGE ( 'NONE', *, *, #3073, .F. ) ;
#837 = CARTESIAN_POINT ( 'NONE',  ( 19.03503777425773080, 27.02870705156891162, -3.499999999999999556 ) ) ;
#838 = DIRECTION ( 'NONE',  ( 1.204669080539449344E-16, 0.000000000000000000, -1.000000000000000000 ) ) ;
#839 = EDGE_CURVE ( 'NONE', #815, #3155, #1089, .T. ) ;
#840 = CIRCLE ( 'NONE', #1907, 1.499999999999999556 ) ;
#841 = VERTEX_POINT ( 'NONE', #416 ) ;
#842 = DIRECTION ( 'NONE',  ( 1.000000000000000000, 1.734723475976807094E-16, -0.000000000000000000 ) ) ;
#843 = CARTESIAN_POINT ( 'NONE',  ( -17.96496222574225854, -26.97129294843108838, 3.292323440001584611 ) ) ;
#844 = AXIS2_PLACEMENT_3D ( 'NONE', #600, #2647, #3177 ) ;
#845 = CARTESIAN_POINT ( 'NONE',  ( 15.78503777425770060, 22.52870705156892583, 3.292323440001584611 ) ) ;
#846 = VECTOR ( 'NONE', #2521, 1000.000000000000000 ) ;
#847 = CARTESIAN_POINT ( 'NONE',  ( -10.88296222574226668, -25.62529294843109184, 0.000000000000000000 ) ) ;
#848 = VECTOR ( 'NONE', #1205, 1000.000000000000000 ) ;
#849 = VECTOR ( 'NONE', #75, 1000.000000000000000 ) ;
#850 = DIRECTION ( 'NONE',  ( -0.000000000000000000, -0.000000000000000000, -1.000000000000000000 ) ) ;
#851 = ORIENTED_EDGE ( 'NONE', *, *, #758, .T. ) ;
#852 = VECTOR ( 'NONE', #2808, 1000.000000000000000 ) ;
#853 = EDGE_CURVE ( 'NONE', #2780, #151, #2446, .T. ) ;
#854 = ORIENTED_EDGE ( 'NONE', *, *, #53, .T. ) ;
#855 = FACE_OUTER_BOUND ( 'NONE', #3018, .T. ) ;
#856 = PLANE ( 'NONE',  #1763 ) ;
#857 = PLANE ( 'NONE',  #3127 ) ;
#858 = ORIENTED_EDGE ( 'NONE', *, *, #212, .T. ) ;
#859 = DIRECTION ( 'NONE',  ( -1.000000000000000000, 0.000000000000000000, 0.000000000000000000 ) ) ;
#860 = CARTESIAN_POINT ( 'NONE',  ( -16.46496222574226920, 27.02870705156890097, -4.000000000000000000 ) ) ;
#861 = DIRECTION ( 'NONE',  ( -0.000000000000000000, -0.000000000000000000, -1.000000000000000000 ) ) ;
#862 = CARTESIAN_POINT ( 'NONE',  ( -9.932962225742267393, 25.68270705156890443, 0.000000000000000000 ) ) ;
#863 = ORIENTED_EDGE ( 'NONE', *, *, #2099, .F. ) ;
#864 = ADVANCED_FACE ( 'NONE', ( #1943 ), #708, .T. ) ;
#865 = ORIENTED_EDGE ( 'NONE', *, *, #2949, .T. ) ;
#866 = CARTESIAN_POINT ( 'NONE',  ( 16.03503777425773791, -29.97129294843108838, -4.000000000000000000 ) ) ;
#867 = DIRECTION ( 'NONE',  ( -0.000000000000000000, -0.000000000000000000, 1.000000000000000000 ) ) ;
#868 = EDGE_LOOP ( 'NONE', ( #2470, #2213, #1904, #1775 ) ) ;
#869 = LINE ( 'NONE', #2159, #1053 ) ;
#870 = DIRECTION ( 'NONE',  ( 0.000000000000000000, 0.000000000000000000, 1.000000000000000000 ) ) ;
#871 = COLOUR_RGB ( '',0.7921568627450980005, 0.8196078431372548767, 0.9333333333333333481 ) ;
#872 = EDGE_CURVE ( 'NONE', #2579, #949, #1303, .T. ) ;
#873 = CARTESIAN_POINT ( 'NONE',  ( -7.882962225742265794, -25.62529294843109184, 0.000000000000000000 ) ) ;
#874 = EDGE_CURVE ( 'NONE', #2700, #1269, #506, .T. ) ;
#875 = CARTESIAN_POINT ( 'NONE',  ( 10.45303777425773362, 25.68270705156890443, -2.500000000000000000 ) ) ;
#876 = ORIENTED_EDGE ( 'NONE', *, *, #1187, .F. ) ;
#877 = EDGE_LOOP ( 'NONE', ( #1975, #427 ) ) ;
#878 = VECTOR ( 'NONE', #2572, 1000.000000000000000 ) ;
#879 = CYLINDRICAL_SURFACE ( 'NONE', #2356, 3.000000000000000000 ) ;
#880 = CARTESIAN_POINT ( 'NONE',  ( -16.21496222574226564, -22.47129294843110969, 3.292323440001584611 ) ) ;
#881 = CIRCLE ( 'NONE', #235, 2.749999999999995559 ) ;
#882 = ORIENTED_EDGE ( 'NONE', *, *, #1024, .F. ) ;
#883 = DIRECTION ( 'NONE',  ( 0.000000000000000000, -0.000000000000000000, -1.000000000000000000 ) ) ;
#884 = ORIENTED_EDGE ( 'NONE', *, *, #3275, .T. ) ;
#885 = CARTESIAN_POINT ( 'NONE',  ( -19.46496222574226920, 27.02870705156890097, -4.000000000000000000 ) ) ;
#886 = ADVANCED_FACE ( 'NONE', ( #1683 ), #2945, .T. ) ;
#887 = CARTESIAN_POINT ( 'NONE',  ( 11.40187074164454017, -28.47129294843108482, 0.000000000000000000 ) ) ;
#888 = CARTESIAN_POINT ( 'NONE',  ( 9.503037774257734327, 25.68270705156890443, 0.000000000000000000 ) ) ;
#889 = DIRECTION ( 'NONE',  ( 0.000000000000000000, 0.000000000000000000, -1.000000000000000000 ) ) ;
#890 = VECTOR ( 'NONE', #2183, 1000.000000000000000 ) ;
#891 = DIRECTION ( 'NONE',  ( 0.000000000000000000, 0.000000000000000000, 1.000000000000000000 ) ) ;
#892 = VERTEX_POINT ( 'NONE', #1664 ) ;
#893 = CIRCLE ( 'NONE', #2835, 1.000000000000000888 ) ;
#894 = VERTEX_POINT ( 'NONE', #2253 ) ;
#895 = ORIENTED_EDGE ( 'NONE', *, *, #2321, .T. ) ;
#896 = AXIS2_PLACEMENT_3D ( 'NONE', #368, #2367, #1862 ) ;
#897 = DIRECTION ( 'NONE',  ( 1.000000000000000000, 0.000000000000000000, -0.000000000000000000 ) ) ;
#898 = DIRECTION ( 'NONE',  ( -0.000000000000000000, 0.000000000000000000, 1.000000000000000000 ) ) ;
#899 = ORIENTED_EDGE ( 'NONE', *, *, #2133, .T. ) ;
#900 = CARTESIAN_POINT ( 'NONE',  ( -16.46496222574226920, 27.02870705156890097, -2.500000000000000000 ) ) ;
#901 = EDGE_CURVE ( 'NONE', #2942, #113, #2751, .T. ) ;
#902 = AXIS2_PLACEMENT_3D ( 'NONE', #496, #817, #2105 ) ;
#903 = ORIENTED_EDGE ( 'NONE', *, *, #586, .T. ) ;
#904 = EDGE_CURVE ( 'NONE', #1890, #2625, #2689, .T. ) ;
#905 = CARTESIAN_POINT ( 'NONE',  ( 0.000000000000000000, 0.000000000000000000, -2.500000000000000000 ) ) ;
#906 = ADVANCED_FACE ( 'NONE', ( #450 ), #1162, .T. ) ;
#907 = EDGE_CURVE ( 'NONE', #1931, #2743, #210, .T. ) ;
#908 = ADVANCED_FACE ( 'NONE', ( #1999 ), #1227, .T. ) ;
#909 = CYLINDRICAL_SURFACE ( 'NONE', #471, 2.999999999999999112 ) ;
#910 = ORIENTED_EDGE ( 'NONE', *, *, #1497, .T. ) ;
#911 = ORIENTED_EDGE ( 'NONE', *, *, #2503, .T. ) ;
#912 = EDGE_LOOP ( 'NONE', ( #3168, #3200, #2205, #1434 ) ) ;
#913 = PLANE ( 'NONE',  #689 ) ;
#914 = DIRECTION ( 'NONE',  ( 0.000000000000000000, 0.000000000000000000, 1.000000000000000000 ) ) ;
#915 = EDGE_CURVE ( 'NONE', #1678, #1405, #1013, .T. ) ;
#916 = ORIENTED_EDGE ( 'NONE', *, *, #3097, .F. ) ;
#917 = DIRECTION ( 'NONE',  ( 0.000000000000000000, 0.000000000000000000, -1.000000000000000000 ) ) ;
#918 = VERTEX_POINT ( 'NONE', #3015 ) ;
#919 = DIRECTION ( 'NONE',  ( -0.000000000000000000, -0.000000000000000000, -1.000000000000000000 ) ) ;
#920 = DIRECTION ( 'NONE',  ( -1.000000000000000000, -2.703465157366452467E-16, 0.000000000000000000 ) ) ;
#921 = DIRECTION ( 'NONE',  ( 1.000000000000000000, 0.000000000000000000, 0.000000000000000000 ) ) ;
#922 = LINE ( 'NONE', #1947, #1914 ) ;
#923 = ADVANCED_FACE ( 'NONE', ( #2218, #938 ), #724, .F. ) ;
#924 = VECTOR ( 'NONE', #2633, 1000.000000000000000 ) ;
#925 = VERTEX_POINT ( 'NONE', #2549 ) ;
#926 = CIRCLE ( 'NONE', #2908, 0.9499999999999995115 ) ;
#928 = ORIENTED_EDGE ( 'NONE', *, *, #559, .F. ) ;
#927 = FACE_OUTER_BOUND ( 'NONE', #3153, .T. ) ;
#929 = EDGE_LOOP ( 'NONE', ( #1234, #2768, #683, #1833 ) ) ;
#930 = EDGE_LOOP ( 'NONE', ( #2887, #1660 ) ) ;
#931 = DIRECTION ( 'NONE',  ( 1.000000000000000000, 0.000000000000000000, 0.000000000000000000 ) ) ;
#932 = CARTESIAN_POINT ( 'NONE',  ( -16.96496222574226209, -25.22129294843106706, -4.002000000000000668 ) ) ;
#933 = PRODUCT_DEFINITION ( 'General', '', #573, #2301 ) ;
#934 = ORIENTED_EDGE ( 'NONE', *, *, #768, .F. ) ;
#935 = CARTESIAN_POINT ( 'NONE',  ( 18.53503777425773080, 27.02870705156891162, -4.000000000000000000 ) ) ;
#936 = ORIENTED_EDGE ( 'NONE', *, *, #477, .T. ) ;
#937 = CARTESIAN_POINT ( 'NONE',  ( 13.45303777425773539, -25.62529294843109540, 0.000000000000000000 ) ) ;
#938 = FACE_OUTER_BOUND ( 'NONE', #3182, .T. ) ;
#939 = DIRECTION ( 'NONE',  ( -1.000000000000000000, 0.000000000000000000, 0.000000000000000000 ) ) ;
#940 = VECTOR ( 'NONE', #2857, 1000.000000000000000 ) ;
#941 = EDGE_CURVE ( 'NONE', #1549, #1722, #2014, .T. ) ;
#942 = LINE ( 'NONE', #2501, #1750 ) ;
#943 = CIRCLE ( 'NONE', #294, 0.9499999999999995115 ) ;
#944 = VERTEX_POINT ( 'NONE', #541 ) ;
#946 = EDGE_LOOP ( 'NONE', ( #159, #1976, #1656, #2539 ) ) ;
#945 = LINE ( 'NONE', #2279, #1231 ) ;
#947 = VECTOR ( 'NONE', #1577, 1000.000000000000114 ) ;
#948 = ORIENTED_EDGE ( 'NONE', *, *, #2679, .T. ) ;
#949 = VERTEX_POINT ( 'NONE', #2830 ) ;
#950 = DIRECTION ( 'NONE',  ( 1.000000000000000000, 0.000000000000000000, 0.000000000000000000 ) ) ;
#951 = VECTOR ( 'NONE', #1663, 1000.000000000000000 ) ;
#952 = DIRECTION ( 'NONE',  ( -0.000000000000000000, 0.000000000000000000, 1.000000000000000000 ) ) ;
#953 = ORIENTED_EDGE ( 'NONE', *, *, #3283, .T. ) ;
#954 = VERTEX_POINT ( 'NONE', #1042 ) ;
#955 = AXIS2_PLACEMENT_3D ( 'NONE', #2571, #3316, #522 ) ;
#956 = ORIENTED_EDGE ( 'NONE', *, *, #2150, .F. ) ;
#957 = PLANE ( 'NONE',  #2131 ) ;
#958 = CARTESIAN_POINT ( 'NONE',  ( -16.21496222574229762, 22.52870705156888675, 3.000000000000001776 ) ) ;
#959 = CYLINDRICAL_SURFACE ( 'NONE', #2166, 0.9500000000000029532 ) ;
#960 = AXIS2_PLACEMENT_3D ( 'NONE', #2329, #256, #1050 ) ;
#961 = CARTESIAN_POINT ( 'NONE',  ( -16.21496222574229762, 22.52870705156889031, -2.500000000000000000 ) ) ;
#962 = PRODUCT_CONTEXT ( 'NONE', #2141, 'mechanical' ) ;
#963 = EDGE_LOOP ( 'NONE', ( #1297, #2637, #2612, #462 ) ) ;
#965 = EDGE_LOOP ( 'NONE', ( #1403, #2160 ) ) ;
#964 = CARTESIAN_POINT ( 'NONE',  ( 16.53503777425773080, 26.27870705156888320, -2.500000000000000000 ) ) ;
#966 = VERTEX_POINT ( 'NONE', #3031 ) ;
#967 = ORIENTED_EDGE ( 'NONE', *, *, #119, .T. ) ;
#968 = ADVANCED_FACE ( 'NONE', ( #1829 ), #2333, .F. ) ;
#969 = FACE_OUTER_BOUND ( 'NONE', #2207, .T. ) ;
#970 = DIRECTION ( 'NONE',  ( 0.000000000000000000, 0.000000000000000000, -1.000000000000000000 ) ) ;
#971 = ADVANCED_FACE ( 'NONE', ( #2063 ), #226, .T. ) ;
#972 = EDGE_CURVE ( 'NONE', #1491, #1866, #2595, .T. ) ;
#973 = ORIENTED_EDGE ( 'NONE', *, *, #740, .F. ) ;
#974 = ORIENTED_EDGE ( 'NONE', *, *, #3112, .F. ) ;
#975 = CARTESIAN_POINT ( 'NONE',  ( 15.78503777425776100, 19.77870705156889031, -2.500000000000000000 ) ) ;
#976 = CARTESIAN_POINT ( 'NONE',  ( -10.88296222574226668, -25.62529294843109184, 0.000000000000000000 ) ) ;
#977 = CARTESIAN_POINT ( 'NONE',  ( 18.53503777425773080, 27.02870705156891162, -4.000000000000000000 ) ) ;
#978 = LINE ( 'NONE', #1507, #2777 ) ;
#979 = EDGE_CURVE ( 'NONE', #1643, #2700, #1552, .T. ) ;
#980 = EDGE_CURVE ( 'NONE', #761, #2972, #20, .T. ) ;
#981 = EDGE_LOOP ( 'NONE', ( #615, #1739, #2472, #662 ) ) ;
#982 = ADVANCED_FACE ( 'NONE', ( #1569, #2354, #2306, #2813, #489 ), #2856, .T. ) ;
#983 = CARTESIAN_POINT ( 'NONE',  ( 13.45303777425773539, 25.68270705156890443, 0.000000000000000000 ) ) ;
#984 = LINE ( 'NONE', #3229, #2665 ) ;
#985 = ORIENTED_EDGE ( 'NONE', *, *, #2068, .T. ) ;
#986 = VERTEX_POINT ( 'NONE', #3299 ) ;
#987 = DIRECTION ( 'NONE',  ( 1.000000000000000000, 0.000000000000000000, 0.000000000000000000 ) ) ;
#988 = DIRECTION ( 'NONE',  ( -0.000000000000000000, 0.000000000000000000, 1.000000000000000000 ) ) ;
#989 = ORIENTED_EDGE ( 'NONE', *, *, #1852, .F. ) ;
#990 = FILL_AREA_STYLE ('',( #1997 ) ) ;
#991 = DIRECTION ( 'NONE',  ( -2.409338161078898687E-16, 0.000000000000000000, 1.000000000000000000 ) ) ;
#992 = DIRECTION ( 'NONE',  ( 0.000000000000000000, 1.000000000000000000, -0.000000000000000000 ) ) ;
#993 = DIRECTION ( 'NONE',  ( -0.000000000000000000, -0.000000000000000000, 1.000000000000000000 ) ) ;
#994 = AXIS2_PLACEMENT_3D ( 'NONE', #2083, #227, #1570 ) ;
#995 = CYLINDRICAL_SURFACE ( 'NONE', #1413, 3.000000000000000888 ) ;
#996 = AXIS2_PLACEMENT_3D ( 'NONE', #703, #1402, #2765 ) ;
#997 = VERTEX_POINT ( 'NONE', #1307 ) ;
#998 = CIRCLE ( 'NONE', #2832, 0.9499999999999995115 ) ;
#999 = DIRECTION ( 'NONE',  ( 1.734723475976807094E-16, -1.000000000000000000, 0.000000000000000000 ) ) ;
#1000 = DIRECTION ( 'NONE',  ( -0.7071067811865475727, -8.177564888978000334E-17, -0.7071067811865475727 ) ) ;
#1001 = ORIENTED_EDGE ( 'NONE', *, *, #2308, .F. ) ;
#1002 = AXIS2_PLACEMENT_3D ( 'NONE', #532, #2056, #546 ) ;
#1003 = CARTESIAN_POINT ( 'NONE',  ( -10.88296222574226668, 25.68270705156890443, -2.500000000000000000 ) ) ;
#1004 = LINE ( 'NONE', #1563, #393 ) ;
#1005 = AXIS2_PLACEMENT_3D ( 'NONE', #1471, #437, #2220 ) ;
#1006 = AXIS2_PLACEMENT_3D ( 'NONE', #707, #2750, #1174 ) ;
#1007 = ORIENTED_EDGE ( 'NONE', *, *, #2874, .F. ) ;
#1008 = CARTESIAN_POINT ( 'NONE',  ( -9.934129258355469005, -28.47129294843108482, 0.000000000000000000 ) ) ;
#1009 = DIRECTION ( 'NONE',  ( -0.000000000000000000, -0.000000000000000000, -1.000000000000000000 ) ) ;
#1010 = CIRCLE ( 'NONE', #1754, 1.000000000000000888 ) ;
#1011 = CARTESIAN_POINT ( 'NONE',  ( 16.53503777425773436, 25.27870705156888320, -4.002000000000000668 ) ) ;
#1012 = EDGE_CURVE ( 'NONE', #1673, #2310, #3083, .T. ) ;
#1013 = CIRCLE ( 'NONE', #1482, 2.999999999999999112 ) ;
#1014 = EDGE_CURVE ( 'NONE', #2433, #426, #777, .T. ) ;
#1015 = ADVANCED_FACE ( 'NONE', ( #2038 ), #553, .F. ) ;
#1016 = AXIS2_PLACEMENT_3D ( 'NONE', #2228, #1401, #950 ) ;
#1017 = DIRECTION ( 'NONE',  ( 1.000000000000000000, 0.000000000000000000, 0.000000000000000000 ) ) ;
#1018 = ADVANCED_FACE ( 'NONE', ( #39 ), #2532, .T. ) ;
#1019 = EDGE_LOOP ( 'NONE', ( #1115, #2232, #1287, #1614 ) ) ;
#1020 = CARTESIAN_POINT ( 'NONE',  ( -17.96496222574225854, -18.72129294843107417, -4.000000000000000000 ) ) ;
#1021 = ORIENTED_EDGE ( 'NONE', *, *, #2453, .T. ) ;
#1022 = CARTESIAN_POINT ( 'NONE',  ( -7.882962225742265794, -25.62529294843109184, -2.500000000000000000 ) ) ;
#1023 = LINE ( 'NONE', #500, #1526 ) ;
#1024 = EDGE_CURVE ( 'NONE', #2556, #688, #473, .T. ) ;
#1025 = ORIENTED_EDGE ( 'NONE', *, *, #66, .T. ) ;
#1026 = ORIENTED_EDGE ( 'NONE', *, *, #119, .F. ) ;
#1027 = DIRECTION ( 'NONE',  ( -1.000000000000000000, 2.135044278125326586E-15, -0.000000000000000000 ) ) ;
#1028 = CARTESIAN_POINT ( 'NONE',  ( 15.78503777425773613, -22.47129294843107417, 3.000000000000001776 ) ) ;
#1029 = DIRECTION ( 'NONE',  ( 0.7071067811865474617, 0.000000000000000000, 0.7071067811865474617 ) ) ;
#1030 = EDGE_CURVE ( 'NONE', #1696, #1405, #2845, .T. ) ;
#1031 = DIRECTION ( 'NONE',  ( -0.000000000000000000, -0.000000000000000000, 1.000000000000000000 ) ) ;
#1032 = VERTEX_POINT ( 'NONE', #505 ) ;
#1033 = EDGE_CURVE ( 'NONE', #602, #187, #34, .T. ) ;
#1034 = LINE ( 'NONE', #1788, #1100 ) ;
#1035 = EDGE_LOOP ( 'NONE', ( #2760, #650, #2190, #2537, #1488, #214, #2951, #2827 ) ) ;
#1036 = DIRECTION ( 'NONE',  ( -0.000000000000000000, 0.000000000000000000, 1.000000000000000000 ) ) ;
#1037 = DIRECTION ( 'NONE',  ( 1.000000000000000000, 0.000000000000000000, 0.000000000000000000 ) ) ;
#1038 = VECTOR ( 'NONE', #3142, 1000.000000000000000 ) ;
#1039 = ORIENTED_EDGE ( 'NONE', *, *, #2931, .F. ) ;
#1040 = CARTESIAN_POINT ( 'NONE',  ( 17.53503777425773080, 30.02870705156891162, -2.500000000000000000 ) ) ;
#1041 = DIRECTION ( 'NONE',  ( 0.000000000000000000, 0.000000000000000000, 1.000000000000000000 ) ) ;
#1042 = CARTESIAN_POINT ( 'NONE',  ( 16.53503777425773791, -19.72129294843107417, -2.500000000000000000 ) ) ;
#1043 = DIRECTION ( 'NONE',  ( -0.000000000000000000, 0.000000000000000000, 1.000000000000000000 ) ) ;
#1044 = CARTESIAN_POINT ( 'NONE',  ( 9.504204806870959032, 28.52870705156890452, 0.000000000000000000 ) ) ;
#1045 = CARTESIAN_POINT ( 'NONE',  ( -11.83179519312905370, 28.52870705156890097, -2.500000000000000000 ) ) ;
#1046 = EDGE_CURVE ( 'NONE', #357, #720, #1873, .T. ) ;
#1047 = ORIENTED_EDGE ( 'NONE', *, *, #2106, .T. ) ;
#1048 = CARTESIAN_POINT ( 'NONE',  ( -17.96496222574225854, -26.97129294843108838, -2.500000000000000000 ) ) ;
#1049 = AXIS2_PLACEMENT_3D ( 'NONE', #3227, #455, #2454 ) ;
#1050 = DIRECTION ( 'NONE',  ( 1.000000000000000000, 0.000000000000000000, 0.000000000000000000 ) ) ;
#1051 = DIRECTION ( 'NONE',  ( 0.000000000000000000, 0.000000000000000000, 1.000000000000000000 ) ) ;
#1052 = ORIENTED_EDGE ( 'NONE', *, *, #1878, .T. ) ;
#1053 = VECTOR ( 'NONE', #3266, 1000.000000000000000 ) ;
#1054 = DIRECTION ( 'NONE',  ( 1.000000000000000000, 0.000000000000000000, 0.000000000000000000 ) ) ;
#1055 = DIRECTION ( 'NONE',  ( 1.000000000000000000, 0.000000000000000000, 0.000000000000000000 ) ) ;
#1056 = CARTESIAN_POINT ( 'NONE',  ( 15.78503777425776100, 19.77870705156889031, -4.002000000000000668 ) ) ;
#1057 = DIRECTION ( 'NONE',  ( -0.000000000000000000, 0.000000000000000000, 1.000000000000000000 ) ) ;
#1058 = FACE_OUTER_BOUND ( 'NONE', #1179, .T. ) ;
#1059 = AXIS2_PLACEMENT_3D ( 'NONE', #228, #3304, #1017 ) ;
#1060 = DIRECTION ( 'NONE',  ( 1.000000000000000000, 0.000000000000000000, 0.000000000000000000 ) ) ;
#1061 = ORIENTED_EDGE ( 'NONE', *, *, #1256, .F. ) ;
#1062 = AXIS2_PLACEMENT_3D ( 'NONE', #702, #664, #463 ) ;
#1063 = LINE ( 'NONE', #3063, #2555 ) ;
#1064 = ORIENTED_EDGE ( 'NONE', *, *, #307, .F. ) ;
#1065 = VECTOR ( 'NONE', #179, 1000.000000000000000 ) ;
#1066 = CARTESIAN_POINT ( 'NONE',  ( -17.16496222574226493, -22.47129294843110969, -3.000000000000002665 ) ) ;
#1067 = PLANE ( 'NONE',  #1743 ) ;
#1068 = ORIENTED_EDGE ( 'NONE', *, *, #697, .F. ) ;
#1069 = CYLINDRICAL_SURFACE ( 'NONE', #501, 3.000000000000000000 ) ;
#1070 = CARTESIAN_POINT ( 'NONE',  ( -13.46496222574230295, 22.52870705156889031, 3.292323440001584611 ) ) ;
#1071 = CARTESIAN_POINT ( 'NONE',  ( -16.21496222574226564, -22.47129294843110969, -3.000000000000002665 ) ) ;
#1072 = EDGE_CURVE ( 'NONE', #2379, #1386, #1118, .T. ) ;
#1073 = CARTESIAN_POINT ( 'NONE',  ( -16.46496222574226209, -29.47129294843108838, -4.000000000000000000 ) ) ;
#1074 = ADVANCED_FACE ( 'NONE', ( #1098 ), #2615, .F. ) ;
#1075 = DIRECTION ( 'NONE',  ( 1.000000000000000000, 0.000000000000000000, 0.000000000000000000 ) ) ;
#1076 = CARTESIAN_POINT ( 'NONE',  ( -16.21496222574229762, 22.52870705156889031, -2.500000000000000000 ) ) ;
#1077 = ADVANCED_FACE ( 'NONE', ( #2126 ), #856, .T. ) ;
#1078 = FACE_OUTER_BOUND ( 'NONE', #2508, .T. ) ;
#1079 = DIRECTION ( 'NONE',  ( 1.156482317317871971E-16, -1.000000000000000000, 0.000000000000000000 ) ) ;
#1080 = EDGE_LOOP ( 'NONE', ( #2991, #767, #2525, #1760 ) ) ;
#1081 = EDGE_CURVE ( 'NONE', #1544, #753, #1379, .T. ) ;
#1082 = DIRECTION ( 'NONE',  ( 0.000000000000000000, 0.000000000000000000, 1.000000000000000000 ) ) ;
#1083 = ORIENTED_EDGE ( 'NONE', *, *, #2676, .T. ) ;
#1084 = CARTESIAN_POINT ( 'NONE',  ( 16.03503777425773791, 28.52870705156890807, 3.292323440001584611 ) ) ;
#1085 = CARTESIAN_POINT ( 'NONE',  ( 16.53503777425773080, 26.27870705156888320, -4.002000000000000668 ) ) ;
#1086 = AXIS2_PLACEMENT_3D ( 'NONE', #2593, #1892, #289 ) ;
#1087 = ORIENTED_EDGE ( 'NONE', *, *, #2198, .T. ) ;
#1088 = DIRECTION ( 'NONE',  ( -0.000000000000000000, -0.000000000000000000, -1.000000000000000000 ) ) ;
#1089 = CIRCLE ( 'NONE', #62, 2.749999999999995559 ) ;
#1090 = CARTESIAN_POINT ( 'NONE',  ( -16.21496222574229051, -25.22129294843106706, 3.292323440001584611 ) ) ;
#1091 = DIRECTION ( 'NONE',  ( 1.000000000000000000, 0.000000000000000000, 0.000000000000000000 ) ) ;
#1092 = DIRECTION ( 'NONE',  ( 0.000000000000000000, -0.7071067811865474617, 0.7071067811865474617 ) ) ;
#1093 = ORIENTED_EDGE ( 'NONE', *, *, #941, .F. ) ;
#1094 = VECTOR ( 'NONE', #1029, 1000.000000000000114 ) ;
#1095 = AXIS2_PLACEMENT_3D ( 'NONE', #2853, #3312, #2591 ) ;
#1096 = ORIENTED_EDGE ( 'NONE', *, *, #1854, .F. ) ;
#1097 = LINE ( 'NONE', #1338, #1038 ) ;
#1098 = FACE_OUTER_BOUND ( 'NONE', #3164, .T. ) ;
#1099 = DIRECTION ( 'NONE',  ( -0.000000000000000000, 0.000000000000000000, 1.000000000000000000 ) ) ;
#1100 = VECTOR ( 'NONE', #2850, 1000.000000000000000 ) ;
#1101 = VERTEX_POINT ( 'NONE', #1084 ) ;
#1102 = LINE ( 'NONE', #543, #732 ) ;
#1103 = DIRECTION ( 'NONE',  ( -0.000000000000000000, -0.000000000000000000, -1.000000000000000000 ) ) ;
#1104 = AXIS2_PLACEMENT_3D ( 'NONE', #10, #3045, #2025 ) ;
#1105 = CARTESIAN_POINT ( 'NONE',  ( -17.96496222574226564, 26.27870705156888320, -2.500000000000000000 ) ) ;
#1106 = VECTOR ( 'NONE', #2933, 1000.000000000000000 ) ;
#1107 = ADVANCED_FACE ( 'NONE', ( #1584 ), #1349, .T. ) ;
#1108 = CIRCLE ( 'NONE', #247, 2.749999999999995559 ) ;
#1109 = AXIS2_PLACEMENT_3D ( 'NONE', #2425, #359, #1929 ) ;
#1110 = CARTESIAN_POINT ( 'NONE',  ( 15.78503777425773613, -22.47129294843107417, -3.000000000000002665 ) ) ;
#1111 = VECTOR ( 'NONE', #2872, 1000.000000000000000 ) ;
#1112 = ORIENTED_EDGE ( 'NONE', *, *, #1847, .F. ) ;
#1113 = AXIS2_PLACEMENT_3D ( 'NONE', #2974, #684, #2745 ) ;
#1114 = CIRCLE ( 'NONE', #92, 2.999999999999999112 ) ;
#1115 = ORIENTED_EDGE ( 'NONE', *, *, #1493, .F. ) ;
#1116 = VERTEX_POINT ( 'NONE', #1881 ) ;
#1117 = CARTESIAN_POINT ( 'NONE',  ( 17.53503777425774146, -26.22129294843107061, -4.000000000000000000 ) ) ;
#1118 = LINE ( 'NONE', #866, #529 ) ;
#1119 = DIRECTION ( 'NONE',  ( 1.000000000000000000, 0.000000000000000000, 0.000000000000000000 ) ) ;
#1120 = ADVANCED_FACE ( 'NONE', ( #1893 ), #879, .T. ) ;
#1121 = ORIENTED_EDGE ( 'NONE', *, *, #2018, .F. ) ;
#1122 = DIRECTION ( 'NONE',  ( 1.000000000000000000, 0.000000000000000000, 0.000000000000000000 ) ) ;
#1123 = ADVANCED_FACE ( 'NONE', ( #2911 ), #51, .F. ) ;
#1124 = FACE_OUTER_BOUND ( 'NONE', #2261, .T. ) ;
#1125 = FACE_OUTER_BOUND ( 'NONE', #397, .T. ) ;
#1126 = DIRECTION ( 'NONE',  ( -1.000000000000000000, 0.000000000000000000, 0.000000000000000000 ) ) ;
#1127 = VERTEX_POINT ( 'NONE', #1388 ) ;
#1128 = VERTEX_POINT ( 'NONE', #823 ) ;
#1129 = DIRECTION ( 'NONE',  ( 0.000000000000000000, 0.000000000000000000, 1.000000000000000000 ) ) ;
#1130 = CARTESIAN_POINT ( 'NONE',  ( -16.21496222574229051, -19.72129294843107417, -4.002000000000000668 ) ) ;
#1131 = ORIENTED_EDGE ( 'NONE', *, *, #1912, .F. ) ;
#1132 = CARTESIAN_POINT ( 'NONE',  ( 16.53503777425773436, 18.77870705156889031, -4.002000000000000668 ) ) ;
#1133 = ORIENTED_EDGE ( 'NONE', *, *, #680, .T. ) ;
#1134 = CARTESIAN_POINT ( 'NONE',  ( 16.53503777425773436, 19.77870705156889031, -2.500000000000000000 ) ) ;
#1135 = CARTESIAN_POINT ( 'NONE',  ( -15.26496222574230011, 22.52870705156889031, -3.000000000000002665 ) ) ;
#1136 = CYLINDRICAL_SURFACE ( 'NONE', #2709, 1.500000000000001332 ) ;
#1137 = ORIENTED_EDGE ( 'NONE', *, *, #478, .T. ) ;
#1138 = VERTEX_POINT ( 'NONE', #837 ) ;
#1139 = ORIENTED_EDGE ( 'NONE', *, *, #2103, .T. ) ;
#1140 = VERTEX_POINT ( 'NONE', #341 ) ;
#1141 = AXIS2_PLACEMENT_3D ( 'NONE', #880, #2890, #591 ) ;
#1142 = CARTESIAN_POINT ( 'NONE',  ( -9.932962225742267393, 25.68270705156890443, -2.500000000000000000 ) ) ;
#1143 = FACE_BOUND ( 'NONE', #73, .T. ) ;
#1144 = EDGE_CURVE ( 'NONE', #1549, #2071, #2407, .T. ) ;
#1145 = VECTOR ( 'NONE', #686, 1000.000000000000000 ) ;
#1146 = ORIENTED_EDGE ( 'NONE', *, *, #1784, .T. ) ;
#1147 = CARTESIAN_POINT ( 'NONE',  ( 15.78503777425775390, -25.22129294843106706, -2.500000000000000000 ) ) ;
#1148 = EDGE_CURVE ( 'NONE', #1390, #966, #1843, .T. ) ;
#1149 = EDGE_LOOP ( 'NONE', ( #2303, #1461 ) ) ;
#1150 = DIRECTION ( 'NONE',  ( -0.000000000000000000, -0.000000000000000000, -1.000000000000000000 ) ) ;
#1151 = CIRCLE ( 'NONE', #3135, 1.000000000000000888 ) ;
#1152 = ORIENTED_EDGE ( 'NONE', *, *, #1626, .T. ) ;
#1153 = AXIS2_PLACEMENT_3D ( 'NONE', #816, #3110, #2073 ) ;
#1154 = DIRECTION ( 'NONE',  ( -0.000000000000000000, -0.000000000000000000, 1.000000000000000000 ) ) ;
#1155 = CIRCLE ( 'NONE', #3034, 2.749999999999995559 ) ;
#1156 = EDGE_CURVE ( 'NONE', #1717, #770, #1758, .T. ) ;
#1157 = CARTESIAN_POINT ( 'NONE',  ( 9.503037774257734327, 25.68270705156890443, 0.000000000000000000 ) ) ;
#1158 = ORIENTED_EDGE ( 'NONE', *, *, #3145, .T. ) ;
#1159 = VECTOR ( 'NONE', #3069, 1000.000000000000000 ) ;
#1160 = CIRCLE ( 'NONE', #1417, 1.500000000000001332 ) ;
#1161 = ADVANCED_FACE ( 'NONE', ( #617 ), #2923, .F. ) ;
#1162 = CONICAL_SURFACE ( 'NONE', #85, 2.499999999999998668, 0.7853981633974491672 ) ;
#1163 = ORIENTED_EDGE ( 'NONE', *, *, #155, .T. ) ;
#1164 = EDGE_LOOP ( 'NONE', ( #497, #1455 ) ) ;
#1165 = ORIENTED_EDGE ( 'NONE', *, *, #631, .T. ) ;
#1166 = CARTESIAN_POINT ( 'NONE',  ( -16.21496222574226564, -22.47129294843110969, 3.000000000000001776 ) ) ;
#1167 = FACE_OUTER_BOUND ( 'NONE', #1080, .T. ) ;
#1168 = EDGE_LOOP ( 'NONE', ( #250, #3291, #498, #201 ) ) ;
#1169 = CARTESIAN_POINT ( 'NONE',  ( 16.53503777425773436, 18.77870705156889031, -2.500000000000000000 ) ) ;
#1170 = DIRECTION ( 'NONE',  ( -1.000000000000000000, 0.000000000000000000, 0.000000000000000000 ) ) ;
#1171 = EDGE_CURVE ( 'NONE', #986, #411, #1629, .T. ) ;
#1172 = CIRCLE ( 'NONE', #2934, 1.000000000000000888 ) ;
#1173 = VERTEX_POINT ( 'NONE', #572 ) ;
#1174 = DIRECTION ( 'NONE',  ( 1.000000000000000000, 0.000000000000000000, 0.000000000000000000 ) ) ;
#1175 = CARTESIAN_POINT ( 'NONE',  ( -16.21496222574226564, -22.47129294843110969, -2.500000000000000000 ) ) ;
#1176 = DIRECTION ( 'NONE',  ( -1.000000000000000000, 0.000000000000000000, 0.000000000000000000 ) ) ;
#1177 = FACE_OUTER_BOUND ( 'NONE', #1681, .T. ) ;
#1178 = CARTESIAN_POINT ( 'NONE',  ( -18.96496222574225854, -26.97129294843108838, -4.000000000000000000 ) ) ;
#1179 = EDGE_LOOP ( 'NONE', ( #3128, #3206, #3197, #1421 ) ) ;
#1180 = ADVANCED_FACE ( 'NONE', ( #2654 ), #2154, .F. ) ;
#1182 = ORIENTED_EDGE ( 'NONE', *, *, #423, .T. ) ;
#1181 = DIRECTION ( 'NONE',  ( 0.000000000000000000, -1.000000000000000000, 0.000000000000000000 ) ) ;
#1183 = ORIENTED_EDGE ( 'NONE', *, *, #1848, .T. ) ;
#1184 = ORIENTED_EDGE ( 'NONE', *, *, #1555, .F. ) ;
#1185 = FACE_BOUND ( 'NONE', #161, .T. ) ;
#1186 = CARTESIAN_POINT ( 'NONE',  ( 14.83503777425769599, 22.52870705156892583, 3.000000000000001776 ) ) ;
#1187 = EDGE_CURVE ( 'NONE', #1127, #2424, #2661, .T. ) ;
#1188 = EDGE_LOOP ( 'NONE', ( #3081, #3186, #3189, #1632, #658, #404, #785, #1212, #1716, #367, #2350, #3013, #1087, #2944, #1146, #180, #3250, #1064, #928, #1566, #800, #1068, #2478, #475, #2692, #1612, #2735, #1919, #936, #1755, #2441, #2140, #2724, #443, #1859, #2730, #1720, #1165, #2053, #137, #700, #1026, #1463, #1516, #2396, #1732, #2316, #1595, #2458, #430 ) ) ;
#1189 = DIRECTION ( 'NONE',  ( -0.000000000000000000, -0.000000000000000000, -1.000000000000000000 ) ) ;
#1190 = ORIENTED_EDGE ( 'NONE', *, *, #9, .F. ) ;
#1191 = DIRECTION ( 'NONE',  ( 0.000000000000000000, 0.000000000000000000, 1.000000000000000000 ) ) ;
#1192 = DIRECTION ( 'NONE',  ( 1.000000000000000000, 0.000000000000000000, 0.000000000000000000 ) ) ;
#1193 = DIRECTION ( 'NONE',  ( -1.734723475976807094E-16, 1.000000000000000000, 0.000000000000000000 ) ) ;
#1194 = CARTESIAN_POINT ( 'NONE',  ( -16.21496222574229762, 22.52870705156889031, -3.000000000000002665 ) ) ;
#1195 = VECTOR ( 'NONE', #1875, 1000.000000000000000 ) ;
#1196 = EDGE_CURVE ( 'NONE', #3216, #388, #1280, .T. ) ;
#1198 = VERTEX_POINT ( 'NONE', #3217 ) ;
#1197 = CARTESIAN_POINT ( 'NONE',  ( 15.78503777425776100, 19.77870705156889031, -4.002000000000000668 ) ) ;
#1199 = ORIENTED_EDGE ( 'NONE', *, *, #3196, .T. ) ;
#1200 = ORIENTED_EDGE ( 'NONE', *, *, #1808, .T. ) ;
#1201 = CARTESIAN_POINT ( 'NONE',  ( -18.96496222574226564, 27.02870705156890097, -4.000000000000000000 ) ) ;
#1202 = LINE ( 'NONE', #409, #1145 ) ;
#1203 = VERTEX_POINT ( 'NONE', #2764 ) ;
#1204 = ORIENTED_EDGE ( 'NONE', *, *, #432, .F. ) ;
#1205 = DIRECTION ( 'NONE',  ( 0.000000000000000000, 0.000000000000000000, 1.000000000000000000 ) ) ;
#1206 = DIRECTION ( 'NONE',  ( -1.000000000000000000, -2.703465157366452467E-16, 0.000000000000000000 ) ) ;
#1207 = DIRECTION ( 'NONE',  ( -0.000000000000000000, -0.000000000000000000, 1.000000000000000000 ) ) ;
#1208 = AXIS2_PLACEMENT_3D ( 'NONE', #1814, #2846, #1119 ) ;
#1209 = DIRECTION ( 'NONE',  ( -1.000000000000000000, 0.000000000000000000, 0.000000000000000000 ) ) ;
#1210 = ADVANCED_FACE ( 'NONE', ( #3256 ), #1733, .T. ) ;
#1211 = CARTESIAN_POINT ( 'NONE',  ( -16.21496222574226564, -22.47129294843110969, -4.002000000000000668 ) ) ;
#1212 = ORIENTED_EDGE ( 'NONE', *, *, #1849, .T. ) ;
#1214 = ORIENTED_EDGE ( 'NONE', *, *, #2534, .F. ) ;
#1213 = CARTESIAN_POINT ( 'NONE',  ( 0.000000000000000000, -28.47129294843108482, -2.500000000000000000 ) ) ;
#1215 = AXIS2_PLACEMENT_3D ( 'NONE', #2358, #1590, #798 ) ;
#1216 = ORIENTED_EDGE ( 'NONE', *, *, #781, .F. ) ;
#1217 = VERTEX_POINT ( 'NONE', #1657 ) ;
#1218 = DIRECTION ( 'NONE',  ( 0.000000000000000000, 0.000000000000000000, 1.000000000000000000 ) ) ;
#1219 = CIRCLE ( 'NONE', #1006, 3.000000000000000888 ) ;
#1220 = DIRECTION ( 'NONE',  ( -1.000000000000000000, 0.000000000000000000, 0.000000000000000000 ) ) ;
#1221 = ORIENTED_EDGE ( 'NONE', *, *, #2386, .T. ) ;
#1222 = ORIENTED_EDGE ( 'NONE', *, *, #2055, .F. ) ;
#1223 = AXIS2_PLACEMENT_3D ( 'NONE', #2796, #262, #3070 ) ;
#1224 = DIRECTION ( 'NONE',  ( -1.156482317317871971E-16, 1.000000000000000000, 0.000000000000000000 ) ) ;
#1225 = ORIENTED_EDGE ( 'NONE', *, *, #2806, .T. ) ;
#1226 = DIRECTION ( 'NONE',  ( 1.000000000000000000, 0.000000000000000000, 0.000000000000000000 ) ) ;
#1227 = CYLINDRICAL_SURFACE ( 'NONE', #2032, 2.999999999999999112 ) ;
#1228 = CARTESIAN_POINT ( 'NONE',  ( 16.03503777425773791, 30.02870705156891162, -3.499999999999999556 ) ) ;
#1229 = EDGE_CURVE ( 'NONE', #3265, #281, #1815, .T. ) ;
#1230 = ADVANCED_FACE ( 'NONE', ( #2995 ), #913, .T. ) ;
#1231 = VECTOR ( 'NONE', #3021, 1000.000000000000000 ) ;
#1232 = ADVANCED_FACE ( 'NONE', ( #969, #1185 ), #1458, .T. ) ;
#1233 = CARTESIAN_POINT ( 'NONE',  ( 7.285040208365947123, -28.47129294843108482, -0.3076765599984150334 ) ) ;
#1234 = ORIENTED_EDGE ( 'NONE', *, *, #2386, .F. ) ;
#1235 = CARTESIAN_POINT ( 'NONE',  ( 11.40303777425773468, 25.68270705156890443, 0.000000000000000000 ) ) ;
#1236 = DIRECTION ( 'NONE',  ( -0.000000000000000000, -0.000000000000000000, -1.000000000000000000 ) ) ;
#1237 = ORIENTED_EDGE ( 'NONE', *, *, #1144, .T. ) ;
#1238 = ORIENTED_EDGE ( 'NONE', *, *, #1171, .F. ) ;
#1239 = DIRECTION ( 'NONE',  ( -0.000000000000000000, -0.000000000000000000, -1.000000000000000000 ) ) ;
#1240 = LINE ( 'NONE', #2511, #118 ) ;
#1241 = ORIENTED_EDGE ( 'NONE', *, *, #2807, .T. ) ;
#1242 = DIRECTION ( 'NONE',  ( 1.000000000000000000, 0.000000000000000000, 0.000000000000000000 ) ) ;
#1243 = DIRECTION ( 'NONE',  ( 1.000000000000000000, 0.000000000000000000, 0.000000000000000000 ) ) ;
#1244 = DIRECTION ( 'NONE',  ( -1.000000000000000000, 0.000000000000000000, 0.000000000000000000 ) ) ;
#1245 = DIRECTION ( 'NONE',  ( 0.000000000000000000, 0.000000000000000000, -1.000000000000000000 ) ) ;
#1246 = DIRECTION ( 'NONE',  ( 1.000000000000000000, 0.000000000000000000, 0.000000000000000000 ) ) ;
#1247 = CARTESIAN_POINT ( 'NONE',  ( 17.53503777425773080, 30.02870705156891162, -2.500000000000000000 ) ) ;
#1248 = ORIENTED_EDGE ( 'NONE', *, *, #2725, .T. ) ;
#1249 = CARTESIAN_POINT ( 'NONE',  ( -17.96496222574226920, 27.02870705156890097, -2.500000000000000000 ) ) ;
#1250 = CARTESIAN_POINT ( 'NONE',  ( 10.45303777425773362, 25.68270705156890443, 0.000000000000000000 ) ) ;
#1251 = ORIENTED_EDGE ( 'NONE', *, *, #3310, .F. ) ;
#1252 = VERTEX_POINT ( 'NONE', #1142 ) ;
#1253 = DIRECTION ( 'NONE',  ( -0.000000000000000000, -0.000000000000000000, -1.000000000000000000 ) ) ;
#1254 = CARTESIAN_POINT ( 'NONE',  ( 9.503037774257734327, -25.62529294843109540, 0.000000000000000000 ) ) ;
#1255 = EDGE_CURVE ( 'NONE', #439, #679, #1541, .T. ) ;
#1256 = EDGE_CURVE ( 'NONE', #3314, #2866, #1957, .T. ) ;
#1257 = ORIENTED_EDGE ( 'NONE', *, *, #2201, .F. ) ;
#1258 = CARTESIAN_POINT ( 'NONE',  ( 16.53503777425773791, -19.72129294843107417, 3.292323440001584611 ) ) ;
#1259 = DIRECTION ( 'NONE',  ( 1.000000000000000000, -0.000000000000000000, 0.000000000000000000 ) ) ;
#1260 = LINE ( 'NONE', #2288, #878 ) ;
#1261 = EDGE_CURVE ( 'NONE', #2703, #378, #3095, .T. ) ;
#1262 = EDGE_CURVE ( 'NONE', #2605, #1654, #2084, .T. ) ;
#1263 = AXIS2_PLACEMENT_3D ( 'NONE', #1324, #1043, #2334 ) ;
#1264 = DIRECTION ( 'NONE',  ( -0.000000000000000000, -1.000000000000000000, -0.000000000000000000 ) ) ;
#1265 = VERTEX_POINT ( 'NONE', #407 ) ;
#1266 = EDGE_CURVE ( 'NONE', #426, #1576, #2930, .T. ) ;
#1267 = AXIS2_PLACEMENT_3D ( 'NONE', #2858, #1326, #2357 ) ;
#1268 = CARTESIAN_POINT ( 'NONE',  ( -16.96496222574225854, -19.72129294843107417, -2.500000000000000000 ) ) ;
#1269 = VERTEX_POINT ( 'NONE', #2493 ) ;
#1270 = ADVANCED_FACE ( 'NONE', ( #2731 ), #2437, .F. ) ;
#1271 = DIRECTION ( 'NONE',  ( -1.000000000000000000, 0.000000000000000000, 0.000000000000000000 ) ) ;
#1272 = CARTESIAN_POINT ( 'NONE',  ( -7.882962225742265794, 25.68270705156890443, -2.500000000000000000 ) ) ;
#1273 = EDGE_LOOP ( 'NONE', ( #1346, #2139, #1787, #2514 ) ) ;
#1274 = CIRCLE ( 'NONE', #2449, 1.499999999999999556 ) ;
#1275 = EDGE_LOOP ( 'NONE', ( #899, #2913, #2276, #2586 ) ) ;
#1276 = LINE ( 'NONE', #488, #2181 ) ;
#1277 = CARTESIAN_POINT ( 'NONE',  ( 18.53503777425774146, -26.97129294843108482, -4.000000000000000000 ) ) ;
#1278 = AXIS2_PLACEMENT_3D ( 'NONE', #2946, #2915, #376 ) ;
#1279 = CARTESIAN_POINT ( 'NONE',  ( 18.53503777425774146, -26.97129294843108482, -4.000000000000000000 ) ) ;
#1280 = CIRCLE ( 'NONE', #251, 0.9500000000000029532 ) ;
#1281 = EDGE_CURVE ( 'NONE', #2747, #2071, #2955, .T. ) ;
#1282 = CIRCLE ( 'NONE', #1699, 1.500000000000001332 ) ;
#1283 = DIRECTION ( 'NONE',  ( 0.000000000000000000, 0.000000000000000000, 1.000000000000000000 ) ) ;
#1284 = VECTOR ( 'NONE', #3252, 1000.000000000000000 ) ;
#1285 = ORIENTED_EDGE ( 'NONE', *, *, #1808, .F. ) ;
#1286 = DIRECTION ( 'NONE',  ( -0.000000000000000000, -0.000000000000000000, -1.000000000000000000 ) ) ;
#1287 = ORIENTED_EDGE ( 'NONE', *, *, #2649, .T. ) ;
#1288 = DIRECTION ( 'NONE',  ( 0.000000000000000000, 0.000000000000000000, 1.000000000000000000 ) ) ;
#1289 = DIRECTION ( 'NONE',  ( -1.000000000000000000, 0.000000000000000000, 0.000000000000000000 ) ) ;
#1290 = ORIENTED_EDGE ( 'NONE', *, *, #1555, .T. ) ;
#1291 = DIRECTION ( 'NONE',  ( -0.000000000000000000, -0.000000000000000000, -1.000000000000000000 ) ) ;
#1292 = CARTESIAN_POINT ( 'NONE',  ( 17.53503777425773080, 30.02870705156891162, 3.292323440001584611 ) ) ;
#1293 = CARTESIAN_POINT ( 'NONE',  ( -19.46496222574226920, 28.52870705156889741, -4.000000000000000000 ) ) ;
#1294 = CARTESIAN_POINT ( 'NONE',  ( -16.46496222574226209, -29.97129294843108838, -4.000000000000000000 ) ) ;
#1295 = EDGE_CURVE ( 'NONE', #1452, #1375, #2460, .T. ) ;
#1296 = CARTESIAN_POINT ( 'NONE',  ( -16.21496222574229051, -19.72129294843107417, 3.292323440001584611 ) ) ;
#1297 = ORIENTED_EDGE ( 'NONE', *, *, #2265, .F. ) ;
#1298 = CARTESIAN_POINT ( 'NONE',  ( -7.714959791634052877, -11.83278339979662874, 3.292323440001584611 ) ) ;
#1299 = ORIENTED_EDGE ( 'NONE', *, *, #1748, .F. ) ;
#1300 = CARTESIAN_POINT ( 'NONE',  ( -16.96496222574225854, -26.22129294843106706, -4.002000000000000668 ) ) ;
#1301 = CARTESIAN_POINT ( 'NONE',  ( 16.03503777425773791, -26.97129294843108838, -4.000000000000000000 ) ) ;
#1302 = VECTOR ( 'NONE', #1363, 1000.000000000000000 ) ;
#1303 = CIRCLE ( 'NONE', #1945, 1.500000000000001332 ) ;
#1304 = EDGE_LOOP ( 'NONE', ( #2959, #2522, #967, #3088 ) ) ;
#1305 = FACE_OUTER_BOUND ( 'NONE', #288, .T. ) ;
#1306 = DIRECTION ( 'NONE',  ( -1.000000000000000000, 0.000000000000000000, 0.000000000000000000 ) ) ;
#1307 = CARTESIAN_POINT ( 'NONE',  ( -16.96496222574226564, 19.77870705156889031, 3.292323440001584611 ) ) ;
#1308 = LINE ( 'NONE', #1783, #117 ) ;
#1309 = DIRECTION ( 'NONE',  ( -0.000000000000000000, -0.000000000000000000, 1.000000000000000000 ) ) ;
#1310 = CARTESIAN_POINT ( 'NONE',  ( -16.21496222574226564, -22.47129294843110969, -3.000000000000002665 ) ) ;
#1311 = VECTOR ( 'NONE', #2941, 1000.000000000000000 ) ;
#1312 = ORIENTED_EDGE ( 'NONE', *, *, #2413, .F. ) ;
#1313 = LINE ( 'NONE', #755, #2973 ) ;
#1314 = EDGE_CURVE ( 'NONE', #2195, #2662, #2136, .T. ) ;
#1315 = ADVANCED_FACE ( 'NONE', ( #1700 ), #428, .F. ) ;
#1316 = DIRECTION ( 'NONE',  ( -0.000000000000000000, -0.000000000000000000, 1.000000000000000000 ) ) ;
#1317 = AXIS2_PLACEMENT_3D ( 'NONE', #2145, #2782, #1122 ) ;
#1318 = DIRECTION ( 'NONE',  ( 1.000000000000000000, 0.000000000000000000, 0.000000000000000000 ) ) ;
#1319 = ORIENTED_EDGE ( 'NONE', *, *, #1493, .T. ) ;
#1320 = CIRCLE ( 'NONE', #1153, 1.500000000000001332 ) ;
#1321 = FACE_OUTER_BOUND ( 'NONE', #1729, .T. ) ;
#1322 = CARTESIAN_POINT ( 'NONE',  ( -16.46496222574226209, -28.47129294843108482, -4.000000000000000000 ) ) ;
#1323 = CARTESIAN_POINT ( 'NONE',  ( -16.21496222574229051, -19.72129294843107417, 3.292323440001584611 ) ) ;
#1324 = CARTESIAN_POINT ( 'NONE',  ( -16.96496222574226564, 26.27870705156888320, -2.500000000000000000 ) ) ;
#1325 = VECTOR ( 'NONE', #2677, 1000.000000000000000 ) ;
#1326 = DIRECTION ( 'NONE',  ( -0.000000000000000000, -0.000000000000000000, -1.000000000000000000 ) ) ;
#1327 = CIRCLE ( 'NONE', #2298, 1.000000000000000888 ) ;
#1328 = ADVANCED_FACE ( 'NONE', ( #771 ), #1805, .F. ) ;
#1329 = DIRECTION ( 'NONE',  ( 0.000000000000000000, -0.000000000000000000, -1.000000000000000000 ) ) ;
#1330 = ADVANCED_FACE ( 'NONE', ( #2300 ), #3270, .T. ) ;
#1331 = AXIS2_PLACEMENT_3D ( 'NONE', #651, #692, #274 ) ;
#1332 = FACE_OUTER_BOUND ( 'NONE', #547, .T. ) ;
#1333 = DIRECTION ( 'NONE',  ( -0.000000000000000000, 0.000000000000000000, 1.000000000000000000 ) ) ;
#1334 = EDGE_LOOP ( 'NONE', ( #3042, #565, #757, #1731 ) ) ;
#1335 = VECTOR ( 'NONE', #1761, 1000.000000000000000 ) ;
#1336 = DIRECTION ( 'NONE',  ( 0.000000000000000000, 0.000000000000000000, 1.000000000000000000 ) ) ;
#1337 = EDGE_LOOP ( 'NONE', ( #100, #633 ) ) ;
#1338 = CARTESIAN_POINT ( 'NONE',  ( -13.46496222574226920, -22.47129294843110969, -4.002000000000000668 ) ) ;
#1339 = DIRECTION ( 'NONE',  ( 0.000000000000000000, 0.000000000000000000, 1.000000000000000000 ) ) ;
#1340 = LINE ( 'NONE', #1130, #284 ) ;
#1341 = CARTESIAN_POINT ( 'NONE',  ( -17.96496222574225854, -26.22129294843106706, 3.292323440001584611 ) ) ;
#1342 = DIRECTION ( 'NONE',  ( 1.000000000000000000, 2.135044278125331319E-15, 0.000000000000000000 ) ) ;
#1343 = CARTESIAN_POINT ( 'NONE',  ( -16.96496222574226920, 25.27870705156888320, 3.292323440001584611 ) ) ;
#1344 = CARTESIAN_POINT ( 'NONE',  ( -13.88296222574226668, 25.68270705156890443, 0.000000000000000000 ) ) ;
#1345 = EDGE_LOOP ( 'NONE', ( #1, #2901, #585, #948 ) ) ;
#1346 = ORIENTED_EDGE ( 'NONE', *, *, #405, .F. ) ;
#1347 = ADVANCED_FACE ( 'NONE', ( #236 ), #1547, .F. ) ;
#1348 = CARTESIAN_POINT ( 'NONE',  ( 10.45303777425773362, -25.62529294843109540, 0.000000000000000000 ) ) ;
#1349 = PLANE ( 'NONE',  #412 ) ;
#1350 = FACE_OUTER_BOUND ( 'NONE', #3093, .T. ) ;
#1351 = ADVANCED_FACE ( 'NONE', ( #269 ), #3311, .F. ) ;
#1352 = EDGE_CURVE ( 'NONE', #3216, #1654, #14, .T. ) ;
#1353 = VERTEX_POINT ( 'NONE', #1824 ) ;
#1354 = CARTESIAN_POINT ( 'NONE',  ( -16.46496222574226209, -26.97129294843108838, -4.000000000000000000 ) ) ;
#1355 = CARTESIAN_POINT ( 'NONE',  ( -15.26496222574226458, -22.47129294843110969, 3.000000000000001776 ) ) ;
#1356 = DIRECTION ( 'NONE',  ( 0.000000000000000000, 0.000000000000000000, 1.000000000000000000 ) ) ;
#1357 = FACE_OUTER_BOUND ( 'NONE', #1019, .T. ) ;
#1358 = ORIENTED_EDGE ( 'NONE', *, *, #1769, .T. ) ;
#1359 = ADVANCED_FACE ( 'NONE', ( #2075 ), #759, .F. ) ;
#1360 = ADVANCED_FACE ( 'NONE', ( #219 ), #514, .T. ) ;
#1361 = ORIENTED_EDGE ( 'NONE', *, *, #2369, .F. ) ;
#1362 = EDGE_LOOP ( 'NONE', ( #974, #916, #642, #1559 ) ) ;
#1363 = DIRECTION ( 'NONE',  ( -0.000000000000000000, -0.000000000000000000, -1.000000000000000000 ) ) ;
#1364 = DIRECTION ( 'NONE',  ( 1.000000000000000000, 0.000000000000000000, 0.000000000000000000 ) ) ;
#1365 = CYLINDRICAL_SURFACE ( 'NONE', #3287, 0.9499999999999995115 ) ;
#1366 = AXIS2_PLACEMENT_3D ( 'NONE', #2322, #1309, #345 ) ;
#1367 = VERTEX_POINT ( 'NONE', #2852 ) ;
#1368 = DIRECTION ( 'NONE',  ( 1.000000000000000000, 0.000000000000000000, 0.000000000000000000 ) ) ;
#1369 = CARTESIAN_POINT ( 'NONE',  ( 16.03503777425773791, 29.52870705156891162, -4.000000000000000000 ) ) ;
#1370 = CIRCLE ( 'NONE', #579, 2.749999999999995559 ) ;
#1371 = AXIS2_PLACEMENT_3D ( 'NONE', #2013, #1467, #1723 ) ;
#1372 = CARTESIAN_POINT ( 'NONE',  ( -11.83179519312906436, -28.47129294843108482, 0.000000000000000000 ) ) ;
#1373 = CARTESIAN_POINT ( 'NONE',  ( 10.45303777425773362, -25.62529294843109540, -2.500000000000000000 ) ) ;
#1374 = AXIS2_PLACEMENT_3D ( 'NONE', #646, #1218, #897 ) ;
#1375 = VERTEX_POINT ( 'NONE', #1022 ) ;
#1376 = AXIS2_PLACEMENT_3D ( 'NONE', #1197, #1181, #3007 ) ;
#1377 = ORIENTED_EDGE ( 'NONE', *, *, #1593, .F. ) ;
#1378 = DIRECTION ( 'NONE',  ( 1.000000000000000000, 0.000000000000000000, 0.000000000000000000 ) ) ;
#1379 = LINE ( 'NONE', #1603, #309 ) ;
#1380 = DIRECTION ( 'NONE',  ( 1.000000000000000000, 0.000000000000000000, 0.000000000000000000 ) ) ;
#1381 = VERTEX_POINT ( 'NONE', #3049 ) ;
#1382 = DIRECTION ( 'NONE',  ( -1.000000000000000000, 0.000000000000000000, 0.000000000000000000 ) ) ;
#1383 = DIRECTION ( 'NONE',  ( 1.000000000000000000, 0.000000000000000000, 0.000000000000000000 ) ) ;
#1384 = DIRECTION ( 'NONE',  ( -0.000000000000000000, -0.000000000000000000, 1.000000000000000000 ) ) ;
#1385 = CARTESIAN_POINT ( 'NONE',  ( 13.45303777425773539, -25.62529294843109540, 0.000000000000000000 ) ) ;
#1386 = VERTEX_POINT ( 'NONE', #548 ) ;
#1387 = EDGE_LOOP ( 'NONE', ( #238, #1025, #2906, #403 ) ) ;
#1388 = CARTESIAN_POINT ( 'NONE',  ( -16.96496222574226564, 19.77870705156889031, -2.500000000000000000 ) ) ;
#1389 = CARTESIAN_POINT ( 'NONE',  ( 15.78503777425776100, 19.77870705156892939, -2.500000000000000000 ) ) ;
#1390 = VERTEX_POINT ( 'NONE', #3323 ) ;
#1391 = CARTESIAN_POINT ( 'NONE',  ( 16.03503777425773791, 28.52870705156891162, -2.500000000000000000 ) ) ;
#1392 = ORIENTED_EDGE ( 'NONE', *, *, #779, .T. ) ;
#1393 = PLANE ( 'NONE',  #1109 ) ;
#1394 = CARTESIAN_POINT ( 'NONE',  ( 7.285040208365947123, -29.97129294843108838, -0.3076765599984150334 ) ) ;
#1395 = ORIENTED_EDGE ( 'NONE', *, *, #283, .F. ) ;
#1396 = EDGE_CURVE ( 'NONE', #2743, #426, #1777, .T. ) ;
#1397 = ORIENTED_EDGE ( 'NONE', *, *, #3035, .T. ) ;
#1398 = ORIENTED_EDGE ( 'NONE', *, *, #2463, .F. ) ;
#1399 = VERTEX_POINT ( 'NONE', #738 ) ;
#1400 = EDGE_CURVE ( 'NONE', #1381, #2700, #587, .T. ) ;
#1401 = DIRECTION ( 'NONE',  ( -0.000000000000000000, -0.000000000000000000, -1.000000000000000000 ) ) ;
#1402 = DIRECTION ( 'NONE',  ( -0.000000000000000000, 0.000000000000000000, 1.000000000000000000 ) ) ;
#1403 = ORIENTED_EDGE ( 'NONE', *, *, #1196, .T. ) ;
#1404 = DIRECTION ( 'NONE',  ( 1.000000000000000000, 0.000000000000000000, 0.000000000000000000 ) ) ;
#1405 = VERTEX_POINT ( 'NONE', #2058 ) ;
#1406 = CARTESIAN_POINT ( 'NONE',  ( -16.21496222574226564, -22.47129294843110969, -3.000000000000002665 ) ) ;
#1407 = DIRECTION ( 'NONE',  ( 0.000000000000000000, 0.000000000000000000, 1.000000000000000000 ) ) ;
#1408 = CYLINDRICAL_SURFACE ( 'NONE', #2132, 3.000000000000000888 ) ;
#1409 = EDGE_CURVE ( 'NONE', #151, #3022, #3044, .T. ) ;
#1410 = CIRCLE ( 'NONE', #125, 3.000000000000000888 ) ;
#1411 = DIRECTION ( 'NONE',  ( 0.7071067811865474617, 0.000000000000000000, -0.7071067811865474617 ) ) ;
#1412 = EDGE_CURVE ( 'NONE', #1717, #2784, #2282, .T. ) ;
#1413 = AXIS2_PLACEMENT_3D ( 'NONE', #3264, #493, #1209 ) ;
#1414 = LINE ( 'NONE', #2722, #2231 ) ;
#1415 = EDGE_LOOP ( 'NONE', ( #84, #2502, #2997, #2299 ) ) ;
#1416 = VECTOR ( 'NONE', #2594, 1000.000000000000000 ) ;
#1417 = AXIS2_PLACEMENT_3D ( 'NONE', #116, #861, #2161 ) ;
#1418 = AXIS2_PLACEMENT_3D ( 'NONE', #1293, #2319, #3057 ) ;
#1420 = VERTEX_POINT ( 'NONE', #804 ) ;
#1419 = CARTESIAN_POINT ( 'NONE',  ( 16.03503777425773791, -26.97129294843108838, 3.292323440001584611 ) ) ;
#1421 = ORIENTED_EDGE ( 'NONE', *, *, #3198, .F. ) ;
#1422 = VERTEX_POINT ( 'NONE', #1513 ) ;
#1423 = AXIS2_PLACEMENT_3D ( 'NONE', #2510, #2527, #204 ) ;
#1424 = DIRECTION ( 'NONE',  ( 1.000000000000000000, 0.000000000000000000, 0.000000000000000000 ) ) ;
#1425 = CARTESIAN_POINT ( 'NONE',  ( -17.71496222574230117, 22.52870705156888675, 3.292323440001584611 ) ) ;
#1426 = EDGE_LOOP ( 'NONE', ( #666, #528, #3026, #68 ) ) ;
#1427 = VERTEX_POINT ( 'NONE', #2262 ) ;
#1428 = DIRECTION ( 'NONE',  ( -0.000000000000000000, -0.000000000000000000, 1.000000000000000000 ) ) ;
#1429 = DIRECTION ( 'NONE',  ( 1.000000000000000000, 0.000000000000000000, 0.000000000000000000 ) ) ;
#1430 = DIRECTION ( 'NONE',  ( 1.000000000000000000, 0.000000000000000000, 0.000000000000000000 ) ) ;
#1431 = ADVANCED_FACE ( 'NONE', ( #786 ), #2008, .T. ) ;
#1432 = DIRECTION ( 'NONE',  ( -1.156482317317871971E-16, 1.000000000000000000, 0.000000000000000000 ) ) ;
#1433 = DIRECTION ( 'NONE',  ( 1.000000000000000000, 0.000000000000000000, 0.000000000000000000 ) ) ;
#1434 = ORIENTED_EDGE ( 'NONE', *, *, #65, .F. ) ;
#1436 = ORIENTED_EDGE ( 'NONE', *, *, #2212, .T. ) ;
#1435 = CARTESIAN_POINT ( 'NONE',  ( 15.78503777425775390, -19.72129294843107417, -4.002000000000000668 ) ) ;
#1437 = ORIENTED_EDGE ( 'NONE', *, *, #249, .T. ) ;
#1438 = ORIENTED_EDGE ( 'NONE', *, *, #697, .T. ) ;
#1439 = DIRECTION ( 'NONE',  ( 0.000000000000000000, 0.000000000000000000, -1.000000000000000000 ) ) ;
#1440 = CYLINDRICAL_SURFACE ( 'NONE', #392, 0.9499999999999995115 ) ;
#1441 = ORIENTED_EDGE ( 'NONE', *, *, #2518, .T. ) ;
#1442 = CARTESIAN_POINT ( 'NONE',  ( 17.53503777425773080, 30.02870705156891162, 3.292323440001584611 ) ) ;
#1443 = ORIENTED_EDGE ( 'NONE', *, *, #3097, .T. ) ;
#1444 = DIRECTION ( 'NONE',  ( -1.000000000000000000, 0.000000000000000000, 0.000000000000000000 ) ) ;
#1445 = FACE_OUTER_BOUND ( 'NONE', #1756, .T. ) ;
#1446 = ADVANCED_FACE ( 'NONE', ( #2786 ), #483, .F. ) ;
#1447 = DIRECTION ( 'NONE',  ( -0.000000000000000000, -0.000000000000000000, -1.000000000000000000 ) ) ;
#1448 = FACE_BOUND ( 'NONE', #1337, .T. ) ;
#1449 = CONICAL_SURFACE ( 'NONE', #773, 2.499999999999998668, 0.7853981633974491672 ) ;
#1450 = AXIS2_PLACEMENT_3D ( 'NONE', #670, #1986, #2694 ) ;
#1451 = DIRECTION ( 'NONE',  ( 0.000000000000000000, 0.000000000000000000, 1.000000000000000000 ) ) ;
#1452 = VERTEX_POINT ( 'NONE', #873 ) ;
#1454 = ORIENTED_EDGE ( 'NONE', *, *, #3196, .F. ) ;
#1453 = CARTESIAN_POINT ( 'NONE',  ( -10.88296222574226668, -25.62529294843109184, -2.500000000000000000 ) ) ;
#1455 = ORIENTED_EDGE ( 'NONE', *, *, #2430, .T. ) ;
#1456 = EDGE_CURVE ( 'NONE', #1669, #2866, #2590, .T. ) ;
#1457 = EDGE_CURVE ( 'NONE', #3219, #2684, #2609, .T. ) ;
#1458 = PLANE ( 'NONE',  #2985 ) ;
#1459 = CARTESIAN_POINT ( 'NONE',  ( -10.88296222574226668, 25.68270705156890443, -2.500000000000000000 ) ) ;
#1460 = ADVANCED_FACE ( 'NONE', ( #1177 ), #2147, .F. ) ;
#1461 = ORIENTED_EDGE ( 'NONE', *, *, #2200, .T. ) ;
#1462 = DIRECTION ( 'NONE',  ( -0.000000000000000000, 0.000000000000000000, 1.000000000000000000 ) ) ;
#1463 = ORIENTED_EDGE ( 'NONE', *, *, #2679, .F. ) ;
#1464 = DIRECTION ( 'NONE',  ( 0.000000000000000000, -1.000000000000000000, 0.000000000000000000 ) ) ;
#1465 = DIRECTION ( 'NONE',  ( 1.000000000000000000, 0.000000000000000000, 0.000000000000000000 ) ) ;
#1466 = EDGE_LOOP ( 'NONE', ( #668, #2562, #2007, #989 ) ) ;
#1467 = DIRECTION ( 'NONE',  ( -0.000000000000000000, -0.000000000000000000, -1.000000000000000000 ) ) ;
#1468 = LINE ( 'NONE', #435, #279 ) ;
#1469 = LINE ( 'NONE', #1987, #1589 ) ;
#1470 = CIRCLE ( 'NONE', #2645, 0.9500000000000029532 ) ;
#1471 = CARTESIAN_POINT ( 'NONE',  ( -10.88296222574226668, 25.68270705156890443, -2.500000000000000000 ) ) ;
#1472 = AXIS2_PLACEMENT_3D ( 'NONE', #667, #2397, #1382 ) ;
#1473 = ORIENTED_EDGE ( 'NONE', *, *, #2264, .F. ) ;
#1474 = LINE ( 'NONE', #983, #2122 ) ;
#1475 = LINE ( 'NONE', #199, #2087 ) ;
#1476 = AXIS2_PLACEMENT_3D ( 'NONE', #780, #2086, #2817 ) ;
#1477 = EDGE_LOOP ( 'NONE', ( #3064, #3313, #1996, #2088, #1721, #858, #2710, #1225, #2390, #2690, #3254, #1856 ) ) ;
#1478 = ORIENTED_EDGE ( 'NONE', *, *, #839, .F. ) ;
#1479 = DIRECTION ( 'NONE',  ( 1.000000000000000000, 0.000000000000000000, 0.000000000000000000 ) ) ;
#1480 = DIRECTION ( 'NONE',  ( -1.000000000000000000, 0.000000000000000000, 0.000000000000000000 ) ) ;
#1481 = ORIENTED_EDGE ( 'NONE', *, *, #1256, .T. ) ;
#1482 = AXIS2_PLACEMENT_3D ( 'NONE', #2270, #2466, #1192 ) ;
#1483 = CARTESIAN_POINT ( 'NONE',  ( -16.21496222574229762, 25.27870705156888320, 3.292323440001584611 ) ) ;
#1484 = ORIENTED_EDGE ( 'NONE', *, *, #2098, .F. ) ;
#1485 = LINE ( 'NONE', #415, #1535 ) ;
#1486 = CARTESIAN_POINT ( 'NONE',  ( 10.45303777425773362, -25.62529294843109540, 0.000000000000000000 ) ) ;
#1487 = CARTESIAN_POINT ( 'NONE',  ( 16.73503777425774075, -22.47129294843107417, -3.000000000000002665 ) ) ;
#1488 = ORIENTED_EDGE ( 'NONE', *, *, #562, .F. ) ;
#1489 = VECTOR ( 'NONE', #1079, 1000.000000000000000 ) ;
#1490 = CARTESIAN_POINT ( 'NONE',  ( -17.96496222574226564, 27.02870705156890097, 3.292323440001584611 ) ) ;
#1491 = VERTEX_POINT ( 'NONE', #394 ) ;
#1492 = EDGE_CURVE ( 'NONE', #2365, #46, #1282, .T. ) ;
#1493 = EDGE_CURVE ( 'NONE', #1140, #2967, #33, .T. ) ;
#1494 = FACE_OUTER_BOUND ( 'NONE', #12, .T. ) ;
#1495 = FACE_OUTER_BOUND ( 'NONE', #3068, .T. ) ;
#1496 = VERTEX_POINT ( 'NONE', #121 ) ;
#1497 = EDGE_CURVE ( 'NONE', #2006, #997, #524, .T. ) ;
#1498 = ADVANCED_FACE ( 'NONE', ( #2403, #1562 ), #2091, .F. ) ;
#1499 = CARTESIAN_POINT ( 'NONE',  ( 16.73503777425770522, 22.52870705156892583, -3.000000000000002665 ) ) ;
#1500 = CARTESIAN_POINT ( 'NONE',  ( -7.712636549863114944E-15, 28.52870705156890452, -2.500000000000000000 ) ) ;
#1501 = ORIENTED_EDGE ( 'NONE', *, *, #1726, .F. ) ;
#1502 = ORIENTED_EDGE ( 'NONE', *, *, #3245, .F. ) ;
#1503 = DIRECTION ( 'NONE',  ( 1.000000000000000000, 0.000000000000000000, 0.000000000000000000 ) ) ;
#1504 = CARTESIAN_POINT ( 'NONE',  ( -7.882962225742265794, 25.68270705156890443, 0.000000000000000000 ) ) ;
#1505 = DIRECTION ( 'NONE',  ( -0.000000000000000000, 0.000000000000000000, 1.000000000000000000 ) ) ;
#1506 = EDGE_CURVE ( 'NONE', #3199, #3054, #626, .T. ) ;
#1507 = CARTESIAN_POINT ( 'NONE',  ( 19.03503777425773080, 27.02870705156891162, -4.000000000000000000 ) ) ;
#1508 = EDGE_LOOP ( 'NONE', ( #1891, #851, #164, #696 ) ) ;
#1509 = DIRECTION ( 'NONE',  ( -0.000000000000000000, -0.000000000000000000, 1.000000000000000000 ) ) ;
#1510 = ORIENTED_EDGE ( 'NONE', *, *, #53, .F. ) ;
#1511 = VECTOR ( 'NONE', #2734, 1000.000000000000000 ) ;
#1512 = ORIENTED_EDGE ( 'NONE', *, *, #3145, .F. ) ;
#1513 = CARTESIAN_POINT ( 'NONE',  ( 17.53503777425774146, -26.22129294843107061, 3.292323440001584611 ) ) ;
#1514 = LINE ( 'NONE', #3078, #1523 ) ;
#1515 = EDGE_CURVE ( 'NONE', #1390, #925, #922, .T. ) ;
#1516 = ORIENTED_EDGE ( 'NONE', *, *, #3154, .F. ) ;
#1517 = EDGE_LOOP ( 'NONE', ( #2431, #1933 ) ) ;
#1518 = CARTESIAN_POINT ( 'NONE',  ( 15.78503777425773613, -22.47129294843107417, -3.000000000000002665 ) ) ;
#1519 = CARTESIAN_POINT ( 'NONE',  ( -16.46496222574226209, -26.97129294843108838, 3.292323440001584611 ) ) ;
#1520 = CARTESIAN_POINT ( 'NONE',  ( -19.46496222574226209, -26.97129294843108838, -3.499999999999999556 ) ) ;
#1521 = VECTOR ( 'NONE', #1796, 1000.000000000000000 ) ;
#1522 = LINE ( 'NONE', #2619, #2179 ) ;
#1523 = VECTOR ( 'NONE', #2840, 1000.000000000000000 ) ;
#1524 = ORIENTED_EDGE ( 'NONE', *, *, #3273, .T. ) ;
#1525 = AXIS2_PLACEMENT_3D ( 'NONE', #1211, #1689, #1712 ) ;
#1526 = VECTOR ( 'NONE', #1548, 1000.000000000000000 ) ;
#1527 = DIRECTION ( 'NONE',  ( 1.000000000000000000, 0.000000000000000000, 0.000000000000000000 ) ) ;
#1528 = EDGE_CURVE ( 'NONE', #2662, #2195, #3089, .T. ) ;
#1529 = VECTOR ( 'NONE', #1092, 1000.000000000000114 ) ;
#1530 = DIRECTION ( 'NONE',  ( -0.000000000000000000, -0.000000000000000000, 1.000000000000000000 ) ) ;
#1531 = DIRECTION ( 'NONE',  ( -0.000000000000000000, -0.000000000000000000, -1.000000000000000000 ) ) ;
#1532 = AXIS2_PLACEMENT_3D ( 'NONE', #3060, #3072, #766 ) ;
#1533 = LINE ( 'NONE', #2826, #3194 ) ;
#1534 = ORIENTED_EDGE ( 'NONE', *, *, #1266, .F. ) ;
#1535 = VECTOR ( 'NONE', #434, 1000.000000000000000 ) ;
#1536 = DIRECTION ( 'NONE',  ( -0.000000000000000000, -0.000000000000000000, 1.000000000000000000 ) ) ;
#1537 = DIRECTION ( 'NONE',  ( 1.000000000000000000, 0.000000000000000000, 0.000000000000000000 ) ) ;
#1538 = DIRECTION ( 'NONE',  ( 1.734723475976807094E-16, -1.000000000000000000, 0.000000000000000000 ) ) ;
#1539 = AXIS2_PLACEMENT_3D ( 'NONE', #2533, #2499, #2484 ) ;
#1540 = DIRECTION ( 'NONE',  ( -0.000000000000000000, -0.000000000000000000, -1.000000000000000000 ) ) ;
#1541 = CIRCLE ( 'NONE', #2243, 3.000000000000000888 ) ;
#1542 = CARTESIAN_POINT ( 'NONE',  ( -17.96496222574226209, -2.077616114535444481E-15, -2.500000000000000000 ) ) ;
#1543 = VECTOR ( 'NONE', #698, 1000.000000000000000 ) ;
#1544 = VERTEX_POINT ( 'NONE', #819 ) ;
#1545 = DIRECTION ( 'NONE',  ( 0.000000000000000000, -0.000000000000000000, 1.000000000000000000 ) ) ;
#1546 = EDGE_LOOP ( 'NONE', ( #2418, #2268, #1917, #1977 ) ) ;
#1547 = CYLINDRICAL_SURFACE ( 'NONE', #2723, 1.000000000000000888 ) ;
#1548 = DIRECTION ( 'NONE',  ( 1.000000000000000000, 2.703465157366452467E-16, -0.000000000000000000 ) ) ;
#1549 = VERTEX_POINT ( 'NONE', #1372 ) ;
#1550 = DIRECTION ( 'NONE',  ( -0.000000000000000000, -0.000000000000000000, 1.000000000000000000 ) ) ;
#1551 = CARTESIAN_POINT ( 'NONE',  ( -7.714959791634052877, -29.97129294843108838, 3.292323440001584611 ) ) ;
#1552 = LINE ( 'NONE', #1504, #1916 ) ;
#1553 = CARTESIAN_POINT ( 'NONE',  ( -16.21496222574229051, -25.22129294843106706, -2.500000000000000000 ) ) ;
#1554 = CARTESIAN_POINT ( 'NONE',  ( 10.45303777425773362, 25.68270705156890443, 0.000000000000000000 ) ) ;
#1555 = EDGE_CURVE ( 'NONE', #386, #1173, #1915, .T. ) ;
#1556 = CARTESIAN_POINT ( 'NONE',  ( -7.714959791634051989, -28.47129294843108482, -0.3076765599984150334 ) ) ;
#1557 = EDGE_CURVE ( 'NONE', #388, #2605, #2867, .T. ) ;
#1558 = EDGE_CURVE ( 'NONE', #3054, #3138, #3193, .T. ) ;
#1559 = ORIENTED_EDGE ( 'NONE', *, *, #2608, .F. ) ;
#1560 = CYLINDRICAL_SURFACE ( 'NONE', #2124, 0.9499999999999995115 ) ;
#1561 = VERTEX_POINT ( 'NONE', #94 ) ;
#1562 = FACE_OUTER_BOUND ( 'NONE', #1334, .T. ) ;
#1563 = CARTESIAN_POINT ( 'NONE',  ( -17.96496222574226564, 30.02870705156890097, 3.292323440001584611 ) ) ;
#1564 = AXIS2_PLACEMENT_3D ( 'NONE', #300, #1356, #3174 ) ;
#1565 = ADVANCED_FACE ( 'NONE', ( #1125 ), #909, .T. ) ;
#1566 = ORIENTED_EDGE ( 'NONE', *, *, #1599, .F. ) ;
#1567 = DIRECTION ( 'NONE',  ( 0.000000000000000000, 0.000000000000000000, -1.000000000000000000 ) ) ;
#1568 = CYLINDRICAL_SURFACE ( 'NONE', #2983, 2.999999999999999112 ) ;
#1569 = FACE_BOUND ( 'NONE', #1149, .T. ) ;
#1570 = DIRECTION ( 'NONE',  ( 1.000000000000000000, 0.000000000000000000, 0.000000000000000000 ) ) ;
#1571 = EDGE_CURVE ( 'NONE', #966, #3228, #377, .T. ) ;
#1572 = DIRECTION ( 'NONE',  ( 0.000000000000000000, 0.000000000000000000, 1.000000000000000000 ) ) ;
#1573 = DIRECTION ( 'NONE',  ( 1.156482317317871971E-16, -1.000000000000000000, 0.000000000000000000 ) ) ;
#1574 = AXIS2_PLACEMENT_3D ( 'NONE', #2996, #952, #1980 ) ;
#1575 = CYLINDRICAL_SURFACE ( 'NONE', #1686, 3.000000000000000000 ) ;
#1576 = VERTEX_POINT ( 'NONE', #653 ) ;
#1577 = DIRECTION ( 'NONE',  ( 0.000000000000000000, -0.7071067811865474617, -0.7071067811865474617 ) ) ;
#1578 = AXIS2_PLACEMENT_3D ( 'NONE', #2588, #3321, #1527 ) ;
#1579 = DIRECTION ( 'NONE',  ( 1.000000000000000000, 0.000000000000000000, 0.000000000000000000 ) ) ;
#1580 = ORIENTED_EDGE ( 'NONE', *, *, #1618, .T. ) ;
#1581 = ORIENTED_EDGE ( 'NONE', *, *, #2017, .F. ) ;
#1582 = VECTOR ( 'NONE', #31, 1000.000000000000000 ) ;
#1583 = DIRECTION ( 'NONE',  ( 0.000000000000000000, 0.000000000000000000, 1.000000000000000000 ) ) ;
#1584 = FACE_OUTER_BOUND ( 'NONE', #735, .T. ) ;
#1585 = DIRECTION ( 'NONE',  ( 1.000000000000000000, 0.000000000000000000, 0.000000000000000000 ) ) ;
#1586 = VECTOR ( 'NONE', #1687, 1000.000000000000114 ) ;
#1587 = PLANE ( 'NONE',  #519 ) ;
#1588 = VECTOR ( 'NONE', #3082, 1000.000000000000000 ) ;
#1589 = VECTOR ( 'NONE', #1207, 1000.000000000000000 ) ;
#1590 = DIRECTION ( 'NONE',  ( 0.000000000000000000, 0.000000000000000000, 1.000000000000000000 ) ) ;
#1591 = AXIS2_PLACEMENT_3D ( 'NONE', #3166, #70, #87 ) ;
#1592 = AXIS2_PLACEMENT_3D ( 'NONE', #499, #1253, #3077 ) ;
#1593 = EDGE_CURVE ( 'NONE', #2761, #1198, #893, .T. ) ;
#1594 = CARTESIAN_POINT ( 'NONE',  ( -16.96496222574226920, 25.27870705156888320, -2.500000000000000000 ) ) ;
#1595 = ORIENTED_EDGE ( 'NONE', *, *, #2209, .F. ) ;
#1596 = AXIS2_PLACEMENT_3D ( 'NONE', #2793, #1189, #207 ) ;
#1597 = EDGE_CURVE ( 'NONE', #1173, #1390, #2255, .T. ) ;
#1598 = ADVANCED_FACE ( 'NONE', ( #2040 ), #995, .T. ) ;
#1599 = EDGE_CURVE ( 'NONE', #2432, #1375, #2395, .T. ) ;
#1600 = ORIENTED_EDGE ( 'NONE', *, *, #2030, .T. ) ;
#1601 = EDGE_CURVE ( 'NONE', #447, #986, #1370, .T. ) ;
#1602 = LINE ( 'NONE', #807, #335 ) ;
#1603 = CARTESIAN_POINT ( 'NONE',  ( 17.28503777425770238, 22.52870705156892583, 3.000000000000001776 ) ) ;
#1604 = DIRECTION ( 'NONE',  ( -0.000000000000000000, -0.000000000000000000, -1.000000000000000000 ) ) ;
#1605 = ORIENTED_EDGE ( 'NONE', *, *, #370, .T. ) ;
#1606 = DIRECTION ( 'NONE',  ( 0.000000000000000000, 0.000000000000000000, 1.000000000000000000 ) ) ;
#1607 = CARTESIAN_POINT ( 'NONE',  ( 11.40303777425773468, -25.62529294843109540, 0.000000000000000000 ) ) ;
#1608 = EDGE_CURVE ( 'NONE', #1138, #570, #978, .T. ) ;
#1609 = CARTESIAN_POINT ( 'NONE',  ( -16.21496222574229407, 19.77870705156889031, -2.500000000000000000 ) ) ;
#1610 = ADVANCED_FACE ( 'NONE', ( #213 ), #2536, .T. ) ;
#1611 = CARTESIAN_POINT ( 'NONE',  ( 15.78503777425773613, -22.47129294843107417, 3.000000000000001776 ) ) ;
#1612 = ORIENTED_EDGE ( 'NONE', *, *, #2202, .T. ) ;
#1613 = ORIENTED_EDGE ( 'NONE', *, *, #1072, .F. ) ;
#1614 = ORIENTED_EDGE ( 'NONE', *, *, #2106, .F. ) ;
#1615 = DIRECTION ( 'NONE',  ( 1.000000000000000000, 0.000000000000000000, 0.000000000000000000 ) ) ;
#1616 = DIRECTION ( 'NONE',  ( 0.000000000000000000, 0.000000000000000000, 1.000000000000000000 ) ) ;
#1617 = DIRECTION ( 'NONE',  ( 0.000000000000000000, 0.000000000000000000, 1.000000000000000000 ) ) ;
#1618 = EDGE_CURVE ( 'NONE', #1673, #2379, #474, .T. ) ;
#1619 = CLOSED_SHELL ( 'NONE', ( #420, #76, #3212, #2439, #828, #2044, #2274, #2932, #2683, #2504, #1823, #2652, #3104, #3282, #2163, #1180, #2543, #3271, #1270, #2799, #54, #2824, #120, #2869, #2435, #1460, #1107, #3188, #1232, #3302, #399, #2153, #2838, #1015, #1210, #3102, #1665, #1359, #2110, #2101, #2678, #1123, #1932, #812, #2541, #968, #2151, #2641, #3162, #659, #303, #2410, #2752, #1431, #2378, #864, #492, #1565, #406, #908, #886, #1360, #1018, #2763, #3006, #361, #632, #202, #3190, #971, #3052, #1918, #1946, #835, #1871, #123, #3108, #3040, #2704, #906, #2520, #530, #110, #2606, #1120, #2443, #1498, #1598, #1074, #49, #1330, #57, #923, #1610, #2801, #1230, #1077, #2477, #2434, #982, #1161, #1315, #2349, #2886, #1351, #1347, #1328, #1446 ) ) ;
#1620 = VERTEX_POINT ( 'NONE', #1771 ) ;
#1621 = DIRECTION ( 'NONE',  ( 1.000000000000000000, 0.000000000000000000, 0.000000000000000000 ) ) ;
#1622 = CARTESIAN_POINT ( 'NONE',  ( -17.96496222574226564, 18.77870705156889031, 3.292323440001584611 ) ) ;
#1623 = LINE ( 'NONE', #304, #1529 ) ;
#1624 = ORIENTED_EDGE ( 'NONE', *, *, #2767, .F. ) ;
#1625 = AXIS2_PLACEMENT_3D ( 'NONE', #1085, #2174, #2616 ) ;
#1626 = EDGE_CURVE ( 'NONE', #187, #2761, #942, .T. ) ;
#1627 = ORIENTED_EDGE ( 'NONE', *, *, #2862, .T. ) ;
#1628 = FACE_OUTER_BOUND ( 'NONE', #965, .T. ) ;
#1629 = LINE ( 'NONE', #2627, #1641 ) ;
#1630 = CARTESIAN_POINT ( 'NONE',  ( -11.83296222574226597, -25.62529294843109184, 0.000000000000000000 ) ) ;
#1631 = VECTOR ( 'NONE', #3159, 1000.000000000000000 ) ;
#1632 = ORIENTED_EDGE ( 'NONE', *, *, #1601, .T. ) ;
#1633 = FACE_OUTER_BOUND ( 'NONE', #1935, .T. ) ;
#1634 = FACE_OUTER_BOUND ( 'NONE', #1466, .T. ) ;
#1635 = CARTESIAN_POINT ( 'NONE',  ( -16.21496222574229051, -25.22129294843106706, -4.002000000000000668 ) ) ;
#1636 = CIRCLE ( 'NONE', #1476, 1.500000000000001332 ) ;
#1637 = CARTESIAN_POINT ( 'NONE',  ( -16.21496222574229762, 25.27870705156888320, -4.002000000000000668 ) ) ;
#1638 = AXIS2_PLACEMENT_3D ( 'NONE', #2812, #792, #1503 ) ;
#1639 = CARTESIAN_POINT ( 'NONE',  ( 14.83503777425769599, 22.52870705156892583, -3.000000000000002665 ) ) ;
#1640 = CARTESIAN_POINT ( 'NONE',  ( -16.21496222574226564, -22.47129294843110969, -3.000000000000002665 ) ) ;
#1641 = VECTOR ( 'NONE', #1339, 1000.000000000000000 ) ;
#1642 = ORIENTED_EDGE ( 'NONE', *, *, #1255, .T. ) ;
#1643 = VERTEX_POINT ( 'NONE', #2798 ) ;
#1644 = DIRECTION ( 'NONE',  ( -0.000000000000000000, -0.000000000000000000, 1.000000000000000000 ) ) ;
#1645 = CARTESIAN_POINT ( 'NONE',  ( 15.78503777425770060, 22.52870705156892583, 3.000000000000001776 ) ) ;
#1646 = ORIENTED_EDGE ( 'NONE', *, *, #1652, .F. ) ;
#1647 = DIRECTION ( 'NONE',  ( -0.000000000000000000, 0.000000000000000000, 1.000000000000000000 ) ) ;
#1648 = EDGE_LOOP ( 'NONE', ( #1437, #539, #178, #3170 ) ) ;
#1649 = CARTESIAN_POINT ( 'NONE',  ( -14.71496222574229762, 22.52870705156888675, 3.000000000000001776 ) ) ;
#1650 = DIRECTION ( 'NONE',  ( 0.000000000000000000, 0.000000000000000000, -1.000000000000000000 ) ) ;
#1651 = EDGE_CURVE ( 'NONE', #2216, #1452, #2925, .T. ) ;
#1652 = EDGE_CURVE ( 'NONE', #1252, #169, #2023, .T. ) ;
#1653 = ORIENTED_EDGE ( 'NONE', *, *, #2558, .T. ) ;
#1654 = VERTEX_POINT ( 'NONE', #194 ) ;
#1655 = ORIENTED_EDGE ( 'NONE', *, *, #1497, .F. ) ;
#1656 = ORIENTED_EDGE ( 'NONE', *, *, #1558, .F. ) ;
#1657 = CARTESIAN_POINT ( 'NONE',  ( 17.53503777425773080, 27.02870705156891162, 3.292323440001584611 ) ) ;
#1658 = DIRECTION ( 'NONE',  ( -1.000000000000000000, -1.156482317317871971E-16, 0.000000000000000000 ) ) ;
#1659 = EDGE_CURVE ( 'NONE', #925, #1128, #2468, .T. ) ;
#1660 = ORIENTED_EDGE ( 'NONE', *, *, #1314, .T. ) ;
#1661 = CARTESIAN_POINT ( 'NONE',  ( 14.83503777425773151, -22.47129294843107417, -3.000000000000002665 ) ) ;
#1662 = EDGE_LOOP ( 'NONE', ( #3178, #2294, #48, #956 ) ) ;
#1663 = DIRECTION ( 'NONE',  ( -0.000000000000000000, -0.000000000000000000, -1.000000000000000000 ) ) ;
#1664 = CARTESIAN_POINT ( 'NONE',  ( 16.53503777425773436, 25.27870705156888320, -2.500000000000000000 ) ) ;
#1665 = ADVANCED_FACE ( 'NONE', ( #2001, #1448 ), #157, .T. ) ;
#1666 = PLANE ( 'NONE',  #2885 ) ;
#1667 = CARTESIAN_POINT ( 'NONE',  ( -16.96496222574225854, -26.22129294843106706, 3.292323440001584611 ) ) ;
#1668 = DIRECTION ( 'NONE',  ( -0.000000000000000000, -0.000000000000000000, 1.000000000000000000 ) ) ;
#1669 = VERTEX_POINT ( 'NONE', #2485 ) ;
#1671 = EDGE_LOOP ( 'NONE', ( #1883, #2455, #1438, #934 ) ) ;
#1670 = FACE_OUTER_BOUND ( 'NONE', #200, .T. ) ;
#1672 = ORIENTED_EDGE ( 'NONE', *, *, #980, .F. ) ;
#1673 = VERTEX_POINT ( 'NONE', #1967 ) ;
#1674 = CIRCLE ( 'NONE', #2492, 3.000000000000000888 ) ;
#1675 = CARTESIAN_POINT ( 'NONE',  ( 15.78503777425770060, 22.52870705156892583, -3.000000000000002665 ) ) ;
#1676 = FACE_OUTER_BOUND ( 'NONE', #3115, .T. ) ;
#1677 = AXIS2_PLACEMENT_3D ( 'NONE', #2033, #1051, #2787 ) ;
#1678 = VERTEX_POINT ( 'NONE', #729 ) ;
#1679 = DIRECTION ( 'NONE',  ( -0.000000000000000000, -0.000000000000000000, -1.000000000000000000 ) ) ;
#1680 = ORIENTED_EDGE ( 'NONE', *, *, #1515, .T. ) ;
#1681 = EDGE_LOOP ( 'NONE', ( #2376, #2685, #538, #2344 ) ) ;
#1682 = CARTESIAN_POINT ( 'NONE',  ( -16.21496222574229762, 22.52870705156888675, 3.000000000000001776 ) ) ;
#1683 = FACE_OUTER_BOUND ( 'NONE', #325, .T. ) ;
#1684 = FACE_OUTER_BOUND ( 'NONE', #2624, .T. ) ;
#1685 = VECTOR ( 'NONE', #2803, 1000.000000000000000 ) ;
#1686 = AXIS2_PLACEMENT_3D ( 'NONE', #2104, #3122, #1126 ) ;
#1687 = DIRECTION ( 'NONE',  ( 0.000000000000000000, -0.7071067811865474617, 0.7071067811865474617 ) ) ;
#1688 = AXIS2_PLACEMENT_3D ( 'NONE', #3175, #889, #2164 ) ;
#1689 = DIRECTION ( 'NONE',  ( 0.000000000000000000, 0.000000000000000000, 1.000000000000000000 ) ) ;
#1690 = EDGE_LOOP ( 'NONE', ( #2285, #2681 ) ) ;
#1691 = VECTOR ( 'NONE', #3014, 1000.000000000000000 ) ;
#1692 = VECTOR ( 'NONE', #993, 1000.000000000000000 ) ;
#1693 = VECTOR ( 'NONE', #1259, 1000.000000000000000 ) ;
#1695 = EDGE_LOOP ( 'NONE', ( #1139, #1772 ) ) ;
#1694 = DIRECTION ( 'NONE',  ( 1.000000000000000000, 0.000000000000000000, 0.000000000000000000 ) ) ;
#1696 = VERTEX_POINT ( 'NONE', #752 ) ;
#1697 = ORIENTED_EDGE ( 'NONE', *, *, #107, .T. ) ;
#1698 = EDGE_CURVE ( 'NONE', #3219, #1713, #681, .T. ) ;
#1699 = AXIS2_PLACEMENT_3D ( 'NONE', #1899, #2203, #2917 ) ;
#1700 = FACE_OUTER_BOUND ( 'NONE', #230, .T. ) ;
#1701 = DIRECTION ( 'NONE',  ( -1.000000000000000000, 0.000000000000000000, 0.000000000000000000 ) ) ;
#1702 = AXIS2_PLACEMENT_3D ( 'NONE', #678, #1000, #2969 ) ;
#1703 = VERTEX_POINT ( 'NONE', #1490 ) ;
#1704 = ORIENTED_EDGE ( 'NONE', *, *, #1597, .F. ) ;
#1705 = LINE ( 'NONE', #1738, #1511 ) ;
#1706 = ORIENTED_EDGE ( 'NONE', *, *, #2649, .F. ) ;
#1707 = LINE ( 'NONE', #975, #2659 ) ;
#1708 = CARTESIAN_POINT ( 'NONE',  ( -16.46496222574226920, 27.02870705156890097, -4.000000000000000000 ) ) ;
#1709 = CARTESIAN_POINT ( 'NONE',  ( -16.21496222574226564, -22.47129294843110969, 3.000000000000001776 ) ) ;
#1710 = DIRECTION ( 'NONE',  ( 1.000000000000000000, 0.000000000000000000, 0.000000000000000000 ) ) ;
#1711 = EDGE_CURVE ( 'NONE', #2936, #113, #175, .T. ) ;
#1712 = DIRECTION ( 'NONE',  ( 1.000000000000000000, 0.000000000000000000, 0.000000000000000000 ) ) ;
#1713 = VERTEX_POINT ( 'NONE', #710 ) ;
#1715 = EDGE_LOOP ( 'NONE', ( #433, #2281 ) ) ;
#1714 = LINE ( 'NONE', #440, #317 ) ;
#1716 = ORIENTED_EDGE ( 'NONE', *, *, #3112, .T. ) ;
#1717 = VERTEX_POINT ( 'NONE', #3284 ) ;
#1718 = CARTESIAN_POINT ( 'NONE',  ( -7.882962225742265794, -25.62529294843109184, 0.000000000000000000 ) ) ;
#1719 = CYLINDRICAL_SURFACE ( 'NONE', #2016, 0.9499999999999995115 ) ;
#1720 = ORIENTED_EDGE ( 'NONE', *, *, #1847, .T. ) ;
#1721 = ORIENTED_EDGE ( 'NONE', *, *, #2401, .F. ) ;
#1722 = VERTEX_POINT ( 'NONE', #695 ) ;
#1723 = DIRECTION ( 'NONE',  ( 1.000000000000000000, 0.000000000000000000, 0.000000000000000000 ) ) ;
#1724 = DIRECTION ( 'NONE',  ( 0.000000000000000000, 0.000000000000000000, 1.000000000000000000 ) ) ;
#1725 = DIRECTION ( 'NONE',  ( -0.000000000000000000, -0.000000000000000000, -1.000000000000000000 ) ) ;
#1726 = EDGE_CURVE ( 'NONE', #2972, #1673, #352, .T. ) ;
#1727 = DIRECTION ( 'NONE',  ( -0.000000000000000000, -0.000000000000000000, -1.000000000000000000 ) ) ;
#1728 = CARTESIAN_POINT ( 'NONE',  ( -16.96496222574225854, -26.22129294843106706, -2.500000000000000000 ) ) ;
#1729 = EDGE_LOOP ( 'NONE', ( #2036, #592, #147, #1216 ) ) ;
#1731 = ORIENTED_EDGE ( 'NONE', *, *, #2034, .F. ) ;
#1730 = CARTESIAN_POINT ( 'NONE',  ( 19.03503777425773080, 27.02870705156891162, 3.292323440001584611 ) ) ;
#1732 = ORIENTED_EDGE ( 'NONE', *, *, #874, .F. ) ;
#1733 = PLANE ( 'NONE',  #1374 ) ;
#1734 = DIRECTION ( 'NONE',  ( 0.000000000000000000, 0.000000000000000000, -1.000000000000000000 ) ) ;
#1735 = EDGE_LOOP ( 'NONE', ( #677, #2047, #2926, #1984 ) ) ;
#1736 = VECTOR ( 'NONE', #2814, 1000.000000000000000 ) ;
#1737 = CARTESIAN_POINT ( 'NONE',  ( -16.46496222574226920, 28.52870705156889741, 3.292323440001584611 ) ) ;
#1738 = CARTESIAN_POINT ( 'NONE',  ( 9.504204806870928834, -28.47129294843108482, 0.000000000000000000 ) ) ;
#1739 = ORIENTED_EDGE ( 'NONE', *, *, #1964, .F. ) ;
#1740 = DIRECTION ( 'NONE',  ( 0.000000000000000000, 0.000000000000000000, 1.000000000000000000 ) ) ;
#1741 = CARTESIAN_POINT ( 'NONE',  ( 17.53503777425773080, 26.27870705156888320, -4.000000000000000000 ) ) ;
#1742 = DIRECTION ( 'NONE',  ( 0.000000000000000000, 0.000000000000000000, 1.000000000000000000 ) ) ;
#1743 = AXIS2_PLACEMENT_3D ( 'NONE', #1778, #2330, #2092 ) ;
#1744 = VECTOR ( 'NONE', #622, 1000.000000000000114 ) ;
#1745 = DIRECTION ( 'NONE',  ( 1.000000000000000000, 0.000000000000000000, 0.000000000000000000 ) ) ;
#1746 = EDGE_CURVE ( 'NONE', #2107, #2496, #1636, .T. ) ;
#1747 = CIRCLE ( 'NONE', #297, 1.500000000000001332 ) ;
#1748 = EDGE_CURVE ( 'NONE', #986, #1780, #245, .T. ) ;
#1749 = VERTEX_POINT ( 'NONE', #3087 ) ;
#1750 = VECTOR ( 'NONE', #1432, 1000.000000000000000 ) ;
#1751 = AXIS2_PLACEMENT_3D ( 'NONE', #2217, #2497, #1244 ) ;
#1752 = DIRECTION ( 'NONE',  ( 1.000000000000000000, 0.000000000000000000, 0.000000000000000000 ) ) ;
#1753 = DIRECTION ( 'NONE',  ( 1.000000000000000000, 0.000000000000000000, 0.000000000000000000 ) ) ;
#1754 = AXIS2_PLACEMENT_3D ( 'NONE', #1898, #334, #2660 ) ;
#1755 = ORIENTED_EDGE ( 'NONE', *, *, #338, .T. ) ;
#1756 = EDGE_LOOP ( 'NONE', ( #1680, #2391, #2041, #2060 ) ) ;
#1757 = DIRECTION ( 'NONE',  ( 0.000000000000000000, -0.000000000000000000, -1.000000000000000000 ) ) ;
#1758 = CIRCLE ( 'NONE', #2451, 3.000000000000000000 ) ;
#1759 = FACE_OUTER_BOUND ( 'NONE', #1662, .T. ) ;
#1760 = ORIENTED_EDGE ( 'NONE', *, *, #630, .F. ) ;
#1761 = DIRECTION ( 'NONE',  ( 0.000000000000000000, -0.000000000000000000, 1.000000000000000000 ) ) ;
#1762 = EDGE_LOOP ( 'NONE', ( #2193, #465, #2123, #1214 ) ) ;
#1763 = AXIS2_PLACEMENT_3D ( 'NONE', #3125, #315, #329 ) ;
#1764 = CARTESIAN_POINT ( 'NONE',  ( -19.46496222574226209, -29.97129294843108838, 3.292323440001584611 ) ) ;
#1765 = SURFACE_SIDE_STYLE ('',( #2012 ) ) ;
#1766 = DIRECTION ( 'NONE',  ( 0.000000000000000000, 0.000000000000000000, 1.000000000000000000 ) ) ;
#1767 = CARTESIAN_POINT ( 'NONE',  ( -16.21496222574229051, -25.22129294843106706, -4.002000000000000668 ) ) ;
#1768 = CARTESIAN_POINT ( 'NONE',  ( 15.78503777425773613, -22.47129294843107417, -3.000000000000002665 ) ) ;
#1769 = EDGE_CURVE ( 'NONE', #1561, #2971, #3139, .T. ) ;
#1770 = VECTOR ( 'NONE', #517, 1000.000000000000000 ) ;
#1771 = CARTESIAN_POINT ( 'NONE',  ( 15.78503777425776988, 25.27870705156888320, -2.500000000000000000 ) ) ;
#1772 = ORIENTED_EDGE ( 'NONE', *, *, #1229, .T. ) ;
#1773 = EDGE_CURVE ( 'NONE', #1496, #1140, #299, .T. ) ;
#1774 = LINE ( 'NONE', #2342, #1582 ) ;
#1775 = ORIENTED_EDGE ( 'NONE', *, *, #656, .F. ) ;
#1776 = VERTEX_POINT ( 'NONE', #2372 ) ;
#1777 = LINE ( 'NONE', #3065, #852 ) ;
#1778 = CARTESIAN_POINT ( 'NONE',  ( -17.96496222574226564, 30.02870705156890097, -4.000000000000000000 ) ) ;
#1779 = ORIENTED_EDGE ( 'NONE', *, *, #477, .F. ) ;
#1780 = VERTEX_POINT ( 'NONE', #2585 ) ;
#1781 = FACE_OUTER_BOUND ( 'NONE', #1690, .T. ) ;
#1782 = DIRECTION ( 'NONE',  ( 1.000000000000000000, 0.000000000000000000, 0.000000000000000000 ) ) ;
#1783 = CARTESIAN_POINT ( 'NONE',  ( 11.40187074164450998, 28.52870705156890452, 0.000000000000000000 ) ) ;
#1784 = EDGE_CURVE ( 'NONE', #89, #3124, #1522, .T. ) ;
#1785 = CARTESIAN_POINT ( 'NONE',  ( -11.83179519312905370, 28.52870705156890097, 0.000000000000000000 ) ) ;
#1786 = EDGE_CURVE ( 'NONE', #2417, #1422, #2656, .T. ) ;
#1787 = ORIENTED_EDGE ( 'NONE', *, *, #795, .T. ) ;
#1788 = CARTESIAN_POINT ( 'NONE',  ( 19.03503777425774146, -26.97129294843108482, -4.000000000000000000 ) ) ;
#1789 = CARTESIAN_POINT ( 'NONE',  ( -10.88296222574226668, -25.62529294843109184, 0.000000000000000000 ) ) ;
#1790 = DIRECTION ( 'NONE',  ( -0.000000000000000000, -0.000000000000000000, -1.000000000000000000 ) ) ;
#1791 = CARTESIAN_POINT ( 'NONE',  ( -19.46496222574226920, 28.52870705156889741, 3.292323440001584611 ) ) ;
#1792 = ORIENTED_EDGE ( 'NONE', *, *, #2519, .F. ) ;
#1793 = ORIENTED_EDGE ( 'NONE', *, *, #1144, .F. ) ;
#1794 = CARTESIAN_POINT ( 'NONE',  ( 15.78503777425776100, 19.77870705156889031, 3.292323440001584611 ) ) ;
#1795 = DIRECTION ( 'NONE',  ( 1.000000000000000000, 0.000000000000000000, 0.000000000000000000 ) ) ;
#1796 = DIRECTION ( 'NONE',  ( -0.000000000000000000, -0.000000000000000000, -1.000000000000000000 ) ) ;
#1797 = EDGE_CURVE ( 'NONE', #2158, #2979, #2239, .T. ) ;
#1798 = AXIS2_PLACEMENT_3D ( 'NONE', #1906, #898, #1380 ) ;
#1799 = DIRECTION ( 'NONE',  ( 1.734723475976807341E-16, -1.000000000000000000, 0.000000000000000000 ) ) ;
#1800 = ORIENTED_EDGE ( 'NONE', *, *, #478, .F. ) ;
#1801 = AXIS2_PLACEMENT_3D ( 'NONE', #47, #1082, #1579 ) ;
#1802 = DIRECTION ( 'NONE',  ( 0.7071067811865489050, 1.226634733346701776E-16, -0.7071067811865462405 ) ) ;
#1803 = CARTESIAN_POINT ( 'NONE',  ( 7.453037774257734505, -25.62529294843109540, -2.500000000000000000 ) ) ;
#1804 = ORIENTED_EDGE ( 'NONE', *, *, #3286, .F. ) ;
#1805 = CYLINDRICAL_SURFACE ( 'NONE', #1423, 1.000000000000000888 ) ;
#1806 = CYLINDRICAL_SURFACE ( 'NONE', #673, 3.000000000000000000 ) ;
#1807 = AXIS2_PLACEMENT_3D ( 'NONE', #2554, #27, #1060 ) ;
#1808 = EDGE_CURVE ( 'NONE', #1217, #151, #59, .T. ) ;
#1809 = ORIENTED_EDGE ( 'NONE', *, *, #2650, .F. ) ;
#1810 = VECTOR ( 'NONE', #3116, 1000.000000000000000 ) ;
#1811 = LINE ( 'NONE', #2771, #162 ) ;
#1812 = PLANE ( 'NONE',  #2398 ) ;
#1813 = DIRECTION ( 'NONE',  ( 0.000000000000000000, 0.000000000000000000, 1.000000000000000000 ) ) ;
#1814 = CARTESIAN_POINT ( 'NONE',  ( -16.46496222574226209, -26.97129294843108838, -2.500000000000000000 ) ) ;
#1815 = CIRCLE ( 'NONE', #2135, 0.9499999999999995115 ) ;
#1816 = CARTESIAN_POINT ( 'NONE',  ( 7.453037774257734505, 25.68270705156890443, -2.500000000000000000 ) ) ;
#1817 = DIRECTION ( 'NONE',  ( -0.000000000000000000, -0.000000000000000000, -1.000000000000000000 ) ) ;
#1818 = AXIS2_PLACEMENT_3D ( 'NONE', #19, #273, #1306 ) ;
#1819 = ORIENTED_EDGE ( 'NONE', *, *, #203, .T. ) ;
#1820 = EDGE_CURVE ( 'NONE', #925, #3165, #246, .T. ) ;
#1821 = EDGE_CURVE ( 'NONE', #1877, #1265, #558, .T. ) ;
#1822 = DIRECTION ( 'NONE',  ( -0.000000000000000000, -0.000000000000000000, -1.000000000000000000 ) ) ;
#1823 = ADVANCED_FACE ( 'NONE', ( #2102 ), #2833, .T. ) ;
#1824 = CARTESIAN_POINT ( 'NONE',  ( -16.46496222574226209, -29.97129294843108838, -3.499999999999999556 ) ) ;
#1825 = DIRECTION ( 'NONE',  ( 0.000000000000000000, 0.000000000000000000, 1.000000000000000000 ) ) ;
#1826 = ORIENTED_EDGE ( 'NONE', *, *, #2725, .F. ) ;
#1827 = DIRECTION ( 'NONE',  ( -1.000000000000000000, 0.000000000000000000, -0.000000000000000000 ) ) ;
#1828 = DIRECTION ( 'NONE',  ( 0.000000000000000000, 0.000000000000000000, 1.000000000000000000 ) ) ;
#1829 = FACE_OUTER_BOUND ( 'NONE', #1477, .T. ) ;
#1830 = LINE ( 'NONE', #1553, #940 ) ;
#1831 = DIRECTION ( 'NONE',  ( 0.000000000000000000, 0.000000000000000000, 1.000000000000000000 ) ) ;
#1832 = CARTESIAN_POINT ( 'NONE',  ( 15.78503777425776988, 25.27870705156888320, -2.500000000000000000 ) ) ;
#1833 = ORIENTED_EDGE ( 'NONE', *, *, #321, .F. ) ;
#1834 = UNCERTAINTY_MEASURE_WITH_UNIT (LENGTH_MEASURE( 1.000000000000000082E-05 ), #2910, 'distance_accuracy_value', 'NONE');
#1835 = CARTESIAN_POINT ( 'NONE',  ( -16.46496222574226920, 30.02870705156890097, -3.499999999999999556 ) ) ;
#1836 = CARTESIAN_POINT ( 'NONE',  ( 14.83503777425773151, -22.47129294843107417, 3.000000000000001776 ) ) ;
#1837 = ORIENTED_EDGE ( 'NONE', *, *, #1012, .F. ) ;
#1838 = CARTESIAN_POINT ( 'NONE',  ( -19.46496222574226209, -28.47129294843108482, 3.292323440001584611 ) ) ;
#1839 = DIRECTION ( 'NONE',  ( -1.000000000000000000, 0.000000000000000000, 0.000000000000000000 ) ) ;
#1840 = VECTOR ( 'NONE', #2513, 1000.000000000000000 ) ;
#1841 = ORIENTED_EDGE ( 'NONE', *, *, #311, .T. ) ;
#1842 = DIRECTION ( 'NONE',  ( 0.000000000000000000, 0.000000000000000000, 1.000000000000000000 ) ) ;
#1843 = LINE ( 'NONE', #3156, #1111 ) ;
#1844 = DIRECTION ( 'NONE',  ( -0.000000000000000000, -0.000000000000000000, 1.000000000000000000 ) ) ;
#1845 = CARTESIAN_POINT ( 'NONE',  ( -16.21496222574229762, 22.52870705156889031, -4.002000000000000668 ) ) ;
#1846 = DIRECTION ( 'NONE',  ( 1.000000000000000000, 0.000000000000000000, 0.000000000000000000 ) ) ;
#1847 = EDGE_CURVE ( 'NONE', #1620, #892, #3319, .T. ) ;
#1848 = EDGE_CURVE ( 'NONE', #2158, #2556, #2860, .T. ) ;
#1849 = EDGE_CURVE ( 'NONE', #2424, #254, #2052, .T. ) ;
#1850 = VECTOR ( 'NONE', #970, 1000.000000000000000 ) ;
#1851 = CARTESIAN_POINT ( 'NONE',  ( 16.03503777425773436, 27.02870705156891162, -4.000000000000000000 ) ) ;
#1852 = EDGE_CURVE ( 'NONE', #2433, #1620, #1155, .T. ) ;
#1853 = VECTOR ( 'NONE', #484, 1000.000000000000000 ) ;
#1854 = EDGE_CURVE ( 'NONE', #2979, #2158, #1968, .T. ) ;
#1855 = LINE ( 'NONE', #2918, #3301 ) ;
#1856 = ORIENTED_EDGE ( 'NONE', *, *, #655, .F. ) ;
#1857 = CIRCLE ( 'NONE', #457, 1.000000000000000888 ) ;
#1858 = CIRCLE ( 'NONE', #26, 3.000000000000000888 ) ;
#1859 = ORIENTED_EDGE ( 'NONE', *, *, #276, .T. ) ;
#1860 = AXIS2_PLACEMENT_3D ( 'NONE', #512, #1802, #999 ) ;
#1861 =( NAMED_UNIT ( * ) PLANE_ANGLE_UNIT ( ) SI_UNIT ( $, .RADIAN. ) );
#1862 = DIRECTION ( 'NONE',  ( 1.156482317317871971E-16, -1.000000000000000000, 0.000000000000000000 ) ) ;
#1863 = PLANE ( 'NONE',  #833 ) ;
#1864 = VECTOR ( 'NONE', #2272, 1000.000000000000000 ) ;
#1865 = EDGE_CURVE ( 'NONE', #1491, #381, #1327, .T. ) ;
#1866 = VERTEX_POINT ( 'NONE', #1296 ) ;
#1867 = FACE_OUTER_BOUND ( 'NONE', #1517, .T. ) ;
#1868 = AXIS2_PLACEMENT_3D ( 'NONE', #3278, #469, #2693 ) ;
#1869 = VECTOR ( 'NONE', #870, 1000.000000000000000 ) ;
#1870 = CARTESIAN_POINT ( 'NONE',  ( 17.28503777425773791, -22.47129294843107417, 3.292323440001584611 ) ) ;
#1871 = ADVANCED_FACE ( 'NONE', ( #2323 ), #2069, .F. ) ;
#1872 = CARTESIAN_POINT ( 'NONE',  ( 15.78503777425775390, -25.22129294843106706, -4.002000000000000668 ) ) ;
#1873 = CIRCLE ( 'NONE', #1591, 3.000000000000000000 ) ;
#1874 = AXIS2_PLACEMENT_3D ( 'NONE', #285, #2415, #2452 ) ;
#1875 = DIRECTION ( 'NONE',  ( -0.000000000000000000, 0.000000000000000000, -1.000000000000000000 ) ) ;
#1876 = LINE ( 'NONE', #1385, #2175 ) ;
#1877 = VERTEX_POINT ( 'NONE', #1045 ) ;
#1878 = EDGE_CURVE ( 'NONE', #841, #218, #3120, .T. ) ;
#1879 = ORIENTED_EDGE ( 'NONE', *, *, #1597, .T. ) ;
#1880 = FACE_BOUND ( 'NONE', #2891, .T. ) ;
#1881 = CARTESIAN_POINT ( 'NONE',  ( 15.78503777425775390, -19.72129294843107417, 3.292323440001584611 ) ) ;
#1882 = LINE ( 'NONE', #2143, #728 ) ;
#1883 = ORIENTED_EDGE ( 'NONE', *, *, #904, .T. ) ;
#1884 = DIRECTION ( 'NONE',  ( 0.000000000000000000, 0.000000000000000000, 1.000000000000000000 ) ) ;
#1885 = CARTESIAN_POINT ( 'NONE',  ( -9.934129258355479664, 28.52870705156890097, 0.000000000000000000 ) ) ;
#1886 = CARTESIAN_POINT ( 'NONE',  ( -9.932962225742267393, -25.62529294843109184, 0.000000000000000000 ) ) ;
#1887 = CARTESIAN_POINT ( 'NONE',  ( 13.45303777425773539, 25.68270705156890443, 0.000000000000000000 ) ) ;
#1888 = EDGE_CURVE ( 'NONE', #753, #944, #3185, .T. ) ;
#1889 = CARTESIAN_POINT ( 'NONE',  ( -16.21496222574229762, 22.52870705156889031, 3.292323440001584611 ) ) ;
#1890 = VERTEX_POINT ( 'NONE', #3131 ) ;
#1891 = ORIENTED_EDGE ( 'NONE', *, *, #1030, .T. ) ;
#1892 = DIRECTION ( 'NONE',  ( 0.000000000000000000, 0.000000000000000000, 1.000000000000000000 ) ) ;
#1893 = FACE_OUTER_BOUND ( 'NONE', #2170, .T. ) ;
#1894 = CARTESIAN_POINT ( 'NONE',  ( -17.96496222574226564, 18.77870705156889031, -2.500000000000000000 ) ) ;
#1895 = AXIS2_PLACEMENT_3D ( 'NONE', #2859, #595, #557 ) ;
#1896 = ORIENTED_EDGE ( 'NONE', *, *, #2430, .F. ) ;
#1897 = CYLINDRICAL_SURFACE ( 'NONE', #2602, 1.000000000000000888 ) ;
#1898 = CARTESIAN_POINT ( 'NONE',  ( 16.53503777425774146, -26.22129294843106706, -2.500000000000000000 ) ) ;
#1899 = CARTESIAN_POINT ( 'NONE',  ( 15.78503777425773613, -22.47129294843107417, 3.000000000000001776 ) ) ;
#1900 = CIRCLE ( 'NONE', #452, 1.500000000000001332 ) ;
#1901 = CARTESIAN_POINT ( 'NONE',  ( 16.73503777425770522, 22.52870705156892583, -3.000000000000002665 ) ) ;
#1902 = EDGE_LOOP ( 'NONE', ( #513, #2841, #3061, #716 ) ) ;
#1903 = AXIS2_PLACEMENT_3D ( 'NONE', #1110, #2138, #3152 ) ;
#1904 = ORIENTED_EDGE ( 'NONE', *, *, #559, .T. ) ;
#1905 = DIRECTION ( 'NONE',  ( -0.000000000000000000, -0.000000000000000000, -1.000000000000000000 ) ) ;
#1906 = CARTESIAN_POINT ( 'NONE',  ( 16.03503777425773436, 27.02870705156891162, -2.500000000000000000 ) ) ;
#1907 = AXIS2_PLACEMENT_3D ( 'NONE', #900, #135, #1752 ) ;
#1908 = ORIENTED_EDGE ( 'NONE', *, *, #1786, .T. ) ;
#1909 = DIRECTION ( 'NONE',  ( -1.000000000000000000, 0.000000000000000000, 0.000000000000000000 ) ) ;
#1910 = EDGE_CURVE ( 'NONE', #2936, #240, #1010, .T. ) ;
#1911 = ORIENTED_EDGE ( 'NONE', *, *, #2360, .F. ) ;
#1912 = EDGE_CURVE ( 'NONE', #2579, #2107, #2695, .T. ) ;
#1913 = CARTESIAN_POINT ( 'NONE',  ( 7.285040208365947123, -11.83278339979662874, 3.292323440001584611 ) ) ;
#1914 = VECTOR ( 'NONE', #641, 1000.000000000000000 ) ;
#1915 = LINE ( 'NONE', #1838, #1106 ) ;
#1916 = VECTOR ( 'NONE', #291, 1000.000000000000000 ) ;
#1917 = ORIENTED_EDGE ( 'NONE', *, *, #2202, .F. ) ;
#1918 = ADVANCED_FACE ( 'NONE', ( #1124 ), #1666, .T. ) ;
#1919 = ORIENTED_EDGE ( 'NONE', *, *, #1910, .T. ) ;
#1920 = CIRCLE ( 'NONE', #902, 3.000000000000000888 ) ;
#1921 = EDGE_CURVE ( 'NONE', #2195, #2794, #2632, .T. ) ;
#1922 = VERTEX_POINT ( 'NONE', #1355 ) ;
#1923 = ORIENTED_EDGE ( 'NONE', *, *, #1352, .F. ) ;
#1924 = DIRECTION ( 'NONE',  ( 1.000000000000000000, 0.000000000000000000, -0.000000000000000000 ) ) ;
#1925 = DIRECTION ( 'NONE',  ( -1.000000000000000000, -1.156482317317871971E-16, 0.000000000000000000 ) ) ;
#1926 = ORIENTED_EDGE ( 'NONE', *, *, #562, .T. ) ;
#1927 = CARTESIAN_POINT ( 'NONE',  ( 18.53503777425774146, -26.97129294843108482, -4.000000000000000000 ) ) ;
#1928 = ORIENTED_EDGE ( 'NONE', *, *, #2212, .F. ) ;
#1929 = DIRECTION ( 'NONE',  ( -1.734723475976807094E-16, 1.000000000000000000, 0.000000000000000000 ) ) ;
#1930 = DIRECTION ( 'NONE',  ( 1.000000000000000000, 0.000000000000000000, 0.000000000000000000 ) ) ;
#1931 = VERTEX_POINT ( 'NONE', #1134 ) ;
#1932 = ADVANCED_FACE ( 'NONE', ( #391 ), #1393, .F. ) ;
#1933 = ORIENTED_EDGE ( 'NONE', *, *, #1492, .T. ) ;
#1934 = VERTEX_POINT ( 'NONE', #103 ) ;
#1935 = EDGE_LOOP ( 'NONE', ( #911, #2629, #3268, #1627 ) ) ;
#1936 = DIRECTION ( 'NONE',  ( 1.000000000000000000, 0.000000000000000000, 0.000000000000000000 ) ) ;
#1937 = CARTESIAN_POINT ( 'NONE',  ( 16.73503777425774075, -22.47129294843107417, 3.000000000000001776 ) ) ;
#1938 = ORIENTED_EDGE ( 'NONE', *, *, #726, .F. ) ;
#1939 = LINE ( 'NONE', #2960, #2172 ) ;
#1940 = AXIS2_PLACEMENT_3D ( 'NONE', #2392, #1550, #1054 ) ;
#1941 = EDGE_LOOP ( 'NONE', ( #1896, #1653, #731, #2547 ) ) ;
#1942 = DIRECTION ( 'NONE',  ( -1.000000000000000000, -2.703465157366452467E-16, 0.000000000000000000 ) ) ;
#1943 = FACE_OUTER_BOUND ( 'NONE', #1275, .T. ) ;
#1944 = CARTESIAN_POINT ( 'NONE',  ( -14.71496222574226387, -22.47129294843110969, 3.000000000000001776 ) ) ;
#1945 = AXIS2_PLACEMENT_3D ( 'NONE', #958, #470, #154 ) ;
#1946 = ADVANCED_FACE ( 'NONE', ( #2180 ), #2384, .T. ) ;
#1947 = CARTESIAN_POINT ( 'NONE',  ( 7.285040208365947123, -28.47129294843108482, -0.3076765599984150334 ) ) ;
#1948 = EDGE_CURVE ( 'NONE', #196, #2567, #1160, .T. ) ;
#1949 = EDGE_CURVE ( 'NONE', #918, #1217, #2146, .T. ) ;
#1950 = CYLINDRICAL_SURFACE ( 'NONE', #292, 1.500000000000001332 ) ;
#1951 = EDGE_LOOP ( 'NONE', ( #1982, #29, #2241, #1131 ) ) ;
#1953 = ORIENTED_EDGE ( 'NONE', *, *, #560, .T. ) ;
#1952 = DIRECTION ( 'NONE',  ( -1.000000000000000000, 0.000000000000000000, 0.000000000000000000 ) ) ;
#1954 = ORIENTED_EDGE ( 'NONE', *, *, #249, .F. ) ;
#1955 = ORIENTED_EDGE ( 'NONE', *, *, #874, .T. ) ;
#1956 = AXIS2_PLACEMENT_3D ( 'NONE', #2738, #1742, #693 ) ;
#1957 = LINE ( 'NONE', #1201, #801 ) ;
#1958 = DIRECTION ( 'NONE',  ( 1.000000000000000000, 0.000000000000000000, 0.000000000000000000 ) ) ;
#1959 = EDGE_LOOP ( 'NONE', ( #2705, #1137, #268, #2648 ) ) ;
#1960 = VERTEX_POINT ( 'NONE', #1105 ) ;
#1961 = FACE_OUTER_BOUND ( 'NONE', #1273, .T. ) ;
#1962 = CARTESIAN_POINT ( 'NONE',  ( 16.53503777425773436, 19.77870705156889031, -4.002000000000000668 ) ) ;
#1963 = FACE_OUTER_BOUND ( 'NONE', #134, .T. ) ;
#1964 = EDGE_CURVE ( 'NONE', #2811, #2785, #140, .T. ) ;
#1965 = EDGE_CURVE ( 'NONE', #1173, #3228, #2134, .T. ) ;
#1966 = CIRCLE ( 'NONE', #1002, 0.9500000000000029532 ) ;
#1967 = CARTESIAN_POINT ( 'NONE',  ( 16.03503777425773791, -29.47129294843108838, -4.000000000000000000 ) ) ;
#1968 = CIRCLE ( 'NONE', #1215, 0.9500000000000029532 ) ;
#1969 =( LENGTH_UNIT ( ) NAMED_UNIT ( * ) SI_UNIT ( .MILLI., .METRE. ) );
#1970 = ORIENTED_EDGE ( 'NONE', *, *, #1396, .T. ) ;
#1971 = AXIS2_PLACEMENT_3D ( 'NONE', #2844, #540, #2795 ) ;
#1972 = AXIS2_PLACEMENT_3D ( 'NONE', #845, #1150, #1383 ) ;
#1973 = VECTOR ( 'NONE', #809, 1000.000000000000000 ) ;
#1975 = ORIENTED_EDGE ( 'NONE', *, *, #1698, .T. ) ;
#1974 = CARTESIAN_POINT ( 'NONE',  ( 16.03503777425773791, -26.97129294843108838, -3.499999999999999556 ) ) ;
#1976 = ORIENTED_EDGE ( 'NONE', *, *, #2293, .F. ) ;
#1977 = ORIENTED_EDGE ( 'NONE', *, *, #2948, .T. ) ;
#1978 = AXIS2_PLACEMENT_3D ( 'NONE', #1300, #2045, #1271 ) ;
#1979 = CARTESIAN_POINT ( 'NONE',  ( 0.000000000000000000, -28.47129294843108482, -2.500000000000000000 ) ) ;
#1980 = DIRECTION ( 'NONE',  ( 1.000000000000000000, 0.000000000000000000, 0.000000000000000000 ) ) ;
#1981 = CIRCLE ( 'NONE', #2188, 2.999999999999999112 ) ;
#1982 = ORIENTED_EDGE ( 'NONE', *, *, #311, .F. ) ;
#1983 = CARTESIAN_POINT ( 'NONE',  ( -10.88296222574226668, -25.62529294843109184, -2.500000000000000000 ) ) ;
#1984 = ORIENTED_EDGE ( 'NONE', *, *, #165, .F. ) ;
#1985 = DIRECTION ( 'NONE',  ( 1.000000000000000000, 0.000000000000000000, 0.000000000000000000 ) ) ;
#1986 = DIRECTION ( 'NONE',  ( -0.000000000000000000, 0.000000000000000000, 1.000000000000000000 ) ) ;
#1987 = CARTESIAN_POINT ( 'NONE',  ( -17.71496222574226564, -22.47129294843110969, 3.000000000000001776 ) ) ;
#1988 = CARTESIAN_POINT ( 'NONE',  ( -10.88296222574226668, -25.62529294843109184, 0.000000000000000000 ) ) ;
#1989 = APPLICATION_PROTOCOL_DEFINITION ( 'draft international standard', 'automotive_design', 1998, #2275 ) ;
#1990 = ORIENTED_EDGE ( 'NONE', *, *, #1626, .F. ) ;
#1992 = ORIENTED_EDGE ( 'NONE', *, *, #491, .F. ) ;
#1991 = LINE ( 'NONE', #1213, #1284 ) ;
#1993 = VERTEX_POINT ( 'NONE', #1886 ) ;
#1994 = DIRECTION ( 'NONE',  ( -1.000000000000000000, 0.000000000000000000, 0.000000000000000000 ) ) ;
#1995 = CARTESIAN_POINT ( 'NONE',  ( 9.504204806870928834, -28.47129294843108482, -2.500000000000000000 ) ) ;
#1996 = ORIENTED_EDGE ( 'NONE', *, *, #2618, .F. ) ;
#1997 = FILL_AREA_STYLE_COLOUR ( '', #871 ) ;
#1998 = CARTESIAN_POINT ( 'NONE',  ( 7.285040208365947123, -29.97129294843108838, -0.3076765599984150334 ) ) ;
#1999 = FACE_OUTER_BOUND ( 'NONE', #1902, .T. ) ;
#2000 = LINE ( 'NONE', #2199, #83 ) ;
#2001 = FACE_OUTER_BOUND ( 'NONE', #2304, .T. ) ;
#2002 = VECTOR ( 'NONE', #2251, 1000.000000000000000 ) ;
#2003 = ORIENTED_EDGE ( 'NONE', *, *, #599, .F. ) ;
#2004 = DIRECTION ( 'NONE',  ( -0.000000000000000000, -0.000000000000000000, -1.000000000000000000 ) ) ;
#2005 = CARTESIAN_POINT ( 'NONE',  ( -7.714959791634051989, -29.97129294843108838, -0.3076765599984150334 ) ) ;
#2006 = VERTEX_POINT ( 'NONE', #1622 ) ;
#2007 = ORIENTED_EDGE ( 'NONE', *, *, #3318, .F. ) ;
#2008 = PLANE ( 'NONE',  #3307 ) ;
#2009 = DIRECTION ( 'NONE',  ( -1.000000000000000000, 0.000000000000000000, 0.000000000000000000 ) ) ;
#2010 = ORIENTED_EDGE ( 'NONE', *, *, #3062, .T. ) ;
#2011 = CIRCLE ( 'NONE', #1141, 2.749999999999995559 ) ;
#2012 = SURFACE_STYLE_FILL_AREA ( #990 ) ;
#2013 = CARTESIAN_POINT ( 'NONE',  ( 15.78503777425773613, -22.47129294843107417, 3.292323440001584611 ) ) ;
#2014 = LINE ( 'NONE', #242, #750 ) ;
#2015 = PLANE ( 'NONE',  #3019 ) ;
#2016 = AXIS2_PLACEMENT_3D ( 'NONE', #2746, #446, #1701 ) ;
#2017 = EDGE_CURVE ( 'NONE', #3155, #841, #410, .T. ) ;
#2018 = EDGE_CURVE ( 'NONE', #2260, #720, #2929, .T. ) ;
#2019 = VECTOR ( 'NONE', #1509, 1000.000000000000000 ) ;
#2020 = DIRECTION ( 'NONE',  ( 0.000000000000000000, 0.000000000000000000, 1.000000000000000000 ) ) ;
#2021 = VECTOR ( 'NONE', #850, 1000.000000000000000 ) ;
#2022 = ORIENTED_EDGE ( 'NONE', *, *, #3225, .F. ) ;
#2023 = CIRCLE ( 'NONE', #1005, 0.9499999999999995115 ) ;
#2024 = CIRCLE ( 'NONE', #3244, 1.500000000000001332 ) ;
#2025 = DIRECTION ( 'NONE',  ( 1.000000000000000000, 0.000000000000000000, 0.000000000000000000 ) ) ;
#2026 = CARTESIAN_POINT ( 'NONE',  ( 9.503037774257734327, -25.62529294843109540, 0.000000000000000000 ) ) ;
#2027 = AXIS2_PLACEMENT_3D ( 'NONE', #709, #3209, #2964 ) ;
#2028 = ORIENTED_EDGE ( 'NONE', *, *, #1571, .T. ) ;
#2029 = VERTEX_POINT ( 'NONE', #1369 ) ;
#2030 = EDGE_CURVE ( 'NONE', #3165, #602, #2399, .T. ) ;
#2031 = DIRECTION ( 'NONE',  ( 0.000000000000000000, -1.000000000000000000, 0.000000000000000000 ) ) ;
#2032 = AXIS2_PLACEMENT_3D ( 'NONE', #3208, #2963, #1429 ) ;
#2033 = CARTESIAN_POINT ( 'NONE',  ( 16.03503777425773436, 27.02870705156891162, -4.000000000000000000 ) ) ;
#2034 = EDGE_CURVE ( 'NONE', #1643, #3238, #3039, .T. ) ;
#2035 = VECTOR ( 'NONE', #1239, 1000.000000000000000 ) ;
#2036 = ORIENTED_EDGE ( 'NONE', *, *, #3243, .F. ) ;
#2037 = CARTESIAN_POINT ( 'NONE',  ( 13.45303777425773539, -25.62529294843109540, -2.500000000000000000 ) ) ;
#2038 = FACE_OUTER_BOUND ( 'NONE', #2882, .T. ) ;
#2039 = DIRECTION ( 'NONE',  ( -0.000000000000000000, -0.000000000000000000, -1.000000000000000000 ) ) ;
#2040 = FACE_OUTER_BOUND ( 'NONE', #2729, .T. ) ;
#2041 = ORIENTED_EDGE ( 'NONE', *, *, #331, .T. ) ;
#2042 = DIRECTION ( 'NONE',  ( 0.000000000000000000, 0.000000000000000000, 1.000000000000000000 ) ) ;
#2043 = ORIENTED_EDGE ( 'NONE', *, *, #1949, .F. ) ;
#2044 = ADVANCED_FACE ( 'NONE', ( #652 ), #1408, .T. ) ;
#2045 = DIRECTION ( 'NONE',  ( 0.000000000000000000, 0.000000000000000000, -1.000000000000000000 ) ) ;
#2046 = FACE_OUTER_BOUND ( 'NONE', #1426, .T. ) ;
#2047 = ORIENTED_EDGE ( 'NONE', *, *, #713, .F. ) ;
#2048 = VERTEX_POINT ( 'NONE', #2797 ) ;
#2049 = LINE ( 'NONE', #776, #1159 ) ;
#2050 = DIRECTION ( 'NONE',  ( -0.000000000000000000, -0.000000000000000000, -1.000000000000000000 ) ) ;
#2051 = DIRECTION ( 'NONE',  ( 1.000000000000000000, 0.000000000000000000, 0.000000000000000000 ) ) ;
#2052 = LINE ( 'NONE', #1542, #30 ) ;
#2053 = ORIENTED_EDGE ( 'NONE', *, *, #2904, .F. ) ;
#2054 = CIRCLE ( 'NONE', #1086, 1.500000000000001332 ) ;
#2055 = EDGE_CURVE ( 'NONE', #272, #2971, #191, .T. ) ;
#2056 = DIRECTION ( 'NONE',  ( -0.000000000000000000, -0.000000000000000000, -1.000000000000000000 ) ) ;
#2057 = ORIENTED_EDGE ( 'NONE', *, *, #2453, .F. ) ;
#2058 = CARTESIAN_POINT ( 'NONE',  ( -19.46496222574226209, -26.97129294843108838, 3.292323440001584611 ) ) ;
#2059 = DIRECTION ( 'NONE',  ( 0.000000000000000000, 0.000000000000000000, -1.000000000000000000 ) ) ;
#2060 = ORIENTED_EDGE ( 'NONE', *, *, #1148, .F. ) ;
#2061 = DIRECTION ( 'NONE',  ( 1.734723475976807094E-16, -1.000000000000000000, 0.000000000000000000 ) ) ;
#2062 = DIRECTION ( 'NONE',  ( 1.000000000000000000, 0.000000000000000000, -0.000000000000000000 ) ) ;
#2063 = FACE_OUTER_BOUND ( 'NONE', #1648, .T. ) ;
#2064 = DIRECTION ( 'NONE',  ( -0.000000000000000000, 0.000000000000000000, 1.000000000000000000 ) ) ;
#2065 = DIRECTION ( 'NONE',  ( -0.000000000000000000, -0.000000000000000000, -1.000000000000000000 ) ) ;
#2066 = AXIS2_PLACEMENT_3D ( 'NONE', #1645, #2628, #2640 ) ;
#2067 = EDGE_CURVE ( 'NONE', #3199, #2029, #490, .T. ) ;
#2068 = EDGE_CURVE ( 'NONE', #2048, #1561, #1469, .T. ) ;
#2069 = PLANE ( 'NONE',  #248 ) ;
#2070 = EDGE_CURVE ( 'NONE', #1696, #1353, #687, .T. ) ;
#2071 = VERTEX_POINT ( 'NONE', #3281 ) ;
#2072 = AXIS2_PLACEMENT_3D ( 'NONE', #1354, #3148, #295 ) ;
#2073 = DIRECTION ( 'NONE',  ( 1.000000000000000000, -2.312964634635740689E-15, 0.000000000000000000 ) ) ;
#2074 = VERTEX_POINT ( 'NONE', #3032 ) ;
#2075 = FACE_OUTER_BOUND ( 'NONE', #2954, .T. ) ;
#2076 = FACE_OUTER_BOUND ( 'NONE', #1345, .T. ) ;
#2077 = AXIS2_PLACEMENT_3D ( 'NONE', #3106, #814, #2309 ) ;
#2078 = EDGE_LOOP ( 'NONE', ( #1502, #3236, #1121, #1133 ) ) ;
#2079 = AXIS2_PLACEMENT_3D ( 'NONE', #1406, #1740, #1226 ) ;
#2080 = CYLINDRICAL_SURFACE ( 'NONE', #610, 0.9499999999999995115 ) ;
#2081 = FACE_OUTER_BOUND ( 'NONE', #422, .T. ) ;
#2082 = DIRECTION ( 'NONE',  ( 1.000000000000000000, 0.000000000000000000, 0.000000000000000000 ) ) ;
#2083 = CARTESIAN_POINT ( 'NONE',  ( -10.88296222574226668, -25.62529294843109184, -2.500000000000000000 ) ) ;
#2084 = CIRCLE ( 'NONE', #1062, 0.9500000000000029532 ) ;
#2085 = FACE_BOUND ( 'NONE', #3297, .T. ) ;
#2086 = DIRECTION ( 'NONE',  ( -0.000000000000000000, -0.000000000000000000, -1.000000000000000000 ) ) ;
#2087 = VECTOR ( 'NONE', #1236, 1000.000000000000000 ) ;
#2088 = ORIENTED_EDGE ( 'NONE', *, *, #1821, .T. ) ;
#2089 = DIRECTION ( 'NONE',  ( 0.000000000000000000, 1.000000000000000000, 0.000000000000000000 ) ) ;
#2090 = ORIENTED_EDGE ( 'NONE', *, *, #1262, .F. ) ;
#2091 = PLANE ( 'NONE',  #1688 ) ;
#2092 = DIRECTION ( 'NONE',  ( 1.156482317317871971E-16, -1.000000000000000000, 0.000000000000000000 ) ) ;
#2093 = ORIENTED_EDGE ( 'NONE', *, *, #1295, .F. ) ;
#2094 = DIRECTION ( 'NONE',  ( -0.000000000000000000, -0.000000000000000000, -1.000000000000000000 ) ) ;
#2095 = CARTESIAN_POINT ( 'NONE',  ( -16.21496222574226564, -22.47129294843110969, 3.000000000000001776 ) ) ;
#2096 = DIRECTION ( 'NONE',  ( 1.000000000000000000, 0.000000000000000000, -0.000000000000000000 ) ) ;
#2097 = CARTESIAN_POINT ( 'NONE',  ( 14.83503777425773151, -22.47129294843107417, -3.000000000000002665 ) ) ;
#2098 = EDGE_CURVE ( 'NONE', #1353, #2379, #2000, .T. ) ;
#2099 = EDGE_CURVE ( 'NONE', #2074, #894, #2779, .T. ) ;
#2100 = CARTESIAN_POINT ( 'NONE',  ( 11.40303777425773468, -25.62529294843109540, -2.500000000000000000 ) ) ;
#2101 = ADVANCED_FACE ( 'NONE', ( #2467 ), #3001, .F. ) ;
#2102 = FACE_OUTER_BOUND ( 'NONE', #1304, .T. ) ;
#2103 = EDGE_CURVE ( 'NONE', #281, #3265, #582, .T. ) ;
#2104 = CARTESIAN_POINT ( 'NONE',  ( 10.45303777425773362, -25.62529294843109540, 0.000000000000000000 ) ) ;
#2105 = DIRECTION ( 'NONE',  ( 1.000000000000000000, 0.000000000000000000, 0.000000000000000000 ) ) ;
#2106 = EDGE_CURVE ( 'NONE', #2967, #1922, #511, .T. ) ;
#2107 = VERTEX_POINT ( 'NONE', #156 ) ;
#2108 = AXIS2_PLACEMENT_3D ( 'NONE', #1851, #2622, #78 ) ;
#2109 = VECTOR ( 'NONE', #2770, 1000.000000000000000 ) ;
#2110 = ADVANCED_FACE ( 'NONE', ( #1684 ), #2015, .F. ) ;
#2111 = ORIENTED_EDGE ( 'NONE', *, *, #3036, .T. ) ;
#2112 = DIRECTION ( 'NONE',  ( -1.000000000000000000, 0.000000000000000000, 0.000000000000000000 ) ) ;
#2113 = FACE_OUTER_BOUND ( 'NONE', #2178, .T. ) ;
#2114 = ORIENTED_EDGE ( 'NONE', *, *, #323, .T. ) ;
#2115 = DIRECTION ( 'NONE',  ( -1.000000000000000000, 0.000000000000000000, 0.000000000000000000 ) ) ;
#2116 = DIRECTION ( 'NONE',  ( -0.000000000000000000, -0.000000000000000000, 1.000000000000000000 ) ) ;
#2117 = EDGE_CURVE ( 'NONE', #761, #1138, #174, .T. ) ;
#2118 = CIRCLE ( 'NONE', #1798, 1.500000000000001332 ) ;
#2119 = AXIS2_PLACEMENT_3D ( 'NONE', #2494, #914, #132 ) ;
#2120 = DIRECTION ( 'NONE',  ( 1.000000000000000000, 0.000000000000000000, 0.000000000000000000 ) ) ;
#2121 = EDGE_LOOP ( 'NONE', ( #1580, #1484, #1512, #1837 ) ) ;
#2122 = VECTOR ( 'NONE', #2004, 1000.000000000000000 ) ;
#2123 = ORIENTED_EDGE ( 'NONE', *, *, #1456, .F. ) ;
#2124 = AXIS2_PLACEMENT_3D ( 'NONE', #3308, #2278, #3075 ) ;
#2125 = CARTESIAN_POINT ( 'NONE',  ( -16.21496222574229762, 25.27870705156888320, 3.292323440001584611 ) ) ;
#2126 = FACE_OUTER_BOUND ( 'NONE', #644, .T. ) ;
#2127 = CARTESIAN_POINT ( 'NONE',  ( 15.78503777425770060, 22.52870705156892583, 3.000000000000001776 ) ) ;
#2128 = AXIS2_PLACEMENT_3D ( 'NONE', #1310, #2338, #280 ) ;
#2129 = ORIENTED_EDGE ( 'NONE', *, *, #1726, .T. ) ;
#2130 = FACE_OUTER_BOUND ( 'NONE', #124, .T. ) ;
#2131 = AXIS2_PLACEMENT_3D ( 'NONE', #691, #2999, #991 ) ;
#2132 = AXIS2_PLACEMENT_3D ( 'NONE', #2448, #1447, #1176 ) ;
#2133 = EDGE_CURVE ( 'NONE', #3054, #1776, #3016, .T. ) ;
#2134 = LINE ( 'NONE', #1913, #2611 ) ;
#2135 = AXIS2_PLACEMENT_3D ( 'NONE', #3234, #383, #1994 ) ;
#2136 = CIRCLE ( 'NONE', #1113, 0.9499999999999995115 ) ;
#2137 = CARTESIAN_POINT ( 'NONE',  ( -11.83296222574226597, 25.68270705156890443, -2.500000000000000000 ) ) ;
#2138 = DIRECTION ( 'NONE',  ( -0.000000000000000000, -0.000000000000000000, 1.000000000000000000 ) ) ;
#2139 = ORIENTED_EDGE ( 'NONE', *, *, #60, .T. ) ;
#2140 = ORIENTED_EDGE ( 'NONE', *, *, #619, .T. ) ;
#2141 = APPLICATION_CONTEXT ( 'automotive_design' ) ;
#2142 = DIRECTION ( 'NONE',  ( -0.000000000000000000, -0.000000000000000000, -1.000000000000000000 ) ) ;
#2143 = CARTESIAN_POINT ( 'NONE',  ( 11.40303777425773468, 25.68270705156890443, 0.000000000000000000 ) ) ;
#2144 = EDGE_LOOP ( 'NONE', ( #1436, #2953 ) ) ;
#2145 = CARTESIAN_POINT ( 'NONE',  ( -16.21496222574229762, 22.52870705156889031, -3.000000000000002665 ) ) ;
#2146 = LINE ( 'NONE', #2414, #849 ) ;
#2147 = CYLINDRICAL_SURFACE ( 'NONE', #3146, 1.500000000000001332 ) ;
#2148 = CARTESIAN_POINT ( 'NONE',  ( -16.21496222574226564, -22.47129294843110969, 3.292323440001584611 ) ) ;
#2149 = ORIENTED_EDGE ( 'NONE', *, *, #25, .T. ) ;
#2150 = EDGE_CURVE ( 'NONE', #186, #1717, #2916, .T. ) ;
#2151 = ADVANCED_FACE ( 'NONE', ( #1963 ), #2982, .F. ) ;
#2152 = ORIENTED_EDGE ( 'NONE', *, *, #2631, .F. ) ;
#2153 = ADVANCED_FACE ( 'NONE', ( #3242 ), #959, .F. ) ;
#2154 = CYLINDRICAL_SURFACE ( 'NONE', #2720, 0.9499999999999995115 ) ;
#2155 = LINE ( 'NONE', #2924, #1311 ) ;
#2156 = AXIS2_PLACEMENT_3D ( 'NONE', #340, #616, #1378 ) ;
#2157 = VECTOR ( 'NONE', #1224, 1000.000000000000000 ) ;
#2158 = VERTEX_POINT ( 'NONE', #1487 ) ;
#2159 = CARTESIAN_POINT ( 'NONE',  ( 16.03503777425773791, -28.47129294843108482, -4.000000000000000000 ) ) ;
#2160 = ORIENTED_EDGE ( 'NONE', *, *, #2162, .T. ) ;
#2161 = DIRECTION ( 'NONE',  ( 1.000000000000000000, 0.000000000000000000, 0.000000000000000000 ) ) ;
#2162 = EDGE_CURVE ( 'NONE', #388, #3216, #1470, .T. ) ;
#2163 = ADVANCED_FACE ( 'NONE', ( #2271 ), #3103, .F. ) ;
#2164 = DIRECTION ( 'NONE',  ( -1.000000000000000000, 0.000000000000000000, -0.000000000000000000 ) ) ;
#2165 = EDGE_CURVE ( 'NONE', #3022, #892, #275, .T. ) ;
#2166 = AXIS2_PLACEMENT_3D ( 'NONE', #1768, #2774, #472 ) ;
#2167 = PLANE ( 'NONE',  #844 ) ;
#2168 = ORIENTED_EDGE ( 'NONE', *, *, #2862, .F. ) ;
#2169 = AXIS2_PLACEMENT_3D ( 'NONE', #184, #1658, #2248 ) ;
#2170 = EDGE_LOOP ( 'NONE', ( #2740, #2642, #3258, #2246 ) ) ;
#2171 = ORIENTED_EDGE ( 'NONE', *, *, #1878, .F. ) ;
#2172 = VECTOR ( 'NONE', #1679, 1000.000000000000000 ) ;
#2173 = CARTESIAN_POINT ( 'NONE',  ( 10.45303777425773362, -25.62529294843109540, -2.500000000000000000 ) ) ;
#2174 = DIRECTION ( 'NONE',  ( 0.000000000000000000, 0.000000000000000000, -1.000000000000000000 ) ) ;
#2175 = VECTOR ( 'NONE', #2375, 1000.000000000000000 ) ;
#2176 = ORIENTED_EDGE ( 'NONE', *, *, #980, .T. ) ;
#2177 = FACE_OUTER_BOUND ( 'NONE', #2495, .T. ) ;
#2178 = EDGE_LOOP ( 'NONE', ( #2706, #1879, #115, #2028 ) ) ;
#2179 = VECTOR ( 'NONE', #2848, 1000.000000000000000 ) ;
#2180 = FACE_OUTER_BOUND ( 'NONE', #1188, .T. ) ;
#2181 = VECTOR ( 'NONE', #1027, 1000.000000000000000 ) ;
#2182 = AXIS2_PLACEMENT_3D ( 'NONE', #905, #609, #3151 ) ;
#2183 = DIRECTION ( 'NONE',  ( -1.000000000000000000, -2.703465157366452467E-16, -0.000000000000000000 ) ) ;
#2184 = CARTESIAN_POINT ( 'NONE',  ( 15.78503777425776988, 25.27870705156888320, -4.002000000000000668 ) ) ;
#2185 = AXIS2_PLACEMENT_3D ( 'NONE', #1789, #2822, #2839 ) ;
#2186 = ORIENTED_EDGE ( 'NONE', *, *, #91, .T. ) ;
#2187 = ORIENTED_EDGE ( 'NONE', *, *, #3273, .F. ) ;
#2188 = AXIS2_PLACEMENT_3D ( 'NONE', #1419, #2488, #2524 ) ;
#2189 = EDGE_LOOP ( 'NONE', ( #97, #701, #818, #3320 ) ) ;
#2190 = ORIENTED_EDGE ( 'NONE', *, *, #1571, .F. ) ;
#2191 = DIRECTION ( 'NONE',  ( -0.000000000000000000, -0.000000000000000000, 1.000000000000000000 ) ) ;
#2192 = DIRECTION ( 'NONE',  ( 0.000000000000000000, 0.000000000000000000, 1.000000000000000000 ) ) ;
#2193 = ORIENTED_EDGE ( 'NONE', *, *, #1558, .T. ) ;
#2194 = CARTESIAN_POINT ( 'NONE',  ( 17.53503777425774146, -26.22129294843107061, -2.500000000000000000 ) ) ;
#2195 = VERTEX_POINT ( 'NONE', #542 ) ;
#2196 = CARTESIAN_POINT ( 'NONE',  ( 15.78503777425775390, -19.72129294843107417, -2.500000000000000000 ) ) ;
#2197 = DIRECTION ( 'NONE',  ( -0.000000000000000000, -0.000000000000000000, -1.000000000000000000 ) ) ;
#2198 = EDGE_CURVE ( 'NONE', #841, #1749, #1830, .T. ) ;
#2199 = CARTESIAN_POINT ( 'NONE',  ( 16.03503777425773791, -29.97129294843108838, -3.499999999999999556 ) ) ;
#2200 = EDGE_CURVE ( 'NONE', #2496, #2107, #2284, .T. ) ;
#2201 = EDGE_CURVE ( 'NONE', #1669, #1696, #2307, .T. ) ;
#2202 = EDGE_CURVE ( 'NONE', #2749, #113, #1900, .T. ) ;
#2203 = DIRECTION ( 'NONE',  ( 0.000000000000000000, 0.000000000000000000, 1.000000000000000000 ) ) ;
#2204 = SHAPE_DEFINITION_REPRESENTATION ( #2754, #2552 ) ;
#2205 = ORIENTED_EDGE ( 'NONE', *, *, #1786, .F. ) ;
#2207 = EDGE_LOOP ( 'NONE', ( #1248, #854 ) ) ;
#2206 = PLANE ( 'NONE',  #1376 ) ;
#2208 = ORIENTED_EDGE ( 'NONE', *, *, #2117, .F. ) ;
#2209 = EDGE_CURVE ( 'NONE', #1877, #1381, #1674, .T. ) ;
#2210 = DIRECTION ( 'NONE',  ( -0.000000000000000000, 0.000000000000000000, 1.000000000000000000 ) ) ;
#2211 = CARTESIAN_POINT ( 'NONE',  ( 16.03503777425773436, 27.02870705156891162, -3.499999999999999556 ) ) ;
#2212 = EDGE_CURVE ( 'NONE', #1367, #1934, #2545, .T. ) ;
#2213 = ORIENTED_EDGE ( 'NONE', *, *, #1295, .T. ) ;
#2214 = CARTESIAN_POINT ( 'NONE',  ( -19.46496222574226920, 30.02870705156890097, 3.292323440001584611 ) ) ;
#2215 = CIRCLE ( 'NONE', #556, 0.9499999999999995115 ) ;
#2216 = VERTEX_POINT ( 'NONE', #3071 ) ;
#2217 = CARTESIAN_POINT ( 'NONE',  ( -10.88296222574226668, 25.68270705156890443, 0.000000000000000000 ) ) ;
#2218 = FACE_BOUND ( 'NONE', #930, .T. ) ;
#2219 = CARTESIAN_POINT ( 'NONE',  ( -16.46496222574226920, 30.02870705156890097, -4.000000000000000000 ) ) ;
#2220 = DIRECTION ( 'NONE',  ( 1.000000000000000000, 0.000000000000000000, 0.000000000000000000 ) ) ;
#2221 = EDGE_CURVE ( 'NONE', #1678, #1353, #2583, .T. ) ;
#2222 = ORIENTED_EDGE ( 'NONE', *, *, #726, .T. ) ;
#2224 = VERTEX_POINT ( 'NONE', #824 ) ;
#2223 = DIRECTION ( 'NONE',  ( 0.000000000000000000, 0.000000000000000000, 1.000000000000000000 ) ) ;
#2225 = ORIENTED_EDGE ( 'NONE', *, *, #308, .F. ) ;
#2226 = ORIENTED_EDGE ( 'NONE', *, *, #2503, .F. ) ;
#2227 = AXIS2_PLACEMENT_3D ( 'NONE', #1709, #1725, #1430 ) ;
#2228 = CARTESIAN_POINT ( 'NONE',  ( 15.78503777425770060, 22.52870705156892583, 3.292323440001584611 ) ) ;
#2229 = FACE_OUTER_BOUND ( 'NONE', #217, .T. ) ;
#2230 = ORIENTED_EDGE ( 'NONE', *, *, #2608, .T. ) ;
#2231 = VECTOR ( 'NONE', #143, 1000.000000000000000 ) ;
#2232 = ORIENTED_EDGE ( 'NONE', *, *, #1773, .F. ) ;
#2233 = CARTESIAN_POINT ( 'NONE',  ( -14.71496222574226387, -22.47129294843110969, 3.000000000000001776 ) ) ;
#2234 = PLANE ( 'NONE',  #3280 ) ;
#2235 = DIRECTION ( 'NONE',  ( 1.000000000000000000, 1.734723475976807094E-16, -0.000000000000000000 ) ) ;
#2236 = AXIS2_PLACEMENT_3D ( 'NONE', #3105, #1831, #3119 ) ;
#2237 = EDGE_CURVE ( 'NONE', #1399, #366, #1308, .T. ) ;
#2238 = CARTESIAN_POINT ( 'NONE',  ( -10.88296222574226668, -25.62529294843109184, -2.500000000000000000 ) ) ;
#2239 = CIRCLE ( 'NONE', #1807, 0.9500000000000029532 ) ;
#2240 = CARTESIAN_POINT ( 'NONE',  ( -9.934129258355474335, 28.52870705156890097, 0.000000000000000000 ) ) ;
#2241 = ORIENTED_EDGE ( 'NONE', *, *, #1746, .F. ) ;
#2242 = VECTOR ( 'NONE', #58, 1000.000000000000000 ) ;
#2243 = AXIS2_PLACEMENT_3D ( 'NONE', #2173, #2210, #931 ) ;
#2245 = ORIENTED_EDGE ( 'NONE', *, *, #385, .T. ) ;
#2244 = DIRECTION ( 'NONE',  ( 1.000000000000000000, 0.000000000000000000, 0.000000000000000000 ) ) ;
#2246 = ORIENTED_EDGE ( 'NONE', *, *, #3154, .T. ) ;
#2247 = CARTESIAN_POINT ( 'NONE',  ( 0.000000000000000000, 0.000000000000000000, -2.500000000000000000 ) ) ;
#2248 = DIRECTION ( 'NONE',  ( 1.156482317317871971E-16, -1.000000000000000000, 0.000000000000000000 ) ) ;
#2249 = VECTOR ( 'NONE', #2589, 1000.000000000000000 ) ;
#2250 = ORIENTED_EDGE ( 'NONE', *, *, #660, .F. ) ;
#2251 = DIRECTION ( 'NONE',  ( -0.000000000000000000, -0.000000000000000000, -1.000000000000000000 ) ) ;
#2252 = DIRECTION ( 'NONE',  ( 1.000000000000000000, 0.000000000000000000, 0.000000000000000000 ) ) ;
#2253 = CARTESIAN_POINT ( 'NONE',  ( 9.503037774257734327, 25.68270705156890443, -2.500000000000000000 ) ) ;
#2254 = CARTESIAN_POINT ( 'NONE',  ( 10.45303777425773362, 25.68270705156890443, -2.500000000000000000 ) ) ;
#2255 = LINE ( 'NONE', #1233, #846 ) ;
#2256 = ORIENTED_EDGE ( 'NONE', *, *, #1396, .F. ) ;
#2257 = DIRECTION ( 'NONE',  ( -0.000000000000000000, -0.000000000000000000, -1.000000000000000000 ) ) ;
#2258 = CARTESIAN_POINT ( 'NONE',  ( -13.88296222574226668, -25.62529294843109184, -2.500000000000000000 ) ) ;
#2259 = AXIS2_PLACEMENT_3D ( 'NONE', #1486, #1245, #139 ) ;
#2260 = VERTEX_POINT ( 'NONE', #523 ) ;
#2261 = EDGE_LOOP ( 'NONE', ( #1779, #2574, #2010, #1954 ) ) ;
#2262 = CARTESIAN_POINT ( 'NONE',  ( 16.03503777425773791, 30.02870705156891162, 3.292323440001584611 ) ) ;
#2263 = CARTESIAN_POINT ( 'NONE',  ( -19.46496222574226209, -29.97129294843108838, -3.499999999999999556 ) ) ;
#2264 = EDGE_CURVE ( 'NONE', #3238, #1381, #243, .T. ) ;
#2265 = EDGE_CURVE ( 'NONE', #1960, #3180, #2335, .T. ) ;
#2266 = ORIENTED_EDGE ( 'NONE', *, *, #2351, .F. ) ;
#2267 = LINE ( 'NONE', #3027, #1335 ) ;
#2268 = ORIENTED_EDGE ( 'NONE', *, *, #901, .T. ) ;
#2269 = CARTESIAN_POINT ( 'NONE',  ( 19.03503777425774146, -26.97129294843108482, -3.499999999999999556 ) ) ;
#2270 = CARTESIAN_POINT ( 'NONE',  ( -16.46496222574226209, -26.97129294843108838, 3.292323440001584611 ) ) ;
#2271 = FACE_OUTER_BOUND ( 'NONE', #1951, .T. ) ;
#2272 = DIRECTION ( 'NONE',  ( 1.734723475976807094E-16, -1.000000000000000000, 0.000000000000000000 ) ) ;
#2273 = AXIS2_PLACEMENT_3D ( 'NONE', #3262, #992, #1724 ) ;
#2274 = ADVANCED_FACE ( 'NONE', ( #2873 ), #3084, .F. ) ;
#2275 = APPLICATION_CONTEXT ( 'automotive_design' ) ;
#2276 = ORIENTED_EDGE ( 'NONE', *, *, #28, .T. ) ;
#2277 = EDGE_CURVE ( 'NONE', #2928, #1960, #1260, .T. ) ;
#2278 = DIRECTION ( 'NONE',  ( -0.000000000000000000, -0.000000000000000000, 1.000000000000000000 ) ) ;
#2279 = CARTESIAN_POINT ( 'NONE',  ( 17.28503777425773791, -22.47129294843107417, 3.000000000000001776 ) ) ;
#2280 = ORIENTED_EDGE ( 'NONE', *, *, #3059, .F. ) ;
#2281 = ORIENTED_EDGE ( 'NONE', *, *, #308, .T. ) ;
#2282 = LINE ( 'NONE', #3293, #2035 ) ;
#2283 = DIRECTION ( 'NONE',  ( -0.000000000000000000, -0.000000000000000000, -1.000000000000000000 ) ) ;
#2284 = CIRCLE ( 'NONE', #13, 1.500000000000001332 ) ;
#2285 = ORIENTED_EDGE ( 'NONE', *, *, #1797, .T. ) ;
#2286 = DIRECTION ( 'NONE',  ( -1.000000000000000000, 0.000000000000000000, 0.000000000000000000 ) ) ;
#2287 = DIRECTION ( 'NONE',  ( 2.135044278125326586E-15, -1.000000000000000000, 0.000000000000000000 ) ) ;
#2288 = CARTESIAN_POINT ( 'NONE',  ( -17.96496222574226564, 26.27870705156888320, -4.000000000000000000 ) ) ;
#2289 = AXIS2_PLACEMENT_3D ( 'NONE', #167, #1734, #2975 ) ;
#2290 = CIRCLE ( 'NONE', #1049, 0.9499999999999995115 ) ;
#2291 = CIRCLE ( 'NONE', #2553, 2.499999999999998668 ) ;
#2292 = CARTESIAN_POINT ( 'NONE',  ( 10.45303777425773362, -25.62529294843109540, 0.000000000000000000 ) ) ;
#2293 = EDGE_CURVE ( 'NONE', #3138, #2029, #263, .T. ) ;
#2294 = ORIENTED_EDGE ( 'NONE', *, *, #829, .T. ) ;
#2295 = AXIS2_PLACEMENT_3D ( 'NONE', #3210, #2346, #104 ) ;
#2296 = VECTOR ( 'NONE', #919, 1000.000000000000000 ) ;
#2297 = PLANE ( 'NONE',  #1860 ) ;
#2298 = AXIS2_PLACEMENT_3D ( 'NONE', #2573, #1817, #265 ) ;
#2299 = ORIENTED_EDGE ( 'NONE', *, *, #231, .F. ) ;
#2300 = FACE_OUTER_BOUND ( 'NONE', #36, .T. ) ;
#2301 = PRODUCT_DEFINITION_CONTEXT ( 'detailed design', #2275, 'design' ) ;
#2302 = CARTESIAN_POINT ( 'NONE',  ( 10.45303777425773362, 25.68270705156890443, 0.000000000000000000 ) ) ;
#2303 = ORIENTED_EDGE ( 'NONE', *, *, #1746, .T. ) ;
#2304 = EDGE_LOOP ( 'NONE', ( #2757, #1841 ) ) ;
#2305 = LINE ( 'NONE', #1292, #1810 ) ;
#2306 = FACE_BOUND ( 'NONE', #3203, .T. ) ;
#2307 = LINE ( 'NONE', #1520, #2597 ) ;
#2308 = EDGE_CURVE ( 'NONE', #218, #1198, #810, .T. ) ;
#2309 = DIRECTION ( 'NONE',  ( -1.000000000000000000, 0.000000000000000000, 0.000000000000000000 ) ) ;
#2310 = VERTEX_POINT ( 'NONE', #1073 ) ;
#2311 = FACE_OUTER_BOUND ( 'NONE', #929, .T. ) ;
#2312 = ORIENTED_EDGE ( 'NONE', *, *, #1024, .T. ) ;
#2313 = DIRECTION ( 'NONE',  ( -1.000000000000000000, 0.000000000000000000, 0.000000000000000000 ) ) ;
#2314 = CARTESIAN_POINT ( 'NONE',  ( 17.53503777425773791, -18.72129294843107772, 3.292323440001584611 ) ) ;
#2315 = EDGE_CURVE ( 'NONE', #2979, #688, #507, .T. ) ;
#2316 = ORIENTED_EDGE ( 'NONE', *, *, #1400, .F. ) ;
#2317 = ORIENTED_EDGE ( 'NONE', *, *, #2409, .F. ) ;
#2318 = LINE ( 'NONE', #2, #2836 ) ;
#2319 = DIRECTION ( 'NONE',  ( -2.703465157366452467E-16, 1.000000000000000000, 0.000000000000000000 ) ) ;
#2320 = CARTESIAN_POINT ( 'NONE',  ( -13.88296222574226668, 25.68270705156890443, 0.000000000000000000 ) ) ;
#2321 = EDGE_CURVE ( 'NONE', #2972, #360, #3317, .T. ) ;
#2322 = CARTESIAN_POINT ( 'NONE',  ( -16.21496222574226564, -22.47129294843110969, -3.000000000000002665 ) ) ;
#2323 = FACE_OUTER_BOUND ( 'NONE', #2419, .T. ) ;
#2324 = ORIENTED_EDGE ( 'NONE', *, *, #2904, .T. ) ;
#2325 = AXIS2_PLACEMENT_3D ( 'NONE', #860, #2599, #2371 ) ;
#2326 = CARTESIAN_POINT ( 'NONE',  ( -16.21496222574229762, 22.52870705156889031, -4.002000000000000668 ) ) ;
#2327 = ORIENTED_EDGE ( 'NONE', *, *, #2409, .T. ) ;
#2328 = EDGE_CURVE ( 'NONE', #3124, #2747, #232, .T. ) ;
#2329 = CARTESIAN_POINT ( 'NONE',  ( -16.21496222574229762, 22.52870705156888675, 3.000000000000001776 ) ) ;
#2330 = DIRECTION ( 'NONE',  ( -1.000000000000000000, -1.156482317317871971E-16, 0.000000000000000000 ) ) ;
#2331 = EDGE_LOOP ( 'NONE', ( #1299, #208, #637, #2168 ) ) ;
#2332 = CYLINDRICAL_SURFACE ( 'NONE', #408, 0.9499999999999995115 ) ;
#2333 = PLANE ( 'NONE',  #1418 ) ;
#2334 = DIRECTION ( 'NONE',  ( 1.000000000000000000, 0.000000000000000000, 0.000000000000000000 ) ) ;
#2335 = CIRCLE ( 'NONE', #1263, 1.000000000000000888 ) ;
#2336 = CYLINDRICAL_SURFACE ( 'NONE', #1366, 0.9499999999999995115 ) ;
#2337 = AXIS2_PLACEMENT_3D ( 'NONE', #2732, #384, #2461 ) ;
#2338 = DIRECTION ( 'NONE',  ( 0.000000000000000000, 0.000000000000000000, 1.000000000000000000 ) ) ;
#2339 = ORIENTED_EDGE ( 'NONE', *, *, #1618, .F. ) ;
#2340 = CIRCLE ( 'NONE', #1801, 1.500000000000001332 ) ;
#2341 = VECTOR ( 'NONE', #42, 1000.000000000000000 ) ;
#2342 = CARTESIAN_POINT ( 'NONE',  ( 14.28503777425773436, -22.47129294843107417, 3.000000000000001776 ) ) ;
#2343 = LINE ( 'NONE', #305, #1489 ) ;
#2344 = ORIENTED_EDGE ( 'NONE', *, *, #2861, .F. ) ;
#2345 = VECTOR ( 'NONE', #1384, 1000.000000000000000 ) ;
#2346 = DIRECTION ( 'NONE',  ( -0.000000000000000000, -0.000000000000000000, -1.000000000000000000 ) ) ;
#2347 = DIRECTION ( 'NONE',  ( -1.000000000000000000, 0.000000000000000000, 0.000000000000000000 ) ) ;
#2348 = VECTOR ( 'NONE', #2947, 1000.000000000000000 ) ;
#2349 = ADVANCED_FACE ( 'NONE', ( #369 ), #2655, .F. ) ;
#2350 = ORIENTED_EDGE ( 'NONE', *, *, #839, .T. ) ;
#2351 = EDGE_CURVE ( 'NONE', #2922, #2074, #1882, .T. ) ;
#2352 = LINE ( 'NONE', #1117, #1302 ) ;
#2353 = CARTESIAN_POINT ( 'NONE',  ( 16.03503777425773791, -26.97129294843108838, -4.000000000000000000 ) ) ;
#2354 = FACE_BOUND ( 'NONE', #3158, .T. ) ;
#2355 = CARTESIAN_POINT ( 'NONE',  ( 16.03503777425773791, 29.52870705156891162, -4.000000000000000000 ) ) ;
#2356 = AXIS2_PLACEMENT_3D ( 'NONE', #3143, #2142, #2112 ) ;
#2357 = DIRECTION ( 'NONE',  ( 1.000000000000000000, 0.000000000000000000, 0.000000000000000000 ) ) ;
#2358 = CARTESIAN_POINT ( 'NONE',  ( 15.78503777425773613, -22.47129294843107417, -3.000000000000002665 ) ) ;
#2359 = AXIS2_PLACEMENT_3D ( 'NONE', #2783, #734, #1753 ) ;
#2360 = EDGE_CURVE ( 'NONE', #2635, #1367, #3157, .T. ) ;
#2361 = CARTESIAN_POINT ( 'NONE',  ( -7.714959791634052877, -28.47129294843108482, 3.292323440001584611 ) ) ;
#2362 = FACE_OUTER_BOUND ( 'NONE', #868, .T. ) ;
#2363 = ORIENTED_EDGE ( 'NONE', *, *, #2209, .T. ) ;
#2364 = DIRECTION ( 'NONE',  ( 1.000000000000000000, 0.000000000000000000, 0.000000000000000000 ) ) ;
#2365 = VERTEX_POINT ( 'NONE', #2912 ) ;
#2366 = CARTESIAN_POINT ( 'NONE',  ( 16.53503777425774501, -25.22129294843106706, -4.002000000000000668 ) ) ;
#2367 = DIRECTION ( 'NONE',  ( -1.000000000000000000, -1.156482317317871971E-16, 0.000000000000000000 ) ) ;
#2368 = CARTESIAN_POINT ( 'NONE',  ( -19.46496222574226920, 30.02870705156890097, -4.000000000000000000 ) ) ;
#2369 = EDGE_CURVE ( 'NONE', #614, #1116, #16, .T. ) ;
#2370 = CARTESIAN_POINT ( 'NONE',  ( 14.28503777425770060, 22.52870705156892583, 3.000000000000001776 ) ) ;
#2371 = DIRECTION ( 'NONE',  ( 1.000000000000000000, 0.000000000000000000, 0.000000000000000000 ) ) ;
#2372 = CARTESIAN_POINT ( 'NONE',  ( -16.46496222574226920, 30.02870705156890097, 3.292323440001584611 ) ) ;
#2373 = CARTESIAN_POINT ( 'NONE',  ( 16.53503777425773791, -19.72129294843107417, -4.002000000000000668 ) ) ;
#2374 = EDGE_CURVE ( 'NONE', #918, #2909, #2118, .T. ) ;
#2375 = DIRECTION ( 'NONE',  ( -0.000000000000000000, -0.000000000000000000, -1.000000000000000000 ) ) ;
#2376 = ORIENTED_EDGE ( 'NONE', *, *, #2558, .F. ) ;
#2377 = VECTOR ( 'NONE', #2646, 1000.000000000000000 ) ;
#2378 = ADVANCED_FACE ( 'NONE', ( #2900 ), #316, .T. ) ;
#2379 = VERTEX_POINT ( 'NONE', #3144 ) ;
#2380 = CARTESIAN_POINT ( 'NONE',  ( -16.96496222574226564, 26.27870705156888320, -4.002000000000000668 ) ) ;
#2381 = PLANE ( 'NONE',  #2427 ) ;
#2382 = ORIENTED_EDGE ( 'NONE', *, *, #2328, .F. ) ;
#2383 = CARTESIAN_POINT ( 'NONE',  ( -16.21496222574229407, 19.77870705156889031, -4.002000000000000668 ) ) ;
#2384 = PLANE ( 'NONE',  #2182 ) ;
#2385 = AXIS2_PLACEMENT_3D ( 'NONE', #725, #417, #939 ) ;
#2386 = EDGE_CURVE ( 'NONE', #1713, #2938, #2394, .T. ) ;
#2387 = DIRECTION ( 'NONE',  ( 1.000000000000000000, 0.000000000000000000, 0.000000000000000000 ) ) ;
#2388 = ORIENTED_EDGE ( 'NONE', *, *, #3073, .T. ) ;
#2389 = AXIS2_PLACEMENT_3D ( 'NONE', #1845, #1606, #1621 ) ;
#2390 = ORIENTED_EDGE ( 'NONE', *, *, #829, .F. ) ;
#2391 = ORIENTED_EDGE ( 'NONE', *, *, #1659, .T. ) ;
#2392 = CARTESIAN_POINT ( 'NONE',  ( 15.78503777425770060, 22.52870705156892583, 3.000000000000001776 ) ) ;
#2393 = DIRECTION ( 'NONE',  ( -1.000000000000000000, 0.000000000000000000, 0.000000000000000000 ) ) ;
#2394 = LINE ( 'NONE', #99, #2966 ) ;
#2395 = CIRCLE ( 'NONE', #3181, 3.000000000000000888 ) ;
#2396 = ORIENTED_EDGE ( 'NONE', *, *, #3109, .T. ) ;
#2397 = DIRECTION ( 'NONE',  ( -0.000000000000000000, -0.000000000000000000, -1.000000000000000000 ) ) ;
#2398 = AXIS2_PLACEMENT_3D ( 'NONE', #1518, #1041, #2062 ) ;
#2399 = LINE ( 'NONE', #640, #2984 ) ;
#2400 = AXIS2_PLACEMENT_3D ( 'NONE', #2380, #1616, #1364 ) ;
#2401 = EDGE_CURVE ( 'NONE', #3322, #1265, #2155, .T. ) ;
#2402 = VECTOR ( 'NONE', #1530, 1000.000000000000000 ) ;
#2403 = FACE_BOUND ( 'NONE', #1695, .T. ) ;
#2404 = DIRECTION ( 'NONE',  ( 1.000000000000000000, 0.000000000000000000, 0.000000000000000000 ) ) ;
#2405 = ORIENTED_EDGE ( 'NONE', *, *, #2293, .T. ) ;
#2406 = EDGE_LOOP ( 'NONE', ( #545, #648, #836, #1923 ) ) ;
#2407 = LINE ( 'NONE', #590, #136 ) ;
#2408 = DIRECTION ( 'NONE',  ( 1.156482317317871971E-16, -1.000000000000000000, 0.000000000000000000 ) ) ;
#2409 = EDGE_CURVE ( 'NONE', #815, #1866, #1340, .T. ) ;
#2410 = ADVANCED_FACE ( 'NONE', ( #2113 ), #1863, .F. ) ;
#2411 = ORIENTED_EDGE ( 'NONE', *, *, #371, .F. ) ;
#2412 = CARTESIAN_POINT ( 'NONE',  ( -18.96496222574226564, 27.02870705156890097, -4.000000000000000000 ) ) ;
#2413 = EDGE_CURVE ( 'NONE', #1866, #2744, #2011, .T. ) ;
#2414 = CARTESIAN_POINT ( 'NONE',  ( 17.53503777425773080, 27.02870705156891162, -4.000000000000000000 ) ) ;
#2415 = DIRECTION ( 'NONE',  ( -0.000000000000000000, 0.000000000000000000, -1.000000000000000000 ) ) ;
#2416 = CARTESIAN_POINT ( 'NONE',  ( -15.26496222574230011, 22.52870705156889031, -3.000000000000002665 ) ) ;
#2417 = VERTEX_POINT ( 'NONE', #636 ) ;
#2418 = ORIENTED_EDGE ( 'NONE', *, *, #385, .F. ) ;
#2419 = EDGE_LOOP ( 'NONE', ( #2804, #266, #1481, #1819, #2405, #743, #2176, #2129 ) ) ;
#2420 = DIRECTION ( 'NONE',  ( -0.000000000000000000, -0.000000000000000000, -1.000000000000000000 ) ) ;
#2421 = DIRECTION ( 'NONE',  ( 1.000000000000000000, 0.000000000000000000, 0.000000000000000000 ) ) ;
#2422 = ORIENTED_EDGE ( 'NONE', *, *, #276, .F. ) ;
#2423 = CARTESIAN_POINT ( 'NONE',  ( 17.53503777425773080, 30.02870705156891162, -2.500000000000000000 ) ) ;
#2424 = VERTEX_POINT ( 'NONE', #1894 ) ;
#2425 = CARTESIAN_POINT ( 'NONE',  ( 17.53503777425773080, 30.02870705156891162, -4.000000000000000000 ) ) ;
#2426 = CARTESIAN_POINT ( 'NONE',  ( -16.46496222574226920, 30.02870705156890097, -3.499999999999999556 ) ) ;
#2427 = AXIS2_PLACEMENT_3D ( 'NONE', #71, #1099, #2421 ) ;
#2428 = ORIENTED_EDGE ( 'NONE', *, *, #1921, .T. ) ;
#2429 = CIRCLE ( 'NONE', #2289, 0.9499999999999995115 ) ;
#2430 = EDGE_CURVE ( 'NONE', #2791, #1544, #176, .T. ) ;
#2431 = ORIENTED_EDGE ( 'NONE', *, *, #3150, .T. ) ;
#2432 = VERTEX_POINT ( 'NONE', #2671 ) ;
#2433 = VERTEX_POINT ( 'NONE', #1389 ) ;
#2434 = ADVANCED_FACE ( 'NONE', ( #1350 ), #2381, .T. ) ;
#2435 = ADVANCED_FACE ( 'NONE', ( #112, #1143 ), #857, .T. ) ;
#2436 = VECTOR ( 'NONE', #2643, 1000.000000000000000 ) ;
#2437 = CYLINDRICAL_SURFACE ( 'NONE', #252, 1.500000000000001332 ) ;
#2438 = DIRECTION ( 'NONE',  ( -0.000000000000000000, -0.000000000000000000, -1.000000000000000000 ) ) ;
#2439 = ADVANCED_FACE ( 'NONE', ( #342 ), #1365, .F. ) ;
#2440 = CIRCLE ( 'NONE', #1104, 1.000000000000000888 ) ;
#2441 = ORIENTED_EDGE ( 'NONE', *, *, #363, .T. ) ;
#2442 = LINE ( 'NONE', #2423, #1631 ) ;
#2443 = ADVANCED_FACE ( 'NONE', ( #429 ), #1440, .F. ) ;
#2444 = ORIENTED_EDGE ( 'NONE', *, *, #2976, .T. ) ;
#2445 = LINE ( 'NONE', #2196, #1416 ) ;
#2446 = LINE ( 'NONE', #1741, #2483 ) ;
#2447 = AXIS2_PLACEMENT_3D ( 'NONE', #3037, #3017, #3002 ) ;
#2448 = CARTESIAN_POINT ( 'NONE',  ( -10.88296222574226668, -25.62529294843109184, 0.000000000000000000 ) ) ;
#2449 = AXIS2_PLACEMENT_3D ( 'NONE', #319, #1103, #3239 ) ;
#2450 = AXIS2_PLACEMENT_3D ( 'NONE', #3263, #671, #436 ) ;
#2451 = AXIS2_PLACEMENT_3D ( 'NONE', #2889, #355, #604 ) ;
#2452 = DIRECTION ( 'NONE',  ( -1.000000000000000000, 0.000000000000000000, 0.000000000000000000 ) ) ;
#2453 = EDGE_CURVE ( 'NONE', #1198, #1749, #665, .T. ) ;
#2454 = DIRECTION ( 'NONE',  ( 1.000000000000000000, 0.000000000000000000, 0.000000000000000000 ) ) ;
#2455 = ORIENTED_EDGE ( 'NONE', *, *, #2994, .T. ) ;
#2457 = ORIENTED_EDGE ( 'NONE', *, *, #795, .F. ) ;
#2456 = DIRECTION ( 'NONE',  ( -0.000000000000000000, 0.000000000000000000, 1.000000000000000000 ) ) ;
#2458 = ORIENTED_EDGE ( 'NONE', *, *, #2618, .T. ) ;
#2459 = ORIENTED_EDGE ( 'NONE', *, *, #656, .T. ) ;
#2460 = LINE ( 'NONE', #1718, #2987 ) ;
#2461 = DIRECTION ( 'NONE',  ( 1.000000000000000000, 0.000000000000000000, 0.000000000000000000 ) ) ;
#2462 = ORIENTED_EDGE ( 'NONE', *, *, #1965, .T. ) ;
#2463 = EDGE_CURVE ( 'NONE', #894, #2074, #3023, .T. ) ;
#2464 = ORIENTED_EDGE ( 'NONE', *, *, #1797, .F. ) ;
#2465 = DIRECTION ( 'NONE',  ( 1.000000000000000000, 0.000000000000000000, 0.000000000000000000 ) ) ;
#2466 = DIRECTION ( 'NONE',  ( -0.000000000000000000, -0.000000000000000000, -1.000000000000000000 ) ) ;
#2467 = FACE_OUTER_BOUND ( 'NONE', #1387, .T. ) ;
#2468 = LINE ( 'NONE', #3224, #127 ) ;
#2469 = FACE_OUTER_BOUND ( 'NONE', #2800, .T. ) ;
#2470 = ORIENTED_EDGE ( 'NONE', *, *, #1651, .T. ) ;
#2472 = ORIENTED_EDGE ( 'NONE', *, *, #3283, .F. ) ;
#2471 = CARTESIAN_POINT ( 'NONE',  ( -16.46496222574226209, -28.47129294843108482, 3.292323440001584611 ) ) ;
#2473 = VERTEX_POINT ( 'NONE', #1995 ) ;
#2474 = ORIENTED_EDGE ( 'NONE', *, *, #737, .F. ) ;
#2475 = DIRECTION ( 'NONE',  ( 0.000000000000000000, 0.000000000000000000, 1.000000000000000000 ) ) ;
#2476 = CARTESIAN_POINT ( 'NONE',  ( 9.504204806870967914, 28.52870705156890807, -2.500000000000000000 ) ) ;
#2477 = ADVANCED_FACE ( 'NONE', ( #464 ), #2708, .T. ) ;
#2478 = ORIENTED_EDGE ( 'NONE', *, *, #1255, .F. ) ;
#2479 = CARTESIAN_POINT ( 'NONE',  ( 9.504204806870962585, 28.52870705156890452, 0.000000000000000000 ) ) ;
#2480 = ORIENTED_EDGE ( 'NONE', *, *, #872, .F. ) ;
#2481 = LINE ( 'NONE', #3030, #131 ) ;
#2482 = DIRECTION ( 'NONE',  ( -2.703465157366452467E-16, 1.000000000000000000, 0.000000000000000000 ) ) ;
#2483 = VECTOR ( 'NONE', #189, 1000.000000000000000 ) ;
#2484 = DIRECTION ( 'NONE',  ( 1.000000000000000000, 0.000000000000000000, 0.000000000000000000 ) ) ;
#2485 = CARTESIAN_POINT ( 'NONE',  ( -19.46496222574226920, 27.02870705156890097, -3.499999999999999556 ) ) ;
#2486 = DIRECTION ( 'NONE',  ( 1.000000000000000000, 0.000000000000000000, 0.000000000000000000 ) ) ;
#2487 = ORIENTED_EDGE ( 'NONE', *, *, #1773, .T. ) ;
#2489 = ORIENTED_EDGE ( 'NONE', *, *, #1784, .F. ) ;
#2488 = DIRECTION ( 'NONE',  ( -0.000000000000000000, -0.000000000000000000, -1.000000000000000000 ) ) ;
#2490 = ORIENTED_EDGE ( 'NONE', *, *, #423, .F. ) ;
#2491 = VERTEX_POINT ( 'NONE', #2476 ) ;
#2492 = AXIS2_PLACEMENT_3D ( 'NONE', #574, #2064, #554 ) ;
#2493 = CARTESIAN_POINT ( 'NONE',  ( -9.934129258355479664, 28.52870705156890097, -2.500000000000000000 ) ) ;
#2494 = CARTESIAN_POINT ( 'NONE',  ( -16.46496222574226920, 27.02870705156890097, -3.499999999999999556 ) ) ;
#2495 = EDGE_LOOP ( 'NONE', ( #3009, #486, #1955, #2854 ) ) ;
#2496 = VERTEX_POINT ( 'NONE', #1425 ) ;
#2497 = DIRECTION ( 'NONE',  ( 0.000000000000000000, 0.000000000000000000, -1.000000000000000000 ) ) ;
#2498 = DIRECTION ( 'NONE',  ( -1.000000000000000000, 0.000000000000000000, 0.000000000000000000 ) ) ;
#2499 = DIRECTION ( 'NONE',  ( 0.000000000000000000, 0.000000000000000000, 1.000000000000000000 ) ) ;
#2500 = VECTOR ( 'NONE', #2257, 1000.000000000000000 ) ;
#2501 = CARTESIAN_POINT ( 'NONE',  ( -17.96496222574226564, 30.02870705156890097, 3.292323440001584611 ) ) ;
#2502 = ORIENTED_EDGE ( 'NONE', *, *, #2277, .T. ) ;
#2503 = EDGE_CURVE ( 'NONE', #2526, #997, #1240, .T. ) ;
#2504 = ADVANCED_FACE ( 'NONE', ( #2229 ), #1719, .F. ) ;
#2505 = AXIS2_PLACEMENT_3D ( 'NONE', #1519, #2050, #2639 ) ;
#2506 = DIRECTION ( 'NONE',  ( 0.000000000000000000, 0.000000000000000000, 1.000000000000000000 ) ) ;
#2507 = LINE ( 'NONE', #2005, #803 ) ;
#2508 = EDGE_LOOP ( 'NONE', ( #2186, #152, #1112, #3285 ) ) ;
#2509 = ORIENTED_EDGE ( 'NONE', *, *, #779, .F. ) ;
#2510 = CARTESIAN_POINT ( 'NONE',  ( 16.53503777425774146, -26.22129294843106706, -4.002000000000000668 ) ) ;
#2511 = CARTESIAN_POINT ( 'NONE',  ( -16.21496222574229407, 19.77870705156889031, 3.292323440001584611 ) ) ;
#2512 = EDGE_LOOP ( 'NONE', ( #2266, #1792, #1524, #863 ) ) ;
#2513 = DIRECTION ( 'NONE',  ( 1.000000000000000000, -2.135044278125326586E-15, 0.000000000000000000 ) ) ;
#2514 = ORIENTED_EDGE ( 'NONE', *, *, #155, .F. ) ;
#2515 = CARTESIAN_POINT ( 'NONE',  ( -11.83296222574226597, 25.68270705156890443, 0.000000000000000000 ) ) ;
#2516 = DIRECTION ( 'NONE',  ( 1.000000000000000000, 0.000000000000000000, 0.000000000000000000 ) ) ;
#2517 = CARTESIAN_POINT ( 'NONE',  ( 15.78503777425770060, 22.52870705156892583, -3.000000000000002665 ) ) ;
#2518 = EDGE_CURVE ( 'NONE', #169, #1252, #569, .T. ) ;
#2519 = EDGE_CURVE ( 'NONE', #821, #2922, #2429, .T. ) ;
#2520 = ADVANCED_FACE ( 'NONE', ( #205 ), #3257, .T. ) ;
#2521 = DIRECTION ( 'NONE',  ( 1.204669080539449344E-16, 0.000000000000000000, -1.000000000000000000 ) ) ;
#2522 = ORIENTED_EDGE ( 'NONE', *, *, #3003, .T. ) ;
#2523 = PLANE ( 'NONE',  #676 ) ;
#2524 = DIRECTION ( 'NONE',  ( 1.000000000000000000, 0.000000000000000000, 0.000000000000000000 ) ) ;
#2525 = ORIENTED_EDGE ( 'NONE', *, *, #1948, .F. ) ;
#2526 = VERTEX_POINT ( 'NONE', #3025 ) ;
#2527 = DIRECTION ( 'NONE',  ( 0.000000000000000000, 0.000000000000000000, 1.000000000000000000 ) ) ;
#2528 = CARTESIAN_POINT ( 'NONE',  ( 10.45303777425773362, 25.68270705156890443, 0.000000000000000000 ) ) ;
#2529 = CARTESIAN_POINT ( 'NONE',  ( 11.40187074164454017, -28.47129294843108482, 0.000000000000000000 ) ) ;
#2530 = ORIENTED_EDGE ( 'NONE', *, *, #141, .T. ) ;
#2531 = CARTESIAN_POINT ( 'NONE',  ( 10.45303777425773362, -25.62529294843109540, 0.000000000000000000 ) ) ;
#2532 = PLANE ( 'NONE',  #3043 ) ;
#2533 = CARTESIAN_POINT ( 'NONE',  ( -16.46496222574226209, -26.97129294843108838, -3.499999999999999556 ) ) ;
#2534 = EDGE_CURVE ( 'NONE', #3054, #1669, #2876, .T. ) ;
#2535 = CIRCLE ( 'NONE', #2907, 2.999999999999999112 ) ;
#2536 = CYLINDRICAL_SURFACE ( 'NONE', #2715, 3.000000000000000000 ) ;
#2537 = ORIENTED_EDGE ( 'NONE', *, *, #331, .F. ) ;
#2538 = DIRECTION ( 'NONE',  ( -1.000000000000000000, 2.135044278125326586E-15, 0.000000000000000000 ) ) ;
#2539 = ORIENTED_EDGE ( 'NONE', *, *, #1506, .F. ) ;
#2540 = DIRECTION ( 'NONE',  ( 1.000000000000000000, 0.000000000000000000, 0.000000000000000000 ) ) ;
#2541 = ADVANCED_FACE ( 'NONE', ( #1676 ), #2956, .F. ) ;
#2542 = CARTESIAN_POINT ( 'NONE',  ( -10.88296222574226668, 25.68270705156890443, 0.000000000000000000 ) ) ;
#2543 = ADVANCED_FACE ( 'NONE', ( #1167 ), #2688, .F. ) ;
#2544 = EDGE_CURVE ( 'NONE', #1138, #3199, #2701, .T. ) ;
#2545 = CIRCLE ( 'NONE', #994, 0.9499999999999995115 ) ;
#2546 = ORIENTED_EDGE ( 'NONE', *, *, #2518, .F. ) ;
#2547 = ORIENTED_EDGE ( 'NONE', *, *, #1081, .F. ) ;
#2548 = FACE_OUTER_BOUND ( 'NONE', #3274, .T. ) ;
#2549 = CARTESIAN_POINT ( 'NONE',  ( -7.714959791634051989, -28.47129294843108482, -0.3076765599984150334 ) ) ;
#2550 = CARTESIAN_POINT ( 'NONE',  ( 16.03503777425773791, -26.97129294843108838, -2.500000000000000000 ) ) ;
#2551 = VECTOR ( 'NONE', #1825, 1000.000000000000000 ) ;
#2552 = ADVANCED_BREP_SHAPE_REPRESENTATION ( 'Bottom_Enclosure', ( #44, #122 ), #788 ) ;
#2553 = AXIS2_PLACEMENT_3D ( 'NONE', #2823, #515, #2578 ) ;
#2554 = CARTESIAN_POINT ( 'NONE',  ( 15.78503777425773613, -22.47129294843107417, -3.000000000000002665 ) ) ;
#2555 = VECTOR ( 'NONE', #802, 1000.000000000000000 ) ;
#2556 = VERTEX_POINT ( 'NONE', #1937 ) ;
#2557 = AXIS2_PLACEMENT_3D ( 'NONE', #1988, #2755, #453 ) ;
#2558 = EDGE_CURVE ( 'NONE', #2791, #944, #1202, .T. ) ;
#2559 = CIRCLE ( 'NONE', #581, 1.500000000000001332 ) ;
#2560 = LINE ( 'NONE', #215, #2019 ) ;
#2561 = VECTOR ( 'NONE', #623, 1000.000000000000000 ) ;
#2562 = ORIENTED_EDGE ( 'NONE', *, *, #1266, .T. ) ;
#2563 = CARTESIAN_POINT ( 'NONE',  ( -16.21496222574226564, -22.47129294843110969, -4.002000000000000668 ) ) ;
#2564 = AXIS2_PLACEMENT_3D ( 'NONE', #1028, #764, #2082 ) ;
#2565 = FACE_OUTER_BOUND ( 'NONE', #3309, .T. ) ;
#2566 = DIRECTION ( 'NONE',  ( 1.000000000000000000, 0.000000000000000000, 0.000000000000000000 ) ) ;
#2567 = VERTEX_POINT ( 'NONE', #3235 ) ;
#2568 = AXIS2_PLACEMENT_3D ( 'NONE', #183, #1439, #2313 ) ;
#2569 = CARTESIAN_POINT ( 'NONE',  ( -16.46496222574226920, 27.02870705156890097, 3.292323440001584611 ) ) ;
#2570 = DIRECTION ( 'NONE',  ( -0.000000000000000000, -0.000000000000000000, -1.000000000000000000 ) ) ;
#2571 = CARTESIAN_POINT ( 'NONE',  ( 15.78503777425773613, -22.47129294843107417, -4.002000000000000668 ) ) ;
#2572 = DIRECTION ( 'NONE',  ( -0.000000000000000000, -0.000000000000000000, -1.000000000000000000 ) ) ;
#2573 = CARTESIAN_POINT ( 'NONE',  ( -16.96496222574225854, -18.72129294843107417, 3.292323440001584611 ) ) ;
#2574 = ORIENTED_EDGE ( 'NONE', *, *, #65, .T. ) ;
#2575 = FACE_OUTER_BOUND ( 'NONE', #2189, .T. ) ;
#2576 = ORIENTED_EDGE ( 'NONE', *, *, #307, .T. ) ;
#2577 = DIRECTION ( 'NONE',  ( 0.000000000000000000, 0.000000000000000000, 1.000000000000000000 ) ) ;
#2578 = DIRECTION ( 'NONE',  ( 1.000000000000000000, 1.387778780781446464E-15, 0.000000000000000000 ) ) ;
#2579 = VERTEX_POINT ( 'NONE', #150 ) ;
#2580 = PRESENTATION_STYLE_ASSIGNMENT (( #487 ) ) ;
#2581 = CARTESIAN_POINT ( 'NONE',  ( -16.21496222574229762, 25.27870705156888320, -2.500000000000000000 ) ) ;
#2582 = CARTESIAN_POINT ( 'NONE',  ( 15.78503777425773613, -22.47129294843107417, 3.000000000000001776 ) ) ;
#2583 = LINE ( 'NONE', #1294, #2825 ) ;
#2584 = CARTESIAN_POINT ( 'NONE',  ( -16.21496222574229762, 22.52870705156889031, 3.000000000000001776 ) ) ;
#2585 = CARTESIAN_POINT ( 'NONE',  ( -16.21496222574229407, 19.77870705156889386, -2.500000000000000000 ) ) ;
#2586 = ORIENTED_EDGE ( 'NONE', *, *, #1506, .T. ) ;
#2587 = CONICAL_SURFACE ( 'NONE', #2108, 2.499999999999998668, 0.7853981633974491672 ) ;
#2588 = CARTESIAN_POINT ( 'NONE',  ( 15.78503777425773613, -22.47129294843107417, 3.000000000000001776 ) ) ;
#2589 = DIRECTION ( 'NONE',  ( 1.000000000000000000, 0.000000000000000000, 0.000000000000000000 ) ) ;
#2590 = LINE ( 'NONE', #142, #2842 ) ;
#2591 = DIRECTION ( 'NONE',  ( -1.000000000000000000, 0.000000000000000000, 0.000000000000000000 ) ) ;
#2592 = ORIENTED_EDGE ( 'NONE', *, *, #2308, .T. ) ;
#2593 = CARTESIAN_POINT ( 'NONE',  ( -16.21496222574226564, -22.47129294843110969, 3.000000000000001776 ) ) ;
#2594 = DIRECTION ( 'NONE',  ( 1.000000000000000000, -0.000000000000000000, 0.000000000000000000 ) ) ;
#2595 = LINE ( 'NONE', #1323, #1693 ) ;
#2596 = CARTESIAN_POINT ( 'NONE',  ( -10.88296222574226668, 25.68270705156890443, 0.000000000000000000 ) ) ;
#2597 = VECTOR ( 'NONE', #2831, 1000.000000000000000 ) ;
#2598 = CARTESIAN_POINT ( 'NONE',  ( 19.03503777425773080, 30.02870705156891162, -4.000000000000000000 ) ) ;
#2599 = DIRECTION ( 'NONE',  ( 0.000000000000000000, -0.000000000000000000, -1.000000000000000000 ) ) ;
#2600 = AXIS2_PLACEMENT_3D ( 'NONE', #3096, #805, #2809 ) ;
#2601 = DIRECTION ( 'NONE',  ( 1.000000000000000000, 0.000000000000000000, 0.000000000000000000 ) ) ;
#2602 = AXIS2_PLACEMENT_3D ( 'NONE', #1132, #198, #373 ) ;
#2603 = VECTOR ( 'NONE', #1286, 1000.000000000000000 ) ;
#2604 = CARTESIAN_POINT ( 'NONE',  ( -16.46496222574226920, 29.52870705156890097, -4.000000000000000000 ) ) ;
#2605 = VERTEX_POINT ( 'NONE', #1186 ) ;
#2606 = ADVANCED_FACE ( 'NONE', ( #3218, #1759 ), #3294, .F. ) ;
#2607 = VECTOR ( 'NONE', #1342, 1000.000000000000000 ) ;
#2608 = EDGE_CURVE ( 'NONE', #3080, #1491, #3050, .T. ) ;
#2609 = LINE ( 'NONE', #1135, #3249 ) ;
#2610 = CARTESIAN_POINT ( 'NONE',  ( 16.03503777425773791, -28.47129294843108482, -2.500000000000000000 ) ) ;
#2611 = VECTOR ( 'NONE', #93, 1000.000000000000000 ) ;
#2612 = ORIENTED_EDGE ( 'NONE', *, *, #2676, .F. ) ;
#2613 = VECTOR ( 'NONE', #793, 1000.000000000000000 ) ;
#2614 = CARTESIAN_POINT ( 'NONE',  ( 15.78503777425776988, 25.27870705156888320, 3.292323440001584611 ) ) ;
#2615 = CYLINDRICAL_SURFACE ( 'NONE', #2888, 0.9499999999999995115 ) ;
#2616 = DIRECTION ( 'NONE',  ( -1.000000000000000000, 0.000000000000000000, 0.000000000000000000 ) ) ;
#2617 = DIRECTION ( 'NONE',  ( -1.734723475976807094E-16, 1.000000000000000000, 0.000000000000000000 ) ) ;
#2618 = EDGE_CURVE ( 'NONE', #1877, #717, #787, .T. ) ;
#2619 = CARTESIAN_POINT ( 'NONE',  ( -17.96496222574226209, -2.077616114535444481E-15, -2.500000000000000000 ) ) ;
#2620 = CIRCLE ( 'NONE', #1596, 2.999999999999999112 ) ;
#2621 = EDGE_CURVE ( 'NONE', #2928, #1703, #1004, .T. ) ;
#2622 = DIRECTION ( 'NONE',  ( 0.000000000000000000, 0.000000000000000000, 1.000000000000000000 ) ) ;
#2623 = CYLINDRICAL_SURFACE ( 'NONE', #1903, 0.9500000000000029532 ) ;
#2624 = EDGE_LOOP ( 'NONE', ( #2509, #2712, #2149, #588 ) ) ;
#2625 = VERTEX_POINT ( 'NONE', #3066 ) ;
#2626 =( NAMED_UNIT ( * ) SI_UNIT ( $, .STERADIAN. ) SOLID_ANGLE_UNIT ( ) );
#2627 = CARTESIAN_POINT ( 'NONE',  ( -13.46496222574230295, 22.52870705156889031, -4.002000000000000668 ) ) ;
#2628 = DIRECTION ( 'NONE',  ( 0.000000000000000000, 0.000000000000000000, 1.000000000000000000 ) ) ;
#2629 = ORIENTED_EDGE ( 'NONE', *, *, #3310, .T. ) ;
#2630 = CARTESIAN_POINT ( 'NONE',  ( -19.46496222574226209, -29.97129294843108838, 3.292323440001584611 ) ) ;
#2631 = EDGE_CURVE ( 'NONE', #2625, #357, #834, .T. ) ;
#2632 = LINE ( 'NONE', #1607, #748 ) ;
#2633 = DIRECTION ( 'NONE',  ( -1.000000000000000000, 0.000000000000000000, 0.000000000000000000 ) ) ;
#2634 = CYLINDRICAL_SURFACE ( 'NONE', #3179, 0.9499999999999995115 ) ;
#2635 = VERTEX_POINT ( 'NONE', #257 ) ;
#2636 = CIRCLE ( 'NONE', #2156, 3.000000000000000888 ) ;
#2637 = ORIENTED_EDGE ( 'NONE', *, *, #2277, .F. ) ;
#2638 = CARTESIAN_POINT ( 'NONE',  ( 17.53503777425774146, -26.97129294843108482, -2.500000000000000000 ) ) ;
#2639 = DIRECTION ( 'NONE',  ( 1.000000000000000000, 0.000000000000000000, 0.000000000000000000 ) ) ;
#2640 = DIRECTION ( 'NONE',  ( 1.000000000000000000, 0.000000000000000000, 0.000000000000000000 ) ) ;
#2641 = ADVANCED_FACE ( 'NONE', ( #15 ), #760, .F. ) ;
#2642 = ORIENTED_EDGE ( 'NONE', *, *, #1156, .T. ) ;
#2643 = DIRECTION ( 'NONE',  ( -1.000000000000000000, 0.000000000000000000, 0.000000000000000000 ) ) ;
#2644 = CARTESIAN_POINT ( 'NONE',  ( -16.21496222574226564, -22.47129294843110969, -2.500000000000000000 ) ) ;
#2645 = AXIS2_PLACEMENT_3D ( 'NONE', #2517, #211, #1246 ) ;
#2646 = DIRECTION ( 'NONE',  ( 0.000000000000000000, 0.000000000000000000, 1.000000000000000000 ) ) ;
#2647 = DIRECTION ( 'NONE',  ( -2.135044278125331319E-15, 1.000000000000000000, 0.000000000000000000 ) ) ;
#2648 = ORIENTED_EDGE ( 'NONE', *, *, #2767, .T. ) ;
#2649 = EDGE_CURVE ( 'NONE', #1496, #1922, #1514, .T. ) ;
#2650 = EDGE_CURVE ( 'NONE', #109, #411, #881, .T. ) ;
#2651 = VECTOR ( 'NONE', #2506, 1000.000000000000000 ) ;
#2652 = ADVANCED_FACE ( 'NONE', ( #2076 ), #1806, .T. ) ;
#2653 = ORIENTED_EDGE ( 'NONE', *, *, #1865, .T. ) ;
#2654 = FACE_OUTER_BOUND ( 'NONE', #715, .T. ) ;
#2655 = CYLINDRICAL_SURFACE ( 'NONE', #1625, 1.000000000000000888 ) ;
#2656 = CIRCLE ( 'NONE', #1532, 1.000000000000000888 ) ;
#2657 = ORIENTED_EDGE ( 'NONE', *, *, #271, .F. ) ;
#2658 = CARTESIAN_POINT ( 'NONE',  ( 17.53503777425774146, -26.97129294843108482, 3.292323440001584611 ) ) ;
#2659 = VECTOR ( 'NONE', #1444, 1000.000000000000000 ) ;
#2660 = DIRECTION ( 'NONE',  ( 1.000000000000000000, 0.000000000000000000, 0.000000000000000000 ) ) ;
#2661 = CIRCLE ( 'NONE', #584, 1.000000000000000888 ) ;
#2662 = VERTEX_POINT ( 'NONE', #1254 ) ;
#2663 = CARTESIAN_POINT ( 'NONE',  ( 17.53503777425773791, -18.72129294843107772, -2.500000000000000000 ) ) ;
#2664 = CARTESIAN_POINT ( 'NONE',  ( 16.03503777425773436, 27.02870705156891162, -4.000000000000000000 ) ) ;
#2665 = VECTOR ( 'NONE', #424, 1000.000000000000000 ) ;
#2666 = DIRECTION ( 'NONE',  ( -0.000000000000000000, -0.000000000000000000, -1.000000000000000000 ) ) ;
#2667 = ORIENTED_EDGE ( 'NONE', *, *, #3150, .F. ) ;
#2668 = ORIENTED_EDGE ( 'NONE', *, *, #2544, .T. ) ;
#2669 = ORIENTED_EDGE ( 'NONE', *, *, #107, .F. ) ;
#2670 = DIRECTION ( 'NONE',  ( 1.000000000000000000, 0.000000000000000000, 0.000000000000000000 ) ) ;
#2671 = CARTESIAN_POINT ( 'NONE',  ( -9.934129258355469005, -28.47129294843108482, -2.500000000000000000 ) ) ;
#2672 = VERTEX_POINT ( 'NONE', #537 ) ;
#2673 = CARTESIAN_POINT ( 'NONE',  ( 16.53503777425773436, 25.27870705156888320, 3.292323440001584611 ) ) ;
#2674 = ORIENTED_EDGE ( 'NONE', *, *, #630, .T. ) ;
#2675 = DIRECTION ( 'NONE',  ( -1.000000000000000000, 0.000000000000000000, 0.000000000000000000 ) ) ;
#2676 = EDGE_CURVE ( 'NONE', #146, #2928, #454, .T. ) ;
#2677 = DIRECTION ( 'NONE',  ( -0.000000000000000000, -0.000000000000000000, 1.000000000000000000 ) ) ;
#2678 = ADVANCED_FACE ( 'NONE', ( #2565 ), #1067, .F. ) ;
#2679 = EDGE_CURVE ( 'NONE', #2784, #1420, #730, .T. ) ;
#2680 = DIRECTION ( 'NONE',  ( 1.000000000000000000, 0.000000000000000000, 0.000000000000000000 ) ) ;
#2681 = ORIENTED_EDGE ( 'NONE', *, *, #1854, .T. ) ;
#2682 = EDGE_CURVE ( 'NONE', #1776, #1427, #1023, .T. ) ;
#2683 = ADVANCED_FACE ( 'NONE', ( #2046 ), #772, .T. ) ;
#2684 = VERTEX_POINT ( 'NONE', #237 ) ;
#2685 = ORIENTED_EDGE ( 'NONE', *, *, #229, .F. ) ;
#2686 = ORIENTED_EDGE ( 'NONE', *, *, #364, .F. ) ;
#2687 = DIRECTION ( 'NONE',  ( -0.000000000000000000, 0.000000000000000000, 1.000000000000000000 ) ) ;
#2688 = CYLINDRICAL_SURFACE ( 'NONE', #2337, 1.500000000000001332 ) ;
#2689 = CIRCLE ( 'NONE', #2259, 3.000000000000000000 ) ;
#2690 = ORIENTED_EDGE ( 'NONE', *, *, #2237, .T. ) ;
#2691 = CYLINDRICAL_SURFACE ( 'NONE', #1472, 3.000000000000000888 ) ;
#2692 = ORIENTED_EDGE ( 'NONE', *, *, #371, .T. ) ;
#2693 = DIRECTION ( 'NONE',  ( -1.000000000000000000, 2.135044278125326586E-15, 0.000000000000000000 ) ) ;
#2694 = DIRECTION ( 'NONE',  ( 1.000000000000000000, 0.000000000000000000, 0.000000000000000000 ) ) ;
#2695 = LINE ( 'NONE', #1649, #302 ) ;
#2696 = EDGE_CURVE ( 'NONE', #2029, #761, #2291, .T. ) ;
#2697 = DIRECTION ( 'NONE',  ( -0.000000000000000000, -0.000000000000000000, -1.000000000000000000 ) ) ;
#2698 = VECTOR ( 'NONE', #3300, 1000.000000000000000 ) ;
#2699 = CARTESIAN_POINT ( 'NONE',  ( -16.21496222574226564, -22.47129294843110969, 3.000000000000001776 ) ) ;
#2700 = VERTEX_POINT ( 'NONE', #1272 ) ;
#2701 = CIRCLE ( 'NONE', #3130, 2.999999999999999112 ) ;
#2703 = VERTEX_POINT ( 'NONE', #2314 ) ;
#2702 = DIRECTION ( 'NONE',  ( 0.000000000000000000, 0.000000000000000000, -1.000000000000000000 ) ) ;
#2704 = ADVANCED_FACE ( 'NONE', ( #270 ), #3296, .T. ) ;
#2705 = ORIENTED_EDGE ( 'NONE', *, *, #1608, .T. ) ;
#2706 = ORIENTED_EDGE ( 'NONE', *, *, #1965, .F. ) ;
#2707 = DIRECTION ( 'NONE',  ( 1.000000000000000000, 0.000000000000000000, 0.000000000000000000 ) ) ;
#2708 = PLANE ( 'NONE',  #996 ) ;
#2709 = AXIS2_PLACEMENT_3D ( 'NONE', #2905, #891, #583 ) ;
#2710 = ORIENTED_EDGE ( 'NONE', *, *, #3109, .F. ) ;
#2711 = FACE_OUTER_BOUND ( 'NONE', #2789, .T. ) ;
#2712 = ORIENTED_EDGE ( 'NONE', *, *, #1964, .T. ) ;
#2713 = CARTESIAN_POINT ( 'NONE',  ( -16.21496222574229762, 22.52870705156889031, 3.000000000000001776 ) ) ;
#2714 = CARTESIAN_POINT ( 'NONE',  ( -19.46496222574226920, 30.02870705156890097, -4.000000000000000000 ) ) ;
#2715 = AXIS2_PLACEMENT_3D ( 'NONE', #2292, #1727, #2778 ) ;
#2716 = DIRECTION ( 'NONE',  ( 0.7071067811865474617, 0.000000000000000000, 0.7071067811865474617 ) ) ;
#2717 = AXIS2_PLACEMENT_3D ( 'NONE', #2095, #2570, #552 ) ;
#2718 = AXIS2_PLACEMENT_3D ( 'NONE', #2644, #346, #3191 ) ;
#2719 = EDGE_CURVE ( 'NONE', #1452, #1722, #790, .T. ) ;
#2720 = AXIS2_PLACEMENT_3D ( 'NONE', #635, #1644, #2670 ) ;
#2721 = DIRECTION ( 'NONE',  ( 1.000000000000000000, 0.000000000000000000, 0.000000000000000000 ) ) ;
#2722 = CARTESIAN_POINT ( 'NONE',  ( -16.96496222574226564, 19.77870705156889031, -4.002000000000000668 ) ) ;
#2723 = AXIS2_PLACEMENT_3D ( 'NONE', #536, #2577, #987 ) ;
#2724 = ORIENTED_EDGE ( 'NONE', *, *, #25, .F. ) ;
#2725 = EDGE_CURVE ( 'NONE', #272, #2048, #2340, .T. ) ;
#2726 = CIRCLE ( 'NONE', #2788, 3.000000000000000888 ) ;
#2728 = ORIENTED_EDGE ( 'NONE', *, *, #853, .T. ) ;
#2727 = DIRECTION ( 'NONE',  ( 1.000000000000000000, 0.000000000000000000, 0.000000000000000000 ) ) ;
#2729 = EDGE_LOOP ( 'NONE', ( #1473, #865, #55, #2363 ) ) ;
#2730 = ORIENTED_EDGE ( 'NONE', *, *, #1852, .T. ) ;
#2731 = FACE_OUTER_BOUND ( 'NONE', #126, .T. ) ;
#2732 = CARTESIAN_POINT ( 'NONE',  ( 15.78503777425773613, -22.47129294843107417, 3.000000000000001776 ) ) ;
#2733 = ORIENTED_EDGE ( 'NONE', *, *, #1601, .F. ) ;
#2734 = DIRECTION ( 'NONE',  ( -0.000000000000000000, -0.000000000000000000, -1.000000000000000000 ) ) ;
#2735 = ORIENTED_EDGE ( 'NONE', *, *, #1711, .F. ) ;
#2736 = CARTESIAN_POINT ( 'NONE',  ( -17.96496222574225854, -18.72129294843107417, -2.500000000000000000 ) ) ;
#2737 = CYLINDRICAL_SURFACE ( 'NONE', #379, 3.000000000000000888 ) ;
#2738 = CARTESIAN_POINT ( 'NONE',  ( -16.46496222574226920, 27.02870705156890097, -4.000000000000000000 ) ) ;
#2739 = CARTESIAN_POINT ( 'NONE',  ( 16.03503777425773791, -29.47129294843108838, -4.000000000000000000 ) ) ;
#2740 = ORIENTED_EDGE ( 'NONE', *, *, #1412, .F. ) ;
#2742 = ORIENTED_EDGE ( 'NONE', *, *, #2018, .T. ) ;
#2741 = PLANE ( 'NONE',  #1702 ) ;
#2743 = VERTEX_POINT ( 'NONE', #3114 ) ;
#2744 = VERTEX_POINT ( 'NONE', #820 ) ;
#2745 = DIRECTION ( 'NONE',  ( -1.000000000000000000, 0.000000000000000000, 0.000000000000000000 ) ) ;
#2746 = CARTESIAN_POINT ( 'NONE',  ( 10.45303777425773362, 25.68270705156890443, 0.000000000000000000 ) ) ;
#2747 = VERTEX_POINT ( 'NONE', #568 ) ;
#2748 = DIRECTION ( 'NONE',  ( -0.000000000000000000, 0.000000000000000000, 1.000000000000000000 ) ) ;
#2749 = VERTEX_POINT ( 'NONE', #2610 ) ;
#2750 = DIRECTION ( 'NONE',  ( -0.000000000000000000, 0.000000000000000000, 1.000000000000000000 ) ) ;
#2751 = LINE ( 'NONE', #3279, #826 ) ;
#2752 = ADVANCED_FACE ( 'NONE', ( #318 ), #1587, .T. ) ;
#2753 = CARTESIAN_POINT ( 'NONE',  ( 17.53503777425773080, 30.02870705156891162, -4.000000000000000000 ) ) ;
#2754 = PRODUCT_DEFINITION_SHAPE ( 'NONE', 'NONE',  #933 ) ;
#2755 = DIRECTION ( 'NONE',  ( 0.000000000000000000, 0.000000000000000000, -1.000000000000000000 ) ) ;
#2756 =( NAMED_UNIT ( * ) PLANE_ANGLE_UNIT ( ) SI_UNIT ( $, .RADIAN. ) );
#2757 = ORIENTED_EDGE ( 'NONE', *, *, #872, .T. ) ;
#2758 = VECTOR ( 'NONE', #1604, 1000.000000000000000 ) ;
#2760 = ORIENTED_EDGE ( 'NONE', *, *, #1072, .T. ) ;
#2759 = LINE ( 'NONE', #460, #3251 ) ;
#2761 = VERTEX_POINT ( 'NONE', #1341 ) ;
#2762 = EDGE_LOOP ( 'NONE', ( #2324, #2728, #1285, #2043 ) ) ;
#2763 = ADVANCED_FACE ( 'NONE', ( #607 ), #593, .T. ) ;
#2764 = CARTESIAN_POINT ( 'NONE',  ( 9.503037774257734327, -25.62529294843109540, -2.500000000000000000 ) ) ;
#2765 = DIRECTION ( 'NONE',  ( 1.000000000000000000, 0.000000000000000000, 0.000000000000000000 ) ) ;
#2766 = EDGE_CURVE ( 'NONE', #1386, #3228, #2902, .T. ) ;
#2767 = EDGE_CURVE ( 'NONE', #360, #1138, #5, .T. ) ;
#2768 = ORIENTED_EDGE ( 'NONE', *, *, #1698, .F. ) ;
#2769 = VECTOR ( 'NONE', #1884, 1000.000000000000000 ) ;
#2770 = DIRECTION ( 'NONE',  ( 1.734723475976807341E-16, -1.000000000000000000, 0.000000000000000000 ) ) ;
#2771 = CARTESIAN_POINT ( 'NONE',  ( -17.71496222574230117, 22.52870705156888675, 3.000000000000001776 ) ) ;
#2772 = PLANE ( 'NONE',  #1868 ) ;
#2773 = DIRECTION ( 'NONE',  ( 0.000000000000000000, -0.000000000000000000, -1.000000000000000000 ) ) ;
#2774 = DIRECTION ( 'NONE',  ( -0.000000000000000000, -0.000000000000000000, 1.000000000000000000 ) ) ;
#2775 = AXIS2_PLACEMENT_3D ( 'NONE', #1373, #564, #831 ) ;
#2776 = ORIENTED_EDGE ( 'NONE', *, *, #1599, .T. ) ;
#2777 = VECTOR ( 'NONE', #2020, 1000.000000000000000 ) ;
#2778 = DIRECTION ( 'NONE',  ( -1.000000000000000000, 0.000000000000000000, 0.000000000000000000 ) ) ;
#2779 = CIRCLE ( 'NONE', #133, 0.9499999999999995115 ) ;
#2780 = VERTEX_POINT ( 'NONE', #796 ) ;
#2781 = AXIS2_PLACEMENT_3D ( 'NONE', #2582, #1009, #1782 ) ;
#2782 = DIRECTION ( 'NONE',  ( 0.000000000000000000, 0.000000000000000000, 1.000000000000000000 ) ) ;
#2783 = CARTESIAN_POINT ( 'NONE',  ( -16.46496222574226209, -26.97129294843108838, -4.000000000000000000 ) ) ;
#2784 = VERTEX_POINT ( 'NONE', #1816 ) ;
#2785 = VERTEX_POINT ( 'NONE', #2875 ) ;
#2786 = FACE_OUTER_BOUND ( 'NONE', #1735, .T. ) ;
#2787 = DIRECTION ( 'NONE',  ( 1.000000000000000000, 0.000000000000000000, 0.000000000000000000 ) ) ;
#2788 = AXIS2_PLACEMENT_3D ( 'NONE', #3053, #1462, #1242 ) ;
#2789 = EDGE_LOOP ( 'NONE', ( #96, #832, #3211, #2090 ) ) ;
#2790 = CARTESIAN_POINT ( 'NONE',  ( -16.46496222574226920, 28.52870705156890097, -2.500000000000000000 ) ) ;
#2791 = VERTEX_POINT ( 'NONE', #2370 ) ;
#2792 = FACE_OUTER_BOUND ( 'NONE', #344, .T. ) ;
#2793 = CARTESIAN_POINT ( 'NONE',  ( 16.03503777425773436, 27.02870705156891162, 3.292323440001584611 ) ) ;
#2794 = VERTEX_POINT ( 'NONE', #2100 ) ;
#2795 = DIRECTION ( 'NONE',  ( -1.000000000000000000, 0.000000000000000000, 0.000000000000000000 ) ) ;
#2796 = CARTESIAN_POINT ( 'NONE',  ( 19.03503777425773791, 30.03870705156891319, 3.292323440001584611 ) ) ;
#2797 = CARTESIAN_POINT ( 'NONE',  ( -17.71496222574226564, -22.47129294843110969, 3.000000000000001776 ) ) ;
#2798 = CARTESIAN_POINT ( 'NONE',  ( -7.882962225742265794, 25.68270705156890443, 0.000000000000000000 ) ) ;
#2799 = ADVANCED_FACE ( 'NONE', ( #2130 ), #2336, .F. ) ;
#2800 = EDGE_LOOP ( 'NONE', ( #2834, #1826, #185, #148 ) ) ;
#2801 = ADVANCED_FACE ( 'NONE', ( #1058 ), #555, .F. ) ;
#2802 = EDGE_CURVE ( 'NONE', #2922, #821, #943, .T. ) ;
#2803 = DIRECTION ( 'NONE',  ( 0.000000000000000000, 1.000000000000000000, 0.000000000000000000 ) ) ;
#2804 = ORIENTED_EDGE ( 'NONE', *, *, #1012, .T. ) ;
#2805 = ORIENTED_EDGE ( 'NONE', *, *, #375, .F. ) ;
#2806 = EDGE_CURVE ( 'NONE', #2491, #770, #811, .T. ) ;
#2807 = EDGE_CURVE ( 'NONE', #717, #712, #1102, .T. ) ;
#2808 = DIRECTION ( 'NONE',  ( -1.000000000000000000, 0.000000000000000000, 0.000000000000000000 ) ) ;
#2809 = DIRECTION ( 'NONE',  ( 1.000000000000000000, 0.000000000000000000, 0.000000000000000000 ) ) ;
#2810 = EDGE_LOOP ( 'NONE', ( #2669, #1478, #2327, #3047 ) ) ;
#2811 = VERTEX_POINT ( 'NONE', #333 ) ;
#2812 = CARTESIAN_POINT ( 'NONE',  ( 16.03503777425773791, -26.97129294843108838, 3.292323440001584611 ) ) ;
#2813 = FACE_BOUND ( 'NONE', #1715, .T. ) ;
#2814 = DIRECTION ( 'NONE',  ( 1.000000000000000000, 2.703465157366452467E-16, 0.000000000000000000 ) ) ;
#2815 = AXIS2_PLACEMENT_3D ( 'NONE', #551, #1567, #1827 ) ;
#2816 = EDGE_CURVE ( 'NONE', #2684, #2938, #998, .T. ) ;
#2817 = DIRECTION ( 'NONE',  ( 1.000000000000000000, 0.000000000000000000, 0.000000000000000000 ) ) ;
#2818 = EDGE_CURVE ( 'NONE', #2310, #3314, #3233, .T. ) ;
#2819 = ORIENTED_EDGE ( 'NONE', *, *, #1314, .F. ) ;
#2820 = DIRECTION ( 'NONE',  ( -1.911638545475378629E-16, 0.7071067811865486830, -0.7071067811865463515 ) ) ;
#2821 = ORIENTED_EDGE ( 'NONE', *, *, #491, .T. ) ;
#2822 = DIRECTION ( 'NONE',  ( -0.000000000000000000, -0.000000000000000000, -1.000000000000000000 ) ) ;
#2823 = CARTESIAN_POINT ( 'NONE',  ( 16.03503777425773436, 27.02870705156891162, -4.000000000000000000 ) ) ;
#2824 = ADVANCED_FACE ( 'NONE', ( #3129 ), #825, .F. ) ;
#2825 = VECTOR ( 'NONE', #2039, 1000.000000000000000 ) ;
#2826 = CARTESIAN_POINT ( 'NONE',  ( -19.46496222574226209, -28.47129294843108482, 0.000000000000000000 ) ) ;
#2827 = ORIENTED_EDGE ( 'NONE', *, *, #2098, .T. ) ;
#2828 = ORIENTED_EDGE ( 'NONE', *, *, #2315, .F. ) ;
#2829 = CARTESIAN_POINT ( 'NONE',  ( 14.83503777425769599, 22.52870705156892583, -3.000000000000002665 ) ) ;
#2830 = CARTESIAN_POINT ( 'NONE',  ( -17.71496222574230117, 22.52870705156888675, 3.000000000000001776 ) ) ;
#2831 = DIRECTION ( 'NONE',  ( 1.156482317317871971E-16, -1.000000000000000000, 0.000000000000000000 ) ) ;
#2832 = AXIS2_PLACEMENT_3D ( 'NONE', #2584, #2065, #74 ) ;
#2833 = CYLINDRICAL_SURFACE ( 'NONE', #2077, 3.000000000000000000 ) ;
#2834 = ORIENTED_EDGE ( 'NONE', *, *, #2068, .F. ) ;
#2835 = AXIS2_PLACEMENT_3D ( 'NONE', #1667, #2697, #1710 ) ;
#2836 = VECTOR ( 'NONE', #1537, 1000.000000000000000 ) ;
#2837 = DIRECTION ( 'NONE',  ( 1.000000000000000000, 2.703465157366452467E-16, 0.000000000000000000 ) ) ;
#2838 = ADVANCED_FACE ( 'NONE', ( #1867, #2085 ), #576, .T. ) ;
#2839 = DIRECTION ( 'NONE',  ( -1.000000000000000000, 0.000000000000000000, 0.000000000000000000 ) ) ;
#2840 = DIRECTION ( 'NONE',  ( -0.000000000000000000, -0.000000000000000000, 1.000000000000000000 ) ) ;
#2841 = ORIENTED_EDGE ( 'NONE', *, *, #915, .T. ) ;
#2842 = VECTOR ( 'NONE', #1411, 1000.000000000000114 ) ;
#2843 = LINE ( 'NONE', #1040, #278 ) ;
#2844 = CARTESIAN_POINT ( 'NONE',  ( -10.88296222574226668, -25.62529294843109184, 0.000000000000000000 ) ) ;
#2845 = LINE ( 'NONE', #3101, #1973 ) ;
#2846 = DIRECTION ( 'NONE',  ( -0.000000000000000000, 0.000000000000000000, 1.000000000000000000 ) ) ;
#2847 = DIRECTION ( 'NONE',  ( 0.000000000000000000, 0.000000000000000000, -1.000000000000000000 ) ) ;
#2848 = DIRECTION ( 'NONE',  ( 1.156482317317871971E-16, -1.000000000000000000, 0.000000000000000000 ) ) ;
#2849 = ORIENTED_EDGE ( 'NONE', *, *, #2861, .T. ) ;
#2850 = DIRECTION ( 'NONE',  ( -0.000000000000000000, -0.000000000000000000, -1.000000000000000000 ) ) ;
#2851 = ORIENTED_EDGE ( 'NONE', *, *, #2994, .F. ) ;
#2852 = CARTESIAN_POINT ( 'NONE',  ( -11.83296222574226597, -25.62529294843109184, -2.500000000000000000 ) ) ;
#2853 = CARTESIAN_POINT ( 'NONE',  ( 10.45303777425773362, -25.62529294843109540, 0.000000000000000000 ) ) ;
#2854 = ORIENTED_EDGE ( 'NONE', *, *, #212, .F. ) ;
#2855 = DIRECTION ( 'NONE',  ( 1.000000000000000000, 0.000000000000000000, 0.000000000000000000 ) ) ;
#2856 = PLANE ( 'NONE',  #1223 ) ;
#2857 = DIRECTION ( 'NONE',  ( -1.000000000000000000, -2.135044278125326586E-15, 0.000000000000000000 ) ) ;
#2858 = CARTESIAN_POINT ( 'NONE',  ( 15.78503777425770060, 22.52870705156892583, 3.292323440001584611 ) ) ;
#2859 = CARTESIAN_POINT ( 'NONE',  ( 15.78503777425770060, 22.52870705156892583, -4.002000000000000668 ) ) ;
#2860 = LINE ( 'NONE', #525, #2883 ) ;
#2861 = EDGE_CURVE ( 'NONE', #944, #753, #2920, .T. ) ;
#2862 = EDGE_CURVE ( 'NONE', #1780, #2526, #2892, .T. ) ;
#2863 = ORIENTED_EDGE ( 'NONE', *, *, #1457, .F. ) ;
#2864 = AXIS2_PLACEMENT_3D ( 'NONE', #3259, #1464, #3276 ) ;
#2865 = DIRECTION ( 'NONE',  ( 1.000000000000000000, 0.000000000000000000, 0.000000000000000000 ) ) ;
#2866 = VERTEX_POINT ( 'NONE', #2412 ) ;
#2867 = LINE ( 'NONE', #1639, #1325 ) ;
#2868 = CARTESIAN_POINT ( 'NONE',  ( -10.88296222574226668, -25.62529294843109184, 0.000000000000000000 ) ) ;
#2869 = ADVANCED_FACE ( 'NONE', ( #2711 ), #114, .F. ) ;
#2870 = ORIENTED_EDGE ( 'NONE', *, *, #972, .F. ) ;
#2871 = CARTESIAN_POINT ( 'NONE',  ( -17.96496222574225854, -26.22129294843106706, -2.500000000000000000 ) ) ;
#2872 = DIRECTION ( 'NONE',  ( -0.000000000000000000, -1.000000000000000000, -0.000000000000000000 ) ) ;
#2873 = FACE_OUTER_BOUND ( 'NONE', #3055, .T. ) ;
#2874 = EDGE_CURVE ( 'NONE', #1713, #3219, #3086, .T. ) ;
#2875 = CARTESIAN_POINT ( 'NONE',  ( 17.53503777425773436, 18.77870705156889031, -2.500000000000000000 ) ) ;
#2876 = CIRCLE ( 'NONE', #2119, 2.999999999999999112 ) ;
#2877 = CARTESIAN_POINT ( 'NONE',  ( -16.21496222574226564, -22.47129294843110969, 3.292323440001584611 ) ) ;
#2878 = AXIS2_PLACEMENT_3D ( 'NONE', #387, #3020, #1404 ) ;
#2879 = DIRECTION ( 'NONE',  ( -1.000000000000000000, 0.000000000000000000, 0.000000000000000000 ) ) ;
#2880 = AXIS2_PLACEMENT_3D ( 'NONE', #2326, #2042, #784 ) ;
#2881 = FACE_OUTER_BOUND ( 'NONE', #144, .T. ) ;
#2882 = EDGE_LOOP ( 'NONE', ( #8, #2667, #2674, #2225 ) ) ;
#2883 = VECTOR ( 'NONE', #1031, 1000.000000000000000 ) ;
#2884 = CIRCLE ( 'NONE', #1751, 3.000000000000000888 ) ;
#2885 = AXIS2_PLACEMENT_3D ( 'NONE', #1872, #597, #2893 ) ;
#2886 = ADVANCED_FACE ( 'NONE', ( #2943 ), #1897, .F. ) ;
#2887 = ORIENTED_EDGE ( 'NONE', *, *, #1528, .T. ) ;
#2888 = AXIS2_PLACEMENT_3D ( 'NONE', #98, #2420, #2393 ) ;
#2889 = CARTESIAN_POINT ( 'NONE',  ( 10.45303777425773362, 25.68270705156890443, 0.000000000000000000 ) ) ;
#2890 = DIRECTION ( 'NONE',  ( -0.000000000000000000, -0.000000000000000000, -1.000000000000000000 ) ) ;
#2891 = EDGE_LOOP ( 'NONE', ( #2530, #2821 ) ) ;
#2892 = LINE ( 'NONE', #2383, #2651 ) ;
#2893 = DIRECTION ( 'NONE',  ( 1.000000000000000000, -2.135044278125326586E-15, 0.000000000000000000 ) ) ;
#2894 = CARTESIAN_POINT ( 'NONE',  ( -13.46496222574226920, -22.47129294843110969, -2.500000000000000000 ) ) ;
#2895 = ORIENTED_EDGE ( 'NONE', *, *, #2802, .F. ) ;
#2896 = EDGE_CURVE ( 'NONE', #2785, #1931, #1151, .T. ) ;
#2897 = VERTEX_POINT ( 'NONE', #1147 ) ;
#2898 = CARTESIAN_POINT ( 'NONE',  ( -16.46496222574226209, -26.97129294843108838, -4.000000000000000000 ) ) ;
#2899 = DIRECTION ( 'NONE',  ( -0.000000000000000000, -0.000000000000000000, 1.000000000000000000 ) ) ;
#2900 = FACE_OUTER_BOUND ( 'NONE', #1508, .T. ) ;
#2901 = ORIENTED_EDGE ( 'NONE', *, *, #2150, .T. ) ;
#2902 = LINE ( 'NONE', #2630, #2436 ) ;
#2903 = DIRECTION ( 'NONE',  ( -0.000000000000000000, -0.000000000000000000, -1.000000000000000000 ) ) ;
#2904 = EDGE_CURVE ( 'NONE', #918, #2780, #2442, .T. ) ;
#2905 = CARTESIAN_POINT ( 'NONE',  ( 16.03503777425773791, -26.97129294843108838, -4.000000000000000000 ) ) ;
#2906 = ORIENTED_EDGE ( 'NONE', *, *, #1711, .T. ) ;
#2907 = AXIS2_PLACEMENT_3D ( 'NONE', #2569, #1291, #1243 ) ;
#2908 = AXIS2_PLACEMENT_3D ( 'NONE', #1983, #2748, #1465 ) ;
#2909 = VERTEX_POINT ( 'NONE', #1391 ) ;
#2910 =( LENGTH_UNIT ( ) NAMED_UNIT ( * ) SI_UNIT ( .MILLI., .METRE. ) );
#2911 = FACE_OUTER_BOUND ( 'NONE', #1415, .T. ) ;
#2912 = CARTESIAN_POINT ( 'NONE',  ( 14.28503777425773436, -22.47129294843107417, 3.000000000000001776 ) ) ;
#2913 = ORIENTED_EDGE ( 'NONE', *, *, #2682, .T. ) ;
#2914 = CARTESIAN_POINT ( 'NONE',  ( -14.71496222574226387, -22.47129294843110969, 3.292323440001584611 ) ) ;
#2915 = DIRECTION ( 'NONE',  ( 0.000000000000000000, 0.000000000000000000, -1.000000000000000000 ) ) ;
#2916 = CIRCLE ( 'NONE', #2385, 3.000000000000000000 ) ;
#2917 = DIRECTION ( 'NONE',  ( 1.000000000000000000, 0.000000000000000000, 0.000000000000000000 ) ) ;
#2918 = CARTESIAN_POINT ( 'NONE',  ( -9.932962225742267393, -25.62529294843109184, 0.000000000000000000 ) ) ;
#2919 = ORIENTED_EDGE ( 'NONE', *, *, #3041, .F. ) ;
#2920 = CIRCLE ( 'NONE', #1267, 1.500000000000001332 ) ;
#2921 = ORIENTED_EDGE ( 'NONE', *, *, #3176, .F. ) ;
#2922 = VERTEX_POINT ( 'NONE', #1235 ) ;
#2923 = CYLINDRICAL_SURFACE ( 'NONE', #2400, 1.000000000000000888 ) ;
#2924 = CARTESIAN_POINT ( 'NONE',  ( -19.46496222574226920, 28.52870705156889741, 0.000000000000000000 ) ) ;
#2925 = CIRCLE ( 'NONE', #2557, 3.000000000000000888 ) ;
#2926 = ORIENTED_EDGE ( 'NONE', *, *, #619, .F. ) ;
#2927 = CARTESIAN_POINT ( 'NONE',  ( -19.46496222574226209, -26.97129294843108838, -3.499999999999999556 ) ) ;
#2928 = VERTEX_POINT ( 'NONE', #459 ) ;
#2929 = LINE ( 'NONE', #887, #2561 ) ;
#2930 = CIRCLE ( 'NONE', #1016, 2.749999999999995559 ) ;
#2931 = EDGE_CURVE ( 'NONE', #281, #169, #733, .T. ) ;
#2932 = ADVANCED_FACE ( 'NONE', ( #2177 ), #2691, .T. ) ;
#2933 = DIRECTION ( 'NONE',  ( -1.000000000000000000, 0.000000000000000000, 0.000000000000000000 ) ) ;
#2934 = AXIS2_PLACEMENT_3D ( 'NONE', #2990, #160, #216 ) ;
#2935 = DIRECTION ( 'NONE',  ( 0.000000000000000000, 0.000000000000000000, 1.000000000000000000 ) ) ;
#2936 = VERTEX_POINT ( 'NONE', #2194 ) ;
#2937 = ORIENTED_EDGE ( 'NONE', *, *, #28, .F. ) ;
#2938 = VERTEX_POINT ( 'NONE', #101 ) ;
#2939 = ORIENTED_EDGE ( 'NONE', *, *, #1261, .T. ) ;
#2940 = DIRECTION ( 'NONE',  ( -1.156482317317871971E-16, 1.000000000000000000, 0.000000000000000000 ) ) ;
#2941 = DIRECTION ( 'NONE',  ( -1.000000000000000000, -2.703465157366452467E-16, 0.000000000000000000 ) ) ;
#2942 = VERTEX_POINT ( 'NONE', #2658 ) ;
#2943 = FACE_OUTER_BOUND ( 'NONE', #981, .T. ) ;
#2944 = ORIENTED_EDGE ( 'NONE', *, *, #3286, .T. ) ;
#2945 = PLANE ( 'NONE',  #2273 ) ;
#2946 = CARTESIAN_POINT ( 'NONE',  ( -10.88296222574226668, 25.68270705156890443, 0.000000000000000000 ) ) ;
#2947 = DIRECTION ( 'NONE',  ( -1.204669080539449344E-16, 0.000000000000000000, 1.000000000000000000 ) ) ;
#2948 = EDGE_CURVE ( 'NONE', #2749, #386, #869, .T. ) ;
#2949 = EDGE_CURVE ( 'NONE', #3238, #1265, #1858, .T. ) ;
#2950 = CYLINDRICAL_SURFACE ( 'NONE', #1525, 2.749999999999995559 ) ;
#2951 = ORIENTED_EDGE ( 'NONE', *, *, #2221, .T. ) ;
#2952 = VECTOR ( 'NONE', #69, 1000.000000000000000 ) ;
#2953 = ORIENTED_EDGE ( 'NONE', *, *, #781, .T. ) ;
#2954 = EDGE_LOOP ( 'NONE', ( #1190, #2480, #3107, #337 ) ) ;
#2955 = LINE ( 'NONE', #1979, #531 ) ;
#2956 = PLANE ( 'NONE',  #2169 ) ;
#2957 = AXIS2_PLACEMENT_3D ( 'NONE', #2714, #2482, #1206 ) ;
#2958 = EDGE_CURVE ( 'NONE', #717, #3076, #840, .T. ) ;
#2959 = ORIENTED_EDGE ( 'NONE', *, *, #516, .T. ) ;
#2960 = CARTESIAN_POINT ( 'NONE',  ( 7.453037774257734505, -25.62529294843109540, 0.000000000000000000 ) ) ;
#2961 = ORIENTED_EDGE ( 'NONE', *, *, #915, .F. ) ;
#2962 = CARTESIAN_POINT ( 'NONE',  ( -17.96496222574226564, 18.77870705156889031, -4.000000000000000000 ) ) ;
#2963 = DIRECTION ( 'NONE',  ( 0.000000000000000000, 0.000000000000000000, 1.000000000000000000 ) ) ;
#2964 = DIRECTION ( 'NONE',  ( -1.734723475976807094E-16, 1.000000000000000000, 0.000000000000000000 ) ) ;
#2965 = CARTESIAN_POINT ( 'NONE',  ( 15.78503777425770060, 22.52870705156892583, 3.000000000000001776 ) ) ;
#2966 = VECTOR ( 'NONE', #867, 1000.000000000000000 ) ;
#2967 = VERTEX_POINT ( 'NONE', #3204 ) ;
#2968 = AXIS2_PLACEMENT_3D ( 'NONE', #1459, #988, #1958 ) ;
#2970 = ORIENTED_EDGE ( 'NONE', *, *, #3243, .T. ) ;
#2969 = DIRECTION ( 'NONE',  ( -1.156482317317871971E-16, 1.000000000000000000, -0.000000000000000000 ) ) ;
#2971 = VERTEX_POINT ( 'NONE', #2914 ) ;
#2972 = VERTEX_POINT ( 'NONE', #1927 ) ;
#2973 = VECTOR ( 'NONE', #2538, 1000.000000000000000 ) ;
#2974 = CARTESIAN_POINT ( 'NONE',  ( 10.45303777425773362, -25.62529294843109540, 0.000000000000000000 ) ) ;
#2975 = DIRECTION ( 'NONE',  ( -1.000000000000000000, 0.000000000000000000, 0.000000000000000000 ) ) ;
#2976 = EDGE_CURVE ( 'NONE', #1696, #3314, #649, .T. ) ;
#2977 = AXIS2_PLACEMENT_3D ( 'NONE', #1611, #627, #2120 ) ;
#2978 = ORIENTED_EDGE ( 'NONE', *, *, #2030, .F. ) ;
#2979 = VERTEX_POINT ( 'NONE', #1661 ) ;
#2980 = CARTESIAN_POINT ( 'NONE',  ( 16.53503777425774501, -25.22129294843106706, -2.500000000000000000 ) ) ;
#2981 = DIRECTION ( 'NONE',  ( -1.000000000000000000, 0.000000000000000000, -0.000000000000000000 ) ) ;
#2982 = CYLINDRICAL_SURFACE ( 'NONE', #1956, 1.499999999999999556 ) ;
#2983 = AXIS2_PLACEMENT_3D ( 'NONE', #2353, #38, #1055 ) ;
#2984 = VECTOR ( 'NONE', #2675, 1000.000000000000000 ) ;
#2985 = AXIS2_PLACEMENT_3D ( 'NONE', #1166, #2475, #1924 ) ;
#2986 = DIRECTION ( 'NONE',  ( 0.000000000000000000, 0.000000000000000000, 1.000000000000000000 ) ) ;
#2987 = VECTOR ( 'NONE', #149, 1000.000000000000000 ) ;
#2988 = ORIENTED_EDGE ( 'NONE', *, *, #3041, .T. ) ;
#2989 = CIRCLE ( 'NONE', #754, 3.000000000000000888 ) ;
#2991 = ORIENTED_EDGE ( 'NONE', *, *, #1492, .F. ) ;
#2990 = CARTESIAN_POINT ( 'NONE',  ( 16.53503777425773791, -18.72129294843107417, -2.500000000000000000 ) ) ;
#2992 = ORIENTED_EDGE ( 'NONE', *, *, #768, .T. ) ;
#2993 = ORIENTED_EDGE ( 'NONE', *, *, #586, .F. ) ;
#2994 = EDGE_CURVE ( 'NONE', #2625, #679, #1939, .T. ) ;
#2995 = FACE_OUTER_BOUND ( 'NONE', #510, .T. ) ;
#2996 = CARTESIAN_POINT ( 'NONE',  ( 10.45303777425773362, 25.68270705156890443, -2.500000000000000000 ) ) ;
#2997 = ORIENTED_EDGE ( 'NONE', *, *, #672, .F. ) ;
#2998 = ORIENTED_EDGE ( 'NONE', *, *, #2067, .F. ) ;
#2999 = DIRECTION ( 'NONE',  ( -1.000000000000000000, 0.000000000000000000, -2.409338161078898687E-16 ) ) ;
#3000 = DIRECTION ( 'NONE',  ( 0.000000000000000000, 0.000000000000000000, -1.000000000000000000 ) ) ;
#3001 = PLANE ( 'NONE',  #2027 ) ;
#3002 = DIRECTION ( 'NONE',  ( 1.000000000000000000, 0.000000000000000000, -0.000000000000000000 ) ) ;
#3003 = EDGE_CURVE ( 'NONE', #186, #1420, #1474, .T. ) ;
#3004 = FACE_OUTER_BOUND ( 'NONE', #163, .T. ) ;
#3005 = ORIENTED_EDGE ( 'NONE', *, *, #271, .T. ) ;
#3006 = ADVANCED_FACE ( 'NONE', ( #1633 ), #638, .T. ) ;
#3008 = EDGE_LOOP ( 'NONE', ( #3012, #444, #3306, #503 ) ) ;
#3007 = DIRECTION ( 'NONE',  ( 0.000000000000000000, -0.000000000000000000, -1.000000000000000000 ) ) ;
#3009 = ORIENTED_EDGE ( 'NONE', *, *, #313, .T. ) ;
#3010 = CARTESIAN_POINT ( 'NONE',  ( 16.53503777425773791, -18.72129294843107417, 3.292323440001584611 ) ) ;
#3011 = CARTESIAN_POINT ( 'NONE',  ( 10.45303777425773362, 25.68270705156890443, 0.000000000000000000 ) ) ;
#3012 = ORIENTED_EDGE ( 'NONE', *, *, #1409, .F. ) ;
#3013 = ORIENTED_EDGE ( 'NONE', *, *, #2017, .T. ) ;
#3014 = DIRECTION ( 'NONE',  ( 1.000000000000000000, -0.000000000000000000, -0.000000000000000000 ) ) ;
#3015 = CARTESIAN_POINT ( 'NONE',  ( 17.53503777425773080, 27.02870705156891162, -2.500000000000000000 ) ) ;
#3016 = LINE ( 'NONE', #2219, #620 ) ;
#3017 = DIRECTION ( 'NONE',  ( 0.000000000000000000, 0.000000000000000000, 1.000000000000000000 ) ) ;
#3018 = EDGE_LOOP ( 'NONE', ( #1158, #3232, #2444, #561 ) ) ;
#3019 = AXIS2_PLACEMENT_3D ( 'NONE', #2753, #2235, #1193 ) ;
#3020 = DIRECTION ( 'NONE',  ( -0.000000000000000000, -0.000000000000000000, 1.000000000000000000 ) ) ;
#3021 = DIRECTION ( 'NONE',  ( -0.000000000000000000, -0.000000000000000000, 1.000000000000000000 ) ) ;
#3022 = VERTEX_POINT ( 'NONE', #2673 ) ;
#3023 = CIRCLE ( 'NONE', #1574, 0.9499999999999995115 ) ;
#3024 = CARTESIAN_POINT ( 'NONE',  ( -19.46496222574226209, -29.97129294843108838, -4.000000000000000000 ) ) ;
#3025 = CARTESIAN_POINT ( 'NONE',  ( -16.21496222574229407, 19.77870705156889031, 3.292323440001584611 ) ) ;
#3026 = ORIENTED_EDGE ( 'NONE', *, *, #2264, .T. ) ;
#3027 = CARTESIAN_POINT ( 'NONE',  ( 17.53503777425773791, -18.72129294843107772, -4.000000000000000000 ) ) ;
#3028 = AXIS2_PLACEMENT_3D ( 'NONE', #358, #3169, #883 ) ;
#3029 = ORIENTED_EDGE ( 'NONE', *, *, #1593, .T. ) ;
#3030 = CARTESIAN_POINT ( 'NONE',  ( -7.712636549863114944E-15, 28.52870705156890452, -2.500000000000000000 ) ) ;
#3031 = CARTESIAN_POINT ( 'NONE',  ( 7.285040208365947123, -29.97129294843108838, -0.3076765599984150334 ) ) ;
#3032 = CARTESIAN_POINT ( 'NONE',  ( 11.40303777425773468, 25.68270705156890443, -2.500000000000000000 ) ) ;
#3033 = CIRCLE ( 'NONE', #2977, 1.500000000000001332 ) ;
#3034 = AXIS2_PLACEMENT_3D ( 'NONE', #298, #1329, #1091 ) ;
#3035 = EDGE_CURVE ( 'NONE', #688, #2556, #239, .T. ) ;
#3036 = EDGE_CURVE ( 'NONE', #89, #2761, #2560, .T. ) ;
#3037 = CARTESIAN_POINT ( 'NONE',  ( -16.21496222574229762, 22.52870705156888675, 3.000000000000001776 ) ) ;
#3038 = VECTOR ( 'NONE', #1766, 1000.000000000000000 ) ;
#3039 = CIRCLE ( 'NONE', #1278, 3.000000000000000888 ) ;
#3040 = ADVANCED_FACE ( 'NONE', ( #479 ), #233, .T. ) ;
#3041 = EDGE_CURVE ( 'NONE', #374, #3165, #495, .T. ) ;
#3042 = ORIENTED_EDGE ( 'NONE', *, *, #313, .F. ) ;
#3043 = AXIS2_PLACEMENT_3D ( 'NONE', #1767, #2287, #3 ) ;
#3044 = CIRCLE ( 'NONE', #1592, 1.000000000000000888 ) ;
#3045 = DIRECTION ( 'NONE',  ( -0.000000000000000000, 0.000000000000000000, 1.000000000000000000 ) ) ;
#3046 = CARTESIAN_POINT ( 'NONE',  ( 15.78503777425775390, -25.22129294843106706, 3.292323440001584611 ) ) ;
#3047 = ORIENTED_EDGE ( 'NONE', *, *, #2413, .T. ) ;
#3048 = ORIENTED_EDGE ( 'NONE', *, *, #24, .F. ) ;
#3049 = CARTESIAN_POINT ( 'NONE',  ( -13.88296222574226668, 25.68270705156890443, -2.500000000000000000 ) ) ;
#3050 = LINE ( 'NONE', #549, #2551 ) ;
#3051 = VECTOR ( 'NONE', #1170, 1000.000000000000000 ) ;
#3052 = ADVANCED_FACE ( 'NONE', ( #2575 ), #2523, .T. ) ;
#3053 = CARTESIAN_POINT ( 'NONE',  ( 10.45303777425773362, -25.62529294843109540, -2.500000000000000000 ) ) ;
#3054 = VERTEX_POINT ( 'NONE', #1835 ) ;
#3055 = EDGE_LOOP ( 'NONE', ( #425, #1199, #2546, #1039 ) ) ;
#3056 = CARTESIAN_POINT ( 'NONE',  ( -16.21496222574229762, 25.27870705156888320, -2.500000000000000000 ) ) ;
#3057 = DIRECTION ( 'NONE',  ( -1.000000000000000000, -2.703465157366452467E-16, 0.000000000000000000 ) ) ;
#3058 = DIRECTION ( 'NONE',  ( -0.000000000000000000, -0.000000000000000000, -1.000000000000000000 ) ) ;
#3059 = EDGE_CURVE ( 'NONE', #2224, #360, #1034, .T. ) ;
#3060 = CARTESIAN_POINT ( 'NONE',  ( 16.53503777425774146, -26.22129294843106706, 3.292323440001584611 ) ) ;
#3061 = ORIENTED_EDGE ( 'NONE', *, *, #1030, .F. ) ;
#3062 = EDGE_CURVE ( 'NONE', #2417, #614, #1313, .T. ) ;
#3063 = CARTESIAN_POINT ( 'NONE',  ( -7.712636549863114944E-15, 28.52870705156890452, -2.500000000000000000 ) ) ;
#3064 = ORIENTED_EDGE ( 'NONE', *, *, #727, .F. ) ;
#3065 = CARTESIAN_POINT ( 'NONE',  ( 15.78503777425776100, 19.77870705156889031, 3.292323440001584611 ) ) ;
#3066 = CARTESIAN_POINT ( 'NONE',  ( 7.453037774257734505, -25.62529294843109540, 0.000000000000000000 ) ) ;
#3067 = ORIENTED_EDGE ( 'NONE', *, *, #1849, .F. ) ;
#3068 = EDGE_LOOP ( 'NONE', ( #518, #1061, #326, #1257 ) ) ;
#3069 = DIRECTION ( 'NONE',  ( 1.734723475976807341E-16, -1.000000000000000000, 0.000000000000000000 ) ) ;
#3070 = DIRECTION ( 'NONE',  ( 1.000000000000000000, 0.000000000000000000, -0.000000000000000000 ) ) ;
#3071 = CARTESIAN_POINT ( 'NONE',  ( -13.88296222574226668, -25.62529294843109184, 0.000000000000000000 ) ) ;
#3072 = DIRECTION ( 'NONE',  ( -0.000000000000000000, -0.000000000000000000, -1.000000000000000000 ) ) ;
#3073 = EDGE_CURVE ( 'NONE', #1654, #2605, #1966, .T. ) ;
#3074 = ORIENTED_EDGE ( 'NONE', *, *, #2133, .F. ) ;
#3075 = DIRECTION ( 'NONE',  ( 1.000000000000000000, 0.000000000000000000, 0.000000000000000000 ) ) ;
#3076 = VERTEX_POINT ( 'NONE', #1249 ) ;
#3077 = DIRECTION ( 'NONE',  ( 1.000000000000000000, 0.000000000000000000, 0.000000000000000000 ) ) ;
#3078 = CARTESIAN_POINT ( 'NONE',  ( -15.26496222574226458, -22.47129294843110969, -3.000000000000002665 ) ) ;
#3079 = AXIS2_PLACEMENT_3D ( 'NONE', #2368, #1925, #2408 ) ;
#3080 = VERTEX_POINT ( 'NONE', #1268 ) ;
#3081 = ORIENTED_EDGE ( 'NONE', *, *, #672, .T. ) ;
#3082 = DIRECTION ( 'NONE',  ( 1.000000000000000000, -2.135044278125326586E-15, 0.000000000000000000 ) ) ;
#3083 = LINE ( 'NONE', #747, #2613 ) ;
#3084 = CYLINDRICAL_SURFACE ( 'NONE', #3172, 0.9499999999999995115 ) ;
#3085 = CARTESIAN_POINT ( 'NONE',  ( 19.03503777425773080, 27.02870705156891162, -3.499999999999999556 ) ) ;
#3086 = CIRCLE ( 'NONE', #1317, 0.9499999999999995115 ) ;
#3087 = CARTESIAN_POINT ( 'NONE',  ( -16.96496222574226209, -25.22129294843106706, -2.500000000000000000 ) ) ;
#3088 = ORIENTED_EDGE ( 'NONE', *, *, #2237, .F. ) ;
#3089 = CIRCLE ( 'NONE', #629, 0.9499999999999995115 ) ;
#3090 = CIRCLE ( 'NONE', #1638, 1.500000000000001332 ) ;
#3091 = CARTESIAN_POINT ( 'NONE',  ( 15.78503777425775390, -19.72129294843107417, -4.002000000000000668 ) ) ;
#3092 = CARTESIAN_POINT ( 'NONE',  ( -16.21496222574229051, -19.72129294843107417, -2.500000000000000000 ) ) ;
#3093 = EDGE_LOOP ( 'NONE', ( #884, #380 ) ) ;
#3094 = DIRECTION ( 'NONE',  ( 1.000000000000000000, 0.000000000000000000, 0.000000000000000000 ) ) ;
#3095 = CIRCLE ( 'NONE', #193, 1.000000000000000888 ) ;
#3096 = CARTESIAN_POINT ( 'NONE',  ( 10.45303777425773362, 25.68270705156890443, -2.500000000000000000 ) ) ;
#3097 = EDGE_CURVE ( 'NONE', #381, #254, #253, .T. ) ;
#3098 = ORIENTED_EDGE ( 'NONE', *, *, #1014, .F. ) ;
#3099 = DIRECTION ( 'NONE',  ( -0.000000000000000000, -0.000000000000000000, -1.000000000000000000 ) ) ;
#3100 = CYLINDRICAL_SURFACE ( 'NONE', #41, 2.999999999999999112 ) ;
#3101 = CARTESIAN_POINT ( 'NONE',  ( -19.46496222574226209, -26.97129294843108838, -4.000000000000000000 ) ) ;
#3102 = ADVANCED_FACE ( 'NONE', ( #2311 ), #1560, .F. ) ;
#3103 = CYLINDRICAL_SURFACE ( 'NONE', #783, 1.500000000000001332 ) ;
#3104 = ADVANCED_FACE ( 'NONE', ( #3288 ), #267, .T. ) ;
#3105 = CARTESIAN_POINT ( 'NONE',  ( 15.78503777425773613, -22.47129294843107417, 3.000000000000001776 ) ) ;
#3106 = CARTESIAN_POINT ( 'NONE',  ( 10.45303777425773362, 25.68270705156890443, 0.000000000000000000 ) ) ;
#3107 = ORIENTED_EDGE ( 'NONE', *, *, #1912, .T. ) ;
#3108 = ADVANCED_FACE ( 'NONE', ( #1494 ), #2297, .T. ) ;
#3109 = EDGE_CURVE ( 'NONE', #2491, #1269, #1063, .T. ) ;
#3110 = DIRECTION ( 'NONE',  ( -0.000000000000000000, -0.000000000000000000, -1.000000000000000000 ) ) ;
#3111 = ORIENTED_EDGE ( 'NONE', *, *, #323, .F. ) ;
#3112 = EDGE_CURVE ( 'NONE', #254, #3080, #2440, .T. ) ;
#3113 = DIRECTION ( 'NONE',  ( -1.000000000000000000, 0.000000000000000000, 0.000000000000000000 ) ) ;
#3114 = CARTESIAN_POINT ( 'NONE',  ( 16.53503777425773436, 19.77870705156889031, 3.292323440001584611 ) ) ;
#3115 = EDGE_LOOP ( 'NONE', ( #2489, #2111, #1990, #2657 ) ) ;
#3116 = DIRECTION ( 'NONE',  ( 1.734723475976807341E-16, -1.000000000000000000, 0.000000000000000000 ) ) ;
#3117 = DIRECTION ( 'NONE',  ( 0.000000000000000000, 0.000000000000000000, 1.000000000000000000 ) ) ;
#3118 = DIRECTION ( 'NONE',  ( -0.000000000000000000, -0.000000000000000000, 1.000000000000000000 ) ) ;
#3119 = DIRECTION ( 'NONE',  ( 1.000000000000000000, 0.000000000000000000, -0.000000000000000000 ) ) ;
#3120 = LINE ( 'NONE', #1635, #1869 ) ;
#3121 = PLANE ( 'NONE',  #1564 ) ;
#3122 = DIRECTION ( 'NONE',  ( -0.000000000000000000, -0.000000000000000000, -1.000000000000000000 ) ) ;
#3123 = ORIENTED_EDGE ( 'NONE', *, *, #1046, .F. ) ;
#3124 = VERTEX_POINT ( 'NONE', #1048 ) ;
#3125 = CARTESIAN_POINT ( 'NONE',  ( 0.000000000000000000, 0.000000000000000000, -2.500000000000000000 ) ) ;
#3126 = DIRECTION ( 'NONE',  ( -0.000000000000000000, -0.000000000000000000, -1.000000000000000000 ) ) ;
#3127 = AXIS2_PLACEMENT_3D ( 'NONE', #2127, #1617, #3184 ) ;
#3128 = ORIENTED_EDGE ( 'NONE', *, *, #1921, .F. ) ;
#3129 = FACE_OUTER_BOUND ( 'NONE', #2406, .T. ) ;
#3130 = AXIS2_PLACEMENT_3D ( 'NONE', #2211, #2192, #3202 ) ;
#3131 = CARTESIAN_POINT ( 'NONE',  ( 9.504204806870928834, -28.47129294843108482, 0.000000000000000000 ) ) ;
#3132 = EDGE_CURVE ( 'NONE', #2365, #2567, #1774, .T. ) ;
#3133 = EDGE_CURVE ( 'NONE', #1101, #1217, #1320, .T. ) ;
#3134 = EDGE_CURVE ( 'NONE', #2744, #218, #3136, .T. ) ;
#3135 = AXIS2_PLACEMENT_3D ( 'NONE', #1169, #1647, #1368 ) ;
#3136 = CIRCLE ( 'NONE', #244, 2.749999999999995559 ) ;
#3137 = DIRECTION ( 'NONE',  ( -0.000000000000000000, -0.000000000000000000, 1.000000000000000000 ) ) ;
#3138 = VERTEX_POINT ( 'NONE', #2604 ) ;
#3139 = CIRCLE ( 'NONE', #3303, 1.500000000000001332 ) ;
#3140 = CIRCLE ( 'NONE', #1371, 1.500000000000001332 ) ;
#3141 = ORIENTED_EDGE ( 'NONE', *, *, #221, .F. ) ;
#3142 = DIRECTION ( 'NONE',  ( 0.000000000000000000, 0.000000000000000000, 1.000000000000000000 ) ) ;
#3143 = CARTESIAN_POINT ( 'NONE',  ( 10.45303777425773362, 25.68270705156890443, 0.000000000000000000 ) ) ;
#3144 = CARTESIAN_POINT ( 'NONE',  ( 16.03503777425773791, -29.97129294843108838, -3.499999999999999556 ) ) ;
#3145 = EDGE_CURVE ( 'NONE', #2310, #1353, #1623, .T. ) ;
#3146 = AXIS2_PLACEMENT_3D ( 'NONE', #2965, #1154, #3161 ) ;
#3147 = ORIENTED_EDGE ( 'NONE', *, *, #2117, .T. ) ;
#3148 = DIRECTION ( 'NONE',  ( 0.000000000000000000, -0.000000000000000000, -1.000000000000000000 ) ) ;
#3149 = CIRCLE ( 'NONE', #1818, 0.9499999999999995115 ) ;
#3150 = EDGE_CURVE ( 'NONE', #46, #2365, #3033, .T. ) ;
#3151 = DIRECTION ( 'NONE',  ( 1.000000000000000000, 0.000000000000000000, 0.000000000000000000 ) ) ;
#3152 = DIRECTION ( 'NONE',  ( 1.000000000000000000, 0.000000000000000000, 0.000000000000000000 ) ) ;
#3153 = EDGE_LOOP ( 'NONE', ( #372, #704, #2382, #3005 ) ) ;
#3154 = EDGE_CURVE ( 'NONE', #2491, #2784, #1410, .T. ) ;
#3155 = VERTEX_POINT ( 'NONE', #2894 ) ;
#3156 = CARTESIAN_POINT ( 'NONE',  ( 7.285040208365947123, -11.83278339979662874, -0.3076765599984150334 ) ) ;
#3157 = LINE ( 'NONE', #1630, #2758 ) ;
#3158 = EDGE_LOOP ( 'NONE', ( #806, #1358 ) ) ;
#3159 = DIRECTION ( 'NONE',  ( 1.734723475976807094E-16, -1.000000000000000000, 0.000000000000000000 ) ) ;
#3160 = CARTESIAN_POINT ( 'NONE',  ( 17.53503777425773436, 18.77870705156889031, -4.000000000000000000 ) ) ;
#3161 = DIRECTION ( 'NONE',  ( 1.000000000000000000, 0.000000000000000000, 0.000000000000000000 ) ) ;
#3162 = ADVANCED_FACE ( 'NONE', ( #324 ), #1136, .F. ) ;
#3163 = CARTESIAN_POINT ( 'NONE',  ( 7.285040208365947123, -29.97129294843108838, 3.292323440001584611 ) ) ;
#3164 = EDGE_LOOP ( 'NONE', ( #1454, #3290, #259, #1646 ) ) ;
#3165 = VERTEX_POINT ( 'NONE', #2361 ) ;
#3166 = CARTESIAN_POINT ( 'NONE',  ( 10.45303777425773362, -25.62529294843109540, 0.000000000000000000 ) ) ;
#3167 = CARTESIAN_POINT ( 'NONE',  ( 7.285040208365947123, -11.83278339979662874, -0.3076765599984150334 ) ) ;
#3168 = ORIENTED_EDGE ( 'NONE', *, *, #1910, .F. ) ;
#3169 = DIRECTION ( 'NONE',  ( 0.000000000000000000, -1.000000000000000000, 0.000000000000000000 ) ) ;
#3170 = ORIENTED_EDGE ( 'NONE', *, *, #338, .F. ) ;
#3171 = DIRECTION ( 'NONE',  ( -0.000000000000000000, -0.000000000000000000, -1.000000000000000000 ) ) ;
#3172 = AXIS2_PLACEMENT_3D ( 'NONE', #2596, #1540, #22 ) ;
#3173 = AXIS2_PLACEMENT_3D ( 'NONE', #35, #2283, #1318 ) ;
#3174 = DIRECTION ( 'NONE',  ( 1.000000000000000000, 0.000000000000000000, -0.000000000000000000 ) ) ;
#3175 = CARTESIAN_POINT ( 'NONE',  ( -10.88296222574226668, 25.68270705156890443, 0.000000000000000000 ) ) ;
#3176 = EDGE_CURVE ( 'NONE', #411, #2526, #79, .T. ) ;
#3177 = DIRECTION ( 'NONE',  ( -1.000000000000000000, -2.135044278125331319E-15, 0.000000000000000000 ) ) ;
#3178 = ORIENTED_EDGE ( 'NONE', *, *, #516, .F. ) ;
#3179 = AXIS2_PLACEMENT_3D ( 'NONE', #1640, #3137, #365 ) ;
#3180 = VERTEX_POINT ( 'NONE', #1594 ) ;
#3181 = AXIS2_PLACEMENT_3D ( 'NONE', #2238, #419, #3247 ) ;
#3182 = EDGE_LOOP ( 'NONE', ( #639, #2222, #3123, #2152 ) ) ;
#3183 = DIRECTION ( 'NONE',  ( 0.000000000000000000, 0.000000000000000000, 1.000000000000000000 ) ) ;
#3184 = DIRECTION ( 'NONE',  ( 1.000000000000000000, 0.000000000000000000, -0.000000000000000000 ) ) ;
#3185 = CIRCLE ( 'NONE', #1972, 1.500000000000001332 ) ;
#3186 = ORIENTED_EDGE ( 'NONE', *, *, #2265, .T. ) ;
#3187 = CARTESIAN_POINT ( 'NONE',  ( -11.83296222574226597, 25.68270705156890443, 0.000000000000000000 ) ) ;
#3188 = ADVANCED_FACE ( 'NONE', ( #1357 ), #2634, .F. ) ;
#3189 = ORIENTED_EDGE ( 'NONE', *, *, #405, .T. ) ;
#3190 = ADVANCED_FACE ( 'NONE', ( #1078 ), #2167, .T. ) ;
#3191 = DIRECTION ( 'NONE',  ( 1.000000000000000000, 0.000000000000000000, 0.000000000000000000 ) ) ;
#3192 = VECTOR ( 'NONE', #1538, 1000.000000000000000 ) ;
#3193 = LINE ( 'NONE', #567, #947 ) ;
#3194 = VECTOR ( 'NONE', #2566, 1000.000000000000000 ) ;
#3195 = ORIENTED_EDGE ( 'NONE', *, *, #2682, .F. ) ;
#3196 = EDGE_CURVE ( 'NONE', #3265, #1252, #336, .T. ) ;
#3197 = ORIENTED_EDGE ( 'NONE', *, *, #563, .T. ) ;
#3198 = EDGE_CURVE ( 'NONE', #2794, #1203, #577, .T. ) ;
#3199 = VERTEX_POINT ( 'NONE', #95 ) ;
#3200 = ORIENTED_EDGE ( 'NONE', *, *, #66, .F. ) ;
#3201 = DIRECTION ( 'NONE',  ( 1.000000000000000000, 0.000000000000000000, 0.000000000000000000 ) ) ;
#3202 = DIRECTION ( 'NONE',  ( 1.000000000000000000, 0.000000000000000000, 0.000000000000000000 ) ) ;
#3203 = EDGE_LOOP ( 'NONE', ( #128, #2849 ) ) ;
#3204 = CARTESIAN_POINT ( 'NONE',  ( -17.16496222574226493, -22.47129294843110969, 3.000000000000001776 ) ) ;
#3205 = LINE ( 'NONE', #1764, #3051 ) ;
#3206 = ORIENTED_EDGE ( 'NONE', *, *, #1528, .F. ) ;
#3207 = CARTESIAN_POINT ( 'NONE',  ( -17.96496222574226564, 27.02870705156890097, -4.000000000000000000 ) ) ;
#3208 = CARTESIAN_POINT ( 'NONE',  ( -16.46496222574226209, -26.97129294843108838, -4.000000000000000000 ) ) ;
#3209 = DIRECTION ( 'NONE',  ( 1.000000000000000000, 1.734723475976807094E-16, -0.000000000000000000 ) ) ;
#3210 = CARTESIAN_POINT ( 'NONE',  ( -16.96496222574226564, 18.77870705156889031, 3.292323440001584611 ) ) ;
#3211 = ORIENTED_EDGE ( 'NONE', *, *, #1352, .T. ) ;
#3212 = ADVANCED_FACE ( 'NONE', ( #612 ), #1575, .T. ) ;
#3214 = EDGE_LOOP ( 'NONE', ( #2592, #1021, #81, #1052 ) ) ;
#3213 = DIRECTION ( 'NONE',  ( -0.000000000000000000, -0.000000000000000000, -1.000000000000000000 ) ) ;
#3215 = CIRCLE ( 'NONE', #2325, 2.499999999999998668 ) ;
#3216 = VERTEX_POINT ( 'NONE', #1901 ) ;
#3217 = CARTESIAN_POINT ( 'NONE',  ( -16.96496222574226209, -25.22129294843106706, 3.292323440001584611 ) ) ;
#3218 = FACE_BOUND ( 'NONE', #64, .T. ) ;
#3219 = VERTEX_POINT ( 'NONE', #2416 ) ;
#3220 = ORIENTED_EDGE ( 'NONE', *, *, #2631, .T. ) ;
#3221 = FACE_OUTER_BOUND ( 'NONE', #181, .T. ) ;
#3222 = DIRECTION ( 'NONE',  ( 0.000000000000000000, 0.000000000000000000, 1.000000000000000000 ) ) ;
#3223 = DIRECTION ( 'NONE',  ( 1.000000000000000000, 0.000000000000000000, 0.000000000000000000 ) ) ;
#3224 = CARTESIAN_POINT ( 'NONE',  ( -7.714959791634051989, -11.83278339979662874, -0.3076765599984150334 ) ) ;
#3225 = EDGE_CURVE ( 'NONE', #2971, #1561, #1747, .T. ) ;
#3226 = AXIS2_PLACEMENT_3D ( 'NONE', #356, #647, #330 ) ;
#3227 = CARTESIAN_POINT ( 'NONE',  ( 10.45303777425773362, -25.62529294843109540, -2.500000000000000000 ) ) ;
#3228 = VERTEX_POINT ( 'NONE', #3163 ) ;
#3230 = ORIENTED_EDGE ( 'NONE', *, *, #3245, .T. ) ;
#3229 = CARTESIAN_POINT ( 'NONE',  ( -17.96496222574226564, 30.02870705156890097, 3.292323440001584611 ) ) ;
#3231 = ORIENTED_EDGE ( 'NONE', *, *, #1515, .F. ) ;
#3232 = ORIENTED_EDGE ( 'NONE', *, *, #2070, .F. ) ;
#3233 = CIRCLE ( 'NONE', #2072, 2.499999999999998668 ) ;
#3234 = CARTESIAN_POINT ( 'NONE',  ( -10.88296222574226668, 25.68270705156890443, 0.000000000000000000 ) ) ;
#3235 = CARTESIAN_POINT ( 'NONE',  ( 14.28503777425773436, -22.47129294843107417, 3.292323440001584611 ) ) ;
#3236 = ORIENTED_EDGE ( 'NONE', *, *, #1046, .T. ) ;
#3237 = ORIENTED_EDGE ( 'NONE', *, *, #560, .F. ) ;
#3238 = VERTEX_POINT ( 'NONE', #1344 ) ;
#3239 = DIRECTION ( 'NONE',  ( 1.000000000000000000, 0.000000000000000000, 0.000000000000000000 ) ) ;
#3240 = CARTESIAN_POINT ( 'NONE',  ( 7.285040208365947123, -11.83278339979662874, -0.3076765599984150334 ) ) ;
#3241 = AXIS2_PLACEMENT_3D ( 'NONE', #1194, #2986, #1745 ) ;
#3242 = FACE_OUTER_BOUND ( 'NONE', #481, .T. ) ;
#3243 = EDGE_CURVE ( 'NONE', #1993, #1934, #1855, .T. ) ;
#3244 = AXIS2_PLACEMENT_3D ( 'NONE', #1682, #153, #2252 ) ;
#3245 = EDGE_CURVE ( 'NONE', #357, #439, #1876, .T. ) ;
#3246 = VECTOR ( 'NONE', #3222, 1000.000000000000000 ) ;
#3247 = DIRECTION ( 'NONE',  ( 1.000000000000000000, 0.000000000000000000, 0.000000000000000000 ) ) ;
#3248 =( NAMED_UNIT ( * ) SI_UNIT ( $, .STERADIAN. ) SOLID_ANGLE_UNIT ( ) );
#3249 = VECTOR ( 'NONE', #1316, 1000.000000000000000 ) ;
#3250 = ORIENTED_EDGE ( 'NONE', *, *, #1281, .T. ) ;
#3251 = VECTOR ( 'NONE', #3213, 1000.000000000000000 ) ;
#3253 = ORIENTED_EDGE ( 'NONE', *, *, #2519, .T. ) ;
#3252 = DIRECTION ( 'NONE',  ( 1.000000000000000000, 0.000000000000000000, 0.000000000000000000 ) ) ;
#3254 = ORIENTED_EDGE ( 'NONE', *, *, #264, .F. ) ;
#3255 = EDGE_LOOP ( 'NONE', ( #3220, #3230, #1642, #2851 ) ) ;
#3256 = FACE_OUTER_BOUND ( 'NONE', #877, .T. ) ;
#3257 = PLANE ( 'NONE',  #287 ) ;
#3258 = ORIENTED_EDGE ( 'NONE', *, *, #2806, .F. ) ;
#3259 = CARTESIAN_POINT ( 'NONE',  ( -19.46496222574226209, -28.47129294843108482, -4.000000000000000000 ) ) ;
#3260 = PLANE ( 'NONE',  #2815 ) ;
#3261 = LINE ( 'NONE', #1998, #1691 ) ;
#3262 = CARTESIAN_POINT ( 'NONE',  ( -16.21496222574229051, -19.72129294843107417, -4.002000000000000668 ) ) ;
#3263 = CARTESIAN_POINT ( 'NONE',  ( -10.88296222574226668, 25.68270705156890443, 0.000000000000000000 ) ) ;
#3264 = CARTESIAN_POINT ( 'NONE',  ( -10.88296222574226668, 25.68270705156890443, 0.000000000000000000 ) ) ;
#3265 = VERTEX_POINT ( 'NONE', #862 ) ;
#3266 = DIRECTION ( 'NONE',  ( -0.000000000000000000, 0.000000000000000000, 1.000000000000000000 ) ) ;
#3267 = CYLINDRICAL_SURFACE ( 'NONE', #2359, 1.499999999999999556 ) ;
#3268 = ORIENTED_EDGE ( 'NONE', *, *, #168, .F. ) ;
#3269 = ORIENTED_EDGE ( 'NONE', *, *, #2696, .F. ) ;
#3270 = CYLINDRICAL_SURFACE ( 'NONE', #2185, 3.000000000000000888 ) ;
#3271 = ADVANCED_FACE ( 'NONE', ( #2881 ), #2623, .F. ) ;
#3272 = DIRECTION ( 'NONE',  ( -0.000000000000000000, -0.7071067811865475727, -0.7071067811865475727 ) ) ;
#3273 = EDGE_CURVE ( 'NONE', #821, #894, #105, .T. ) ;
#3274 = EDGE_LOOP ( 'NONE', ( #2280, #903, #1613, #327 ) ) ;
#3275 = EDGE_CURVE ( 'NONE', #1203, #2794, #2290, .T. ) ;
#3276 = DIRECTION ( 'NONE',  ( 0.000000000000000000, -0.000000000000000000, -1.000000000000000000 ) ) ;
#3277 = ORIENTED_EDGE ( 'NONE', *, *, #231, .T. ) ;
#3278 = CARTESIAN_POINT ( 'NONE',  ( -16.21496222574229762, 25.27870705156888320, -4.002000000000000668 ) ) ;
#3279 = CARTESIAN_POINT ( 'NONE',  ( 17.53503777425774146, -26.97129294843108482, -4.000000000000000000 ) ) ;
#3280 = AXIS2_PLACEMENT_3D ( 'NONE', #3240, #3000, #2981 ) ;
#3281 = CARTESIAN_POINT ( 'NONE',  ( -11.83179519312906436, -28.47129294843108482, -2.500000000000000000 ) ) ;
#3282 = ADVANCED_FACE ( 'NONE', ( #3004 ), #2950, .T. ) ;
#3283 = EDGE_CURVE ( 'NONE', #2743, #2811, #3295, .T. ) ;
#3284 = CARTESIAN_POINT ( 'NONE',  ( 7.453037774257734505, 25.68270705156890443, 0.000000000000000000 ) ) ;
#3285 = ORIENTED_EDGE ( 'NONE', *, *, #3318, .T. ) ;
#3286 = EDGE_CURVE ( 'NONE', #1749, #89, #1857, .T. ) ;
#3287 = AXIS2_PLACEMENT_3D ( 'NONE', #88, #618, #1480 ) ;
#3288 = FACE_OUTER_BOUND ( 'NONE', #2331, .T. ) ;
#3289 = LINE ( 'NONE', #2026, #1543 ) ;
#3290 = ORIENTED_EDGE ( 'NONE', *, *, #2103, .F. ) ;
#3291 = ORIENTED_EDGE ( 'NONE', *, *, #655, .T. ) ;
#3292 = AXIS2_PLACEMENT_3D ( 'NONE', #2302, #2059, #3324 ) ;
#3293 = CARTESIAN_POINT ( 'NONE',  ( 7.453037774257734505, 25.68270705156890443, 0.000000000000000000 ) ) ;
#3294 = PLANE ( 'NONE',  #3292 ) ;
#3295 = CIRCLE ( 'NONE', #347, 1.000000000000000888 ) ;
#3296 = CONICAL_SURFACE ( 'NONE', #458, 2.499999999999998668, 0.7853981633974491672 ) ;
#3297 = EDGE_LOOP ( 'NONE', ( #2312, #1397 ) ) ;
#3298 = FACE_OUTER_BOUND ( 'NONE', #448, .T. ) ;
#3299 = CARTESIAN_POINT ( 'NONE',  ( -13.46496222574230295, 22.52870705156889031, -2.500000000000000000 ) ) ;
#3300 = DIRECTION ( 'NONE',  ( 0.000000000000000000, 0.000000000000000000, -1.000000000000000000 ) ) ;
#3301 = VECTOR ( 'NONE', #80, 1000.000000000000000 ) ;
#3302 = ADVANCED_FACE ( 'NONE', ( #2469 ), #1950, .F. ) ;
#3303 = AXIS2_PLACEMENT_3D ( 'NONE', #2877, #544, #1846 ) ;
#3304 = DIRECTION ( 'NONE',  ( 0.000000000000000000, -0.000000000000000000, -1.000000000000000000 ) ) ;
#3305 = VECTOR ( 'NONE', #3171, 1000.000000000000000 ) ;
#3306 = ORIENTED_EDGE ( 'NONE', *, *, #631, .F. ) ;
#3307 = AXIS2_PLACEMENT_3D ( 'NONE', #3024, #2031, #1757 ) ;
#3308 = CARTESIAN_POINT ( 'NONE',  ( -16.21496222574229762, 22.52870705156889031, -3.000000000000002665 ) ) ;
#3309 = EDGE_LOOP ( 'NONE', ( #3067, #756, #3237, #1443 ) ) ;
#3310 = EDGE_CURVE ( 'NONE', #997, #1127, #1414, .T. ) ;
#3311 = CYLINDRICAL_SURFACE ( 'NONE', #1978, 1.000000000000000888 ) ;
#3312 = DIRECTION ( 'NONE',  ( 0.000000000000000000, 0.000000000000000000, -1.000000000000000000 ) ) ;
#3313 = ORIENTED_EDGE ( 'NONE', *, *, #2807, .F. ) ;
#3314 = VERTEX_POINT ( 'NONE', #1178 ) ;
#3315 = DIRECTION ( 'NONE',  ( 0.000000000000000000, -0.000000000000000000, -1.000000000000000000 ) ) ;
#3316 = DIRECTION ( 'NONE',  ( 0.000000000000000000, 0.000000000000000000, 1.000000000000000000 ) ) ;
#3317 = LINE ( 'NONE', #1279, #1094 ) ;
#3318 = EDGE_CURVE ( 'NONE', #1620, #1576, #421, .T. ) ;
#3319 = LINE ( 'NONE', #1832, #2607 ) ;
#3320 = ORIENTED_EDGE ( 'NONE', *, *, #596, .T. ) ;
#3321 = DIRECTION ( 'NONE',  ( -0.000000000000000000, -0.000000000000000000, -1.000000000000000000 ) ) ;
#3322 = VERTEX_POINT ( 'NONE', #2240 ) ;
#3323 = CARTESIAN_POINT ( 'NONE',  ( 7.285040208365945347, -28.47129294843108482, -0.3076765599984150334 ) ) ;
#3324 = DIRECTION ( 'NONE',  ( -1.000000000000000000, 0.000000000000000000, -0.000000000000000000 ) ) ;
#3325 = ORIENTED_EDGE ( 'NONE', *, *, #1820, .F. ) ;
ENDSEC;
END-ISO-10303-21;
