ISO-10303-21;
HEADER;
FILE_DESCRIPTION (( 'STEP AP214' ),
    '1' );
FILE_NAME ('Top_Enclosure.STEP',
    '2026-01-20T02:59:41',
    ( '' ),
    ( '' ),
    'SwSTEP 2.0',
    'SolidWorks 2026',
    '' );
FILE_SCHEMA (( 'AUTOMOTIVE_DESIGN' ));
ENDSEC;

DATA;
#1 = DIRECTION ( 'NONE',  ( 1.949127501097536693E-16, -1.000000000000000000, 0.000000000000000000 ) ) ;
#2 = VECTOR ( 'NONE', #445, 1000.000000000000000 ) ;
#3 = EDGE_CURVE ( 'NONE', #3265, #3166, #1391, .T. ) ;
#4 = CARTESIAN_POINT ( 'NONE',  ( -16.46496222574226209, -28.47129294843108482, 8.499999999999998224 ) ) ;
#5 = EDGE_CURVE ( 'NONE', #1068, #3190, #373, .T. ) ;
#6 = AXIS2_PLACEMENT_3D ( 'NONE', #2033, #1439, #517 ) ;
#7 = CARTESIAN_POINT ( 'NONE',  ( -18.46496222574230117, 22.52870705156889031, 5.000000000000001776 ) ) ;
#8 = ORIENTED_EDGE ( 'NONE', *, *, #2940, .F. ) ;
#9 = AXIS2_PLACEMENT_3D ( 'NONE', #3101, #1904, #1596 ) ;
#10 = EDGE_CURVE ( 'NONE', #2953, #2263, #490, .T. ) ;
#11 = CARTESIAN_POINT ( 'NONE',  ( 15.78503777425773613, -22.47129294843107417, 3.292323440001584611 ) ) ;
#12 = ORIENTED_EDGE ( 'NONE', *, *, #1137, .F. ) ;
#13 = DIRECTION ( 'NONE',  ( 1.000000000000000000, 0.000000000000000000, 0.000000000000000000 ) ) ;
#14 = CARTESIAN_POINT ( 'NONE',  ( -16.21496222574229407, 19.77870705156889031, 8.499999999999998224 ) ) ;
#15 = CYLINDRICAL_SURFACE ( 'NONE', #2807, 2.749999999999995559 ) ;
#16 = VERTEX_POINT ( 'NONE', #2884 ) ;
#17 = VERTEX_POINT ( 'NONE', #2588 ) ;
#18 = DIRECTION ( 'NONE',  ( 1.000000000000000000, 0.000000000000000000, 0.000000000000000000 ) ) ;
#19 = CARTESIAN_POINT ( 'NONE',  ( -12.64106361317945293, -22.11161202698745498, -4.001000000000001222 ) ) ;
#20 = LINE ( 'NONE', #2419, #1365 ) ;
#21 = ORIENTED_EDGE ( 'NONE', *, *, #549, .T. ) ;
#22 = ADVANCED_FACE ( 'NONE', ( #581 ), #1960, .F. ) ;
#23 = DIRECTION ( 'NONE',  ( 1.000000000000000000, 0.000000000000000000, 0.000000000000000000 ) ) ;
#24 = CARTESIAN_POINT ( 'NONE',  ( -9.066960760898265193, 17.28171028643190610, 9.999999999999998224 ) ) ;
#25 = PLANE ( 'NONE',  #2196 ) ;
#26 = DIRECTION ( 'NONE',  ( 1.000000000000000000, 0.000000000000000000, 0.000000000000000000 ) ) ;
#27 = AXIS2_PLACEMENT_3D ( 'NONE', #3192, #2903, #197 ) ;
#28 = EDGE_LOOP ( 'NONE', ( #1897, #211, #2349, #1315 ) ) ;
#29 = EDGE_CURVE ( 'NONE', #1995, #2814, #2975, .T. ) ;
#30 = VECTOR ( 'NONE', #918, 1000.000000000000000 ) ;
#31 = CARTESIAN_POINT ( 'NONE',  ( 18.03503777425769883, 22.52870705156892583, 9.999999999999998224 ) ) ;
#32 = LINE ( 'NONE', #1795, #2189 ) ;
#33 = ORIENTED_EDGE ( 'NONE', *, *, #1301, .F. ) ;
#34 = DIRECTION ( 'NONE',  ( 0.000000000000000000, 0.000000000000000000, 1.000000000000000000 ) ) ;
#35 = CARTESIAN_POINT ( 'NONE',  ( 7.453037774257734505, -25.62529294843109540, 1.699999999999999289 ) ) ;
#36 = CIRCLE ( 'NONE', #3884, 3.000000000000000888 ) ;
#37 = ORIENTED_EDGE ( 'NONE', *, *, #1427, .F. ) ;
#38 = ORIENTED_EDGE ( 'NONE', *, *, #121, .T. ) ;
#39 = DIRECTION ( 'NONE',  ( 0.000000000000000000, 0.000000000000000000, -1.000000000000000000 ) ) ;
#40 = EDGE_CURVE ( 'NONE', #301, #3448, #3792, .T. ) ;
#41 = DIRECTION ( 'NONE',  ( 1.000000000000000000, 2.703465157366452467E-16, 0.000000000000000000 ) ) ;
#42 = DIRECTION ( 'NONE',  ( 0.000000000000000000, 0.000000000000000000, -1.000000000000000000 ) ) ;
#43 = EDGE_CURVE ( 'NONE', #1590, #2832, #466, .T. ) ;
#44 = LINE ( 'NONE', #1160, #3903 ) ;
#45 = ORIENTED_EDGE ( 'NONE', *, *, #3659, .F. ) ;
#46 = FACE_BOUND ( 'NONE', #3734, .T. ) ;
#47 = DIRECTION ( 'NONE',  ( 1.949127501097536693E-16, -1.000000000000000000, 0.000000000000000000 ) ) ;
#48 = AXIS2_PLACEMENT_3D ( 'NONE', #1443, #2896, #818 ) ;
#49 = DIRECTION ( 'NONE',  ( 0.000000000000000000, 0.000000000000000000, 1.000000000000000000 ) ) ;
#50 = CIRCLE ( 'NONE', #3009, 1.500000000000001332 ) ;
#51 = ORIENTED_EDGE ( 'NONE', *, *, #1079, .F. ) ;
#52 = ORIENTED_EDGE ( 'NONE', *, *, #2710, .F. ) ;
#53 = CIRCLE ( 'NONE', #2771, 2.749999999999995559 ) ;
#54 = DIRECTION ( 'NONE',  ( 0.000000000000000000, 0.000000000000000000, 1.000000000000000000 ) ) ;
#55 = ORIENTED_EDGE ( 'NONE', *, *, #3049, .F. ) ;
#56 = CARTESIAN_POINT ( 'NONE',  ( -13.96496222574229762, 22.52870705156889031, 9.999999999999998224 ) ) ;
#57 = LINE ( 'NONE', #1872, #3632 ) ;
#58 = ORIENTED_EDGE ( 'NONE', *, *, #891, .F. ) ;
#59 = ORIENTED_EDGE ( 'NONE', *, *, #1046, .F. ) ;
#60 = ADVANCED_FACE ( 'NONE', ( #3191, #1034 ), #3795, .T. ) ;
#61 = DIRECTION ( 'NONE',  ( -2.703465157366452467E-16, 1.000000000000000000, 0.000000000000000000 ) ) ;
#62 = PRODUCT_DEFINITION_CONTEXT ( 'detailed design', #443, 'design' ) ;
#63 = CYLINDRICAL_SURFACE ( 'NONE', #2168, 3.000000000000000888 ) ;
#64 = ORIENTED_EDGE ( 'NONE', *, *, #2322, .T. ) ;
#65 = CARTESIAN_POINT ( 'NONE',  ( 17.53503777425773080, 26.27870705156888320, -4.000000000000000000 ) ) ;
#66 = DIRECTION ( 'NONE',  ( -2.703465157366452467E-16, 1.000000000000000000, 0.000000000000000000 ) ) ;
#67 = DIRECTION ( 'NONE',  ( -0.000000000000000000, -1.000000000000000000, -0.000000000000000000 ) ) ;
#68 = ORIENTED_EDGE ( 'NONE', *, *, #2597, .F. ) ;
#69 = VECTOR ( 'NONE', #807, 1000.000000000000000 ) ;
#70 = ORIENTED_EDGE ( 'NONE', *, *, #537, .T. ) ;
#71 = CIRCLE ( 'NONE', #3220, 3.000000000000000888 ) ;
#72 = ADVANCED_FACE ( 'NONE', ( #3212 ), #1373, .F. ) ;
#73 = VERTEX_POINT ( 'NONE', #2862 ) ;
#74 = DIRECTION ( 'NONE',  ( 0.000000000000000000, 0.000000000000000000, -1.000000000000000000 ) ) ;
#75 = CARTESIAN_POINT ( 'NONE',  ( -9.934129258355479664, 28.52870705156890097, 3.292323440001584611 ) ) ;
#76 = AXIS2_PLACEMENT_3D ( 'NONE', #3880, #1163, #2385 ) ;
#77 = ORIENTED_EDGE ( 'NONE', *, *, #496, .T. ) ;
#78 = DIRECTION ( 'NONE',  ( 0.000000000000000000, 1.000000000000000000, 0.000000000000000000 ) ) ;
#79 = DIRECTION ( 'NONE',  ( 1.000000000000000000, 0.000000000000000000, 0.000000000000000000 ) ) ;
#80 = ORIENTED_EDGE ( 'NONE', *, *, #473, .F. ) ;
#81 = ORIENTED_EDGE ( 'NONE', *, *, #2522, .F. ) ;
#82 = EDGE_CURVE ( 'NONE', #3656, #3014, #2612, .T. ) ;
#83 = ORIENTED_EDGE ( 'NONE', *, *, #3780, .T. ) ;
#84 = DIRECTION ( 'NONE',  ( -1.000000000000000000, 0.000000000000000000, 0.000000000000000000 ) ) ;
#85 = ADVANCED_FACE ( 'NONE', ( #2685 ), #3892, .T. ) ;
#86 = DIRECTION ( 'NONE',  ( 0.000000000000000000, 0.000000000000000000, 1.000000000000000000 ) ) ;
#87 = CARTESIAN_POINT ( 'NONE',  ( -18.46496222574230117, 22.52870705156889031, 9.999999999999998224 ) ) ;
#88 = VERTEX_POINT ( 'NONE', #2396 ) ;
#89 = VERTEX_POINT ( 'NONE', #875 ) ;
#90 = VECTOR ( 'NONE', #97, 1000.000000000000000 ) ;
#91 = DIRECTION ( 'NONE',  ( 1.000000000000000000, 0.000000000000000000, 0.000000000000000000 ) ) ;
#92 = EDGE_CURVE ( 'NONE', #1608, #1648, #3459, .T. ) ;
#93 = VERTEX_POINT ( 'NONE', #762 ) ;
#94 = CIRCLE ( 'NONE', #2041, 1.074999999999999512 ) ;
#95 = CYLINDRICAL_SURFACE ( 'NONE', #1169, 1.500000000000001332 ) ;
#96 = AXIS2_PLACEMENT_3D ( 'NONE', #352, #66, #297 ) ;
#97 = DIRECTION ( 'NONE',  ( -0.000000000000000000, -0.000000000000000000, 1.000000000000000000 ) ) ;
#98 = EDGE_LOOP ( 'NONE', ( #1194, #102 ) ) ;
#99 = EDGE_CURVE ( 'NONE', #237, #2917, #2272, .T. ) ;
#100 = ORIENTED_EDGE ( 'NONE', *, *, #652, .F. ) ;
#101 = EDGE_CURVE ( 'NONE', #3650, #3478, #1214, .T. ) ;
#102 = ORIENTED_EDGE ( 'NONE', *, *, #254, .F. ) ;
#103 = CARTESIAN_POINT ( 'NONE',  ( 14.28503777425770060, 22.52870705156892583, 3.292323440001584611 ) ) ;
#104 = LINE ( 'NONE', #666, #2175 ) ;
#105 = CARTESIAN_POINT ( 'NONE',  ( -13.88296222574226668, -25.62529294843109540, 1.699999999999999289 ) ) ;
#106 = AXIS2_PLACEMENT_3D ( 'NONE', #3574, #3229, #1445 ) ;
#107 = CIRCLE ( 'NONE', #861, 1.000000000000000888 ) ;
#108 = VERTEX_POINT ( 'NONE', #2747 ) ;
#109 = LINE ( 'NONE', #1305, #3149 ) ;
#110 = EDGE_LOOP ( 'NONE', ( #904, #886, #2839, #1074, #2246, #2628, #437, #2159 ) ) ;
#111 = AXIS2_PLACEMENT_3D ( 'NONE', #2728, #2142, #1192 ) ;
#112 = DIRECTION ( 'NONE',  ( 0.000000000000000000, 0.000000000000000000, 1.000000000000000000 ) ) ;
#113 = ORIENTED_EDGE ( 'NONE', *, *, #2597, .T. ) ;
#114 = AXIS2_PLACEMENT_3D ( 'NONE', #11, #1774, #3652 ) ;
#115 = DIRECTION ( 'NONE',  ( -1.734723475976807094E-16, 1.000000000000000000, 0.000000000000000000 ) ) ;
#116 = ORIENTED_EDGE ( 'NONE', *, *, #2769, .T. ) ;
#117 = EDGE_LOOP ( 'NONE', ( #3134, #640, #1888, #1005 ) ) ;
#118 = ORIENTED_EDGE ( 'NONE', *, *, #3588, .F. ) ;
#119 = LINE ( 'NONE', #65, #139 ) ;
#120 = DIRECTION ( 'NONE',  ( 0.000000000000000000, 0.000000000000000000, -1.000000000000000000 ) ) ;
#121 = EDGE_CURVE ( 'NONE', #3444, #356, #895, .T. ) ;
#122 = ORIENTED_EDGE ( 'NONE', *, *, #2380, .T. ) ;
#123 = DIRECTION ( 'NONE',  ( 1.000000000000000000, 0.000000000000000000, 0.000000000000000000 ) ) ;
#124 = ADVANCED_FACE ( 'NONE', ( #3072 ), #3654, .T. ) ;
#125 = EDGE_LOOP ( 'NONE', ( #765, #1294, #1704, #1217 ) ) ;
#126 = DIRECTION ( 'NONE',  ( 0.000000000000000000, -0.000000000000000000, -1.000000000000000000 ) ) ;
#127 = EDGE_CURVE ( 'NONE', #1548, #237, #2481, .T. ) ;
#128 = ORIENTED_EDGE ( 'NONE', *, *, #3603, .T. ) ;
#129 = EDGE_CURVE ( 'NONE', #108, #3747, #2787, .T. ) ;
#130 = VECTOR ( 'NONE', #1248, 1000.000000000000000 ) ;
#131 = EDGE_LOOP ( 'NONE', ( #2200, #1869, #857, #3718 ) ) ;
#132 = CARTESIAN_POINT ( 'NONE',  ( 16.53503777425773436, 18.77870705156889031, -4.002000000000000668 ) ) ;
#133 = EDGE_LOOP ( 'NONE', ( #3761, #2238, #1369, #3783, #38, #1861, #113, #1324 ) ) ;
#134 = DIRECTION ( 'NONE',  ( 1.156482317317871971E-16, -1.000000000000000000, 0.000000000000000000 ) ) ;
#135 = VECTOR ( 'NONE', #3817, 1000.000000000000000 ) ;
#136 = CYLINDRICAL_SURFACE ( 'NONE', #275, 1.499999999999999556 ) ;
#137 = ORIENTED_EDGE ( 'NONE', *, *, #2460, .T. ) ;
#138 = ORIENTED_EDGE ( 'NONE', *, *, #3, .T. ) ;
#139 = VECTOR ( 'NONE', #351, 1000.000000000000000 ) ;
#140 = CARTESIAN_POINT ( 'NONE',  ( 16.53503777425773080, 26.27870705156888320, -4.002000000000000668 ) ) ;
#141 = PLANE ( 'NONE',  #2688 ) ;
#142 = EDGE_CURVE ( 'NONE', #3082, #470, #1629, .T. ) ;
#143 = ORIENTED_EDGE ( 'NONE', *, *, #2584, .T. ) ;
#144 = DIRECTION ( 'NONE',  ( -1.949127501097536693E-16, 1.000000000000000000, 0.000000000000000000 ) ) ;
#145 = DIRECTION ( 'NONE',  ( -1.000000000000000000, 0.000000000000000000, 0.000000000000000000 ) ) ;
#146 = VERTEX_POINT ( 'NONE', #56 ) ;
#147 = CARTESIAN_POINT ( 'NONE',  ( 0.000000000000000000, -29.47129294843110614, 9.999999999999998224 ) ) ;
#148 = EDGE_CURVE ( 'NONE', #3293, #250, #2992, .T. ) ;
#149 = AXIS2_PLACEMENT_3D ( 'NONE', #2252, #2494, #991 ) ;
#150 = AXIS2_PLACEMENT_3D ( 'NONE', #273, #1180, #2692 ) ;
#151 = DIRECTION ( 'NONE',  ( 0.000000000000000000, -0.000000000000000000, -1.000000000000000000 ) ) ;
#152 = ORIENTED_EDGE ( 'NONE', *, *, #3176, .T. ) ;
#153 = DIRECTION ( 'NONE',  ( 1.000000000000000000, 0.000000000000000000, 0.000000000000000000 ) ) ;
#154 = FACE_OUTER_BOUND ( 'NONE', #110, .T. ) ;
#155 = AXIS2_PLACEMENT_3D ( 'NONE', #3733, #400, #115 ) ;
#156 = ORIENTED_EDGE ( 'NONE', *, *, #2882, .T. ) ;
#157 = VECTOR ( 'NONE', #3690, 1000.000000000000000 ) ;
#158 = ORIENTED_EDGE ( 'NONE', *, *, #207, .T. ) ;
#159 = DIRECTION ( 'NONE',  ( -1.000000000000000000, -0.000000000000000000, -0.000000000000000000 ) ) ;
#160 = DIRECTION ( 'NONE',  ( 0.000000000000000000, 0.000000000000000000, 1.000000000000000000 ) ) ;
#161 = LINE ( 'NONE', #3385, #3888 ) ;
#162 = CIRCLE ( 'NONE', #536, 1.000000000000000888 ) ;
#163 = VERTEX_POINT ( 'NONE', #2182 ) ;
#164 = CARTESIAN_POINT ( 'NONE',  ( -16.21496222574226564, -22.47129294843110969, 3.292323440001584611 ) ) ;
#165 = VERTEX_POINT ( 'NONE', #1488 ) ;
#166 = LINE ( 'NONE', #954, #1847 ) ;
#167 = DIRECTION ( 'NONE',  ( -0.000000000000000000, -0.000000000000000000, 1.000000000000000000 ) ) ;
#168 = VECTOR ( 'NONE', #1620, 1000.000000000000000 ) ;
#169 = FACE_OUTER_BOUND ( 'NONE', #1118, .T. ) ;
#170 = ORIENTED_EDGE ( 'NONE', *, *, #2833, .T. ) ;
#171 = DIRECTION ( 'NONE',  ( -1.000000000000000000, 0.000000000000000000, 0.000000000000000000 ) ) ;
#172 = DIRECTION ( 'NONE',  ( 1.204669080539449344E-16, 0.000000000000000000, -1.000000000000000000 ) ) ;
#173 = AXIS2_PLACEMENT_3D ( 'NONE', #3781, #845, #2046 ) ;
#174 = EDGE_CURVE ( 'NONE', #3656, #2250, #1233, .T. ) ;
#175 = ORIENTED_EDGE ( 'NONE', *, *, #2617, .T. ) ;
#176 = ORIENTED_EDGE ( 'NONE', *, *, #1791, .F. ) ;
#177 = VERTEX_POINT ( 'NONE', #304 ) ;
#178 = DIRECTION ( 'NONE',  ( -0.000000000000000000, -0.000000000000000000, 1.000000000000000000 ) ) ;
#179 = LINE ( 'NONE', #238, #774 ) ;
#180 = CARTESIAN_POINT ( 'NONE',  ( 12.21093530270483996, -22.11161202698745853, 8.499999999999998224 ) ) ;
#181 = ADVANCED_FACE ( 'NONE', ( #1505 ), #1270, .T. ) ;
#182 = DIRECTION ( 'NONE',  ( 0.000000000000000000, 0.000000000000000000, -1.000000000000000000 ) ) ;
#183 = CARTESIAN_POINT ( 'NONE',  ( -14.71496222574229762, 22.52870705156888675, 3.292323440001584611 ) ) ;
#184 = CARTESIAN_POINT ( 'NONE',  ( -17.96496222574225854, -26.97129294843108838, -4.000000000000000000 ) ) ;
#185 = CARTESIAN_POINT ( 'NONE',  ( 16.03503777425773791, -26.97129294843108838, 9.999999999999998224 ) ) ;
#186 = ORIENTED_EDGE ( 'NONE', *, *, #1765, .T. ) ;
#187 = EDGE_CURVE ( 'NONE', #2970, #2808, #2706, .T. ) ;
#188 = CARTESIAN_POINT ( 'NONE',  ( -10.88296222574226668, 25.68270705156890443, -0.1000000000000002554 ) ) ;
#189 = CARTESIAN_POINT ( 'NONE',  ( 16.03503777425773791, -26.97129294843108838, 9.999999999999998224 ) ) ;
#190 = ORIENTED_EDGE ( 'NONE', *, *, #724, .T. ) ;
#191 = CARTESIAN_POINT ( 'NONE',  ( 9.710935302704847061, 13.48838797301253933, -4.001000000000001222 ) ) ;
#192 = CARTESIAN_POINT ( 'NONE',  ( -19.46496222574226920, 28.52870705156889741, 3.292323440001584611 ) ) ;
#193 = ORIENTED_EDGE ( 'NONE', *, *, #885, .F. ) ;
#194 = AXIS2_PLACEMENT_3D ( 'NONE', #2679, #2645, #245 ) ;
#195 = ORIENTED_EDGE ( 'NONE', *, *, #1761, .F. ) ;
#196 = ORIENTED_EDGE ( 'NONE', *, *, #3070, .T. ) ;
#197 = DIRECTION ( 'NONE',  ( 1.000000000000000000, 0.000000000000000000, 0.000000000000000000 ) ) ;
#198 = CARTESIAN_POINT ( 'NONE',  ( -16.96496222574225854, -18.72129294843107417, -4.002000000000000668 ) ) ;
#199 = EDGE_CURVE ( 'NONE', #88, #3451, #1441, .T. ) ;
#200 = VECTOR ( 'NONE', #2658, 1000.000000000000000 ) ;
#201 = FACE_OUTER_BOUND ( 'NONE', #1431, .T. ) ;
#202 = EDGE_CURVE ( 'NONE', #975, #3171, #359, .T. ) ;
#203 = EDGE_LOOP ( 'NONE', ( #3740, #967, #1249, #3852 ) ) ;
#204 = LINE ( 'NONE', #1750, #200 ) ;
#205 = DIRECTION ( 'NONE',  ( -0.000000000000000000, -0.000000000000000000, 1.000000000000000000 ) ) ;
#206 = CARTESIAN_POINT ( 'NONE',  ( 15.78503777425773613, -22.47129294843107417, 3.292323440001584611 ) ) ;
#207 = EDGE_CURVE ( 'NONE', #2064, #3087, #3091, .T. ) ;
#208 = DIRECTION ( 'NONE',  ( 1.000000000000000000, 0.000000000000000000, 0.000000000000000000 ) ) ;
#209 = PLANE ( 'NONE',  #1804 ) ;
#210 = DIRECTION ( 'NONE',  ( -0.000000000000000000, 0.000000000000000000, 1.000000000000000000 ) ) ;
#211 = ORIENTED_EDGE ( 'NONE', *, *, #1571, .T. ) ;
#212 = DIRECTION ( 'NONE',  ( 1.000000000000000000, 0.000000000000000000, 0.000000000000000000 ) ) ;
#213 = CARTESIAN_POINT ( 'NONE',  ( 19.03503777425774146, -26.97129294843108482, 9.500000000000005329 ) ) ;
#214 = VERTEX_POINT ( 'NONE', #1836 ) ;
#215 = ORIENTED_EDGE ( 'NONE', *, *, #2795, .F. ) ;
#216 = VERTEX_POINT ( 'NONE', #3336 ) ;
#217 = VECTOR ( 'NONE', #1096, 1000.000000000000000 ) ;
#218 = CARTESIAN_POINT ( 'NONE',  ( 15.78503777425770060, 22.52870705156892583, 5.000000000000001776 ) ) ;
#219 = CARTESIAN_POINT ( 'NONE',  ( -19.46496222574226209, -28.47129294843108482, 8.499999999999998224 ) ) ;
#220 = DIRECTION ( 'NONE',  ( 1.000000000000000000, 1.734723475976807094E-16, -0.000000000000000000 ) ) ;
#221 = AXIS2_PLACEMENT_3D ( 'NONE', #3017, #1742, #2958 ) ;
#222 = ADVANCED_FACE ( 'NONE', ( #3392 ), #621, .F. ) ;
#223 = ORIENTED_EDGE ( 'NONE', *, *, #1914, .F. ) ;
#224 = LINE ( 'NONE', #1359, #2417 ) ;
#225 = DIRECTION ( 'NONE',  ( -0.000000000000000000, 1.000000000000000000, 0.000000000000000000 ) ) ;
#226 = CIRCLE ( 'NONE', #2812, 2.999999999999999112 ) ;
#227 = DIRECTION ( 'NONE',  ( -0.000000000000000000, -0.000000000000000000, -1.000000000000000000 ) ) ;
#228 = DIRECTION ( 'NONE',  ( 1.000000000000000000, 0.000000000000000000, 0.000000000000000000 ) ) ;
#229 = FACE_OUTER_BOUND ( 'NONE', #3058, .T. ) ;
#230 = CARTESIAN_POINT ( 'NONE',  ( -16.96496222574226564, 18.77870705156889031, 3.292323440001584611 ) ) ;
#231 = ORIENTED_EDGE ( 'NONE', *, *, #3406, .T. ) ;
#232 = LINE ( 'NONE', #897, #2317 ) ;
#233 = ORIENTED_EDGE ( 'NONE', *, *, #908, .F. ) ;
#234 = VECTOR ( 'NONE', #695, 1000.000000000000000 ) ;
#235 = VECTOR ( 'NONE', #847, 1000.000000000000000 ) ;
#236 = EDGE_CURVE ( 'NONE', #3451, #2941, #1545, .T. ) ;
#237 = VERTEX_POINT ( 'NONE', #3673 ) ;
#238 = CARTESIAN_POINT ( 'NONE',  ( -9.807962225742267393, 25.68270705156890443, -0.1000000000000002554 ) ) ;
#239 = CYLINDRICAL_SURFACE ( 'NONE', #240, 3.000000000000000888 ) ;
#240 = AXIS2_PLACEMENT_3D ( 'NONE', #3524, #492, #3797 ) ;
#241 = CARTESIAN_POINT ( 'NONE',  ( -16.46496222574226920, 27.02870705156890097, 8.499999999999998224 ) ) ;
#242 = CARTESIAN_POINT ( 'NONE',  ( -16.21496222574226564, -22.47129294843110969, 5.000000000000001776 ) ) ;
#243 = CARTESIAN_POINT ( 'NONE',  ( -17.96496222574225854, -18.72129294843107417, -4.000000000000000000 ) ) ;
#244 = CARTESIAN_POINT ( 'NONE',  ( 16.03503777425773791, -28.47129294843108482, 3.292323440001584611 ) ) ;
#245 = DIRECTION ( 'NONE',  ( 1.000000000000000000, 0.000000000000000000, 0.000000000000000000 ) ) ;
#246 = ORIENTED_EDGE ( 'NONE', *, *, #3820, .T. ) ;
#247 = EDGE_CURVE ( 'NONE', #1329, #3619, #2906, .T. ) ;
#248 = DIRECTION ( 'NONE',  ( 1.000000000000000000, 0.000000000000000000, 0.000000000000000000 ) ) ;
#249 = DIRECTION ( 'NONE',  ( 1.000000000000000000, 0.000000000000000000, -0.000000000000000000 ) ) ;
#250 = VERTEX_POINT ( 'NONE', #3140 ) ;
#251 = EDGE_CURVE ( 'NONE', #1525, #1481, #709, .T. ) ;
#252 = CARTESIAN_POINT ( 'NONE',  ( -19.46496222574226920, 28.52870705156889741, -4.000000000000000000 ) ) ;
#253 = CARTESIAN_POINT ( 'NONE',  ( -13.96496222574226209, -22.47129294843110969, 5.000000000000001776 ) ) ;
#254 = EDGE_CURVE ( 'NONE', #2178, #2090, #1693, .T. ) ;
#255 = ORIENTED_EDGE ( 'NONE', *, *, #888, .F. ) ;
#256 = VECTOR ( 'NONE', #2579, 1000.000000000000000 ) ;
#257 = FACE_OUTER_BOUND ( 'NONE', #3676, .T. ) ;
#258 = FACE_OUTER_BOUND ( 'NONE', #3127, .T. ) ;
#259 = DIRECTION ( 'NONE',  ( 0.000000000000000000, -0.000000000000000000, -1.000000000000000000 ) ) ;
#260 = CARTESIAN_POINT ( 'NONE',  ( 16.03503777425773791, -26.97129294843108838, 8.499999999999998224 ) ) ;
#261 = CIRCLE ( 'NONE', #3732, 1.499999999999999556 ) ;
#262 = PLANE ( 'NONE',  #851 ) ;
#263 = DIRECTION ( 'NONE',  ( 1.000000000000000000, 0.000000000000000000, 0.000000000000000000 ) ) ;
#264 = EDGE_LOOP ( 'NONE', ( #577, #986, #1444, #3599 ) ) ;
#265 = DIRECTION ( 'NONE',  ( -1.000000000000000000, 0.000000000000000000, 0.000000000000000000 ) ) ;
#266 = DIRECTION ( 'NONE',  ( 0.000000000000000000, 0.000000000000000000, -1.000000000000000000 ) ) ;
#267 = VERTEX_POINT ( 'NONE', #1909 ) ;
#268 = DIRECTION ( 'NONE',  ( -1.000000000000000000, 2.135044278125326586E-15, 0.000000000000000000 ) ) ;
#269 = DIRECTION ( 'NONE',  ( 0.000000000000000000, 0.000000000000000000, -1.000000000000000000 ) ) ;
#270 = LINE ( 'NONE', #3598, #3177 ) ;
#271 = ORIENTED_EDGE ( 'NONE', *, *, #427, .T. ) ;
#272 = ORIENTED_EDGE ( 'NONE', *, *, #3296, .T. ) ;
#273 = CARTESIAN_POINT ( 'NONE',  ( 15.78503777425773613, -22.47129294843107417, 5.000000000000001776 ) ) ;
#274 = DIRECTION ( 'NONE',  ( 1.911638545475405006E-16, -0.7071067811865584529, -0.7071067811865365815 ) ) ;
#275 = AXIS2_PLACEMENT_3D ( 'NONE', #3434, #716, #3401 ) ;
#276 = FILL_AREA_STYLE ('',( #572 ) ) ;
#277 = DIRECTION ( 'NONE',  ( 0.000000000000000000, 0.000000000000000000, 1.000000000000000000 ) ) ;
#278 = AXIS2_PLACEMENT_3D ( 'NONE', #736, #1722, #1388 ) ;
#279 = DIRECTION ( 'NONE',  ( -1.000000000000000000, 0.000000000000000000, 0.000000000000000000 ) ) ;
#280 = EDGE_CURVE ( 'NONE', #1887, #108, #2561, .T. ) ;
#281 = ORIENTED_EDGE ( 'NONE', *, *, #1101, .F. ) ;
#282 = ORIENTED_EDGE ( 'NONE', *, *, #1483, .F. ) ;
#283 = CARTESIAN_POINT ( 'NONE',  ( 17.53503777425773436, 18.77870705156889031, 8.499999999999998224 ) ) ;
#284 = CYLINDRICAL_SURFACE ( 'NONE', #477, 1.500000000000001332 ) ;
#285 = EDGE_LOOP ( 'NONE', ( #2025, #593, #2654, #52 ) ) ;
#286 = DIRECTION ( 'NONE',  ( -1.000000000000000000, 0.000000000000000000, -0.000000000000000000 ) ) ;
#287 = CARTESIAN_POINT ( 'NONE',  ( 15.78503777425776100, 19.77870705156889031, 3.292323440001584611 ) ) ;
#288 = CARTESIAN_POINT ( 'NONE',  ( -16.46496222574226920, 27.02870705156890097, 3.292323440001584611 ) ) ;
#289 = ORIENTED_EDGE ( 'NONE', *, *, #1908, .F. ) ;
#290 = VERTEX_POINT ( 'NONE', #3123 ) ;
#291 = LINE ( 'NONE', #3255, #3751 ) ;
#292 = AXIS2_PLACEMENT_3D ( 'NONE', #191, #3167, #3496 ) ;
#293 = CARTESIAN_POINT ( 'NONE',  ( 15.78503777425770060, 22.52870705156892583, 3.000000000000001776 ) ) ;
#294 = EDGE_CURVE ( 'NONE', #1498, #681, #1366, .T. ) ;
#295 = AXIS2_PLACEMENT_3D ( 'NONE', #972, #61, #3915 ) ;
#296 = LINE ( 'NONE', #1845, #3550 ) ;
#297 = DIRECTION ( 'NONE',  ( -1.000000000000000000, -2.703465157366452467E-16, 0.000000000000000000 ) ) ;
#298 = AXIS2_PLACEMENT_3D ( 'NONE', #2999, #2439, #2089 ) ;
#299 = VECTOR ( 'NONE', #1503, 1000.000000000000000 ) ;
#300 = CARTESIAN_POINT ( 'NONE',  ( 2.015431251695973813, 11.01227139059988147, 9.999999999999998224 ) ) ;
#301 = VERTEX_POINT ( 'NONE', #1043 ) ;
#302 = CARTESIAN_POINT ( 'NONE',  ( 16.03503777425773791, -29.97129294843108838, 9.500000000000005329 ) ) ;
#303 = ORIENTED_EDGE ( 'NONE', *, *, #945, .F. ) ;
#304 = CARTESIAN_POINT ( 'NONE',  ( 7.453037774257734505, 25.68270705156890443, 8.499999999999998224 ) ) ;
#305 = FACE_OUTER_BOUND ( 'NONE', #2332, .T. ) ;
#306 = PLANE ( 'NONE',  #1597 ) ;
#307 = ADVANCED_FACE ( 'NONE', ( #1002 ), #3744, .F. ) ;
#308 = ORIENTED_EDGE ( 'NONE', *, *, #2326, .T. ) ;
#309 = ORIENTED_EDGE ( 'NONE', *, *, #2997, .T. ) ;
#310 = CARTESIAN_POINT ( 'NONE',  ( 2.015431251695973813, 12.66714344531767900, 9.999999999999998224 ) ) ;
#311 = DIRECTION ( 'NONE',  ( 1.000000000000000000, 2.703465157366452467E-16, 0.000000000000000000 ) ) ;
#312 = CARTESIAN_POINT ( 'NONE',  ( -16.21496222574229407, 19.77870705156889031, -4.002000000000000668 ) ) ;
#313 = CARTESIAN_POINT ( 'NONE',  ( 7.285040208365946235, -28.47129294843108482, 6.892323440001584700 ) ) ;
#314 = EDGE_CURVE ( 'NONE', #2363, #1117, #3669, .T. ) ;
#315 = DIRECTION ( 'NONE',  ( -0.000000000000000000, -0.000000000000000000, 1.000000000000000000 ) ) ;
#316 = VECTOR ( 'NONE', #49, 1000.000000000000000 ) ;
#317 = ADVANCED_FACE ( 'NONE', ( #2835 ), #1024, .F. ) ;
#318 = EDGE_CURVE ( 'NONE', #89, #3413, #994, .T. ) ;
#319 = AXIS2_PLACEMENT_3D ( 'NONE', #2214, #2537, #3138 ) ;
#320 = DIRECTION ( 'NONE',  ( 1.000000000000000000, 0.000000000000000000, 0.000000000000000000 ) ) ;
#321 = AXIS2_PLACEMENT_3D ( 'NONE', #1557, #665, #3701 ) ;
#322 = MECHANICAL_DESIGN_GEOMETRIC_PRESENTATION_REPRESENTATION (  '', ( #3290 ), #2351 ) ;
#323 = ADVANCED_FACE ( 'NONE', ( #729 ), #2539, .T. ) ;
#324 = DIRECTION ( 'NONE',  ( 1.000000000000000000, 0.000000000000000000, 0.000000000000000000 ) ) ;
#325 = EDGE_LOOP ( 'NONE', ( #2547, #3122, #3610, #3132 ) ) ;
#326 = CARTESIAN_POINT ( 'NONE',  ( 13.53503777425770238, 22.52870705156892583, 5.000000000000001776 ) ) ;
#327 = CARTESIAN_POINT ( 'NONE',  ( 18.53503777425775567, -26.97129294843108482, 9.999999999999998224 ) ) ;
#328 = ORIENTED_EDGE ( 'NONE', *, *, #3707, .T. ) ;
#329 = DIRECTION ( 'NONE',  ( 1.000000000000000000, -2.312964634635740689E-15, 0.000000000000000000 ) ) ;
#330 = DIRECTION ( 'NONE',  ( 1.000000000000000000, 0.000000000000000000, 0.000000000000000000 ) ) ;
#331 = CARTESIAN_POINT ( 'NONE',  ( 2.452039483241733375, 19.84070686846390430, -4.001000000000001222 ) ) ;
#332 = CARTESIAN_POINT ( 'NONE',  ( 15.78503777425776100, 19.77870705156889031, -4.002000000000000668 ) ) ;
#333 = EDGE_LOOP ( 'NONE', ( #509, #2632, #3130, #2880 ) ) ;
#334 = FACE_BOUND ( 'NONE', #1231, .T. ) ;
#335 = DIRECTION ( 'NONE',  ( 1.000000000000000000, 0.000000000000000000, 0.000000000000000000 ) ) ;
#336 = CARTESIAN_POINT ( 'NONE',  ( -11.95796222574226597, 25.68270705156890443, -0.1000000000000002554 ) ) ;
#337 = ORIENTED_EDGE ( 'NONE', *, *, #760, .F. ) ;
#338 = VECTOR ( 'NONE', #3916, 1000.000000000000000 ) ;
#339 = ORIENTED_EDGE ( 'NONE', *, *, #614, .T. ) ;
#340 = CIRCLE ( 'NONE', #1968, 1.074999999999999512 ) ;
#341 = CARTESIAN_POINT ( 'NONE',  ( -19.46496222574226209, -28.47129294843108482, 8.499999999999998224 ) ) ;
#342 = ORIENTED_EDGE ( 'NONE', *, *, #1638, .T. ) ;
#343 = DIRECTION ( 'NONE',  ( 0.000000000000000000, 0.000000000000000000, 1.000000000000000000 ) ) ;
#344 = DIRECTION ( 'NONE',  ( -1.000000000000000000, 0.000000000000000000, 0.000000000000000000 ) ) ;
#345 = VECTOR ( 'NONE', #3801, 1000.000000000000000 ) ;
#346 = ORIENTED_EDGE ( 'NONE', *, *, #2024, .T. ) ;
#347 = CYLINDRICAL_SURFACE ( 'NONE', #3390, 2.249999999999998668 ) ;
#348 = LINE ( 'NONE', #2152, #90 ) ;
#349 = CIRCLE ( 'NONE', #3898, 3.000000000000000000 ) ;
#350 = ORIENTED_EDGE ( 'NONE', *, *, #1906, .T. ) ;
#351 = DIRECTION ( 'NONE',  ( -0.000000000000000000, -0.000000000000000000, 1.000000000000000000 ) ) ;
#352 = CARTESIAN_POINT ( 'NONE',  ( -19.46496222574226920, 28.52870705156889741, -4.000000000000000000 ) ) ;
#353 = EDGE_CURVE ( 'NONE', #737, #146, #3726, .T. ) ;
#354 = AXIS2_PLACEMENT_3D ( 'NONE', #520, #479, #3185 ) ;
#355 = LINE ( 'NONE', #2140, #884 ) ;
#356 = VERTEX_POINT ( 'NONE', #1654 ) ;
#357 = CIRCLE ( 'NONE', #2513, 1.000000000000000888 ) ;
#358 = CARTESIAN_POINT ( 'NONE',  ( -19.46496222574226920, 27.02870705156890097, 9.500000000000005329 ) ) ;
#359 = LINE ( 'NONE', #3615, #880 ) ;
#360 = DIRECTION ( 'NONE',  ( 1.000000000000000000, 0.000000000000000000, 0.000000000000000000 ) ) ;
#361 = EDGE_CURVE ( 'NONE', #2974, #3766, #3410, .T. ) ;
#362 = ORIENTED_EDGE ( 'NONE', *, *, #367, .F. ) ;
#363 = EDGE_CURVE ( 'NONE', #524, #1068, #1871, .T. ) ;
#364 = LINE ( 'NONE', #3079, #1807 ) ;
#365 = CARTESIAN_POINT ( 'NONE',  ( -13.88296222574226668, 25.68270705156890443, 1.699999999999999289 ) ) ;
#366 = ORIENTED_EDGE ( 'NONE', *, *, #127, .T. ) ;
#367 = EDGE_CURVE ( 'NONE', #3745, #3686, #1929, .T. ) ;
#368 = ORIENTED_EDGE ( 'NONE', *, *, #1008, .T. ) ;
#369 = LINE ( 'NONE', #3422, #3552 ) ;
#370 = LINE ( 'NONE', #1647, #2303 ) ;
#371 = EDGE_CURVE ( 'NONE', #985, #1657, #3671, .T. ) ;
#372 = CARTESIAN_POINT ( 'NONE',  ( -13.88296222574226668, 25.68270705156890443, 1.699999999999999289 ) ) ;
#373 = CIRCLE ( 'NONE', #941, 1.000000000000000888 ) ;
#374 = ORIENTED_EDGE ( 'NONE', *, *, #945, .T. ) ;
#375 = AXIS2_PLACEMENT_3D ( 'NONE', #1167, #1716, #2390 ) ;
#376 = ORIENTED_EDGE ( 'NONE', *, *, #1003, .T. ) ;
#377 = DIRECTION ( 'NONE',  ( 1.000000000000000000, 0.000000000000000000, 0.000000000000000000 ) ) ;
#378 = EDGE_CURVE ( 'NONE', #2203, #3330, #3218, .T. ) ;
#379 = CARTESIAN_POINT ( 'NONE',  ( 2.015431251695973813, 11.01227139059988147, -4.001000000000001222 ) ) ;
#380 = AXIS2_PLACEMENT_3D ( 'NONE', #3085, #2813, #3800 ) ;
#381 = ORIENTED_EDGE ( 'NONE', *, *, #1921, .F. ) ;
#382 = ORIENTED_EDGE ( 'NONE', *, *, #2766, .F. ) ;
#383 = LINE ( 'NONE', #1586, #726 ) ;
#384 = EDGE_CURVE ( 'NONE', #1619, #1590, #1382, .T. ) ;
#385 = LINE ( 'NONE', #2790, #843 ) ;
#386 = ORIENTED_EDGE ( 'NONE', *, *, #869, .T. ) ;
#387 = ORIENTED_EDGE ( 'NONE', *, *, #872, .T. ) ;
#388 = CYLINDRICAL_SURFACE ( 'NONE', #321, 1.074999999999999512 ) ;
#389 = DIRECTION ( 'NONE',  ( 1.000000000000000000, 0.000000000000000000, 0.000000000000000000 ) ) ;
#390 = CARTESIAN_POINT ( 'NONE',  ( -14.71496222574226387, -22.47129294843110969, 3.000000000000001776 ) ) ;
#391 = ORIENTED_EDGE ( 'NONE', *, *, #1633, .F. ) ;
#392 = EDGE_LOOP ( 'NONE', ( #853, #1838 ) ) ;
#393 = CIRCLE ( 'NONE', #1843, 2.999999999999999112 ) ;
#394 = DIRECTION ( 'NONE',  ( -1.000000000000000000, 0.000000000000000000, 0.000000000000000000 ) ) ;
#395 = ORIENTED_EDGE ( 'NONE', *, *, #3280, .F. ) ;
#396 = AXIS2_PLACEMENT_3D ( 'NONE', #451, #969, #360 ) ;
#397 = CARTESIAN_POINT ( 'NONE',  ( -17.96496222574225854, -18.72129294843107417, 8.499999999999998224 ) ) ;
#398 = EDGE_CURVE ( 'NONE', #681, #3698, #109, .T. ) ;
#399 = VECTOR ( 'NONE', #767, 1000.000000000000000 ) ;
#400 = DIRECTION ( 'NONE',  ( 1.000000000000000000, 1.734723475976807094E-16, -0.000000000000000000 ) ) ;
#401 = ORIENTED_EDGE ( 'NONE', *, *, #1158, .T. ) ;
#402 = ORIENTED_EDGE ( 'NONE', *, *, #2199, .T. ) ;
#403 = LINE ( 'NONE', #960, #751 ) ;
#404 = EDGE_CURVE ( 'NONE', #73, #3038, #3479, .T. ) ;
#405 = DIRECTION ( 'NONE',  ( 0.000000000000000000, -0.000000000000000000, -1.000000000000000000 ) ) ;
#406 = EDGE_CURVE ( 'NONE', #1407, #1608, #3510, .T. ) ;
#407 = CARTESIAN_POINT ( 'NONE',  ( 16.53503777425774501, -25.22129294843106706, 3.292323440001584611 ) ) ;
#408 = ORIENTED_EDGE ( 'NONE', *, *, #2476, .F. ) ;
#409 = DIRECTION ( 'NONE',  ( -0.000000000000000000, -0.000000000000000000, -1.000000000000000000 ) ) ;
#410 = VECTOR ( 'NONE', #2607, 1000.000000000000000 ) ;
#411 = VECTOR ( 'NONE', #78, 1000.000000000000000 ) ;
#412 = ORIENTED_EDGE ( 'NONE', *, *, #2132, .F. ) ;
#413 = CARTESIAN_POINT ( 'NONE',  ( -17.96496222574226564, 26.27870705156888320, -4.000000000000000000 ) ) ;
#414 = VERTEX_POINT ( 'NONE', #497 ) ;
#415 = VECTOR ( 'NONE', #541, 1000.000000000000000 ) ;
#416 = EDGE_LOOP ( 'NONE', ( #308, #231, #1981, #55 ) ) ;
#417 = PLANE ( 'NONE',  #1856 ) ;
#418 = ORIENTED_EDGE ( 'NONE', *, *, #454, .F. ) ;
#419 = CARTESIAN_POINT ( 'NONE',  ( -16.96496222574226564, 26.27870705156888320, 8.499999999999998224 ) ) ;
#420 = EDGE_CURVE ( 'NONE', #2184, #501, #3554, .T. ) ;
#421 = DIRECTION ( 'NONE',  ( 1.156482317317871971E-16, -1.000000000000000000, 0.000000000000000000 ) ) ;
#422 = EDGE_LOOP ( 'NONE', ( #2781, #2678, #1385, #3228 ) ) ;
#423 = ORIENTED_EDGE ( 'NONE', *, *, #3039, .T. ) ;
#424 = LINE ( 'NONE', #2194, #1559 ) ;
#425 = CARTESIAN_POINT ( 'NONE',  ( -10.88296222574226668, -25.62529294843109540, -0.1000000000000002554 ) ) ;
#426 = ORIENTED_EDGE ( 'NONE', *, *, #2420, .F. ) ;
#427 = EDGE_CURVE ( 'NONE', #2852, #458, #1510, .T. ) ;
#428 = CARTESIAN_POINT ( 'NONE',  ( -9.934129258355456571, -28.47129294843108482, 8.499999999999998224 ) ) ;
#429 = ADVANCED_FACE ( 'NONE', ( #2014 ), #2601, .T. ) ;
#430 = VERTEX_POINT ( 'NONE', #3864 ) ;
#431 = VECTOR ( 'NONE', #167, 1000.000000000000000 ) ;
#432 = CARTESIAN_POINT ( 'NONE',  ( 15.78503777425775390, -19.72129294843107417, 3.292323440001584611 ) ) ;
#433 = ORIENTED_EDGE ( 'NONE', *, *, #1876, .T. ) ;
#434 = CIRCLE ( 'NONE', #1946, 2.250000000000001776 ) ;
#435 = EDGE_CURVE ( 'NONE', #838, #2177, #3268, .T. ) ;
#436 = DIRECTION ( 'NONE',  ( 0.000000000000000000, 0.000000000000000000, 1.000000000000000000 ) ) ;
#437 = ORIENTED_EDGE ( 'NONE', *, *, #908, .T. ) ;
#438 = LINE ( 'NONE', #1913, #2638 ) ;
#439 = CIRCLE ( 'NONE', #692, 2.249999999999998668 ) ;
#440 = CARTESIAN_POINT ( 'NONE',  ( 15.78503777425770060, 22.52870705156892583, 5.000000000000001776 ) ) ;
#441 = VERTEX_POINT ( 'NONE', #770 ) ;
#442 = EDGE_LOOP ( 'NONE', ( #408, #596, #3456, #1482 ) ) ;
#443 = APPLICATION_CONTEXT ( 'automotive_design' ) ;
#444 = ORIENTED_EDGE ( 'NONE', *, *, #3531, .T. ) ;
#445 = DIRECTION ( 'NONE',  ( 0.000000000000000000, -1.000000000000000000, 0.000000000000000000 ) ) ;
#446 = LINE ( 'NONE', #1961, #2035 ) ;
#447 = DIRECTION ( 'NONE',  ( -2.409338161078898687E-16, 0.000000000000000000, 1.000000000000000000 ) ) ;
#448 = ORIENTED_EDGE ( 'NONE', *, *, #914, .T. ) ;
#449 = CARTESIAN_POINT ( 'NONE',  ( 12.21093530270483996, -22.11161202698745853, -4.001000000000001222 ) ) ;
#450 = ORIENTED_EDGE ( 'NONE', *, *, #3765, .F. ) ;
#451 = CARTESIAN_POINT ( 'NONE',  ( 15.78503777425770060, 22.52870705156892583, 8.499999999999998224 ) ) ;
#452 = LINE ( 'NONE', #2258, #3904 ) ;
#453 = ORIENTED_EDGE ( 'NONE', *, *, #3463, .F. ) ;
#454 = EDGE_CURVE ( 'NONE', #2767, #3477, #3032, .T. ) ;
#455 = DIRECTION ( 'NONE',  ( 0.000000000000000000, 0.000000000000000000, 1.000000000000000000 ) ) ;
#456 = AXIS2_PLACEMENT_3D ( 'NONE', #3561, #491, #1665 ) ;
#457 = DIRECTION ( 'NONE',  ( -0.000000000000000000, -0.000000000000000000, 1.000000000000000000 ) ) ;
#458 = VERTEX_POINT ( 'NONE', #2894 ) ;
#459 = DIRECTION ( 'NONE',  ( -1.000000000000000000, 0.000000000000000000, 0.000000000000000000 ) ) ;
#460 = LINE ( 'NONE', #2879, #1784 ) ;
#461 = AXIS2_PLACEMENT_3D ( 'NONE', #2630, #1031, #172 ) ;
#462 = ORIENTED_EDGE ( 'NONE', *, *, #1921, .T. ) ;
#463 = ORIENTED_EDGE ( 'NONE', *, *, #1473, .T. ) ;
#464 = AXIS2_PLACEMENT_3D ( 'NONE', #2475, #3304, #1 ) ;
#465 = ORIENTED_EDGE ( 'NONE', *, *, #1953, .T. ) ;
#466 = LINE ( 'NONE', #3757, #3476 ) ;
#467 = CARTESIAN_POINT ( 'NONE',  ( -19.46496222574226920, 28.52870705156889741, 8.499999999999998224 ) ) ;
#468 = CARTESIAN_POINT ( 'NONE',  ( -18.46496222574226564, -22.47129294843110969, 5.000000000000001776 ) ) ;
#469 = VECTOR ( 'NONE', #1056, 1000.000000000000000 ) ;
#470 = VERTEX_POINT ( 'NONE', #2951 ) ;
#471 = DIRECTION ( 'NONE',  ( 1.000000000000000000, 0.000000000000000000, 0.000000000000000000 ) ) ;
#472 = DIRECTION ( 'NONE',  ( 1.000000000000000000, -2.135044278125326586E-15, 0.000000000000000000 ) ) ;
#473 = EDGE_CURVE ( 'NONE', #919, #1959, #1576, .T. ) ;
#474 = DIRECTION ( 'NONE',  ( -1.000000000000000000, 0.000000000000000000, 0.000000000000000000 ) ) ;
#475 = FACE_OUTER_BOUND ( 'NONE', #2261, .T. ) ;
#476 = VECTOR ( 'NONE', #2284, 1000.000000000000000 ) ;
#477 = AXIS2_PLACEMENT_3D ( 'NONE', #3292, #579, #1486 ) ;
#478 = CARTESIAN_POINT ( 'NONE',  ( 15.78503777425770060, 22.52870705156892583, 5.000000000000001776 ) ) ;
#479 = DIRECTION ( 'NONE',  ( 0.000000000000000000, 0.000000000000000000, -1.000000000000000000 ) ) ;
#480 = EDGE_LOOP ( 'NONE', ( #990, #803, #2587, #1588 ) ) ;
#481 = CARTESIAN_POINT ( 'NONE',  ( -16.21496222574229051, -19.72129294843107417, 3.292323440001584611 ) ) ;
#482 = EDGE_CURVE ( 'NONE', #3650, #644, #1204, .T. ) ;
#483 = DIRECTION ( 'NONE',  ( 0.000000000000000000, 0.000000000000000000, -1.000000000000000000 ) ) ;
#484 = VECTOR ( 'NONE', #3291, 999.9999999999998863 ) ;
#485 = ORIENTED_EDGE ( 'NONE', *, *, #2474, .F. ) ;
#486 = ADVANCED_FACE ( 'NONE', ( #2911, #2054, #852, #2662, #1127 ), #3183, .F. ) ;
#487 = ADVANCED_FACE ( 'NONE', ( #1084 ), #558, .F. ) ;
#488 = AXIS2_PLACEMENT_3D ( 'NONE', #206, #1363, #2600 ) ;
#489 = ORIENTED_EDGE ( 'NONE', *, *, #3150, .F. ) ;
#490 = LINE ( 'NONE', #3294, #3146 ) ;
#491 = DIRECTION ( 'NONE',  ( -0.000000000000000000, -0.000000000000000000, -1.000000000000000000 ) ) ;
#492 = DIRECTION ( 'NONE',  ( -0.000000000000000000, -0.000000000000000000, 1.000000000000000000 ) ) ;
#493 = CARTESIAN_POINT ( 'NONE',  ( -10.14106361317946003, 13.48838797301254111, 8.499999999999998224 ) ) ;
#494 = DIRECTION ( 'NONE',  ( 0.000000000000000000, 0.000000000000000000, 1.000000000000000000 ) ) ;
#495 = DIRECTION ( 'NONE',  ( -1.000000000000000000, 0.000000000000000000, -0.000000000000000000 ) ) ;
#496 = EDGE_CURVE ( 'NONE', #699, #3811, #1447, .T. ) ;
#497 = CARTESIAN_POINT ( 'NONE',  ( -9.934129258355456571, -28.47129294843108482, 3.292323440001584611 ) ) ;
#498 = EDGE_CURVE ( 'NONE', #3766, #1333, #2013, .T. ) ;
#499 = DIRECTION ( 'NONE',  ( -1.000000000000000000, 0.000000000000000000, 0.000000000000000000 ) ) ;
#500 = DIRECTION ( 'NONE',  ( -0.000000000000000000, -0.000000000000000000, -1.000000000000000000 ) ) ;
#501 = VERTEX_POINT ( 'NONE', #1460 ) ;
#502 = DIRECTION ( 'NONE',  ( 1.000000000000000000, 0.000000000000000000, 0.000000000000000000 ) ) ;
#503 = LINE ( 'NONE', #2585, #2558 ) ;
#504 = VECTOR ( 'NONE', #2730, 1000.000000000000000 ) ;
#505 = ORIENTED_EDGE ( 'NONE', *, *, #251, .T. ) ;
#506 = ADVANCED_FACE ( 'NONE', ( #475 ), #1674, .F. ) ;
#507 = ORIENTED_EDGE ( 'NONE', *, *, #3717, .F. ) ;
#508 = AXIS2_PLACEMENT_3D ( 'NONE', #631, #911, #1540 ) ;
#509 = ORIENTED_EDGE ( 'NONE', *, *, #518, .F. ) ;
#510 = CARTESIAN_POINT ( 'NONE',  ( -16.96496222574225854, -26.22129294843106706, 3.292323440001584611 ) ) ;
#511 = DIRECTION ( 'NONE',  ( 0.000000000000000000, 0.000000000000000000, 1.000000000000000000 ) ) ;
#512 = FACE_BOUND ( 'NONE', #2938, .T. ) ;
#513 = DIRECTION ( 'NONE',  ( 0.000000000000000000, 0.000000000000000000, -1.000000000000000000 ) ) ;
#514 = CARTESIAN_POINT ( 'NONE',  ( 7.285040208365946235, -29.97129294843108838, 6.892323440001584700 ) ) ;
#515 = LINE ( 'NONE', #243, #1410 ) ;
#516 = CYLINDRICAL_SURFACE ( 'NONE', #1182, 1.074999999999999512 ) ;
#517 = DIRECTION ( 'NONE',  ( 1.000000000000000000, 0.000000000000000000, -0.000000000000000000 ) ) ;
#518 = EDGE_CURVE ( 'NONE', #3096, #1826, #1381, .T. ) ;
#519 = CARTESIAN_POINT ( 'NONE',  ( 2.015431251695973813, 12.66714344531767900, 8.499999999999998224 ) ) ;
#520 = CARTESIAN_POINT ( 'NONE',  ( 10.45303777425773362, 25.68270705156890443, -0.1000000000000002554 ) ) ;
#521 = EDGE_LOOP ( 'NONE', ( #527, #1508, #734, #1529 ) ) ;
#522 = DIRECTION ( 'NONE',  ( 1.000000000000000000, 0.000000000000000000, 0.000000000000000000 ) ) ;
#523 = PLANE ( 'NONE',  #2681 ) ;
#524 = VERTEX_POINT ( 'NONE', #1399 ) ;
#525 = ORIENTED_EDGE ( 'NONE', *, *, #2139, .F. ) ;
#526 = EDGE_CURVE ( 'NONE', #681, #3656, #2211, .T. ) ;
#527 = ORIENTED_EDGE ( 'NONE', *, *, #3163, .T. ) ;
#528 = CIRCLE ( 'NONE', #2621, 2.500000000000019540 ) ;
#529 = CYLINDRICAL_SURFACE ( 'NONE', #1156, 2.250000000000001776 ) ;
#530 = DIRECTION ( 'NONE',  ( -0.000000000000000000, -0.000000000000000000, 1.000000000000000000 ) ) ;
#531 = CARTESIAN_POINT ( 'NONE',  ( 17.53503777425773080, 30.02870705156891162, 3.292323440001584611 ) ) ;
#532 = VECTOR ( 'NONE', #1854, 1000.000000000000000 ) ;
#533 = CARTESIAN_POINT ( 'NONE',  ( 19.03503777425773080, 27.02870705156891162, 3.292323440001584611 ) ) ;
#534 = EDGE_CURVE ( 'NONE', #3745, #2203, #1521, .T. ) ;
#535 = CYLINDRICAL_SURFACE ( 'NONE', #2111, 2.999999999999999112 ) ;
#536 = AXIS2_PLACEMENT_3D ( 'NONE', #2094, #2073, #335 ) ;
#537 = EDGE_CURVE ( 'NONE', #3614, #580, #2968, .T. ) ;
#538 = LINE ( 'NONE', #184, #3267 ) ;
#539 = DIRECTION ( 'NONE',  ( -1.000000000000000000, -1.156482317317871971E-16, 0.000000000000000000 ) ) ;
#540 = CIRCLE ( 'NONE', #2388, 1.500000000000001332 ) ;
#541 = DIRECTION ( 'NONE',  ( 0.000000000000000000, 0.000000000000000000, -1.000000000000000000 ) ) ;
#542 = LINE ( 'NONE', #2605, #1802 ) ;
#543 = ORIENTED_EDGE ( 'NONE', *, *, #1082, .T. ) ;
#544 = DIRECTION ( 'NONE',  ( -0.000000000000000000, -0.000000000000000000, 1.000000000000000000 ) ) ;
#545 = PLANE ( 'NONE',  #1538 ) ;
#546 = ORIENTED_EDGE ( 'NONE', *, *, #1474, .F. ) ;
#547 = AXIS2_PLACEMENT_3D ( 'NONE', #1394, #220, #1161 ) ;
#548 = ORIENTED_EDGE ( 'NONE', *, *, #3637, .T. ) ;
#549 = EDGE_CURVE ( 'NONE', #3515, #3147, #1632, .T. ) ;
#550 = AXIS2_PLACEMENT_3D ( 'NONE', #1078, #2615, #3562 ) ;
#551 = CYLINDRICAL_SURFACE ( 'NONE', #588, 1.000000000000000888 ) ;
#552 = DIRECTION ( 'NONE',  ( 0.000000000000000000, 0.000000000000000000, 1.000000000000000000 ) ) ;
#553 = VECTOR ( 'NONE', #634, 1000.000000000000000 ) ;
#554 = LINE ( 'NONE', #2384, #2137 ) ;
#555 = DIRECTION ( 'NONE',  ( 0.000000000000000000, -1.000000000000000000, 0.000000000000000000 ) ) ;
#556 = CARTESIAN_POINT ( 'NONE',  ( -10.66696076089826661, 21.25670570879590571, -4.001000000000001222 ) ) ;
#557 = ADVANCED_FACE ( 'NONE', ( #928 ), #2744, .F. ) ;
#558 = PLANE ( 'NONE',  #2084 ) ;
#559 = DIRECTION ( 'NONE',  ( 0.000000000000000000, 0.000000000000000000, -1.000000000000000000 ) ) ;
#560 = LINE ( 'NONE', #3227, #2642 ) ;
#561 = VERTEX_POINT ( 'NONE', #3029 ) ;
#562 = FACE_OUTER_BOUND ( 'NONE', #2329, .T. ) ;
#563 = FACE_OUTER_BOUND ( 'NONE', #2705, .T. ) ;
#564 = ORIENTED_EDGE ( 'NONE', *, *, #1516, .F. ) ;
#565 = ORIENTED_EDGE ( 'NONE', *, *, #2127, .T. ) ;
#566 = AXIS2_PLACEMENT_3D ( 'NONE', #3015, #34, #3910 ) ;
#567 = DIRECTION ( 'NONE',  ( 0.000000000000000000, 0.000000000000000000, 1.000000000000000000 ) ) ;
#568 = DIRECTION ( 'NONE',  ( 0.000000000000000000, -1.000000000000000000, 0.000000000000000000 ) ) ;
#569 = VERTEX_POINT ( 'NONE', #3667 ) ;
#570 = CARTESIAN_POINT ( 'NONE',  ( 15.78503777425773613, -22.47129294843107417, 3.292323440001584611 ) ) ;
#571 = VECTOR ( 'NONE', #67, 1000.000000000000000 ) ;
#572 = FILL_AREA_STYLE_COLOUR ( '', #573 ) ;
#573 = COLOUR_RGB ( '',0.7921568627450980005, 0.8196078431372548767, 0.9333333333333333481 ) ;
#574 = CARTESIAN_POINT ( 'NONE',  ( -16.46496222574226920, 27.02870705156890097, 9.999999999999998224 ) ) ;
#575 = ORIENTED_EDGE ( 'NONE', *, *, #1046, .T. ) ;
#576 = CARTESIAN_POINT ( 'NONE',  ( -19.46496222574226209, -28.47129294843108482, 3.292323440001584611 ) ) ;
#577 = ORIENTED_EDGE ( 'NONE', *, *, #3357, .F. ) ;
#578 = DIRECTION ( 'NONE',  ( -1.000000000000000000, -0.000000000000000000, -0.000000000000000000 ) ) ;
#579 = DIRECTION ( 'NONE',  ( -0.000000000000000000, -0.000000000000000000, 1.000000000000000000 ) ) ;
#580 = VERTEX_POINT ( 'NONE', #950 ) ;
#581 = FACE_OUTER_BOUND ( 'NONE', #3231, .T. ) ;
#582 = CARTESIAN_POINT ( 'NONE',  ( -16.21496222574229762, 22.52870705156889031, 5.000000000000001776 ) ) ;
#583 = CARTESIAN_POINT ( 'NONE',  ( 15.78503777425770060, 22.52870705156892583, 9.999999999999998224 ) ) ;
#584 = VERTEX_POINT ( 'NONE', #3629 ) ;
#585 = EDGE_CURVE ( 'NONE', #2808, #88, #1832, .T. ) ;
#586 = FACE_OUTER_BOUND ( 'NONE', #3074, .T. ) ;
#587 = ORIENTED_EDGE ( 'NONE', *, *, #207, .F. ) ;
#588 = AXIS2_PLACEMENT_3D ( 'NONE', #3874, #567, #3322 ) ;
#589 = CARTESIAN_POINT ( 'NONE',  ( 15.78503777425775390, -19.72129294843107772, 8.499999999999998224 ) ) ;
#590 = AXIS2_PLACEMENT_3D ( 'NONE', #2103, #2082, #3298 ) ;
#591 = AXIS2_PLACEMENT_3D ( 'NONE', #1416, #3507, #3262 ) ;
#592 = CARTESIAN_POINT ( 'NONE',  ( -10.88296222574226668, 25.68270705156890443, 3.292323440001584611 ) ) ;
#593 = ORIENTED_EDGE ( 'NONE', *, *, #2070, .T. ) ;
#594 = EDGE_LOOP ( 'NONE', ( #1010, #1198, #2859, #3069 ) ) ;
#595 = DIRECTION ( 'NONE',  ( -0.000000000000000000, 0.000000000000000000, 1.000000000000000000 ) ) ;
#596 = ORIENTED_EDGE ( 'NONE', *, *, #3225, .T. ) ;
#597 = DIRECTION ( 'NONE',  ( 0.000000000000000000, 0.000000000000000000, 1.000000000000000000 ) ) ;
#598 = DIRECTION ( 'NONE',  ( 0.000000000000000000, 0.000000000000000000, 1.000000000000000000 ) ) ;
#599 = DIRECTION ( 'NONE',  ( -0.000000000000000000, -0.000000000000000000, 1.000000000000000000 ) ) ;
#600 = EDGE_LOOP ( 'NONE', ( #3369, #3196, #2507, #2444 ) ) ;
#601 = EDGE_CURVE ( 'NONE', #2164, #1903, #71, .T. ) ;
#602 = FACE_OUTER_BOUND ( 'NONE', #203, .T. ) ;
#603 = AXIS2_PLACEMENT_3D ( 'NONE', #582, #1489, #522 ) ;
#604 = PLANE ( 'NONE',  #3587 ) ;
#605 = EDGE_LOOP ( 'NONE', ( #3851, #337, #2618, #1809 ) ) ;
#606 = EDGE_CURVE ( 'NONE', #1481, #3511, #355, .T. ) ;
#607 = EDGE_CURVE ( 'NONE', #2171, #2415, #2459, .T. ) ;
#608 = AXIS2_PLACEMENT_3D ( 'NONE', #2373, #799, #1463 ) ;
#609 = EDGE_LOOP ( 'NONE', ( #1833, #3906, #1621, #2825 ) ) ;
#610 = DIRECTION ( 'NONE',  ( -1.734723475976807094E-16, 1.000000000000000000, 0.000000000000000000 ) ) ;
#611 = CARTESIAN_POINT ( 'NONE',  ( -18.46496222574226564, -22.47129294843110969, 9.999999999999998224 ) ) ;
#612 = ADVANCED_FACE ( 'NONE', ( #2758 ), #2157, .F. ) ;
#613 = AXIS2_PLACEMENT_3D ( 'NONE', #478, #1110, #3248 ) ;
#614 = EDGE_CURVE ( 'NONE', #2611, #1643, #3066, .T. ) ;
#615 = FACE_OUTER_BOUND ( 'NONE', #2286, .T. ) ;
#616 = DIRECTION ( 'NONE',  ( -0.000000000000000000, -0.000000000000000000, 1.000000000000000000 ) ) ;
#617 = ORIENTED_EDGE ( 'NONE', *, *, #82, .T. ) ;
#618 = ORIENTED_EDGE ( 'NONE', *, *, #993, .T. ) ;
#619 = CARTESIAN_POINT ( 'NONE',  ( 9.504204806870960809, 28.52870705156890452, 3.292323440001584611 ) ) ;
#620 = VERTEX_POINT ( 'NONE', #1210 ) ;
#621 = CYLINDRICAL_SURFACE ( 'NONE', #687, 1.499999999999999556 ) ;
#622 = CARTESIAN_POINT ( 'NONE',  ( -10.88296222574226668, 25.68270705156890443, 1.699999999999999289 ) ) ;
#623 = ORIENTED_EDGE ( 'NONE', *, *, #3585, .T. ) ;
#624 = DIRECTION ( 'NONE',  ( 1.000000000000000000, -2.312964634635740689E-15, 0.000000000000000000 ) ) ;
#625 = DIRECTION ( 'NONE',  ( -0.000000000000000000, 0.000000000000000000, 1.000000000000000000 ) ) ;
#626 = DIRECTION ( 'NONE',  ( 1.000000000000000000, 2.135044278125331319E-15, -0.000000000000000000 ) ) ;
#627 = ORIENTED_EDGE ( 'NONE', *, *, #3776, .T. ) ;
#628 = VECTOR ( 'NONE', #159, 1000.000000000000000 ) ;
#629 = DIRECTION ( 'NONE',  ( 1.000000000000000000, 0.000000000000000000, 0.000000000000000000 ) ) ;
#630 = DIRECTION ( 'NONE',  ( 0.000000000000000000, 0.000000000000000000, -1.000000000000000000 ) ) ;
#631 = CARTESIAN_POINT ( 'NONE',  ( 15.78503777425773613, -22.47129294843107417, 3.000000000000001776 ) ) ;
#632 = EDGE_LOOP ( 'NONE', ( #1875, #1172, #2801, #1974 ) ) ;
#633 = PRESENTATION_LAYER_ASSIGNMENT (  '', '', ( #3290 ) ) ;
#634 = DIRECTION ( 'NONE',  ( 0.000000000000000000, -1.000000000000000000, 0.000000000000000000 ) ) ;
#635 = EDGE_LOOP ( 'NONE', ( #2649, #3909 ) ) ;
#636 = CARTESIAN_POINT ( 'NONE',  ( -10.88296222574226668, -25.62529294843109540, 8.499999999999998224 ) ) ;
#637 = CARTESIAN_POINT ( 'NONE',  ( -7.714959791634051989, -29.97129294843108838, -0.3076765599984150334 ) ) ;
#638 = ORIENTED_EDGE ( 'NONE', *, *, #99, .F. ) ;
#639 = EDGE_CURVE ( 'NONE', #3265, #3752, #3328, .T. ) ;
#640 = ORIENTED_EDGE ( 'NONE', *, *, #1308, .F. ) ;
#641 = CARTESIAN_POINT ( 'NONE',  ( 17.28503777425770238, 22.52870705156892583, 5.000000000000001776 ) ) ;
#642 = DIRECTION ( 'NONE',  ( -1.156482317317871971E-16, 1.000000000000000000, -0.000000000000000000 ) ) ;
#643 = EDGE_LOOP ( 'NONE', ( #505, #3527, #3623, #33 ) ) ;
#644 = VERTEX_POINT ( 'NONE', #1267 ) ;
#645 = CARTESIAN_POINT ( 'NONE',  ( -14.71496222574229762, 22.52870705156888675, 3.000000000000001776 ) ) ;
#646 = FACE_OUTER_BOUND ( 'NONE', #117, .T. ) ;
#647 = CIRCLE ( 'NONE', #1966, 1.074999999999999512 ) ;
#648 = ADVANCED_FACE ( 'NONE', ( #870 ), #3348, .F. ) ;
#649 = DIRECTION ( 'NONE',  ( 1.000000000000000000, -1.949127501097536693E-16, 0.000000000000000000 ) ) ;
#650 = ORIENTED_EDGE ( 'NONE', *, *, #2985, .F. ) ;
#651 = VERTEX_POINT ( 'NONE', #3288 ) ;
#652 = EDGE_CURVE ( 'NONE', #3092, #267, #1790, .T. ) ;
#653 = AXIS2_PLACEMENT_3D ( 'NONE', #2062, #3274, #1760 ) ;
#654 = DIRECTION ( 'NONE',  ( 0.000000000000000000, 0.000000000000000000, 1.000000000000000000 ) ) ;
#655 = CARTESIAN_POINT ( 'NONE',  ( 10.45303777425773362, 25.68270705156890443, -0.1000000000000002554 ) ) ;
#656 = LINE ( 'NONE', #2785, #157 ) ;
#657 = VECTOR ( 'NONE', #1081, 999.9999999999998863 ) ;
#658 = ORIENTED_EDGE ( 'NONE', *, *, #1125, .T. ) ;
#659 = ORIENTED_EDGE ( 'NONE', *, *, #2132, .T. ) ;
#660 = CARTESIAN_POINT ( 'NONE',  ( 2.015431251695973813, 12.66714344531767900, -4.001000000000001222 ) ) ;
#661 = DIRECTION ( 'NONE',  ( -0.000000000000000000, -0.000000000000000000, 1.000000000000000000 ) ) ;
#662 = ORIENTED_EDGE ( 'NONE', *, *, #1166, .T. ) ;
#663 = EDGE_CURVE ( 'NONE', #1255, #737, #2699, .T. ) ;
#664 = EDGE_LOOP ( 'NONE', ( #3492, #3756 ) ) ;
#665 = DIRECTION ( 'NONE',  ( -0.000000000000000000, -0.000000000000000000, 1.000000000000000000 ) ) ;
#666 = CARTESIAN_POINT ( 'NONE',  ( 11.52803777425773468, -25.62529294843109540, -0.1000000000000002554 ) ) ;
#667 = AXIS2_PLACEMENT_3D ( 'NONE', #952, #2161, #3372 ) ;
#668 = EDGE_CURVE ( 'NONE', #1903, #2631, #1190, .T. ) ;
#669 = CARTESIAN_POINT ( 'NONE',  ( -9.066960760898265193, 21.25670570879590571, 9.999999999999998224 ) ) ;
#670 = AXIS2_PLACEMENT_3D ( 'NONE', #1707, #530, #1434 ) ;
#671 = ORIENTED_EDGE ( 'NONE', *, *, #3164, .T. ) ;
#672 = ORIENTED_EDGE ( 'NONE', *, *, #639, .T. ) ;
#673 = AXIS2_PLACEMENT_3D ( 'NONE', #2910, #3764, #2012 ) ;
#674 = ORIENTED_EDGE ( 'NONE', *, *, #1607, .F. ) ;
#675 = DIRECTION ( 'NONE',  ( 1.000000000000000000, 0.000000000000000000, 0.000000000000000000 ) ) ;
#676 = CARTESIAN_POINT ( 'NONE',  ( -10.88296222574226668, -25.62529294843109540, 1.699999999999999289 ) ) ;
#677 = ORIENTED_EDGE ( 'NONE', *, *, #92, .F. ) ;
#678 = VECTOR ( 'NONE', #1122, 1000.000000000000000 ) ;
#679 = CARTESIAN_POINT ( 'NONE',  ( -10.66696076089826661, 21.25670570879590571, 9.999999999999998224 ) ) ;
#680 = CARTESIAN_POINT ( 'NONE',  ( -17.96496222574226564, 30.02870705156890097, -4.000000000000000000 ) ) ;
#681 = VERTEX_POINT ( 'NONE', #2095 ) ;
#682 = ORIENTED_EDGE ( 'NONE', *, *, #1780, .F. ) ;
#683 = EDGE_LOOP ( 'NONE', ( #1635, #3680, #1151, #448, #1601, #2935, #2881, #158 ) ) ;
#684 = DIRECTION ( 'NONE',  ( -0.000000000000000000, -0.000000000000000000, -1.000000000000000000 ) ) ;
#685 = DIRECTION ( 'NONE',  ( 0.000000000000000000, -1.000000000000000000, 0.000000000000000000 ) ) ;
#686 = CARTESIAN_POINT ( 'NONE',  ( -16.21496222574226564, -22.47129294843110969, 5.000000000000001776 ) ) ;
#687 = AXIS2_PLACEMENT_3D ( 'NONE', #3056, #343, #675 ) ;
#688 = VERTEX_POINT ( 'NONE', #3008 ) ;
#689 = AXIS2_PLACEMENT_3D ( 'NONE', #2816, #2799, #1288 ) ;
#690 = ORIENTED_EDGE ( 'NONE', *, *, #1396, .F. ) ;
#691 = DIRECTION ( 'NONE',  ( 1.000000000000000000, 0.000000000000000000, 0.000000000000000000 ) ) ;
#692 = AXIS2_PLACEMENT_3D ( 'NONE', #3860, #2619, #2575 ) ;
#693 = VERTEX_POINT ( 'NONE', #300 ) ;
#694 = ORIENTED_EDGE ( 'NONE', *, *, #2769, .F. ) ;
#695 = DIRECTION ( 'NONE',  ( -1.156482317317871971E-16, 1.000000000000000000, 0.000000000000000000 ) ) ;
#696 = EDGE_CURVE ( 'NONE', #3147, #3087, #1501, .T. ) ;
#697 = CARTESIAN_POINT ( 'NONE',  ( -10.88296222574226668, -25.62529294843109540, -0.1000000000000002554 ) ) ;
#698 = VERTEX_POINT ( 'NONE', #2477 ) ;
#699 = VERTEX_POINT ( 'NONE', #372 ) ;
#700 = ORIENTED_EDGE ( 'NONE', *, *, #101, .T. ) ;
#701 = DIRECTION ( 'NONE',  ( 1.000000000000000000, 0.000000000000000000, 0.000000000000000000 ) ) ;
#702 = CARTESIAN_POINT ( 'NONE',  ( -7.714959791634051989, -28.47129294843108482, -0.3076765599984150334 ) ) ;
#703 = ORIENTED_EDGE ( 'NONE', *, *, #3878, .T. ) ;
#704 = DIRECTION ( 'NONE',  ( 1.000000000000000000, 0.000000000000000000, 0.000000000000000000 ) ) ;
#705 = ORIENTED_EDGE ( 'NONE', *, *, #3776, .F. ) ;
#706 = EDGE_CURVE ( 'NONE', #1762, #2121, #434, .T. ) ;
#707 = VERTEX_POINT ( 'NONE', #1578 ) ;
#708 = VECTOR ( 'NONE', #1241, 1000.000000000000000 ) ;
#709 = LINE ( 'NONE', #2260, #1201 ) ;
#710 = VERTEX_POINT ( 'NONE', #2198 ) ;
#711 = ORIENTED_EDGE ( 'NONE', *, *, #719, .F. ) ;
#712 = CARTESIAN_POINT ( 'NONE',  ( -19.46496222574226920, 30.02870705156890097, 9.500000000000005329 ) ) ;
#713 = ORIENTED_EDGE ( 'NONE', *, *, #1799, .F. ) ;
#714 = CARTESIAN_POINT ( 'NONE',  ( 19.03503777425773080, 27.02870705156891162, 9.500000000000005329 ) ) ;
#715 = VECTOR ( 'NONE', #1337, 1000.000000000000000 ) ;
#716 = DIRECTION ( 'NONE',  ( 0.000000000000000000, 0.000000000000000000, 1.000000000000000000 ) ) ;
#717 = ORIENTED_EDGE ( 'NONE', *, *, #1188, .F. ) ;
#718 = ORIENTED_EDGE ( 'NONE', *, *, #99, .T. ) ;
#719 = EDGE_CURVE ( 'NONE', #2206, #2274, #3762, .T. ) ;
#720 = ORIENTED_EDGE ( 'NONE', *, *, #3695, .F. ) ;
#721 = ADVANCED_FACE ( 'NONE', ( #1925 ), #1320, .T. ) ;
#722 = LINE ( 'NONE', #3702, #2496 ) ;
#723 = VERTEX_POINT ( 'NONE', #3723 ) ;
#724 = EDGE_CURVE ( 'NONE', #470, #2092, #2599, .T. ) ;
#725 = DIRECTION ( 'NONE',  ( -0.000000000000000000, -0.000000000000000000, 1.000000000000000000 ) ) ;
#726 = VECTOR ( 'NONE', #3713, 1000.000000000000000 ) ;
#727 = AXIS2_PLACEMENT_3D ( 'NONE', #570, #2047, #2361 ) ;
#728 = ORIENTED_EDGE ( 'NONE', *, *, #2360, .F. ) ;
#729 = FACE_OUTER_BOUND ( 'NONE', #2289, .T. ) ;
#730 = ORIENTED_EDGE ( 'NONE', *, *, #1523, .F. ) ;
#731 = CIRCLE ( 'NONE', #1115, 1.074999999999999512 ) ;
#732 = EDGE_LOOP ( 'NONE', ( #3335, #1476, #3383, #507 ) ) ;
#733 = CARTESIAN_POINT ( 'NONE',  ( -19.46496222574226920, 28.52870705156889741, 3.292323440001584611 ) ) ;
#734 = ORIENTED_EDGE ( 'NONE', *, *, #1278, .T. ) ;
#735 = FACE_OUTER_BOUND ( 'NONE', #2181, .T. ) ;
#736 = CARTESIAN_POINT ( 'NONE',  ( -16.21496222574226564, -22.47129294843110969, 9.999999999999998224 ) ) ;
#737 = VERTEX_POINT ( 'NONE', #87 ) ;
#738 = ORIENTED_EDGE ( 'NONE', *, *, #2049, .F. ) ;
#739 = ORIENTED_EDGE ( 'NONE', *, *, #2315, .T. ) ;
#740 = CARTESIAN_POINT ( 'NONE',  ( 9.710935302704847061, 13.48838797301253933, 9.999999999999998224 ) ) ;
#741 = LINE ( 'NONE', #1574, #2016 ) ;
#742 = LINE ( 'NONE', #2253, #715 ) ;
#743 = ADVANCED_FACE ( 'NONE', ( #1631 ), #2830, .T. ) ;
#744 = ORIENTED_EDGE ( 'NONE', *, *, #1116, .T. ) ;
#745 = CYLINDRICAL_SURFACE ( 'NONE', #1827, 2.999999999999999112 ) ;
#746 = FACE_OUTER_BOUND ( 'NONE', #942, .T. ) ;
#747 = CARTESIAN_POINT ( 'NONE',  ( 10.45303777425773362, -25.62529294843109540, 8.499999999999998224 ) ) ;
#748 = ORIENTED_EDGE ( 'NONE', *, *, #1592, .T. ) ;
#749 = AXIS2_PLACEMENT_3D ( 'NONE', #655, #3035, #286 ) ;
#750 = DIRECTION ( 'NONE',  ( 0.000000000000000000, 0.7071067811865574537, -0.7071067811865376918 ) ) ;
#751 = VECTOR ( 'NONE', #3083, 1000.000000000000000 ) ;
#752 = ORIENTED_EDGE ( 'NONE', *, *, #2766, .T. ) ;
#753 = CARTESIAN_POINT ( 'NONE',  ( -16.96496222574226209, -25.22129294843106706, -4.002000000000000668 ) ) ;
#754 = ORIENTED_EDGE ( 'NONE', *, *, #1997, .F. ) ;
#755 = LINE ( 'NONE', #3128, #1985 ) ;
#756 = CIRCLE ( 'NONE', #2346, 2.250000000000001776 ) ;
#757 = CARTESIAN_POINT ( 'NONE',  ( 14.28503777425773436, -22.47129294843107417, 5.000000000000001776 ) ) ;
#758 = ORIENTED_EDGE ( 'NONE', *, *, #398, .T. ) ;
#759 = VERTEX_POINT ( 'NONE', #428 ) ;
#760 = EDGE_CURVE ( 'NONE', #3209, #1561, #2851, .T. ) ;
#761 = ORIENTED_EDGE ( 'NONE', *, *, #1137, .T. ) ;
#762 = CARTESIAN_POINT ( 'NONE',  ( -10.14106361317946003, 13.48838797301254111, 9.999999999999998224 ) ) ;
#763 = FACE_OUTER_BOUND ( 'NONE', #1016, .T. ) ;
#764 = DIRECTION ( 'NONE',  ( 1.000000000000000000, 0.000000000000000000, 0.000000000000000000 ) ) ;
#765 = ORIENTED_EDGE ( 'NONE', *, *, #2483, .F. ) ;
#766 = CARTESIAN_POINT ( 'NONE',  ( 11.52803777425773468, 25.68270705156890443, -0.1000000000000002554 ) ) ;
#767 = DIRECTION ( 'NONE',  ( -0.000000000000000000, -0.000000000000000000, 1.000000000000000000 ) ) ;
#768 = EDGE_CURVE ( 'NONE', #1036, #2900, #1020, .T. ) ;
#769 = CARTESIAN_POINT ( 'NONE',  ( -16.21496222574226564, -22.47129294843110969, 3.000000000000001776 ) ) ;
#770 = CARTESIAN_POINT ( 'NONE',  ( 9.504204806870960809, 28.52870705156890452, 8.499999999999998224 ) ) ;
#771 = ADVANCED_FACE ( 'NONE', ( #1613 ), #1945, .T. ) ;
#772 = ORIENTED_EDGE ( 'NONE', *, *, #1873, .T. ) ;
#773 = EDGE_CURVE ( 'NONE', #2427, #1407, #2556, .T. ) ;
#774 = VECTOR ( 'NONE', #2885, 1000.000000000000000 ) ;
#775 = CARTESIAN_POINT ( 'NONE',  ( -19.46496222574226209, -26.97129294843108838, 9.500000000000005329 ) ) ;
#776 = CARTESIAN_POINT ( 'NONE',  ( -16.21496222574229762, 22.52870705156889031, 9.999999999999998224 ) ) ;
#777 = ORIENTED_EDGE ( 'NONE', *, *, #2743, .F. ) ;
#778 = DIRECTION ( 'NONE',  ( -0.000000000000000000, -0.000000000000000000, -1.000000000000000000 ) ) ;
#779 = CARTESIAN_POINT ( 'NONE',  ( 9.504204806870928834, -28.47129294843108482, 8.499999999999998224 ) ) ;
#780 = VECTOR ( 'NONE', #821, 1000.000000000000000 ) ;
#781 = ORIENTED_EDGE ( 'NONE', *, *, #2722, .T. ) ;
#782 = VERTEX_POINT ( 'NONE', #2234 ) ;
#783 = AXIS2_PLACEMENT_3D ( 'NONE', #1882, #1941, #2553 ) ;
#784 = ORIENTED_EDGE ( 'NONE', *, *, #2878, .F. ) ;
#785 = CARTESIAN_POINT ( 'NONE',  ( 10.45303777425773362, -25.62529294843109540, 1.699999999999999289 ) ) ;
#786 = CARTESIAN_POINT ( 'NONE',  ( -16.96496222574225854, -26.22129294843106706, 8.499999999999998224 ) ) ;
#787 = LINE ( 'NONE', #3546, #469 ) ;
#788 = EDGE_CURVE ( 'NONE', #1073, #2544, #3675, .T. ) ;
#789 = EDGE_LOOP ( 'NONE', ( #1021, #1980, #3634, #339 ) ) ;
#790 = DIRECTION ( 'NONE',  ( 0.000000000000000000, 0.000000000000000000, 1.000000000000000000 ) ) ;
#791 = FACE_OUTER_BOUND ( 'NONE', #2287, .T. ) ;
#792 = EDGE_CURVE ( 'NONE', #644, #2888, #2516, .T. ) ;
#793 = PLANE ( 'NONE',  #1497 ) ;
#794 = CARTESIAN_POINT ( 'NONE',  ( -16.46496222574226209, -26.97129294843108838, -4.000000000000000000 ) ) ;
#795 = AXIS2_PLACEMENT_3D ( 'NONE', #3790, #2244, #153 ) ;
#796 = EDGE_CURVE ( 'NONE', #3253, #3209, #3407, .T. ) ;
#797 = AXIS2_PLACEMENT_3D ( 'NONE', #1257, #39, #3059 ) ;
#798 = DIRECTION ( 'NONE',  ( 0.000000000000000000, 0.000000000000000000, 1.000000000000000000 ) ) ;
#799 = DIRECTION ( 'NONE',  ( 0.000000000000000000, 0.000000000000000000, 1.000000000000000000 ) ) ;
#800 = ORIENTED_EDGE ( 'NONE', *, *, #796, .T. ) ;
#801 = CARTESIAN_POINT ( 'NONE',  ( 16.53503777425773080, 26.27870705156888320, 8.499999999999998224 ) ) ;
#802 = CARTESIAN_POINT ( 'NONE',  ( -16.46496222574226920, 28.52870705156889741, 8.499999999999998224 ) ) ;
#803 = ORIENTED_EDGE ( 'NONE', *, *, #1761, .T. ) ;
#804 = ORIENTED_EDGE ( 'NONE', *, *, #3363, .T. ) ;
#805 = CIRCLE ( 'NONE', #3777, 1.074999999999999512 ) ;
#806 = ORIENTED_EDGE ( 'NONE', *, *, #1409, .F. ) ;
#807 = DIRECTION ( 'NONE',  ( -0.000000000000000000, -0.000000000000000000, 1.000000000000000000 ) ) ;
#808 = FACE_BOUND ( 'NONE', #3063, .T. ) ;
#809 = DIRECTION ( 'NONE',  ( 1.000000000000000000, 0.000000000000000000, 0.000000000000000000 ) ) ;
#810 = VECTOR ( 'NONE', #3839, 1000.000000000000000 ) ;
#811 = PLANE ( 'NONE',  #547 ) ;
#812 = CARTESIAN_POINT ( 'NONE',  ( 9.710935302704854166, -22.11161202698745853, 8.499999999999998224 ) ) ;
#813 = CARTESIAN_POINT ( 'NONE',  ( -18.46496222574226564, -22.47129294843110969, 5.000000000000001776 ) ) ;
#814 = LINE ( 'NONE', #1715, #2399 ) ;
#815 = DIRECTION ( 'NONE',  ( -0.000000000000000000, 0.000000000000000000, 1.000000000000000000 ) ) ;
#816 = ADVANCED_FACE ( 'NONE', ( #3443 ), #745, .T. ) ;
#817 = FACE_BOUND ( 'NONE', #2100, .T. ) ;
#818 = DIRECTION ( 'NONE',  ( 0.000000000000000000, 0.000000000000000000, -1.000000000000000000 ) ) ;
#819 = VERTEX_POINT ( 'NONE', #2867 ) ;
#820 = DIRECTION ( 'NONE',  ( 1.000000000000000000, 2.703465157366452467E-16, -0.000000000000000000 ) ) ;
#821 = DIRECTION ( 'NONE',  ( 1.000000000000000000, 2.703465157366452467E-16, -0.000000000000000000 ) ) ;
#822 = ORIENTED_EDGE ( 'NONE', *, *, #1584, .T. ) ;
#823 = EDGE_CURVE ( 'NONE', #1221, #1541, #2792, .T. ) ;
#824 = VECTOR ( 'NONE', #2136, 1000.000000000000000 ) ;
#825 = VERTEX_POINT ( 'NONE', #2176 ) ;
#826 = CYLINDRICAL_SURFACE ( 'NONE', #2751, 3.000000000000000888 ) ;
#827 = CARTESIAN_POINT ( 'NONE',  ( -17.71496222574226564, -22.47129294843110969, 3.000000000000001776 ) ) ;
#828 = EDGE_CURVE ( 'NONE', #3370, #2490, #1949, .T. ) ;
#829 = LINE ( 'NONE', #2592, #235 ) ;
#830 = EDGE_CURVE ( 'NONE', #3331, #2767, #2907, .T. ) ;
#831 = CARTESIAN_POINT ( 'NONE',  ( 19.03503777425773080, 30.02870705156891162, 9.500000000000005329 ) ) ;
#832 = CARTESIAN_POINT ( 'NONE',  ( -7.982983065599765860E-15, 29.52870705156892583, 9.999999999999998224 ) ) ;
#833 = CARTESIAN_POINT ( 'NONE',  ( -10.88296222574226668, -25.62529294843109540, -0.1000000000000002554 ) ) ;
#834 = CARTESIAN_POINT ( 'NONE',  ( 9.710935302704854166, -22.11161202698745853, -4.001000000000001222 ) ) ;
#835 = EDGE_CURVE ( 'NONE', #3314, #723, #2889, .T. ) ;
#836 = DIRECTION ( 'NONE',  ( -0.000000000000000000, -0.000000000000000000, 1.000000000000000000 ) ) ;
#837 = CARTESIAN_POINT ( 'NONE',  ( 15.78503777425773613, -22.47129294843107417, 5.000000000000001776 ) ) ;
#838 = VERTEX_POINT ( 'NONE', #812 ) ;
#839 = FACE_OUTER_BOUND ( 'NONE', #2538, .T. ) ;
#840 = CARTESIAN_POINT ( 'NONE',  ( 13.45303777425773539, -25.62529294843109540, 8.499999999999998224 ) ) ;
#841 = ORIENTED_EDGE ( 'NONE', *, *, #3414, .F. ) ;
#842 = VERTEX_POINT ( 'NONE', #1415 ) ;
#843 = VECTOR ( 'NONE', #2803, 1000.000000000000000 ) ;
#844 = DIRECTION ( 'NONE',  ( 0.000000000000000000, 0.000000000000000000, -1.000000000000000000 ) ) ;
#845 = DIRECTION ( 'NONE',  ( 0.000000000000000000, 0.000000000000000000, 1.000000000000000000 ) ) ;
#846 = EDGE_CURVE ( 'NONE', #2760, #3171, #204, .T. ) ;
#847 = DIRECTION ( 'NONE',  ( -1.734723475976807094E-16, 1.000000000000000000, 0.000000000000000000 ) ) ;
#848 = VECTOR ( 'NONE', #3763, 1000.000000000000000 ) ;
#849 = LINE ( 'NONE', #2048, #1701 ) ;
#850 = CARTESIAN_POINT ( 'NONE',  ( 17.53503777425773791, 3.041844167914499647E-15, 8.499999999999998224 ) ) ;
#851 = AXIS2_PLACEMENT_3D ( 'NONE', #556, #225, #3565 ) ;
#852 = FACE_BOUND ( 'NONE', #2440, .T. ) ;
#853 = ORIENTED_EDGE ( 'NONE', *, *, #2584, .F. ) ;
#854 = AXIS2_PLACEMENT_3D ( 'NONE', #1069, #2629, #3144 ) ;
#855 = DIRECTION ( 'NONE',  ( -1.000000000000000000, -2.703465157366452467E-16, 0.000000000000000000 ) ) ;
#856 = FACE_OUTER_BOUND ( 'NONE', #1279, .T. ) ;
#857 = ORIENTED_EDGE ( 'NONE', *, *, #1514, .F. ) ;
#858 = DIRECTION ( 'NONE',  ( 0.000000000000000000, 0.000000000000000000, -1.000000000000000000 ) ) ;
#859 = FACE_OUTER_BOUND ( 'NONE', #3499, .T. ) ;
#860 = ORIENTED_EDGE ( 'NONE', *, *, #869, .F. ) ;
#861 = AXIS2_PLACEMENT_3D ( 'NONE', #230, #3847, #1384 ) ;
#862 = AXIS2_PLACEMENT_3D ( 'NONE', #2657, #552, #809 ) ;
#863 = CYLINDRICAL_SURFACE ( 'NONE', #1085, 3.500000000000000444 ) ;
#864 = CARTESIAN_POINT ( 'NONE',  ( -7.714959791634054653, -28.47129294843108482, 6.892323440001584700 ) ) ;
#865 = CIRCLE ( 'NONE', #488, 2.749999999999995559 ) ;
#866 = DIRECTION ( 'NONE',  ( 0.000000000000000000, 0.000000000000000000, -1.000000000000000000 ) ) ;
#867 = CARTESIAN_POINT ( 'NONE',  ( -16.46496222574226920, 27.02870705156890097, 9.999999999999998224 ) ) ;
#868 = CARTESIAN_POINT ( 'NONE',  ( -16.21496222574229762, 25.27870705156888320, 3.292323440001584611 ) ) ;
#869 = EDGE_CURVE ( 'NONE', #3359, #2996, #224, .T. ) ;
#870 = FACE_OUTER_BOUND ( 'NONE', #3859, .T. ) ;
#871 = ORIENTED_EDGE ( 'NONE', *, *, #891, .T. ) ;
#872 = EDGE_CURVE ( 'NONE', #2861, #2268, #2971, .T. ) ;
#873 = CARTESIAN_POINT ( 'NONE',  ( 16.03503777425773791, -29.47129294843110614, 9.999999999999998224 ) ) ;
#874 = ORIENTED_EDGE ( 'NONE', *, *, #2925, .T. ) ;
#875 = CARTESIAN_POINT ( 'NONE',  ( -16.96496222574225854, -19.72129294843107417, 8.499999999999998224 ) ) ;
#876 = CARTESIAN_POINT ( 'NONE',  ( -11.95796222574226597, -25.62529294843109540, -0.1000000000000002554 ) ) ;
#877 = CARTESIAN_POINT ( 'NONE',  ( 16.53503777425773791, -19.72129294843107417, 8.499999999999998224 ) ) ;
#878 = ORIENTED_EDGE ( 'NONE', *, *, #3420, .F. ) ;
#879 = ORIENTED_EDGE ( 'NONE', *, *, #639, .F. ) ;
#880 = VECTOR ( 'NONE', #3635, 1000.000000000000000 ) ;
#881 = CARTESIAN_POINT ( 'NONE',  ( 7.285040208365947123, -11.83278339979662874, 3.292323440001584611 ) ) ;
#882 = PLANE ( 'NONE',  #1862 ) ;
#883 = APPLICATION_PROTOCOL_DEFINITION ( 'draft international standard', 'automotive_design', 1998, #443 ) ;
#884 = VECTOR ( 'NONE', #2116, 1000.000000000000000 ) ;
#885 = EDGE_CURVE ( 'NONE', #1918, #3119, #439, .T. ) ;
#886 = ORIENTED_EDGE ( 'NONE', *, *, #1523, .T. ) ;
#887 = PRESENTATION_STYLE_ASSIGNMENT (( #3604 ) ) ;
#888 = EDGE_CURVE ( 'NONE', #3062, #3398, #261, .T. ) ;
#889 = CARTESIAN_POINT ( 'NONE',  ( -11.95796222574226597, 25.68270705156890443, -0.1000000000000002554 ) ) ;
#890 = DIRECTION ( 'NONE',  ( -0.000000000000000000, -0.000000000000000000, 1.000000000000000000 ) ) ;
#891 = EDGE_CURVE ( 'NONE', #2263, #1643, #2009, .T. ) ;
#892 = CARTESIAN_POINT ( 'NONE',  ( 15.78503777425776988, 25.27870705156888320, -4.002000000000000668 ) ) ;
#893 = DIRECTION ( 'NONE',  ( -1.000000000000000000, 0.000000000000000000, 0.000000000000000000 ) ) ;
#894 = ORIENTED_EDGE ( 'NONE', *, *, #473, .T. ) ;
#895 = LINE ( 'NONE', #3373, #3284 ) ;
#896 = EDGE_CURVE ( 'NONE', #2560, #1565, #3784, .T. ) ;
#897 = CARTESIAN_POINT ( 'NONE',  ( -19.46496222574226920, 27.02870705156890097, -4.000000000000000000 ) ) ;
#898 = CARTESIAN_POINT ( 'NONE',  ( 14.28503777425773436, -22.47129294843107417, 3.000000000000001776 ) ) ;
#899 = ORIENTED_EDGE ( 'NONE', *, *, #2929, .F. ) ;
#900 = CARTESIAN_POINT ( 'NONE',  ( -18.96496222574228341, -2.193264346267234513E-15, 9.999999999999998224 ) ) ;
#901 = EDGE_CURVE ( 'NONE', #2121, #1762, #756, .T. ) ;
#902 = DIRECTION ( 'NONE',  ( -0.000000000000000000, -0.000000000000000000, 1.000000000000000000 ) ) ;
#903 = CARTESIAN_POINT ( 'NONE',  ( 15.78503777425776988, 25.27870705156888320, -4.002000000000000668 ) ) ;
#904 = ORIENTED_EDGE ( 'NONE', *, *, #496, .F. ) ;
#905 = AXIS2_PLACEMENT_3D ( 'NONE', #3601, #3301, #958 ) ;
#906 = FACE_OUTER_BOUND ( 'NONE', #2606, .T. ) ;
#907 = LINE ( 'NONE', #1018, #2873 ) ;
#908 = EDGE_CURVE ( 'NONE', #2631, #290, #3356, .T. ) ;
#909 = AXIS2_PLACEMENT_3D ( 'NONE', #288, #3355, #2765 ) ;
#910 = VECTOR ( 'NONE', #3326, 1000.000000000000000 ) ;
#911 = DIRECTION ( 'NONE',  ( -0.000000000000000000, -0.000000000000000000, 1.000000000000000000 ) ) ;
#912 = ORIENTED_EDGE ( 'NONE', *, *, #280, .F. ) ;
#913 = EDGE_CURVE ( 'NONE', #1541, #524, #3222, .T. ) ;
#914 = EDGE_CURVE ( 'NONE', #3716, #759, #1207, .T. ) ;
#915 = FACE_OUTER_BOUND ( 'NONE', #3107, .T. ) ;
#916 = ORIENTED_EDGE ( 'NONE', *, *, #1205, .F. ) ;
#917 = DIRECTION ( 'NONE',  ( -1.000000000000000000, 0.000000000000000000, 0.000000000000000000 ) ) ;
#918 = DIRECTION ( 'NONE',  ( -0.000000000000000000, -0.000000000000000000, 1.000000000000000000 ) ) ;
#919 = VERTEX_POINT ( 'NONE', #2596 ) ;
#920 = DIRECTION ( 'NONE',  ( 1.156482317317871971E-16, -1.000000000000000000, 0.000000000000000000 ) ) ;
#921 = LINE ( 'NONE', #2960, #2489 ) ;
#922 = CIRCLE ( 'NONE', #1917, 1.074999999999999512 ) ;
#923 = CARTESIAN_POINT ( 'NONE',  ( 9.504204806870928834, -28.47129294843108482, 1.699999999999999289 ) ) ;
#924 = CIRCLE ( 'NONE', #354, 1.074999999999999512 ) ;
#925 = DIRECTION ( 'NONE',  ( 1.000000000000000000, 0.000000000000000000, 0.000000000000000000 ) ) ;
#926 = LINE ( 'NONE', #3902, #966 ) ;
#927 = AXIS2_PLACEMENT_3D ( 'NONE', #1543, #3371, #1485 ) ;
#928 = FACE_OUTER_BOUND ( 'NONE', #2034, .T. ) ;
#929 = ORIENTED_EDGE ( 'NONE', *, *, #3887, .F. ) ;
#930 = ORIENTED_EDGE ( 'NONE', *, *, #2356, .T. ) ;
#931 = CARTESIAN_POINT ( 'NONE',  ( -1.047960516758266847, 19.84070686846390430, -4.001000000000001222 ) ) ;
#932 = CARTESIAN_POINT ( 'NONE',  ( -16.21496222574229762, 22.52870705156889031, 3.292323440001584611 ) ) ;
#933 = LINE ( 'NONE', #327, #3113 ) ;
#934 = ORIENTED_EDGE ( 'NONE', *, *, #2380, .F. ) ;
#935 = ORIENTED_EDGE ( 'NONE', *, *, #526, .T. ) ;
#936 = CARTESIAN_POINT ( 'NONE',  ( 15.78503777425775390, -19.72129294843107417, 3.292323440001584611 ) ) ;
#937 = CYLINDRICAL_SURFACE ( 'NONE', #2185, 1.500000000000001332 ) ;
#938 = LINE ( 'NONE', #3129, #2987 ) ;
#939 = ORIENTED_EDGE ( 'NONE', *, *, #2389, .F. ) ;
#940 = EDGE_CURVE ( 'NONE', #3171, #1652, #1145, .T. ) ;
#941 = AXIS2_PLACEMENT_3D ( 'NONE', #510, #1465, #2902 ) ;
#942 = EDGE_LOOP ( 'NONE', ( #64, #175, #1570, #3670 ) ) ;
#943 = ORIENTED_EDGE ( 'NONE', *, *, #3820, .F. ) ;
#944 = DIRECTION ( 'NONE',  ( 0.000000000000000000, 0.000000000000000000, -1.000000000000000000 ) ) ;
#945 = EDGE_CURVE ( 'NONE', #501, #1608, #2339, .T. ) ;
#946 = LINE ( 'NONE', #2720, #2559 ) ;
#947 = EDGE_CURVE ( 'NONE', #1685, #3253, #2030, .T. ) ;
#948 = VECTOR ( 'NONE', #2796, 1000.000000000000000 ) ;
#949 = AXIS2_PLACEMENT_3D ( 'NONE', #3121, #409, #3704 ) ;
#950 = CARTESIAN_POINT ( 'NONE',  ( -17.96496222574225854, -26.97129294843108838, 3.292323440001584611 ) ) ;
#951 = CARTESIAN_POINT ( 'NONE',  ( -16.96496222574226564, 19.77870705156889031, 8.499999999999998224 ) ) ;
#952 = CARTESIAN_POINT ( 'NONE',  ( -10.88296222574226668, 25.68270705156890443, 8.499999999999998224 ) ) ;
#953 = DIRECTION ( 'NONE',  ( 1.000000000000000000, 0.000000000000000000, 0.000000000000000000 ) ) ;
#954 = CARTESIAN_POINT ( 'NONE',  ( -19.46496222574226209, -29.97129294843108838, 3.292323440001584611 ) ) ;
#955 = ORIENTED_EDGE ( 'NONE', *, *, #404, .F. ) ;
#956 = ORIENTED_EDGE ( 'NONE', *, *, #1176, .F. ) ;
#957 = DIRECTION ( 'NONE',  ( 0.000000000000000000, 0.000000000000000000, 1.000000000000000000 ) ) ;
#958 = DIRECTION ( 'NONE',  ( -1.000000000000000000, 0.000000000000000000, 0.000000000000000000 ) ) ;
#959 = VERTEX_POINT ( 'NONE', #766 ) ;
#960 = CARTESIAN_POINT ( 'NONE',  ( -7.882962225742265794, -25.62529294843109540, 1.699999999999999289 ) ) ;
#961 = LINE ( 'NONE', #3739, #3318 ) ;
#962 = AXIS2_PLACEMENT_3D ( 'NONE', #3836, #3545, #3234 ) ;
#963 = DIRECTION ( 'NONE',  ( 1.000000000000000000, 0.000000000000000000, 0.000000000000000000 ) ) ;
#964 = AXIS2_PLACEMENT_3D ( 'NONE', #2040, #599, #3617 ) ;
#965 = ORIENTED_EDGE ( 'NONE', *, *, #2326, .F. ) ;
#966 = VECTOR ( 'NONE', #2138, 1000.000000000000000 ) ;
#967 = ORIENTED_EDGE ( 'NONE', *, *, #2811, .T. ) ;
#968 = DIRECTION ( 'NONE',  ( -0.000000000000000000, -0.000000000000000000, 1.000000000000000000 ) ) ;
#969 = DIRECTION ( 'NONE',  ( -0.000000000000000000, 0.000000000000000000, 1.000000000000000000 ) ) ;
#970 = AXIS2_PLACEMENT_3D ( 'NONE', #3117, #2961, #3503 ) ;
#971 = EDGE_LOOP ( 'NONE', ( #2844, #1573, #3536, #1042 ) ) ;
#972 = CARTESIAN_POINT ( 'NONE',  ( -19.46496222574226920, 30.02870705156890097, -4.000000000000000000 ) ) ;
#973 = CARTESIAN_POINT ( 'NONE',  ( -19.46496222574226209, -28.47129294843108482, 3.292323440001584611 ) ) ;
#974 = ORIENTED_EDGE ( 'NONE', *, *, #1473, .F. ) ;
#975 = VERTEX_POINT ( 'NONE', #533 ) ;
#976 = LINE ( 'NONE', #2809, #1830 ) ;
#977 = DIRECTION ( 'NONE',  ( -0.000000000000000000, -0.000000000000000000, 1.000000000000000000 ) ) ;
#978 = CONICAL_SURFACE ( 'NONE', #1109, 2.500000000000019540, 0.7853981633974352894 ) ;
#979 = CARTESIAN_POINT ( 'NONE',  ( -13.88296222574226668, -25.62529294843109540, 8.499999999999998224 ) ) ;
#980 = DIRECTION ( 'NONE',  ( -0.000000000000000000, -0.000000000000000000, 1.000000000000000000 ) ) ;
#981 = AXIS2_PLACEMENT_3D ( 'NONE', #1170, #1834, #2762 ) ;
#982 = CIRCLE ( 'NONE', #673, 1.000000000000000888 ) ;
#983 = VERTEX_POINT ( 'NONE', #3261 ) ;
#984 = DIRECTION ( 'NONE',  ( 1.000000000000000000, 0.000000000000000000, 0.000000000000000000 ) ) ;
#985 = VERTEX_POINT ( 'NONE', #1731 ) ;
#986 = ORIENTED_EDGE ( 'NONE', *, *, #1977, .T. ) ;
#987 = LINE ( 'NONE', #1973, #234 ) ;
#988 = CARTESIAN_POINT ( 'NONE',  ( -17.96496222574226564, 18.77870705156889031, 3.292323440001584611 ) ) ;
#989 = ORIENTED_EDGE ( 'NONE', *, *, #2772, .T. ) ;
#990 = ORIENTED_EDGE ( 'NONE', *, *, #2929, .T. ) ;
#991 = DIRECTION ( 'NONE',  ( -1.000000000000000000, 0.000000000000000000, 0.000000000000000000 ) ) ;
#992 = CARTESIAN_POINT ( 'NONE',  ( -1.047960516758266847, 19.84070686846390430, 9.999999999999998224 ) ) ;
#993 = EDGE_CURVE ( 'NONE', #1014, #2480, #2364, .T. ) ;
#994 = CIRCLE ( 'NONE', #3213, 1.000000000000000888 ) ;
#995 = ORIENTED_EDGE ( 'NONE', *, *, #2696, .T. ) ;
#996 = DIRECTION ( 'NONE',  ( -0.000000000000000000, -0.000000000000000000, 1.000000000000000000 ) ) ;
#997 = ORIENTED_EDGE ( 'NONE', *, *, #896, .T. ) ;
#998 = VECTOR ( 'NONE', #3533, 1000.000000000000000 ) ;
#999 = ORIENTED_EDGE ( 'NONE', *, *, #3830, .T. ) ;
#1000 = AXIS2_PLACEMENT_3D ( 'NONE', #3306, #1772, #320 ) ;
#1001 = ORIENTED_EDGE ( 'NONE', *, *, #3717, .T. ) ;
#1002 = FACE_OUTER_BOUND ( 'NONE', #1820, .T. ) ;
#1003 = EDGE_CURVE ( 'NONE', #1826, #1525, #849, .T. ) ;
#1004 = AXIS2_PLACEMENT_3D ( 'NONE', #164, #3683, #963 ) ;
#1005 = ORIENTED_EDGE ( 'NONE', *, *, #1710, .T. ) ;
#1006 = VERTEX_POINT ( 'NONE', #1964 ) ;
#1007 = EDGE_CURVE ( 'NONE', #2080, #3395, #3528, .T. ) ;
#1008 = EDGE_CURVE ( 'NONE', #2900, #2653, #3736, .T. ) ;
#1009 = DIRECTION ( 'NONE',  ( 0.000000000000000000, -0.000000000000000000, -1.000000000000000000 ) ) ;
#1010 = ORIENTED_EDGE ( 'NONE', *, *, #3225, .F. ) ;
#1011 = ADVANCED_FACE ( 'NONE', ( #906 ), #2112, .F. ) ;
#1012 = CARTESIAN_POINT ( 'NONE',  ( 2.452039483241733375, 19.84070686846390430, 8.499999999999998224 ) ) ;
#1013 = LINE ( 'NONE', #1841, #2368 ) ;
#1014 = VERTEX_POINT ( 'NONE', #1183 ) ;
#1015 = ORIENTED_EDGE ( 'NONE', *, *, #1240, .F. ) ;
#1016 = EDGE_LOOP ( 'NONE', ( #841, #2387, #3691, #1425 ) ) ;
#1017 = CARTESIAN_POINT ( 'NONE',  ( 9.378037774257734327, -25.62529294843109540, -0.1000000000000002554 ) ) ;
#1018 = CARTESIAN_POINT ( 'NONE',  ( 11.52803777425773468, 25.68270705156890443, -0.1000000000000002554 ) ) ;
#1019 = ORIENTED_EDGE ( 'NONE', *, *, #2199, .F. ) ;
#1020 = LINE ( 'NONE', #390, #1577 ) ;
#1021 = ORIENTED_EDGE ( 'NONE', *, *, #1890, .T. ) ;
#1022 = EDGE_LOOP ( 'NONE', ( #1322, #1136, #3653, #176 ) ) ;
#1023 = CIRCLE ( 'NONE', #2232, 1.500000000000001332 ) ;
#1024 = PLANE ( 'NONE',  #2725 ) ;
#1025 = ORIENTED_EDGE ( 'NONE', *, *, #3239, .F. ) ;
#1026 = VECTOR ( 'NONE', #3871, 1000.000000000000000 ) ;
#1027 = CARTESIAN_POINT ( 'NONE',  ( 13.45303777425773539, 25.68270705156890443, 1.699999999999999289 ) ) ;
#1028 = VERTEX_POINT ( 'NONE', #3325 ) ;
#1029 = LINE ( 'NONE', #1680, #1106 ) ;
#1030 = VECTOR ( 'NONE', #2031, 1000.000000000000000 ) ;
#1031 = DIRECTION ( 'NONE',  ( 1.000000000000000000, -0.000000000000000000, 1.204669080539449344E-16 ) ) ;
#1032 = ORIENTED_EDGE ( 'NONE', *, *, #1396, .T. ) ;
#1033 = ORIENTED_EDGE ( 'NONE', *, *, #1108, .T. ) ;
#1034 = FACE_OUTER_BOUND ( 'NONE', #664, .T. ) ;
#1035 = CARTESIAN_POINT ( 'NONE',  ( -16.21496222574226564, -22.47129294843110969, 3.292323440001584611 ) ) ;
#1036 = VERTEX_POINT ( 'NONE', #2718 ) ;
#1037 = CARTESIAN_POINT ( 'NONE',  ( -12.64106361317946003, 13.48838797301254111, 8.499999999999998224 ) ) ;
#1038 = LINE ( 'NONE', #1650, #2371 ) ;
#1039 = AXIS2_PLACEMENT_3D ( 'NONE', #2126, #3340, #624 ) ;
#1040 = LINE ( 'NONE', #2278, #2890 ) ;
#1041 = VECTOR ( 'NONE', #3054, 999.9999999999998863 ) ;
#1042 = ORIENTED_EDGE ( 'NONE', *, *, #606, .F. ) ;
#1043 = CARTESIAN_POINT ( 'NONE',  ( 11.40187074164450642, 28.52870705156890452, 8.499999999999998224 ) ) ;
#1044 = ORIENTED_EDGE ( 'NONE', *, *, #2355, .T. ) ;
#1045 = CIRCLE ( 'NONE', #3400, 2.500000000000019540 ) ;
#1046 = EDGE_CURVE ( 'NONE', #2611, #2953, #1206, .T. ) ;
#1047 = FACE_OUTER_BOUND ( 'NONE', #3148, .T. ) ;
#1048 = EDGE_LOOP ( 'NONE', ( #3376, #1924, #3186, #143 ) ) ;
#1049 = CARTESIAN_POINT ( 'NONE',  ( -16.96496222574225854, -26.22129294843106706, -4.002000000000000668 ) ) ;
#1050 = CARTESIAN_POINT ( 'NONE',  ( -10.88296222574226668, 25.68270705156890443, 1.699999999999999289 ) ) ;
#1051 = ORIENTED_EDGE ( 'NONE', *, *, #1421, .T. ) ;
#1052 = EDGE_LOOP ( 'NONE', ( #2991, #2218, #1051, #1289 ) ) ;
#1053 = ORIENTED_EDGE ( 'NONE', *, *, #3203, .F. ) ;
#1054 = VERTEX_POINT ( 'NONE', #3027 ) ;
#1055 = DIRECTION ( 'NONE',  ( -0.000000000000000000, -0.000000000000000000, 1.000000000000000000 ) ) ;
#1056 = DIRECTION ( 'NONE',  ( -0.000000000000000000, -0.000000000000000000, 1.000000000000000000 ) ) ;
#1057 = ADVANCED_FACE ( 'NONE', ( #2155, #334, #2983, #1455, #2421, #46, #3665, #1810, #1517, #2072 ), #3644, .T. ) ;
#1058 = ADVANCED_FACE ( 'NONE', ( #2756 ), #3046, .T. ) ;
#1059 = ORIENTED_EDGE ( 'NONE', *, *, #353, .F. ) ;
#1060 = DIRECTION ( 'NONE',  ( 0.000000000000000000, 0.000000000000000000, 1.000000000000000000 ) ) ;
#1061 = CARTESIAN_POINT ( 'NONE',  ( 17.53503777425773791, -18.72129294843107772, 3.292323440001584611 ) ) ;
#1062 = CYLINDRICAL_SURFACE ( 'NONE', #1866, 1.500000000000001332 ) ;
#1063 = VECTOR ( 'NONE', #2162, 1000.000000000000000 ) ;
#1064 = DIRECTION ( 'NONE',  ( -0.000000000000000000, 0.000000000000000000, 1.000000000000000000 ) ) ;
#1065 = EDGE_CURVE ( 'NONE', #1816, #3686, #296, .T. ) ;
#1066 = AXIS2_PLACEMENT_3D ( 'NONE', #3787, #1064, #691 ) ;
#1067 = DIRECTION ( 'NONE',  ( 0.000000000000000000, 0.000000000000000000, -1.000000000000000000 ) ) ;
#1068 = VERTEX_POINT ( 'NONE', #1828 ) ;
#1069 = CARTESIAN_POINT ( 'NONE',  ( 10.45303777425773362, 25.68270705156890443, -0.1000000000000002554 ) ) ;
#1070 = VECTOR ( 'NONE', #1669, 1000.000000000000000 ) ;
#1071 = ADVANCED_FACE ( 'NONE', ( #3625 ), #2093, .F. ) ;
#1072 = CARTESIAN_POINT ( 'NONE',  ( 12.21093530270484706, 13.48838797301253933, 9.999999999999998224 ) ) ;
#1073 = VERTEX_POINT ( 'NONE', #2457 ) ;
#1074 = ORIENTED_EDGE ( 'NONE', *, *, #3120, .T. ) ;
#1075 = ORIENTED_EDGE ( 'NONE', *, *, #367, .T. ) ;
#1076 = DIRECTION ( 'NONE',  ( 0.000000000000000000, 0.000000000000000000, -1.000000000000000000 ) ) ;
#1077 = FACE_BOUND ( 'NONE', #605, .T. ) ;
#1078 = CARTESIAN_POINT ( 'NONE',  ( 10.45303777425773362, 25.68270705156890443, -0.1000000000000002554 ) ) ;
#1079 = EDGE_CURVE ( 'NONE', #1599, #1144, #2849, .T. ) ;
#1080 = DIRECTION ( 'NONE',  ( 1.000000000000000000, 0.000000000000000000, 0.000000000000000000 ) ) ;
#1081 = DIRECTION ( 'NONE',  ( 0.000000000000000000, -0.7071067811865376918, -0.7071067811865574537 ) ) ;
#1082 = EDGE_CURVE ( 'NONE', #3833, #584, #2664, .T. ) ;
#1083 = DIRECTION ( 'NONE',  ( 0.000000000000000000, 0.000000000000000000, -1.000000000000000000 ) ) ;
#1084 = FACE_OUTER_BOUND ( 'NONE', #416, .T. ) ;
#1085 = AXIS2_PLACEMENT_3D ( 'NONE', #331, #902, #2045 ) ;
#1086 = CARTESIAN_POINT ( 'NONE',  ( -10.14106361317946003, 13.48838797301254111, -4.001000000000001222 ) ) ;
#1087 = DIRECTION ( 'NONE',  ( 0.000000000000000000, 0.000000000000000000, 1.000000000000000000 ) ) ;
#1088 = EDGE_LOOP ( 'NONE', ( #638, #1943, #2701, #3663 ) ) ;
#1089 = CARTESIAN_POINT ( 'NONE',  ( -17.96496222574225854, -26.22129294843106706, 3.292323440001584611 ) ) ;
#1090 = LINE ( 'NONE', #1371, #2492 ) ;
#1091 = ORIENTED_EDGE ( 'NONE', *, *, #2710, .T. ) ;
#1092 = AXIS2_PLACEMENT_3D ( 'NONE', #425, #3154, #389 ) ;
#1093 = EDGE_CURVE ( 'NONE', #1144, #1599, #3485, .T. ) ;
#1094 = ORIENTED_EDGE ( 'NONE', *, *, #361, .F. ) ;
#1095 = ORIENTED_EDGE ( 'NONE', *, *, #254, .T. ) ;
#1096 = DIRECTION ( 'NONE',  ( 0.000000000000000000, 1.000000000000000000, 0.000000000000000000 ) ) ;
#1097 = LINE ( 'NONE', #827, #1976 ) ;
#1098 = MANIFOLD_SOLID_BREP ( 'Boss-Extrude2', #2526 ) ;
#1099 = DIRECTION ( 'NONE',  ( -0.000000000000000000, -0.000000000000000000, 1.000000000000000000 ) ) ;
#1100 = ORIENTED_EDGE ( 'NONE', *, *, #498, .T. ) ;
#1101 = EDGE_CURVE ( 'NONE', #1430, #214, #2536, .T. ) ;
#1102 = DIRECTION ( 'NONE',  ( 0.000000000000000000, -0.000000000000000000, -1.000000000000000000 ) ) ;
#1103 = DIRECTION ( 'NONE',  ( -0.000000000000000000, -0.000000000000000000, -1.000000000000000000 ) ) ;
#1104 = DIRECTION ( 'NONE',  ( -1.000000000000000000, 0.000000000000000000, 0.000000000000000000 ) ) ;
#1105 = CARTESIAN_POINT ( 'NONE',  ( 15.78503777425770060, 22.52870705156892583, 5.000000000000001776 ) ) ;
#1106 = VECTOR ( 'NONE', #1641, 1000.000000000000000 ) ;
#1107 = EDGE_CURVE ( 'NONE', #842, #2978, #3064, .T. ) ;
#1108 = EDGE_CURVE ( 'NONE', #825, #414, #369, .T. ) ;
#1109 = AXIS2_PLACEMENT_3D ( 'NONE', #189, #2328, #2683 ) ;
#1110 = DIRECTION ( 'NONE',  ( 0.000000000000000000, 0.000000000000000000, 1.000000000000000000 ) ) ;
#1111 = DIRECTION ( 'NONE',  ( 0.000000000000000000, 0.000000000000000000, -1.000000000000000000 ) ) ;
#1112 = ORIENTED_EDGE ( 'NONE', *, *, #835, .T. ) ;
#1113 = CARTESIAN_POINT ( 'NONE',  ( 10.45303777425773362, 25.68270705156890443, 1.699999999999999289 ) ) ;
#1114 = DIRECTION ( 'NONE',  ( 0.000000000000000000, -0.000000000000000000, 1.000000000000000000 ) ) ;
#1115 = AXIS2_PLACEMENT_3D ( 'NONE', #188, #3204, #265 ) ;
#1116 = EDGE_CURVE ( 'NONE', #1684, #759, #976, .T. ) ;
#1117 = VERTEX_POINT ( 'NONE', #3719 ) ;
#1118 = EDGE_LOOP ( 'NONE', ( #1813, #2023, #1256, #1999 ) ) ;
#1119 = ORIENTED_EDGE ( 'NONE', *, *, #1708, .T. ) ;
#1120 = LINE ( 'NONE', #467, #2106 ) ;
#1121 = DIRECTION ( 'NONE',  ( 1.000000000000000000, 0.000000000000000000, 0.000000000000000000 ) ) ;
#1122 = DIRECTION ( 'NONE',  ( 1.000000000000000000, -2.135044278125326981E-15, 0.000000000000000000 ) ) ;
#1123 = DIRECTION ( 'NONE',  ( -1.000000000000000000, 0.000000000000000000, 0.000000000000000000 ) ) ;
#1124 = CARTESIAN_POINT ( 'NONE',  ( -13.96496222574229762, 22.52870705156889031, 5.000000000000001776 ) ) ;
#1125 = EDGE_CURVE ( 'NONE', #1781, #3432, #119, .T. ) ;
#1126 = DIRECTION ( 'NONE',  ( -0.000000000000000000, -0.000000000000000000, 1.000000000000000000 ) ) ;
#1127 = FACE_BOUND ( 'NONE', #1630, .T. ) ;
#1128 = AXIS2_PLACEMENT_3D ( 'NONE', #1952, #1600, #2280 ) ;
#1129 = CARTESIAN_POINT ( 'NONE',  ( -19.46496222574226920, 28.52870705156889741, -4.000000000000000000 ) ) ;
#1130 = CARTESIAN_POINT ( 'NONE',  ( -10.66696076089826661, 17.28171028643190610, 9.999999999999998224 ) ) ;
#1131 = ORIENTED_EDGE ( 'NONE', *, *, #2074, .T. ) ;
#1132 = PLANE ( 'NONE',  #106 ) ;
#1133 = ADVANCED_FACE ( 'NONE', ( #1899 ), #3384, .F. ) ;
#1134 = CARTESIAN_POINT ( 'NONE',  ( 9.710935302704847061, 13.48838797301253933, -4.001000000000001222 ) ) ;
#1135 = AXIS2_PLACEMENT_3D ( 'NONE', #2724, #1812, #2075 ) ;
#1136 = ORIENTED_EDGE ( 'NONE', *, *, #174, .T. ) ;
#1137 = EDGE_CURVE ( 'NONE', #2268, #2861, #3238, .T. ) ;
#1138 = AXIS2_PLACEMENT_3D ( 'NONE', #3281, #944, #3365 ) ;
#1139 = VERTEX_POINT ( 'NONE', #103 ) ;
#1140 = DIRECTION ( 'NONE',  ( 1.000000000000000000, 0.000000000000000000, 0.000000000000000000 ) ) ;
#1141 = LINE ( 'NONE', #2314, #3075 ) ;
#1142 = LINE ( 'NONE', #3563, #2068 ) ;
#1143 = ADVANCED_FACE ( 'NONE', ( #3135 ), #388, .T. ) ;
#1144 = VERTEX_POINT ( 'NONE', #1017 ) ;
#1145 = LINE ( 'NONE', #831, #1070 ) ;
#1146 = CARTESIAN_POINT ( 'NONE',  ( -16.21496222574229762, 22.52870705156888675, 3.292323440001584611 ) ) ;
#1147 = DIRECTION ( 'NONE',  ( -0.000000000000000000, 0.000000000000000000, 1.000000000000000000 ) ) ;
#1148 = ORIENTED_EDGE ( 'NONE', *, *, #121, .F. ) ;
#1149 = CARTESIAN_POINT ( 'NONE',  ( -16.21496222574229051, -19.72129294843107417, 8.499999999999998224 ) ) ;
#1150 = DIRECTION ( 'NONE',  ( -1.000000000000000000, 0.000000000000000000, 0.000000000000000000 ) ) ;
#1151 = ORIENTED_EDGE ( 'NONE', *, *, #1187, .T. ) ;
#1152 = FACE_OUTER_BOUND ( 'NONE', #2193, .T. ) ;
#1153 = PLANE ( 'NONE',  #2865 ) ;
#1154 = VERTEX_POINT ( 'NONE', #1919 ) ;
#1155 = ORIENTED_EDGE ( 'NONE', *, *, #3411, .T. ) ;
#1156 = AXIS2_PLACEMENT_3D ( 'NONE', #3214, #1055, #3482 ) ;
#1157 = CIRCLE ( 'NONE', #3567, 2.249999999999998668 ) ;
#1158 = EDGE_CURVE ( 'NONE', #1590, #3442, #741, .T. ) ;
#1159 = LINE ( 'NONE', #19, #708 ) ;
#1160 = CARTESIAN_POINT ( 'NONE',  ( 2.015431251695973813, 11.01227139059988147, -4.001000000000001222 ) ) ;
#1161 = DIRECTION ( 'NONE',  ( -1.734723475976807094E-16, 1.000000000000000000, 0.000000000000000000 ) ) ;
#1162 = VECTOR ( 'NONE', #315, 1000.000000000000000 ) ;
#1163 = DIRECTION ( 'NONE',  ( 0.000000000000000000, 0.000000000000000000, -1.000000000000000000 ) ) ;
#1164 = CARTESIAN_POINT ( 'NONE',  ( -17.96496222574226564, 30.02870705156890097, 8.499999999999998224 ) ) ;
#1165 = CIRCLE ( 'NONE', #3379, 1.500000000000001332 ) ;
#1166 = EDGE_CURVE ( 'NONE', #2427, #838, #3738, .T. ) ;
#1167 = CARTESIAN_POINT ( 'NONE',  ( 16.53503777425773791, -18.72129294843107417, -4.002000000000000668 ) ) ;
#1168 = ORIENTED_EDGE ( 'NONE', *, *, #2135, .T. ) ;
#1169 = AXIS2_PLACEMENT_3D ( 'NONE', #2819, #457, #2855 ) ;
#1170 = CARTESIAN_POINT ( 'NONE',  ( 15.78503777425770060, 22.52870705156892583, 3.292323440001584611 ) ) ;
#1171 = FACE_OUTER_BOUND ( 'NONE', #632, .T. ) ;
#1172 = ORIENTED_EDGE ( 'NONE', *, *, #142, .F. ) ;
#1173 = CARTESIAN_POINT ( 'NONE',  ( 10.45303777425773362, -25.62529294843109540, -0.1000000000000002554 ) ) ;
#1174 = CARTESIAN_POINT ( 'NONE',  ( -16.46496222574226209, -29.47129294843110614, 9.999999999999998224 ) ) ;
#1175 = DIRECTION ( 'NONE',  ( 1.000000000000000000, 0.000000000000000000, 0.000000000000000000 ) ) ;
#1176 = EDGE_CURVE ( 'NONE', #759, #414, #2230, .T. ) ;
#1177 = ORIENTED_EDGE ( 'NONE', *, *, #3282, .T. ) ;
#1178 = CIRCLE ( 'NONE', #797, 3.000000000000000888 ) ;
#1179 = CIRCLE ( 'NONE', #550, 1.074999999999999512 ) ;
#1180 = DIRECTION ( 'NONE',  ( 0.000000000000000000, 0.000000000000000000, 1.000000000000000000 ) ) ;
#1181 = CARTESIAN_POINT ( 'NONE',  ( 17.53503777425773080, 27.02870705156891162, 3.292323440001584611 ) ) ;
#1182 = AXIS2_PLACEMENT_3D ( 'NONE', #1418, #1126, #3532 ) ;
#1183 = CARTESIAN_POINT ( 'NONE',  ( -19.46496222574226209, -26.97129294843108838, 3.292323440001584611 ) ) ;
#1184 = AXIS2_PLACEMENT_3D ( 'NONE', #241, #259, #1453 ) ;
#1185 = EDGE_CURVE ( 'NONE', #3833, #3698, #424, .T. ) ;
#1186 = CARTESIAN_POINT ( 'NONE',  ( 9.710935302704854166, -22.11161202698745853, 9.999999999999998224 ) ) ;
#1187 = EDGE_CURVE ( 'NONE', #3515, #3716, #403, .T. ) ;
#1188 = EDGE_CURVE ( 'NONE', #2631, #441, #1609, .T. ) ;
#1189 = EDGE_CURVE ( 'NONE', #2490, #16, #3758, .T. ) ;
#1190 = LINE ( 'NONE', #3609, #3858 ) ;
#1191 = ORIENTED_EDGE ( 'NONE', *, *, #2940, .T. ) ;
#1192 = DIRECTION ( 'NONE',  ( 1.000000000000000000, 0.000000000000000000, 0.000000000000000000 ) ) ;
#1193 = CARTESIAN_POINT ( 'NONE',  ( -16.96496222574226564, 26.27870705156888320, -4.002000000000000668 ) ) ;
#1194 = ORIENTED_EDGE ( 'NONE', *, *, #1711, .F. ) ;
#1195 = DIRECTION ( 'NONE',  ( -1.734723475976807094E-16, 1.000000000000000000, 0.000000000000000000 ) ) ;
#1196 = CARTESIAN_POINT ( 'NONE',  ( 4.793649565339141994, 12.66714344531767900, 8.499999999999998224 ) ) ;
#1197 = DIRECTION ( 'NONE',  ( 0.000000000000000000, 0.000000000000000000, -1.000000000000000000 ) ) ;
#1198 = ORIENTED_EDGE ( 'NONE', *, *, #3541, .F. ) ;
#1199 = CARTESIAN_POINT ( 'NONE',  ( 16.53503777425773791, -19.72129294843107417, 3.292323440001584611 ) ) ;
#1200 = ADVANCED_FACE ( 'NONE', ( #1295 ), #2510, .F. ) ;
#1201 = VECTOR ( 'NONE', #394, 1000.000000000000000 ) ;
#1202 = FACE_OUTER_BOUND ( 'NONE', #3426, .T. ) ;
#1203 = FACE_OUTER_BOUND ( 'NONE', #2086, .T. ) ;
#1204 = CIRCLE ( 'NONE', #3728, 2.249999999999998668 ) ;
#1205 = EDGE_CURVE ( 'NONE', #1014, #2750, #2635, .T. ) ;
#1206 = LINE ( 'NONE', #313, #824 ) ;
#1207 = CIRCLE ( 'NONE', #2533, 3.000000000000000888 ) ;
#1208 = CARTESIAN_POINT ( 'NONE',  ( -12.64106361317946003, 13.48838797301254111, -4.001000000000001222 ) ) ;
#1209 = EDGE_CURVE ( 'NONE', #3808, #3350, #179, .T. ) ;
#1210 = CARTESIAN_POINT ( 'NONE',  ( -18.96496222574227986, -26.97129294843108838, 9.999999999999998224 ) ) ;
#1211 = VERTEX_POINT ( 'NONE', #1687 ) ;
#1212 = CARTESIAN_POINT ( 'NONE',  ( -10.66696076089826661, 21.25670570879590571, 9.999999999999998224 ) ) ;
#1213 = ORIENTED_EDGE ( 'NONE', *, *, #1927, .F. ) ;
#1214 = LINE ( 'NONE', #326, #2593 ) ;
#1215 = LINE ( 'NONE', #3636, #30 ) ;
#1216 = ORIENTED_EDGE ( 'NONE', *, *, #1459, .T. ) ;
#1217 = ORIENTED_EDGE ( 'NONE', *, *, #1711, .T. ) ;
#1218 = DIRECTION ( 'NONE',  ( -0.000000000000000000, 0.000000000000000000, 1.000000000000000000 ) ) ;
#1219 = CARTESIAN_POINT ( 'NONE',  ( 16.03503777425773791, 28.52870705156890807, 8.499999999999998224 ) ) ;
#1220 = CARTESIAN_POINT ( 'NONE',  ( 15.78503777425776988, 25.27870705156888320, 3.292323440001584611 ) ) ;
#1221 = VERTEX_POINT ( 'NONE', #2656 ) ;
#1222 = ADVANCED_FACE ( 'NONE', ( #2920 ), #1940, .F. ) ;
#1223 = AXIS2_PLACEMENT_3D ( 'NONE', #218, #2335, #1706 ) ;
#1224 = CARTESIAN_POINT ( 'NONE',  ( 10.45303777425773362, 25.68270705156890443, 1.699999999999999289 ) ) ;
#1225 = CARTESIAN_POINT ( 'NONE',  ( 10.45303777425773362, -25.62529294843109540, 1.699999999999999289 ) ) ;
#1226 = VECTOR ( 'NONE', #2776, 1000.000000000000000 ) ;
#1227 = ADVANCED_FACE ( 'NONE', ( #1374 ), #826, .T. ) ;
#1228 = DIRECTION ( 'NONE',  ( 0.000000000000000000, 0.000000000000000000, 1.000000000000000000 ) ) ;
#1229 = ORIENTED_EDGE ( 'NONE', *, *, #2580, .T. ) ;
#1230 = CARTESIAN_POINT ( 'NONE',  ( 15.78503777425770060, 22.52870705156892583, -4.002000000000000668 ) ) ;
#1231 = EDGE_LOOP ( 'NONE', ( #694, #193 ) ) ;
#1232 = ADVANCED_FACE ( 'NONE', ( #763 ), #529, .F. ) ;
#1233 = LINE ( 'NONE', #1853, #3544 ) ;
#1234 = LINE ( 'NONE', #1027, #1733 ) ;
#1235 = DIRECTION ( 'NONE',  ( 1.000000000000000000, 0.000000000000000000, 0.000000000000000000 ) ) ;
#1236 = ADVANCED_FACE ( 'NONE', ( #2358 ), #2589, .T. ) ;
#1237 = ORIENTED_EDGE ( 'NONE', *, *, #294, .T. ) ;
#1238 = ORIENTED_EDGE ( 'NONE', *, *, #2518, .T. ) ;
#1239 = EDGE_CURVE ( 'NONE', #983, #3835, #3173, .T. ) ;
#1240 = EDGE_CURVE ( 'NONE', #1211, #975, #1902, .T. ) ;
#1241 = DIRECTION ( 'NONE',  ( -0.000000000000000000, -0.000000000000000000, 1.000000000000000000 ) ) ;
#1242 = CIRCLE ( 'NONE', #2818, 3.000000000000000000 ) ;
#1243 = CIRCLE ( 'NONE', #1362, 3.000000000000000888 ) ;
#1244 = ORIENTED_EDGE ( 'NONE', *, *, #236, .T. ) ;
#1245 = DIRECTION ( 'NONE',  ( -0.000000000000000000, 0.000000000000000000, -1.000000000000000000 ) ) ;
#1246 = DIRECTION ( 'NONE',  ( -0.000000000000000000, -0.000000000000000000, 1.000000000000000000 ) ) ;
#1247 = VECTOR ( 'NONE', #499, 1000.000000000000000 ) ;
#1248 = DIRECTION ( 'NONE',  ( -0.000000000000000000, -0.000000000000000000, 1.000000000000000000 ) ) ;
#1249 = ORIENTED_EDGE ( 'NONE', *, *, #3243, .T. ) ;
#1250 = ORIENTED_EDGE ( 'NONE', *, *, #2979, .T. ) ;
#1251 = DIRECTION ( 'NONE',  ( 1.000000000000000000, 0.000000000000000000, 0.000000000000000000 ) ) ;
#1252 = DIRECTION ( 'NONE',  ( 0.000000000000000000, 0.000000000000000000, 1.000000000000000000 ) ) ;
#1253 = EDGE_CURVE ( 'NONE', #301, #1332, #1120, .T. ) ;
#1254 = DIRECTION ( 'NONE',  ( 0.000000000000000000, 0.000000000000000000, -1.000000000000000000 ) ) ;
#1255 = VERTEX_POINT ( 'NONE', #3153 ) ;
#1256 = ORIENTED_EDGE ( 'NONE', *, *, #1867, .F. ) ;
#1257 = CARTESIAN_POINT ( 'NONE',  ( -10.88296222574226668, -25.62529294843109540, 8.499999999999998224 ) ) ;
#1258 = EDGE_CURVE ( 'NONE', #3170, #93, #446, .T. ) ;
#1259 = CARTESIAN_POINT ( 'NONE',  ( 10.45303777425773362, 25.68270705156890443, 1.699999999999999289 ) ) ;
#1260 = ORIENTED_EDGE ( 'NONE', *, *, #3070, .F. ) ;
#1261 = AXIS2_PLACEMENT_3D ( 'NONE', #785, #1645, #2571 ) ;
#1262 = EDGE_LOOP ( 'NONE', ( #2595, #2515, #1461, #3569 ) ) ;
#1263 =( NAMED_UNIT ( * ) SI_UNIT ( $, .STERADIAN. ) SOLID_ANGLE_UNIT ( ) );
#1264 = PLANE ( 'NONE',  #464 ) ;
#1265 = AXIS2_PLACEMENT_3D ( 'NONE', #2219, #815, #1970 ) ;
#1266 = AXIS2_PLACEMENT_3D ( 'NONE', #260, #2676, #2404 ) ;
#1267 = CARTESIAN_POINT ( 'NONE',  ( 18.03503777425769883, 22.52870705156892583, 5.000000000000001776 ) ) ;
#1268 = ORIENTED_EDGE ( 'NONE', *, *, #3001, .F. ) ;
#1269 = ORIENTED_EDGE ( 'NONE', *, *, #2425, .T. ) ;
#1270 = PLANE ( 'NONE',  #2076 ) ;
#1271 = LINE ( 'NONE', #3073, #848 ) ;
#1272 = ORIENTED_EDGE ( 'NONE', *, *, #2006, .F. ) ;
#1273 = ORIENTED_EDGE ( 'NONE', *, *, #3799, .F. ) ;
#1274 = CARTESIAN_POINT ( 'NONE',  ( -10.66696076089826661, 21.25670570879590571, -4.001000000000001222 ) ) ;
#1275 = CARTESIAN_POINT ( 'NONE',  ( -12.64106361317946003, 13.48838797301254111, 8.499999999999994671 ) ) ;
#1276 = ORIENTED_EDGE ( 'NONE', *, *, #835, .F. ) ;
#1277 = VERTEX_POINT ( 'NONE', #2942 ) ;
#1278 = EDGE_CURVE ( 'NONE', #2814, #3395, #1023, .T. ) ;
#1279 = EDGE_LOOP ( 'NONE', ( #1910, #122, #3307, #1352 ) ) ;
#1280 = CARTESIAN_POINT ( 'NONE',  ( -9.066960760898265193, 21.25670570879590571, -4.001000000000001222 ) ) ;
#1281 = CARTESIAN_POINT ( 'NONE',  ( -7.714959791634051989, -11.83278339979662874, -0.3076765599984150334 ) ) ;
#1282 = AXIS2_PLACEMENT_3D ( 'NONE', #2505, #1331, #79 ) ;
#1283 = DIRECTION ( 'NONE',  ( 0.000000000000000000, 0.000000000000000000, 1.000000000000000000 ) ) ;
#1284 = EDGE_CURVE ( 'NONE', #782, #2806, #1356, .T. ) ;
#1285 = CIRCLE ( 'NONE', #2377, 2.249999999999998668 ) ;
#1286 = VECTOR ( 'NONE', #2458, 1000.000000000000000 ) ;
#1287 = ORIENTED_EDGE ( 'NONE', *, *, #371, .T. ) ;
#1288 = DIRECTION ( 'NONE',  ( 1.000000000000000000, 0.000000000000000000, 0.000000000000000000 ) ) ;
#1289 = ORIENTED_EDGE ( 'NONE', *, *, #1082, .F. ) ;
#1290 = DIRECTION ( 'NONE',  ( 1.000000000000000000, 0.000000000000000000, 0.000000000000000000 ) ) ;
#1291 = DIRECTION ( 'NONE',  ( 0.000000000000000000, 0.000000000000000000, -1.000000000000000000 ) ) ;
#1292 = ORIENTED_EDGE ( 'NONE', *, *, #2228, .T. ) ;
#1293 = AXIS2_PLACEMENT_3D ( 'NONE', #252, #2061, #3273 ) ;
#1294 = ORIENTED_EDGE ( 'NONE', *, *, #706, .F. ) ;
#1295 = FACE_OUTER_BOUND ( 'NONE', #3272, .T. ) ;
#1296 = DIRECTION ( 'NONE',  ( 1.000000000000000000, 0.000000000000000000, 0.000000000000000000 ) ) ;
#1297 = AXIS2_PLACEMENT_3D ( 'NONE', #1840, #1218, #2752 ) ;
#1298 = ADVANCED_FACE ( 'NONE', ( #3796, #808, #3174, #1077, #2613, #2291 ), #3502, .F. ) ;
#1299 = DIRECTION ( 'NONE',  ( 1.000000000000000000, 0.000000000000000000, 0.000000000000000000 ) ) ;
#1300 = VECTOR ( 'NONE', #3025, 1000.000000000000000 ) ;
#1301 = EDGE_CURVE ( 'NONE', #1525, #2206, #1392, .T. ) ;
#1302 = ADVANCED_FACE ( 'NONE', ( #602 ), #863, .F. ) ;
#1303 = VECTOR ( 'NONE', #2114, 1000.000000000000000 ) ;
#1304 = ORIENTED_EDGE ( 'NONE', *, *, #43, .T. ) ;
#1305 = CARTESIAN_POINT ( 'NONE',  ( 17.53503777425773080, 30.02870705156891162, 3.292323440001584611 ) ) ;
#1306 = EDGE_CURVE ( 'NONE', #1652, #1619, #3277, .T. ) ;
#1307 = ORIENTED_EDGE ( 'NONE', *, *, #2633, .T. ) ;
#1308 = EDGE_CURVE ( 'NONE', #1661, #1006, #291, .T. ) ;
#1309 = ADVANCED_FACE ( 'NONE', ( #2109 ), #1531, .T. ) ;
#1310 = CARTESIAN_POINT ( 'NONE',  ( -10.66696076089826661, 17.28171028643190610, -4.001000000000001222 ) ) ;
#1311 = ORIENTED_EDGE ( 'NONE', *, *, #1551, .F. ) ;
#1312 = DIRECTION ( 'NONE',  ( -0.000000000000000000, -0.000000000000000000, -1.000000000000000000 ) ) ;
#1313 = ORIENTED_EDGE ( 'NONE', *, *, #2696, .F. ) ;
#1314 = ORIENTED_EDGE ( 'NONE', *, *, #2721, .T. ) ;
#1315 = ORIENTED_EDGE ( 'NONE', *, *, #2512, .F. ) ;
#1316 = DIRECTION ( 'NONE',  ( -0.000000000000000000, 0.000000000000000000, 1.000000000000000000 ) ) ;
#1317 = DIRECTION ( 'NONE',  ( -1.000000000000000000, 0.000000000000000000, 0.000000000000000000 ) ) ;
#1318 = AXIS2_PLACEMENT_3D ( 'NONE', #932, #2122, #953 ) ;
#1319 = ORIENTED_EDGE ( 'NONE', *, *, #482, .F. ) ;
#1320 = PLANE ( 'NONE',  #319 ) ;
#1321 = VECTOR ( 'NONE', #208, 1000.000000000000000 ) ;
#1322 = ORIENTED_EDGE ( 'NONE', *, *, #82, .F. ) ;
#1323 = AXIS2_PLACEMENT_3D ( 'NONE', #2741, #3584, #23 ) ;
#1324 = ORIENTED_EDGE ( 'NONE', *, *, #2065, .T. ) ;
#1325 = DIRECTION ( 'NONE',  ( -0.000000000000000000, -0.000000000000000000, 1.000000000000000000 ) ) ;
#1326 = VECTOR ( 'NONE', #1864, 1000.000000000000000 ) ;
#1327 = ORIENTED_EDGE ( 'NONE', *, *, #247, .F. ) ;
#1328 = DIRECTION ( 'NONE',  ( 1.000000000000000000, 0.000000000000000000, 0.000000000000000000 ) ) ;
#1329 = VERTEX_POINT ( 'NONE', #1785 ) ;
#1330 = CARTESIAN_POINT ( 'NONE',  ( -10.14106361317946003, -22.11161202698745498, 9.999999999999998224 ) ) ;
#1331 = DIRECTION ( 'NONE',  ( 0.000000000000000000, 0.000000000000000000, 1.000000000000000000 ) ) ;
#1332 = VERTEX_POINT ( 'NONE', #1219 ) ;
#1333 = VERTEX_POINT ( 'NONE', #3043 ) ;
#1334 = ORIENTED_EDGE ( 'NONE', *, *, #724, .F. ) ;
#1335 = DIRECTION ( 'NONE',  ( -0.000000000000000000, -1.000000000000000000, -0.000000000000000000 ) ) ;
#1336 = DIRECTION ( 'NONE',  ( 1.000000000000000000, 2.703465157366452467E-16, 0.000000000000000000 ) ) ;
#1337 = DIRECTION ( 'NONE',  ( -0.000000000000000000, -0.000000000000000000, 1.000000000000000000 ) ) ;
#1338 = ORIENTED_EDGE ( 'NONE', *, *, #2300, .F. ) ;
#1339 = DIRECTION ( 'NONE',  ( -0.000000000000000000, -0.000000000000000000, 1.000000000000000000 ) ) ;
#1340 = CARTESIAN_POINT ( 'NONE',  ( 11.40187074164450998, 28.52870705156890452, 1.699999999999999289 ) ) ;
#1341 = ORIENTED_EDGE ( 'NONE', *, *, #3842, .F. ) ;
#1342 = VECTOR ( 'NONE', #511, 1000.000000000000000 ) ;
#1343 = CARTESIAN_POINT ( 'NONE',  ( -16.21496222574229762, 22.52870705156889031, -4.002000000000000668 ) ) ;
#1344 = CIRCLE ( 'NONE', #1406, 3.000000000000000888 ) ;
#1345 = CARTESIAN_POINT ( 'NONE',  ( 17.53503777425773436, 26.27870705156888320, 8.499999999999998224 ) ) ;
#1346 = VERTEX_POINT ( 'NONE', #2418 ) ;
#1347 = PLANE ( 'NONE',  #1484 ) ;
#1348 = ADVANCED_FACE ( 'NONE', ( #1202 ), #551, .F. ) ;
#1349 = CONICAL_SURFACE ( 'NONE', #3508, 2.500000000000019540, 0.7853981633974352894 ) ;
#1350 = CYLINDRICAL_SURFACE ( 'NONE', #1723, 3.000000000000000888 ) ;
#1351 = ORIENTED_EDGE ( 'NONE', *, *, #2691, .T. ) ;
#1352 = ORIENTED_EDGE ( 'NONE', *, *, #2617, .F. ) ;
#1353 = EDGE_CURVE ( 'NONE', #250, #3170, #1511, .T. ) ;
#1354 = ORIENTED_EDGE ( 'NONE', *, *, #5, .T. ) ;
#1355 = VERTEX_POINT ( 'NONE', #3621 ) ;
#1356 = LINE ( 'NONE', #2572, #217 ) ;
#1357 = LINE ( 'NONE', #3423, #1655 ) ;
#1358 = AXIS2_PLACEMENT_3D ( 'NONE', #1310, #3730, #151 ) ;
#1359 = CARTESIAN_POINT ( 'NONE',  ( 15.78503777425776988, 25.27870705156888320, 8.499999999999998224 ) ) ;
#1360 = ORIENTED_EDGE ( 'NONE', *, *, #1890, .F. ) ;
#1361 = PLANE ( 'NONE',  #2623 ) ;
#1362 = AXIS2_PLACEMENT_3D ( 'NONE', #3271, #2627, #2955 ) ;
#1363 = DIRECTION ( 'NONE',  ( -0.000000000000000000, -0.000000000000000000, -1.000000000000000000 ) ) ;
#1364 = EDGE_CURVE ( 'NONE', #620, #3331, #528, .T. ) ;
#1365 = VECTOR ( 'NONE', #1472, 1000.000000000000000 ) ;
#1366 = LINE ( 'NONE', #2202, #2727 ) ;
#1367 = CIRCLE ( 'NONE', #2063, 1.074999999999999512 ) ;
#1368 = CYLINDRICAL_SURFACE ( 'NONE', #1667, 1.000000000000000888 ) ;
#1369 = ORIENTED_EDGE ( 'NONE', *, *, #1969, .T. ) ;
#1370 = CARTESIAN_POINT ( 'NONE',  ( -19.46496222574226209, -28.47129294843108482, 3.292323440001584611 ) ) ;
#1371 = CARTESIAN_POINT ( 'NONE',  ( 16.53503777425773436, 25.27870705156888320, -4.002000000000000668 ) ) ;
#1372 = ORIENTED_EDGE ( 'NONE', *, *, #2779, .T. ) ;
#1373 = CYLINDRICAL_SURFACE ( 'NONE', #1572, 2.249999999999998668 ) ;
#1374 = FACE_OUTER_BOUND ( 'NONE', #683, .T. ) ;
#1375 = LINE ( 'NONE', #219, #2702 ) ;
#1376 = LINE ( 'NONE', #2316, #678 ) ;
#1377 = CARTESIAN_POINT ( 'NONE',  ( -16.21496222574226564, -22.47129294843110969, 3.292323440001584611 ) ) ;
#1378 = DIRECTION ( 'NONE',  ( 0.000000000000000000, 0.000000000000000000, 1.000000000000000000 ) ) ;
#1379 = CARTESIAN_POINT ( 'NONE',  ( -16.46496222574226209, -29.97129294843108838, 3.292323440001584611 ) ) ;
#1380 = AXIS2_PLACEMENT_3D ( 'NONE', #2412, #597, #13 ) ;
#1381 = LINE ( 'NONE', #2299, #1321 ) ;
#1382 = CIRCLE ( 'NONE', #689, 2.999999999999999112 ) ;
#1383 = CYLINDRICAL_SURFACE ( 'NONE', #1926, 2.250000000000001776 ) ;
#1384 = DIRECTION ( 'NONE',  ( 1.000000000000000000, 0.000000000000000000, 0.000000000000000000 ) ) ;
#1385 = ORIENTED_EDGE ( 'NONE', *, *, #5, .F. ) ;
#1386 = CARTESIAN_POINT ( 'NONE',  ( 4.793649565339142882, 11.01227139059988147, 8.499999999999994671 ) ) ;
#1387 = AXIS2_PLACEMENT_3D ( 'NONE', #3425, #1339, #123 ) ;
#1388 = DIRECTION ( 'NONE',  ( 1.000000000000000000, 0.000000000000000000, 0.000000000000000000 ) ) ;
#1389 = ORIENTED_EDGE ( 'NONE', *, *, #3164, .F. ) ;
#1390 = ORIENTED_EDGE ( 'NONE', *, *, #2669, .T. ) ;
#1391 = LINE ( 'NONE', #2003, #2 ) ;
#1392 = LINE ( 'NONE', #3813, #1400 ) ;
#1393 = CARTESIAN_POINT ( 'NONE',  ( -19.46496222574226920, 27.02870705156890097, 3.292323440001584611 ) ) ;
#1394 = CARTESIAN_POINT ( 'NONE',  ( 17.53503777425773080, 30.02870705156891162, -4.000000000000000000 ) ) ;
#1395 = DIRECTION ( 'NONE',  ( -1.000000000000000000, 0.000000000000000000, 0.000000000000000000 ) ) ;
#1396 = EDGE_CURVE ( 'NONE', #3209, #250, #1159, .T. ) ;
#1397 = LINE ( 'NONE', #1456, #1787 ) ;
#1398 = CARTESIAN_POINT ( 'NONE',  ( 10.45303777425773362, 25.68270705156890443, 1.699999999999999289 ) ) ;
#1399 = CARTESIAN_POINT ( 'NONE',  ( -16.21496222574229051, -25.22129294843106706, 3.292323440001584611 ) ) ;
#1400 = VECTOR ( 'NONE', #2313, 1000.000000000000000 ) ;
#1401 = LINE ( 'NONE', #1738, #1247 ) ;
#1402 = CARTESIAN_POINT ( 'NONE',  ( 10.45303777425773362, 25.68270705156890443, 8.499999999999998224 ) ) ;
#1403 = ORIENTED_EDGE ( 'NONE', *, *, #3706, .F. ) ;
#1404 = LINE ( 'NONE', #2877, #2051 ) ;
#1405 = CARTESIAN_POINT ( 'NONE',  ( -16.21496222574229762, 22.52870705156889031, 5.000000000000001776 ) ) ;
#1406 = AXIS2_PLACEMENT_3D ( 'NONE', #1957, #3829, #3791 ) ;
#1407 = VERTEX_POINT ( 'NONE', #3897 ) ;
#1408 = ORIENTED_EDGE ( 'NONE', *, *, #2476, .T. ) ;
#1409 = EDGE_CURVE ( 'NONE', #2767, #2832, #2088, .T. ) ;
#1410 = VECTOR ( 'NONE', #2320, 1000.000000000000000 ) ;
#1411 = ORIENTED_EDGE ( 'NONE', *, *, #2925, .F. ) ;
#1412 = DIRECTION ( 'NONE',  ( 1.000000000000000000, 2.703465157366452467E-16, 0.000000000000000000 ) ) ;
#1413 = DIRECTION ( 'NONE',  ( 0.000000000000000000, 0.000000000000000000, 1.000000000000000000 ) ) ;
#1414 = DIRECTION ( 'NONE',  ( -0.000000000000000000, -0.000000000000000000, 1.000000000000000000 ) ) ;
#1415 = CARTESIAN_POINT ( 'NONE',  ( -16.46496222574226209, -29.97129294843108838, 9.500000000000005329 ) ) ;
#1416 = CARTESIAN_POINT ( 'NONE',  ( 10.45303777425773362, -25.62529294843109540, 8.499999999999998224 ) ) ;
#1417 = EDGE_CURVE ( 'NONE', #267, #3442, #3341, .T. ) ;
#1418 = CARTESIAN_POINT ( 'NONE',  ( -10.88296222574226668, -25.62529294843109540, -0.1000000000000002554 ) ) ;
#1419 = DIRECTION ( 'NONE',  ( 1.000000000000000000, 2.312964634635742267E-15, 0.000000000000000000 ) ) ;
#1420 = VECTOR ( 'NONE', #2204, 1000.000000000000000 ) ;
#1421 = EDGE_CURVE ( 'NONE', #3011, #584, #921, .T. ) ;
#1422 = AXIS2_PLACEMENT_3D ( 'NONE', #3399, #1877, #18 ) ;
#1423 = CARTESIAN_POINT ( 'NONE',  ( -12.64106361317946003, 13.48838797301254111, -4.001000000000001222 ) ) ;
#1424 = CARTESIAN_POINT ( 'NONE',  ( -16.46496222574226209, -28.47129294843108482, 3.292323440001584611 ) ) ;
#1425 = ORIENTED_EDGE ( 'NONE', *, *, #3863, .F. ) ;
#1426 = PLANE ( 'NONE',  #3446 ) ;
#1427 = EDGE_CURVE ( 'NONE', #3350, #2415, #1594, .T. ) ;
#1428 = DIRECTION ( 'NONE',  ( -0.000000000000000000, -0.000000000000000000, 1.000000000000000000 ) ) ;
#1429 = CIRCLE ( 'NONE', #981, 1.500000000000001332 ) ;
#1430 = VERTEX_POINT ( 'NONE', #1764 ) ;
#1431 = EDGE_LOOP ( 'NONE', ( #3594, #1668, #703, #1773 ) ) ;
#1432 = ORIENTED_EDGE ( 'NONE', *, *, #896, .F. ) ;
#1433 = DIRECTION ( 'NONE',  ( -0.000000000000000000, -0.000000000000000000, 1.000000000000000000 ) ) ;
#1434 = DIRECTION ( 'NONE',  ( 1.000000000000000000, 0.000000000000000000, 0.000000000000000000 ) ) ;
#1435 = LINE ( 'NONE', #531, #3782 ) ;
#1436 = CARTESIAN_POINT ( 'NONE',  ( -16.46496222574226209, -26.97129294843108838, 8.499999999999998224 ) ) ;
#1437 = DIRECTION ( 'NONE',  ( -0.000000000000000000, 1.000000000000000000, -0.000000000000000000 ) ) ;
#1438 = DIRECTION ( 'NONE',  ( -0.000000000000000000, -0.000000000000000000, 1.000000000000000000 ) ) ;
#1439 = DIRECTION ( 'NONE',  ( 0.000000000000000000, 0.000000000000000000, 1.000000000000000000 ) ) ;
#1440 = ORIENTED_EDGE ( 'NONE', *, *, #2518, .F. ) ;
#1441 = CIRCLE ( 'NONE', #1380, 1.000000000000000888 ) ;
#1442 = LINE ( 'NONE', #3846, #2887 ) ;
#1443 = CARTESIAN_POINT ( 'NONE',  ( 4.793649565339142882, 12.66714344531767900, -4.001000000000001222 ) ) ;
#1444 = ORIENTED_EDGE ( 'NONE', *, *, #3104, .T. ) ;
#1445 = DIRECTION ( 'NONE',  ( 1.000000000000000000, -2.135044278125326586E-15, 0.000000000000000000 ) ) ;
#1446 = CARTESIAN_POINT ( 'NONE',  ( 17.53503777425773080, 26.27870705156888320, 3.292323440001584611 ) ) ;
#1447 = CIRCLE ( 'NONE', #3416, 3.000000000000000888 ) ;
#1448 = ORIENTED_EDGE ( 'NONE', *, *, #828, .F. ) ;
#1449 = VERTEX_POINT ( 'NONE', #2454 ) ;
#1450 = AXIS2_PLACEMENT_3D ( 'NONE', #2441, #3344, #629 ) ;
#1451 = PLANE ( 'NONE',  #2927 ) ;
#1452 = DIRECTION ( 'NONE',  ( 0.000000000000000000, -0.7071067811865352493, 0.7071067811865597852 ) ) ;
#1453 = DIRECTION ( 'NONE',  ( 1.000000000000000000, 0.000000000000000000, 0.000000000000000000 ) ) ;
#1454 = ORIENTED_EDGE ( 'NONE', *, *, #3489, .T. ) ;
#1455 = FACE_BOUND ( 'NONE', #2085, .T. ) ;
#1456 = CARTESIAN_POINT ( 'NONE',  ( -10.14106361317946003, -22.11161202698745498, -4.001000000000001222 ) ) ;
#1457 = ADVANCED_FACE ( 'NONE', ( #257 ), #1451, .T. ) ;
#1458 = ORIENTED_EDGE ( 'NONE', *, *, #2833, .F. ) ;
#1459 = EDGE_CURVE ( 'NONE', #1355, #3090, #1651, .T. ) ;
#1460 = CARTESIAN_POINT ( 'NONE',  ( 12.21093530270484706, 13.48838797301253933, 8.499999999999994671 ) ) ;
#1461 = ORIENTED_EDGE ( 'NONE', *, *, #1258, .F. ) ;
#1462 = LINE ( 'NONE', #1086, #2644 ) ;
#1463 = DIRECTION ( 'NONE',  ( 1.000000000000000000, 0.000000000000000000, 0.000000000000000000 ) ) ;
#1464 = ORIENTED_EDGE ( 'NONE', *, *, #2795, .T. ) ;
#1465 = DIRECTION ( 'NONE',  ( 0.000000000000000000, 0.000000000000000000, 1.000000000000000000 ) ) ;
#1466 = DIRECTION ( 'NONE',  ( 1.000000000000000000, 0.000000000000000000, 0.000000000000000000 ) ) ;
#1467 = DIRECTION ( 'NONE',  ( 0.000000000000000000, -0.000000000000000000, -1.000000000000000000 ) ) ;
#1468 = ORIENTED_EDGE ( 'NONE', *, *, #2979, .F. ) ;
#1469 = ADVANCED_FACE ( 'NONE', ( #1471 ), #2401, .F. ) ;
#1470 = VECTOR ( 'NONE', #3559, 1000.000000000000000 ) ;
#1471 = FACE_OUTER_BOUND ( 'NONE', #1088, .T. ) ;
#1472 = DIRECTION ( 'NONE',  ( -1.000000000000000000, 0.000000000000000000, 0.000000000000000000 ) ) ;
#1473 = EDGE_CURVE ( 'NONE', #698, #3171, #393, .T. ) ;
#1474 = EDGE_CURVE ( 'NONE', #3511, #2206, #385, .T. ) ;
#1475 = AXIS2_PLACEMENT_3D ( 'NONE', #1146, #1103, #3586 ) ;
#1476 = ORIENTED_EDGE ( 'NONE', *, *, #3647, .F. ) ;
#1477 = SURFACE_STYLE_FILL_AREA ( #276 ) ;
#1478 = DIRECTION ( 'NONE',  ( 1.000000000000000000, 0.000000000000000000, 0.000000000000000000 ) ) ;
#1479 = AXIS2_PLACEMENT_3D ( 'NONE', #198, #1413, #1121 ) ;
#1480 = DIRECTION ( 'NONE',  ( -0.000000000000000000, -0.000000000000000000, -1.000000000000000000 ) ) ;
#1481 = VERTEX_POINT ( 'NONE', #3678 ) ;
#1482 = ORIENTED_EDGE ( 'NONE', *, *, #2279, .F. ) ;
#1483 = EDGE_CURVE ( 'NONE', #501, #2427, #3110, .T. ) ;
#1484 = AXIS2_PLACEMENT_3D ( 'NONE', #1700, #2840, #134 ) ;
#1485 = DIRECTION ( 'NONE',  ( 1.000000000000000000, 0.000000000000000000, 0.000000000000000000 ) ) ;
#1486 = DIRECTION ( 'NONE',  ( 1.000000000000000000, 0.000000000000000000, 0.000000000000000000 ) ) ;
#1487 = ORIENTED_EDGE ( 'NONE', *, *, #2017, .F. ) ;
#1488 = CARTESIAN_POINT ( 'NONE',  ( 15.78503777425776988, 25.27870705156888320, 3.292323440001584611 ) ) ;
#1489 = DIRECTION ( 'NONE',  ( 0.000000000000000000, 0.000000000000000000, 1.000000000000000000 ) ) ;
#1490 = FACE_BOUND ( 'NONE', #2318, .T. ) ;
#1491 = EDGE_LOOP ( 'NONE', ( #381, #3102, #3664, #2528 ) ) ;
#1492 = VECTOR ( 'NONE', #3677, 1000.000000000000000 ) ;
#1493 = CIRCLE ( 'NONE', #927, 2.249999999999998668 ) ;
#1494 = DIRECTION ( 'NONE',  ( -0.000000000000000000, -0.000000000000000000, -1.000000000000000000 ) ) ;
#1495 = ADVANCED_FACE ( 'NONE', ( #1623 ), #3715, .F. ) ;
#1496 = DIRECTION ( 'NONE',  ( 0.000000000000000000, -1.000000000000000000, 0.000000000000000000 ) ) ;
#1497 = AXIS2_PLACEMENT_3D ( 'NONE', #1950, #1734, #495 ) ;
#1498 = VERTEX_POINT ( 'NONE', #1604 ) ;
#1499 = DIRECTION ( 'NONE',  ( 0.000000000000000000, 0.000000000000000000, 1.000000000000000000 ) ) ;
#1500 = LINE ( 'NONE', #2757, #910 ) ;
#1501 = LINE ( 'NONE', #105, #2151 ) ;
#1502 = ORIENTED_EDGE ( 'NONE', *, *, #2719, .F. ) ;
#1503 = DIRECTION ( 'NONE',  ( 0.000000000000000000, -1.000000000000000000, 0.000000000000000000 ) ) ;
#1504 = VERTEX_POINT ( 'NONE', #3095 ) ;
#1505 = FACE_OUTER_BOUND ( 'NONE', #2283, .T. ) ;
#1506 = DIRECTION ( 'NONE',  ( 0.000000000000000000, 0.000000000000000000, 1.000000000000000000 ) ) ;
#1507 = CARTESIAN_POINT ( 'NONE',  ( -9.066960760898265193, 21.25670570879590571, 8.499999999999994671 ) ) ;
#1508 = ORIENTED_EDGE ( 'NONE', *, *, #29, .T. ) ;
#1509 = PLANE ( 'NONE',  #295 ) ;
#1510 = CIRCLE ( 'NONE', #1883, 3.000000000000000888 ) ;
#1511 = LINE ( 'NONE', #2129, #2434 ) ;
#1512 = PLANE ( 'NONE',  #1990 ) ;
#1513 = ORIENTED_EDGE ( 'NONE', *, *, #2127, .F. ) ;
#1514 = EDGE_CURVE ( 'NONE', #2092, #2712, #1013, .T. ) ;
#1515 = VECTOR ( 'NONE', #3240, 1000.000000000000000 ) ;
#1516 = EDGE_CURVE ( 'NONE', #16, #710, #647, .T. ) ;
#1517 = FACE_BOUND ( 'NONE', #2215, .T. ) ;
#1518 = VECTOR ( 'NONE', #3564, 1000.000000000000000 ) ;
#1519 = LINE ( 'NONE', #1558, #3441 ) ;
#1520 = ADVANCED_FACE ( 'NONE', ( #1552 ), #63, .T. ) ;
#1521 = LINE ( 'NONE', #3648, #316 ) ;
#1522 = EDGE_LOOP ( 'NONE', ( #2038, #2233, #3624, #690 ) ) ;
#1523 = EDGE_CURVE ( 'NONE', #699, #1449, #3080, .T. ) ;
#1524 = DIRECTION ( 'NONE',  ( 0.000000000000000000, 0.000000000000000000, -1.000000000000000000 ) ) ;
#1525 = VERTEX_POINT ( 'NONE', #2188 ) ;
#1526 = CARTESIAN_POINT ( 'NONE',  ( -16.96496222574226564, 18.77870705156889031, 8.499999999999998224 ) ) ;
#1527 = CARTESIAN_POINT ( 'NONE',  ( 10.45303777425773362, -25.62529294843109540, 3.292323440001584611 ) ) ;
#1528 = ORIENTED_EDGE ( 'NONE', *, *, #2024, .F. ) ;
#1529 = ORIENTED_EDGE ( 'NONE', *, *, #1007, .F. ) ;
#1530 = FACE_OUTER_BOUND ( 'NONE', #264, .T. ) ;
#1531 = PLANE ( 'NONE',  #3435 ) ;
#1532 = DIRECTION ( 'NONE',  ( 0.000000000000000000, -0.000000000000000000, -1.000000000000000000 ) ) ;
#1533 = DIRECTION ( 'NONE',  ( 0.000000000000000000, 0.000000000000000000, 1.000000000000000000 ) ) ;
#1534 = EDGE_CURVE ( 'NONE', #698, #1211, #938, .T. ) ;
#1535 = VECTOR ( 'NONE', #3099, 1000.000000000000000 ) ;
#1536 = DIRECTION ( 'NONE',  ( -0.000000000000000000, -0.000000000000000000, 1.000000000000000000 ) ) ;
#1537 = PLANE ( 'NONE',  #2044 ) ;
#1538 = AXIS2_PLACEMENT_3D ( 'NONE', #2431, #2732, #1467 ) ;
#1539 = AXIS2_PLACEMENT_3D ( 'NONE', #3199, #494, #2620 ) ;
#1540 = DIRECTION ( 'NONE',  ( 1.000000000000000000, 0.000000000000000000, 0.000000000000000000 ) ) ;
#1541 = VERTEX_POINT ( 'NONE', #1878 ) ;
#1542 = ADVANCED_FACE ( 'NONE', ( #1569 ), #136, .F. ) ;
#1543 = CARTESIAN_POINT ( 'NONE',  ( 15.78503777425773613, -22.47129294843107417, 9.999999999999998224 ) ) ;
#1544 = ORIENTED_EDGE ( 'NONE', *, *, #2049, .T. ) ;
#1545 = LINE ( 'NONE', #2764, #2409 ) ;
#1546 = CARTESIAN_POINT ( 'NONE',  ( 16.03503777425773791, -26.97129294843108838, 3.292323440001584611 ) ) ;
#1547 = ORIENTED_EDGE ( 'NONE', *, *, #2135, .F. ) ;
#1548 = VERTEX_POINT ( 'NONE', #988 ) ;
#1549 = VECTOR ( 'NONE', #2102, 1000.000000000000000 ) ;
#1550 = LINE ( 'NONE', #310, #1988 ) ;
#1551 = EDGE_CURVE ( 'NONE', #1028, #1753, #3688, .T. ) ;
#1552 = FACE_OUTER_BOUND ( 'NONE', #3254, .T. ) ;
#1553 = AXIS2_PLACEMENT_3D ( 'NONE', #2348, #2059, #266 ) ;
#1554 = ORIENTED_EDGE ( 'NONE', *, *, #768, .T. ) ;
#1555 = VECTOR ( 'NONE', #2703, 1000.000000000000000 ) ;
#1556 = EDGE_LOOP ( 'NONE', ( #989, #412, #485, #3067 ) ) ;
#1557 = CARTESIAN_POINT ( 'NONE',  ( 10.45303777425773362, -25.62529294843109540, -0.1000000000000002554 ) ) ;
#1558 = CARTESIAN_POINT ( 'NONE',  ( -19.46496222574226209, -26.97129294843108838, 9.500000000000005329 ) ) ;
#1559 = VECTOR ( 'NONE', #684, 1000.000000000000000 ) ;
#1560 = CARTESIAN_POINT ( 'NONE',  ( -7.714959791634053765, -11.83278339979662874, 6.892323440001584700 ) ) ;
#1561 = VERTEX_POINT ( 'NONE', #1275 ) ;
#1562 = DIRECTION ( 'NONE',  ( -0.000000000000000000, -0.000000000000000000, 1.000000000000000000 ) ) ;
#1563 = DIRECTION ( 'NONE',  ( 0.000000000000000000, 0.000000000000000000, -1.000000000000000000 ) ) ;
#1564 = CARTESIAN_POINT ( 'NONE',  ( 13.53503777425773791, -22.47129294843107417, 9.999999999999998224 ) ) ;
#1565 = VERTEX_POINT ( 'NONE', #1915 ) ;
#1566 = ORIENTED_EDGE ( 'NONE', *, *, #2300, .T. ) ;
#1567 = PLANE ( 'NONE',  #1671 ) ;
#1568 = DIRECTION ( 'NONE',  ( 0.000000000000000000, -0.000000000000000000, -1.000000000000000000 ) ) ;
#1569 = FACE_OUTER_BOUND ( 'NONE', #3019, .T. ) ;
#1570 = ORIENTED_EDGE ( 'NONE', *, *, #3647, .T. ) ;
#1571 = EDGE_CURVE ( 'NONE', #2354, #3614, #3417, .T. ) ;
#1572 = AXIS2_PLACEMENT_3D ( 'NONE', #2251, #178, #3596 ) ;
#1573 = ORIENTED_EDGE ( 'NONE', *, *, #3887, .T. ) ;
#1574 = CARTESIAN_POINT ( 'NONE',  ( -19.46496222574226209, -29.97129294843108838, 3.292323440001584611 ) ) ;
#1575 = DIRECTION ( 'NONE',  ( 1.000000000000000000, 0.000000000000000000, 0.000000000000000000 ) ) ;
#1576 = CIRCLE ( 'NONE', #194, 2.999999999999999112 ) ;
#1577 = VECTOR ( 'NONE', #996, 1000.000000000000000 ) ;
#1578 = CARTESIAN_POINT ( 'NONE',  ( -16.96496222574226920, 25.27870705156888320, 8.499999999999998224 ) ) ;
#1579 = ORIENTED_EDGE ( 'NONE', *, *, #2594, .F. ) ;
#1580 = ADVANCED_FACE ( 'NONE', ( #3061 ), #2488, .F. ) ;
#1581 = ORIENTED_EDGE ( 'NONE', *, *, #1997, .T. ) ;
#1582 = DIRECTION ( 'NONE',  ( -0.000000000000000000, 0.000000000000000000, 1.000000000000000000 ) ) ;
#1583 = CARTESIAN_POINT ( 'NONE',  ( -17.96496222574226564, 26.27870705156888320, 8.499999999999998224 ) ) ;
#1584 = EDGE_CURVE ( 'NONE', #1355, #1918, #348, .T. ) ;
#1585 = ORIENTED_EDGE ( 'NONE', *, *, #2139, .T. ) ;
#1586 = CARTESIAN_POINT ( 'NONE',  ( -17.96496222574225854, -26.22129294843106706, -4.000000000000000000 ) ) ;
#1587 = DIRECTION ( 'NONE',  ( -1.000000000000000000, -1.156482317317871971E-16, 0.000000000000000000 ) ) ;
#1588 = ORIENTED_EDGE ( 'NONE', *, *, #2425, .F. ) ;
#1589 = EDGE_CURVE ( 'NONE', #3398, #983, #3361, .T. ) ;
#1590 = VERTEX_POINT ( 'NONE', #2205 ) ;
#1591 =( LENGTH_UNIT ( ) NAMED_UNIT ( * ) SI_UNIT ( .MILLI., .METRE. ) );
#1592 = EDGE_CURVE ( 'NONE', #2490, #3370, #94, .T. ) ;
#1593 = DIRECTION ( 'NONE',  ( -0.000000000000000000, -0.000000000000000000, 1.000000000000000000 ) ) ;
#1594 = CIRCLE ( 'NONE', #3630, 1.074999999999999512 ) ;
#1595 = ADVANCED_BREP_SHAPE_REPRESENTATION ( 'Top_Enclosure', ( #1098, #2777 ), #3843 ) ;
#1596 = DIRECTION ( 'NONE',  ( 1.000000000000000000, 0.000000000000000000, 0.000000000000000000 ) ) ;
#1597 = AXIS2_PLACEMENT_3D ( 'NONE', #3036, #3575, #3850 ) ;
#1598 = CIRCLE ( 'NONE', #1475, 1.500000000000001332 ) ;
#1599 = VERTEX_POINT ( 'NONE', #3807 ) ;
#1600 = DIRECTION ( 'NONE',  ( 0.000000000000000000, 0.000000000000000000, 1.000000000000000000 ) ) ;
#1601 = ORIENTED_EDGE ( 'NONE', *, *, #1176, .T. ) ;
#1602 = LINE ( 'NONE', #3126, #1420 ) ;
#1603 = CARTESIAN_POINT ( 'NONE',  ( 9.504204806870927058, -28.47129294843108482, 3.292323440001584611 ) ) ;
#1604 = CARTESIAN_POINT ( 'NONE',  ( 17.53503777425774146, -26.22129294843106706, 8.499999999999998224 ) ) ;
#1605 = ORIENTED_EDGE ( 'NONE', *, *, #2370, .F. ) ;
#1606 = EDGE_CURVE ( 'NONE', #1449, #1006, #1344, .T. ) ;
#1607 = EDGE_CURVE ( 'NONE', #3359, #651, #1090, .T. ) ;
#1608 = VERTEX_POINT ( 'NONE', #1072 ) ;
#1609 = LINE ( 'NONE', #2847, #2715 ) ;
#1610 = DIRECTION ( 'NONE',  ( -2.409338161078898687E-16, 0.000000000000000000, 1.000000000000000000 ) ) ;
#1611 = CIRCLE ( 'NONE', #1922, 1.500000000000001332 ) ;
#1612 = ORIENTED_EDGE ( 'NONE', *, *, #913, .F. ) ;
#1613 = FACE_OUTER_BOUND ( 'NONE', #133, .T. ) ;
#1614 = ORIENTED_EDGE ( 'NONE', *, *, #142, .T. ) ;
#1615 = ORIENTED_EDGE ( 'NONE', *, *, #830, .F. ) ;
#1616 = ORIENTED_EDGE ( 'NONE', *, *, #3541, .T. ) ;
#1617 = CARTESIAN_POINT ( 'NONE',  ( -16.21496222574229762, 22.52870705156888675, 3.000000000000001776 ) ) ;
#1618 = EDGE_LOOP ( 'NONE', ( #1448, #3505, #3232, #2378 ) ) ;
#1619 = VERTEX_POINT ( 'NONE', #1660 ) ;
#1620 = DIRECTION ( 'NONE',  ( -1.156482317317871971E-16, 1.000000000000000000, -0.000000000000000000 ) ) ;
#1621 = ORIENTED_EDGE ( 'NONE', *, *, #1189, .T. ) ;
#1622 = FACE_OUTER_BOUND ( 'NONE', #1703, .T. ) ;
#1623 = FACE_OUTER_BOUND ( 'NONE', #3143, .T. ) ;
#1624 = ORIENTED_EDGE ( 'NONE', *, *, #2878, .T. ) ;
#1625 = ORIENTED_EDGE ( 'NONE', *, *, #3659, .T. ) ;
#1626 = ORIENTED_EDGE ( 'NONE', *, *, #3483, .T. ) ;
#1627 = CARTESIAN_POINT ( 'NONE',  ( -9.934129258355456571, -28.47129294843108482, 1.699999999999999289 ) ) ;
#1628 = DIRECTION ( 'NONE',  ( 1.000000000000000000, 0.000000000000000000, 0.000000000000000000 ) ) ;
#1629 = CIRCLE ( 'NONE', #1318, 2.749999999999995559 ) ;
#1630 = EDGE_LOOP ( 'NONE', ( #3789, #1487 ) ) ;
#1631 = FACE_OUTER_BOUND ( 'NONE', #325, .T. ) ;
#1632 = CIRCLE ( 'NONE', #1823, 3.000000000000000888 ) ;
#1633 = EDGE_CURVE ( 'NONE', #1936, #2970, #503, .T. ) ;
#1634 = AXIS2_PLACEMENT_3D ( 'NONE', #1224, #3005, #3901 ) ;
#1635 = ORIENTED_EDGE ( 'NONE', *, *, #696, .F. ) ;
#1636 = DIRECTION ( 'NONE',  ( 1.000000000000000000, 0.000000000000000000, 0.000000000000000000 ) ) ;
#1637 = ADVANCED_FACE ( 'NONE', ( #2285, #1681 ), #523, .T. ) ;
#1638 = EDGE_CURVE ( 'NONE', #3811, #699, #2930, .T. ) ;
#1639 = DIRECTION ( 'NONE',  ( -1.000000000000000000, 0.000000000000000000, 0.000000000000000000 ) ) ;
#1640 = ORIENTED_EDGE ( 'NONE', *, *, #3243, .F. ) ;
#1641 = DIRECTION ( 'NONE',  ( 0.000000000000000000, 0.000000000000000000, -1.000000000000000000 ) ) ;
#1642 = CARTESIAN_POINT ( 'NONE',  ( 17.28503777425773791, -22.47129294843107417, 3.292323440001584611 ) ) ;
#1643 = VERTEX_POINT ( 'NONE', #1998 ) ;
#1644 = EDGE_LOOP ( 'NONE', ( #1273, #3725, #2255, #3206 ) ) ;
#1645 = DIRECTION ( 'NONE',  ( 0.000000000000000000, 0.000000000000000000, -1.000000000000000000 ) ) ;
#1646 = CARTESIAN_POINT ( 'NONE',  ( -16.21496222574229762, 22.52870705156888675, 5.000000000000001776 ) ) ;
#1647 = CARTESIAN_POINT ( 'NONE',  ( 15.78503777425776100, 19.77870705156889031, 8.499999999999998224 ) ) ;
#1648 = VERTEX_POINT ( 'NONE', #2546 ) ;
#1649 = CARTESIAN_POINT ( 'NONE',  ( -12.64106361317945293, -22.11161202698745498, 8.499999999999998224 ) ) ;
#1650 = CARTESIAN_POINT ( 'NONE',  ( -16.46496222574226920, 30.02870705156890097, -4.000000000000000000 ) ) ;
#1651 = CIRCLE ( 'NONE', #150, 2.249999999999998668 ) ;
#1652 = VERTEX_POINT ( 'NONE', #213 ) ;
#1653 = VECTOR ( 'NONE', #2145, 1000.000000000000000 ) ;
#1654 = CARTESIAN_POINT ( 'NONE',  ( 11.40187074164453840, -28.47129294843108482, 3.292323440001584611 ) ) ;
#1655 = VECTOR ( 'NONE', #3084, 1000.000000000000000 ) ;
#1656 = CARTESIAN_POINT ( 'NONE',  ( -17.96496222574225854, -26.97129294843108838, 8.499999999999998224 ) ) ;
#1657 = VERTEX_POINT ( 'NONE', #2308 ) ;
#1658 = DIRECTION ( 'NONE',  ( 0.000000000000000000, -0.000000000000000000, -1.000000000000000000 ) ) ;
#1659 = VECTOR ( 'NONE', #1610, 1000.000000000000000 ) ;
#1660 = CARTESIAN_POINT ( 'NONE',  ( 19.03503777425774146, -26.97129294843108482, 3.292323440001584611 ) ) ;
#1661 = VERTEX_POINT ( 'NONE', #802 ) ;
#1662 = PRODUCT_RELATED_PRODUCT_CATEGORY ( 'part', '', ( #3699 ) ) ;
#1663 = ORIENTED_EDGE ( 'NONE', *, *, #1353, .T. ) ;
#1664 = ORIENTED_EDGE ( 'NONE', *, *, #40, .T. ) ;
#1665 = DIRECTION ( 'NONE',  ( 1.000000000000000000, -1.156482317317871725E-15, 0.000000000000000000 ) ) ;
#1666 = DIRECTION ( 'NONE',  ( 0.000000000000000000, 0.000000000000000000, 1.000000000000000000 ) ) ;
#1667 = AXIS2_PLACEMENT_3D ( 'NONE', #132, #3472, #1328 ) ;
#1668 = ORIENTED_EDGE ( 'NONE', *, *, #585, .T. ) ;
#1669 = DIRECTION ( 'NONE',  ( 1.734723475976807094E-16, -1.000000000000000000, 0.000000000000000000 ) ) ;
#1670 = LINE ( 'NONE', #2891, #3638 ) ;
#1671 = AXIS2_PLACEMENT_3D ( 'NONE', #660, #1822, #1857 ) ;
#1672 = FACE_OUTER_BOUND ( 'NONE', #609, .T. ) ;
#1673 = VECTOR ( 'NONE', #2372, 1000.000000000000000 ) ;
#1674 = CYLINDRICAL_SURFACE ( 'NONE', #375, 1.000000000000000888 ) ;
#1675 = ORIENTED_EDGE ( 'NONE', *, *, #2389, .T. ) ;
#1676 = AXIS2_PLACEMENT_3D ( 'NONE', #833, #1083, #3509 ) ;
#1677 = LINE ( 'NONE', #2682, #2057 ) ;
#1678 = PLANE ( 'NONE',  #48 ) ;
#1679 = ORIENTED_EDGE ( 'NONE', *, *, #363, .T. ) ;
#1680 = CARTESIAN_POINT ( 'NONE',  ( -11.83179519312905370, 28.52870705156890097, 1.699999999999999289 ) ) ;
#1681 = FACE_OUTER_BOUND ( 'NONE', #1727, .T. ) ;
#1682 = EDGE_CURVE ( 'NONE', #1657, #707, #460, .T. ) ;
#1683 = ORIENTED_EDGE ( 'NONE', *, *, #1638, .F. ) ;
#1684 = VERTEX_POINT ( 'NONE', #779 ) ;
#1685 = VERTEX_POINT ( 'NONE', #2916 ) ;
#1686 = CARTESIAN_POINT ( 'NONE',  ( 10.45303777425773362, 25.68270705156890443, 8.499999999999998224 ) ) ;
#1687 = CARTESIAN_POINT ( 'NONE',  ( 16.03503777425773791, 30.02870705156891162, 3.292323440001584611 ) ) ;
#1688 = CYLINDRICAL_SURFACE ( 'NONE', #2508, 1.074999999999999512 ) ;
#1689 = ORIENTED_EDGE ( 'NONE', *, *, #2719, .T. ) ;
#1690 = CARTESIAN_POINT ( 'NONE',  ( -19.46496222574226920, 30.02870705156890097, 3.292323440001584611 ) ) ;
#1691 = DIRECTION ( 'NONE',  ( -1.734723475976807094E-16, 1.000000000000000000, 0.000000000000000000 ) ) ;
#1692 = DIRECTION ( 'NONE',  ( 1.000000000000000000, 0.000000000000000000, 0.000000000000000000 ) ) ;
#1693 = CIRCLE ( 'NONE', #2342, 2.250000000000001776 ) ;
#1694 = DIRECTION ( 'NONE',  ( -0.000000000000000000, -0.000000000000000000, 1.000000000000000000 ) ) ;
#1695 = AXIS2_PLACEMENT_3D ( 'NONE', #1105, #2969, #263 ) ;
#1696 = ADVANCED_FACE ( 'NONE', ( #3230 ), #3750, .F. ) ;
#1697 = DIRECTION ( 'NONE',  ( -1.000000000000000000, 0.000000000000000000, 0.000000000000000000 ) ) ;
#1698 = PLANE ( 'NONE',  #1553 ) ;
#1699 = ORIENTED_EDGE ( 'NONE', *, *, #3489, .F. ) ;
#1700 = CARTESIAN_POINT ( 'NONE',  ( -18.96496222574228341, -2.193264346267234513E-15, 9.999999999999998224 ) ) ;
#1701 = VECTOR ( 'NONE', #555, 1000.000000000000000 ) ;
#1702 = ORIENTED_EDGE ( 'NONE', *, *, #614, .F. ) ;
#1703 = EDGE_LOOP ( 'NONE', ( #402, #450, #3685, #453 ) ) ;
#1704 = ORIENTED_EDGE ( 'NONE', *, *, #2186, .T. ) ;
#1705 = ORIENTED_EDGE ( 'NONE', *, *, #3420, .T. ) ;
#1706 = DIRECTION ( 'NONE',  ( 1.000000000000000000, 0.000000000000000000, 0.000000000000000000 ) ) ;
#1707 = CARTESIAN_POINT ( 'NONE',  ( -10.88296222574226668, 25.68270705156890443, -0.1000000000000002554 ) ) ;
#1708 = EDGE_CURVE ( 'NONE', #644, #3650, #1285, .T. ) ;
#1709 = CYLINDRICAL_SURFACE ( 'NONE', #3200, 1.074999999999999512 ) ;
#1710 = EDGE_CURVE ( 'NONE', #163, #2164, #3772, .T. ) ;
#1711 = EDGE_CURVE ( 'NONE', #2090, #2178, #2754, .T. ) ;
#1712 = DIRECTION ( 'NONE',  ( 0.000000000000000000, 0.000000000000000000, 1.000000000000000000 ) ) ;
#1713 = ADVANCED_FACE ( 'NONE', ( #2937 ), #2245, .F. ) ;
#1714 = DIRECTION ( 'NONE',  ( -0.000000000000000000, -0.000000000000000000, -1.000000000000000000 ) ) ;
#1715 = CARTESIAN_POINT ( 'NONE',  ( 19.03503777425773080, 30.02870705156891162, 3.292323440001584611 ) ) ;
#1716 = DIRECTION ( 'NONE',  ( -0.000000000000000000, 0.000000000000000000, -1.000000000000000000 ) ) ;
#1717 = AXIS2_PLACEMENT_3D ( 'NONE', #786, #1728, #1982 ) ;
#1718 = LINE ( 'NONE', #1149, #3194 ) ;
#1719 = FACE_OUTER_BOUND ( 'NONE', #1892, .T. ) ;
#1720 = VERTEX_POINT ( 'NONE', #1642 ) ;
#1721 = DIRECTION ( 'NONE',  ( -1.000000000000000000, 0.000000000000000000, 0.000000000000000000 ) ) ;
#1722 = DIRECTION ( 'NONE',  ( 0.000000000000000000, 0.000000000000000000, 1.000000000000000000 ) ) ;
#1723 = AXIS2_PLACEMENT_3D ( 'NONE', #1050, #2265, #3475 ) ;
#1724 = ORIENTED_EDGE ( 'NONE', *, *, #2315, .F. ) ;
#1725 = ORIENTED_EDGE ( 'NONE', *, *, #3810, .T. ) ;
#1726 = VECTOR ( 'NONE', #472, 1000.000000000000000 ) ;
#1727 = EDGE_LOOP ( 'NONE', ( #1844, #2169 ) ) ;
#1728 = DIRECTION ( 'NONE',  ( 0.000000000000000000, -0.000000000000000000, -1.000000000000000000 ) ) ;
#1729 = DIRECTION ( 'NONE',  ( -0.000000000000000000, -0.000000000000000000, 1.000000000000000000 ) ) ;
#1730 = CARTESIAN_POINT ( 'NONE',  ( -10.88296222574226668, 25.68270705156890443, -0.1000000000000002554 ) ) ;
#1731 = CARTESIAN_POINT ( 'NONE',  ( -13.46496222574230295, 22.52870705156889031, 8.499999999999998224 ) ) ;
#1732 = DIRECTION ( 'NONE',  ( 0.000000000000000000, 0.000000000000000000, -1.000000000000000000 ) ) ;
#1733 = VECTOR ( 'NONE', #3788, 1000.000000000000000 ) ;
#1734 = DIRECTION ( 'NONE',  ( 0.000000000000000000, 0.000000000000000000, -1.000000000000000000 ) ) ;
#1735 = DIRECTION ( 'NONE',  ( -0.000000000000000000, -0.000000000000000000, -1.000000000000000000 ) ) ;
#1736 = AXIS2_PLACEMENT_3D ( 'NONE', #2282, #436, #2802 ) ;
#1737 = ORIENTED_EDGE ( 'NONE', *, *, #2772, .F. ) ;
#1738 = CARTESIAN_POINT ( 'NONE',  ( 15.78503777425775390, -19.72129294843107417, 8.499999999999998224 ) ) ;
#1739 = CARTESIAN_POINT ( 'NONE',  ( -7.882962225742265794, -25.62529294843109540, 1.699999999999999289 ) ) ;
#1740 = EDGE_LOOP ( 'NONE', ( #2671, #2353, #2966, #418 ) ) ;
#1741 = LINE ( 'NONE', #2413, #1549 ) ;
#1742 = DIRECTION ( 'NONE',  ( 0.000000000000000000, -1.000000000000000000, 0.000000000000000000 ) ) ;
#1743 = AXIS2_PLACEMENT_3D ( 'NONE', #293, #3875, #3917 ) ;
#1744 = ORIENTED_EDGE ( 'NONE', *, *, #1948, .T. ) ;
#1745 = ORIENTED_EDGE ( 'NONE', *, *, #1205, .T. ) ;
#1746 = DIRECTION ( 'NONE',  ( 0.000000000000000000, -0.7071067811865376918, -0.7071067811865574537 ) ) ;
#1747 = CARTESIAN_POINT ( 'NONE',  ( -16.21496222574229051, -25.22129294843106706, -4.002000000000000668 ) ) ;
#1748 = DIRECTION ( 'NONE',  ( 0.000000000000000000, 0.000000000000000000, 1.000000000000000000 ) ) ;
#1749 = ADVANCED_FACE ( 'NONE', ( #154 ), #1350, .T. ) ;
#1750 = CARTESIAN_POINT ( 'NONE',  ( 18.53503777425775567, 27.02870705156891162, 9.999999999999998224 ) ) ;
#1751 = CARTESIAN_POINT ( 'NONE',  ( 10.45303777425773362, 25.68270705156890443, 8.499999999999998224 ) ) ;
#1752 = CARTESIAN_POINT ( 'NONE',  ( -10.88296222574226668, 25.68270705156890443, 1.699999999999999289 ) ) ;
#1753 = VERTEX_POINT ( 'NONE', #757 ) ;
#1754 = ADVANCED_FACE ( 'NONE', ( #3168 ), #1818, .F. ) ;
#1755 = DIRECTION ( 'NONE',  ( -1.000000000000000000, 0.000000000000000000, -0.000000000000000000 ) ) ;
#1756 = CARTESIAN_POINT ( 'NONE',  ( 16.03503777425773436, 27.02870705156891162, 9.999999999999998224 ) ) ;
#1757 = ORIENTED_EDGE ( 'NONE', *, *, #2669, .F. ) ;
#1758 = ADVANCED_FACE ( 'NONE', ( #3912 ), #545, .T. ) ;
#1759 = CYLINDRICAL_SURFACE ( 'NONE', #3125, 1.500000000000001332 ) ;
#1760 = DIRECTION ( 'NONE',  ( 1.000000000000000000, 0.000000000000000000, 0.000000000000000000 ) ) ;
#1761 = EDGE_CURVE ( 'NONE', #569, #1753, #2414, .T. ) ;
#1762 = VERTEX_POINT ( 'NONE', #253 ) ;
#1763 = VECTOR ( 'NONE', #3386, 1000.000000000000000 ) ;
#1764 = CARTESIAN_POINT ( 'NONE',  ( -16.46496222574226920, 29.52870705156892228, 9.999999999999998224 ) ) ;
#1765 = EDGE_CURVE ( 'NONE', #2184, #1648, #2376, .T. ) ;
#1766 = LINE ( 'NONE', #923, #1300 ) ;
#1767 = CARTESIAN_POINT ( 'NONE',  ( -12.64106361317946003, 13.48838797301254111, 9.999999999999998224 ) ) ;
#1768 = DIRECTION ( 'NONE',  ( -0.7071067811865585639, -1.226634733346718539E-16, -0.7071067811865364705 ) ) ;
#1769 = FACE_OUTER_BOUND ( 'NONE', #2774, .T. ) ;
#1770 = ADVANCED_FACE ( 'NONE', ( #1490, #2708 ), #1153, .T. ) ;
#1771 = ORIENTED_EDGE ( 'NONE', *, *, #2217, .F. ) ;
#1772 = DIRECTION ( 'NONE',  ( -0.000000000000000000, -0.000000000000000000, -1.000000000000000000 ) ) ;
#1773 = ORIENTED_EDGE ( 'NONE', *, *, #1633, .T. ) ;
#1774 = DIRECTION ( 'NONE',  ( -0.000000000000000000, -0.000000000000000000, -1.000000000000000000 ) ) ;
#1775 = EDGE_LOOP ( 'NONE', ( #662, #2868, #2853, #3631 ) ) ;
#1776 = DIRECTION ( 'NONE',  ( -1.000000000000000000, 0.000000000000000000, 0.000000000000000000 ) ) ;
#1777 = CARTESIAN_POINT ( 'NONE',  ( 10.45303777425773362, -25.62529294843109540, -0.1000000000000002554 ) ) ;
#1778 = DIRECTION ( 'NONE',  ( -1.156482317317871971E-16, 1.000000000000000000, -0.000000000000000000 ) ) ;
#1779 = APPLICATION_CONTEXT ( 'automotive_design' ) ;
#1780 = EDGE_CURVE ( 'NONE', #1333, #3766, #2298, .T. ) ;
#1781 = VERTEX_POINT ( 'NONE', #1446 ) ;
#1782 = ORIENTED_EDGE ( 'NONE', *, *, #846, .F. ) ;
#1783 = AXIS2_PLACEMENT_3D ( 'NONE', #680, #1587, #421 ) ;
#1784 = VECTOR ( 'NONE', #2899, 1000.000000000000000 ) ;
#1785 = CARTESIAN_POINT ( 'NONE',  ( 7.453037774257734505, -25.62529294843109540, 1.699999999999999289 ) ) ;
#1786 = FACE_OUTER_BOUND ( 'NONE', #3303, .T. ) ;
#1787 = VECTOR ( 'NONE', #205, 1000.000000000000000 ) ;
#1788 = CARTESIAN_POINT ( 'NONE',  ( 18.53503777425775922, 3.215316515512184301E-15, 9.999999999999998224 ) ) ;
#1789 = FACE_OUTER_BOUND ( 'NONE', #3540, .T. ) ;
#1790 = LINE ( 'NONE', #576, #2845 ) ;
#1791 = EDGE_CURVE ( 'NONE', #3014, #3330, #3252, .T. ) ;
#1792 = VERTEX_POINT ( 'NONE', #840 ) ;
#1793 = CIRCLE ( 'NONE', #3256, 3.000000000000000000 ) ;
#1794 = CARTESIAN_POINT ( 'NONE',  ( 2.015431251695973813, 12.66714344531767900, 9.999999999999998224 ) ) ;
#1795 = CARTESIAN_POINT ( 'NONE',  ( 2.015431251695973813, 11.01227139059988147, 9.999999999999998224 ) ) ;
#1796 = ORIENTED_EDGE ( 'NONE', *, *, #1116, .F. ) ;
#1797 = DIRECTION ( 'NONE',  ( 0.000000000000000000, 0.000000000000000000, -1.000000000000000000 ) ) ;
#1798 = DIRECTION ( 'NONE',  ( 1.000000000000000000, 0.000000000000000000, -0.000000000000000000 ) ) ;
#1799 = EDGE_CURVE ( 'NONE', #3090, #3119, #2123, .T. ) ;
#1800 = CARTESIAN_POINT ( 'NONE',  ( 15.78503777425775390, -25.22129294843106706, -4.002000000000000668 ) ) ;
#1801 = ORIENTED_EDGE ( 'NONE', *, *, #2811, .F. ) ;
#1802 = VECTOR ( 'NONE', #3826, 1000.000000000000000 ) ;
#1803 = FACE_OUTER_BOUND ( 'NONE', #3464, .T. ) ;
#1804 = AXIS2_PLACEMENT_3D ( 'NONE', #1129, #2036, #855 ) ;
#1805 = DIRECTION ( 'NONE',  ( 1.000000000000000000, 0.000000000000000000, 0.000000000000000000 ) ) ;
#1806 = CARTESIAN_POINT ( 'NONE',  ( 7.285040208365947123, -28.47129294843108482, -0.3076765599984150334 ) ) ;
#1807 = VECTOR ( 'NONE', #41, 1000.000000000000000 ) ;
#1808 = ADVANCED_FACE ( 'NONE', ( #3337 ), #2652, .F. ) ;
#1809 = ORIENTED_EDGE ( 'NONE', *, *, #947, .F. ) ;
#1810 = FACE_BOUND ( 'NONE', #2105, .T. ) ;
#1811 = DIRECTION ( 'NONE',  ( 1.000000000000000000, 0.000000000000000000, 0.000000000000000000 ) ) ;
#1812 = DIRECTION ( 'NONE',  ( -0.000000000000000000, -0.000000000000000000, 1.000000000000000000 ) ) ;
#1813 = ORIENTED_EDGE ( 'NONE', *, *, #199, .F. ) ;
#1814 = CARTESIAN_POINT ( 'NONE',  ( 9.378037774257734327, -25.62529294843109540, 1.699999999999999289 ) ) ;
#1815 = CARTESIAN_POINT ( 'NONE',  ( 13.53503777425770238, 22.52870705156892583, 5.000000000000001776 ) ) ;
#1816 = VERTEX_POINT ( 'NONE', #877 ) ;
#1817 = CARTESIAN_POINT ( 'NONE',  ( -12.64106361317946003, 13.48838797301254111, 9.999999999999998224 ) ) ;
#1818 = CYLINDRICAL_SURFACE ( 'NONE', #964, 1.500000000000001332 ) ;
#1819 = ADVANCED_FACE ( 'NONE', ( #563 ), #306, .T. ) ;
#1820 = EDGE_LOOP ( 'NONE', ( #3742, #2542, #2333, #1939 ) ) ;
#1821 = AXIS2_PLACEMENT_3D ( 'NONE', #1686, #2551, #3778 ) ;
#1822 = DIRECTION ( 'NONE',  ( -0.000000000000000000, 1.000000000000000000, 0.000000000000000000 ) ) ;
#1823 = AXIS2_PLACEMENT_3D ( 'NONE', #2407, #2423, #3368 ) ;
#1824 = CARTESIAN_POINT ( 'NONE',  ( -10.88296222574226668, 25.68270705156890443, 1.699999999999999289 ) ) ;
#1825 = CARTESIAN_POINT ( 'NONE',  ( -12.64106361317945293, -22.11161202698745498, -4.001000000000001222 ) ) ;
#1826 = VERTEX_POINT ( 'NONE', #1507 ) ;
#1827 = AXIS2_PLACEMENT_3D ( 'NONE', #1868, #3157, #704 ) ;
#1828 = CARTESIAN_POINT ( 'NONE',  ( -16.96496222574226209, -25.22129294843106706, 3.292323440001584611 ) ) ;
#1829 = ADVANCED_FACE ( 'NONE', ( #859 ), #15, .T. ) ;
#1830 = VECTOR ( 'NONE', #2552, 1000.000000000000000 ) ;
#1831 = LINE ( 'NONE', #3028, #1162 ) ;
#1832 = LINE ( 'NONE', #3050, #2733 ) ;
#1833 = ORIENTED_EDGE ( 'NONE', *, *, #3264, .F. ) ;
#1834 = DIRECTION ( 'NONE',  ( -0.000000000000000000, -0.000000000000000000, -1.000000000000000000 ) ) ;
#1835 = ORIENTED_EDGE ( 'NONE', *, *, #3347, .T. ) ;
#1836 = CARTESIAN_POINT ( 'NONE',  ( -18.96496222574228696, 27.02870705156890097, 9.999999999999998224 ) ) ;
#1837 = DIRECTION ( 'NONE',  ( 1.000000000000000000, 0.000000000000000000, 0.000000000000000000 ) ) ;
#1838 = ORIENTED_EDGE ( 'NONE', *, *, #1873, .F. ) ;
#1839 = ORIENTED_EDGE ( 'NONE', *, *, #1008, .F. ) ;
#1840 = CARTESIAN_POINT ( 'NONE',  ( -16.21496222574229762, 22.52870705156889031, 8.499999999999998224 ) ) ;
#1841 = CARTESIAN_POINT ( 'NONE',  ( -16.21496222574229407, 19.77870705156889031, 3.292323440001584611 ) ) ;
#1842 = ORIENTED_EDGE ( 'NONE', *, *, #498, .F. ) ;
#1843 = AXIS2_PLACEMENT_3D ( 'NONE', #1895, #1291, #2841 ) ;
#1844 = ORIENTED_EDGE ( 'NONE', *, *, #3280, .T. ) ;
#1845 = CARTESIAN_POINT ( 'NONE',  ( 16.53503777425773791, -19.72129294843107417, -4.002000000000000668 ) ) ;
#1846 = FACE_OUTER_BOUND ( 'NONE', #1048, .T. ) ;
#1847 = VECTOR ( 'NONE', #344, 1000.000000000000000 ) ;
#1848 = AXIS2_PLACEMENT_3D ( 'NONE', #1225, #1246, #1811 ) ;
#1849 = DIRECTION ( 'NONE',  ( 1.949127501097536693E-16, 1.000000000000000000, 0.000000000000000000 ) ) ;
#1850 = ORIENTED_EDGE ( 'NONE', *, *, #1923, .F. ) ;
#1851 = EDGE_CURVE ( 'NONE', #3166, #3353, #1215, .T. ) ;
#1852 = CARTESIAN_POINT ( 'NONE',  ( -12.64106361317946003, 13.48838797301254111, 8.499999999999998224 ) ) ;
#1853 = CARTESIAN_POINT ( 'NONE',  ( 16.53503777425774501, -25.22129294843106706, -4.002000000000000668 ) ) ;
#1854 = DIRECTION ( 'NONE',  ( 2.409338161078898687E-16, -0.000000000000000000, -1.000000000000000000 ) ) ;
#1855 = VERTEX_POINT ( 'NONE', #2687 ) ;
#1856 = AXIS2_PLACEMENT_3D ( 'NONE', #2262, #2222, #1009 ) ;
#1857 = DIRECTION ( 'NONE',  ( 0.000000000000000000, -0.000000000000000000, 1.000000000000000000 ) ) ;
#1858 = UNCERTAINTY_MEASURE_WITH_UNIT (LENGTH_MEASURE( 1.000000000000000082E-05 ), #1591, 'distance_accuracy_value', 'NONE');
#1859 = DIRECTION ( 'NONE',  ( -1.000000000000000000, 0.000000000000000000, 0.000000000000000000 ) ) ;
#1860 = CIRCLE ( 'NONE', #3708, 2.749999999999995559 ) ;
#1861 = ORIENTED_EDGE ( 'NONE', *, *, #2006, .T. ) ;
#1862 = AXIS2_PLACEMENT_3D ( 'NONE', #903, #2981, #3622 ) ;
#1863 = ORIENTED_EDGE ( 'NONE', *, *, #2722, .F. ) ;
#1864 = DIRECTION ( 'NONE',  ( -0.000000000000000000, -0.000000000000000000, -1.000000000000000000 ) ) ;
#1865 = PLANE ( 'NONE',  #970 ) ;
#1866 = AXIS2_PLACEMENT_3D ( 'NONE', #769, #1438, #1692 ) ;
#1867 = EDGE_CURVE ( 'NONE', #2941, #2808, #2235, .T. ) ;
#1868 = CARTESIAN_POINT ( 'NONE',  ( -16.46496222574226920, 27.02870705156890097, -4.000000000000000000 ) ) ;
#1869 = ORIENTED_EDGE ( 'NONE', *, *, #2591, .T. ) ;
#1870 = ORIENTED_EDGE ( 'NONE', *, *, #2301, .T. ) ;
#1871 = LINE ( 'NONE', #3445, #256 ) ;
#1872 = CARTESIAN_POINT ( 'NONE',  ( -10.66696076089826661, 21.25670570879590571, 8.499999999999998224 ) ) ;
#1873 = EDGE_CURVE ( 'NONE', #3478, #2888, #1157, .T. ) ;
#1874 = ORIENTED_EDGE ( 'NONE', *, *, #719, .T. ) ;
#1875 = ORIENTED_EDGE ( 'NONE', *, *, #3866, .F. ) ;
#1876 = EDGE_CURVE ( 'NONE', #3413, #237, #270, .T. ) ;
#1877 = DIRECTION ( 'NONE',  ( -0.000000000000000000, -0.000000000000000000, 1.000000000000000000 ) ) ;
#1878 = CARTESIAN_POINT ( 'NONE',  ( -13.46496222574226920, -22.47129294843110969, 3.292323440001584611 ) ) ;
#1879 = AXIS2_PLACEMENT_3D ( 'NONE', #636, #1563, #917 ) ;
#1880 = ORIENTED_EDGE ( 'NONE', *, *, #1876, .F. ) ;
#1881 = CARTESIAN_POINT ( 'NONE',  ( -9.807962225742267393, -25.62529294843109540, -0.1000000000000002554 ) ) ;
#1882 = CARTESIAN_POINT ( 'NONE',  ( 15.78503777425773613, -22.47129294843107417, 5.000000000000001776 ) ) ;
#1883 = AXIS2_PLACEMENT_3D ( 'NONE', #2624, #1735, #1419 ) ;
#1884 = VECTOR ( 'NONE', #980, 1000.000000000000000 ) ;
#1885 = EDGE_CURVE ( 'NONE', #2480, #3269, #3816, .T. ) ;
#1886 = CARTESIAN_POINT ( 'NONE',  ( 16.03503777425773791, -26.97129294843108838, -4.000000000000000000 ) ) ;
#1887 = VERTEX_POINT ( 'NONE', #1583 ) ;
#1888 = ORIENTED_EDGE ( 'NONE', *, *, #2356, .F. ) ;
#1889 = DIRECTION ( 'NONE',  ( -0.000000000000000000, -0.000000000000000000, -1.000000000000000000 ) ) ;
#1890 = EDGE_CURVE ( 'NONE', #1643, #3662, #3785, .T. ) ;
#1891 = ORIENTED_EDGE ( 'NONE', *, *, #846, .T. ) ;
#1892 = EDGE_LOOP ( 'NONE', ( #575, #3429, #871, #1702 ) ) ;
#1893 = EDGE_CURVE ( 'NONE', #1154, #163, #3377, .T. ) ;
#1894 = CARTESIAN_POINT ( 'NONE',  ( 2.452039483241733375, 19.84070686846390430, 9.999999999999998224 ) ) ;
#1895 = CARTESIAN_POINT ( 'NONE',  ( 16.03503777425773436, 27.02870705156891162, 9.500000000000005329 ) ) ;
#1896 = EDGE_LOOP ( 'NONE', ( #3447, #2499 ) ) ;
#1897 = ORIENTED_EDGE ( 'NONE', *, *, #2001, .F. ) ;
#1898 = ORIENTED_EDGE ( 'NONE', *, *, #2166, .F. ) ;
#1899 = FACE_OUTER_BOUND ( 'NONE', #2530, .T. ) ;
#1900 = VECTOR ( 'NONE', #3681, 1000.000000000000000 ) ;
#1901 = FACE_OUTER_BOUND ( 'NONE', #2369, .T. ) ;
#1902 = CIRCLE ( 'NONE', #456, 2.999999999999999112 ) ;
#1903 = VERTEX_POINT ( 'NONE', #75 ) ;
#1904 = DIRECTION ( 'NONE',  ( 0.000000000000000000, -0.000000000000000000, -1.000000000000000000 ) ) ;
#1905 = VECTOR ( 'NONE', #1428, 1000.000000000000000 ) ;
#1906 = EDGE_CURVE ( 'NONE', #842, #2750, #3755, .T. ) ;
#1907 = EDGE_LOOP ( 'NONE', ( #3809, #1699, #2096, #282 ) ) ;
#1908 = EDGE_CURVE ( 'NONE', #710, #16, #340, .T. ) ;
#1909 = CARTESIAN_POINT ( 'NONE',  ( 7.285040208365947123, -28.47129294843108482, 3.292323440001584611 ) ) ;
#1910 = ORIENTED_EDGE ( 'NONE', *, *, #1284, .T. ) ;
#1911 = LINE ( 'NONE', #712, #168 ) ;
#1912 = ORIENTED_EDGE ( 'NONE', *, *, #1427, .T. ) ;
#1913 = CARTESIAN_POINT ( 'NONE',  ( 17.53503777425773080, 30.02870705156891162, 3.292323440001584611 ) ) ;
#1914 = EDGE_CURVE ( 'NONE', #3698, #3011, #3311, .T. ) ;
#1915 = CARTESIAN_POINT ( 'NONE',  ( 17.53503777425773080, 27.02870705156891162, 8.499999999999998224 ) ) ;
#1916 = ORIENTED_EDGE ( 'NONE', *, *, #1710, .F. ) ;
#1917 = AXIS2_PLACEMENT_3D ( 'NONE', #3316, #858, #2651 ) ;
#1918 = VERTEX_POINT ( 'NONE', #1564 ) ;
#1919 = CARTESIAN_POINT ( 'NONE',  ( -17.96496222574226564, 27.02870705156890097, 3.292323440001584611 ) ) ;
#1920 = FACE_OUTER_BOUND ( 'NONE', #1618, .T. ) ;
#1921 = EDGE_CURVE ( 'NONE', #458, #301, #3057, .T. ) ;
#1922 = AXIS2_PLACEMENT_3D ( 'NONE', #837, #1087, #2666 ) ;
#1923 = EDGE_CURVE ( 'NONE', #2092, #1855, #1271, .T. ) ;
#1924 = ORIENTED_EDGE ( 'NONE', *, *, #1708, .F. ) ;
#1925 = FACE_OUTER_BOUND ( 'NONE', #3770, .T. ) ;
#1926 = AXIS2_PLACEMENT_3D ( 'NONE', #1993, #836, #248 ) ;
#1927 = EDGE_CURVE ( 'NONE', #3662, #2978, #166, .T. ) ;
#1928 = ORIENTED_EDGE ( 'NONE', *, *, #607, .T. ) ;
#1929 = LINE ( 'NONE', #432, #2465 ) ;
#1930 = EDGE_LOOP ( 'NONE', ( #1119, #2860 ) ) ;
#1931 = DIRECTION ( 'NONE',  ( 1.000000000000000000, 2.703465157366452467E-16, -0.000000000000000000 ) ) ;
#1932 = ORIENTED_EDGE ( 'NONE', *, *, #3039, .F. ) ;
#1933 = LINE ( 'NONE', #1370, #2698 ) ;
#1934 = EDGE_CURVE ( 'NONE', #1481, #3096, #57, .T. ) ;
#1935 = DIRECTION ( 'NONE',  ( -0.000000000000000000, -0.000000000000000000, 1.000000000000000000 ) ) ;
#1936 = VERTEX_POINT ( 'NONE', #1061 ) ;
#1937 = ORIENTED_EDGE ( 'NONE', *, *, #2360, .T. ) ;
#1938 = ORIENTED_EDGE ( 'NONE', *, *, #2952, .T. ) ;
#1939 = ORIENTED_EDGE ( 'NONE', *, *, #2273, .T. ) ;
#1940 = PLANE ( 'NONE',  #962 ) ;
#1941 = DIRECTION ( 'NONE',  ( 0.000000000000000000, 0.000000000000000000, 1.000000000000000000 ) ) ;
#1942 = AXIS2_PLACEMENT_3D ( 'NONE', #2874, #3710, #91 ) ;
#1943 = ORIENTED_EDGE ( 'NONE', *, *, #127, .F. ) ;
#1944 = EDGE_CURVE ( 'NONE', #3477, #1652, #933, .T. ) ;
#1945 = CYLINDRICAL_SURFACE ( 'NONE', #1387, 3.000000000000000888 ) ;
#1946 = AXIS2_PLACEMENT_3D ( 'NONE', #686, #1283, #1299 ) ;
#1947 = CARTESIAN_POINT ( 'NONE',  ( -16.46496222574226920, 27.02870705156890097, 3.292323440001584611 ) ) ;
#1948 = EDGE_CURVE ( 'NONE', #1329, #17, #3374, .T. ) ;
#1949 = CIRCLE ( 'NONE', #380, 1.074999999999999512 ) ;
#1950 = CARTESIAN_POINT ( 'NONE',  ( -10.88296222574226668, -25.62529294843109540, 1.699999999999999289 ) ) ;
#1951 = ORIENTED_EDGE ( 'NONE', *, *, #1101, .T. ) ;
#1952 = CARTESIAN_POINT ( 'NONE',  ( -16.96496222574225854, -18.72129294843107417, 3.292323440001584611 ) ) ;
#1953 = EDGE_CURVE ( 'NONE', #2996, #723, #2108, .T. ) ;
#1954 = CARTESIAN_POINT ( 'NONE',  ( -11.95796222574226597, -25.62529294843109540, -0.1000000000000002554 ) ) ;
#1955 = EDGE_LOOP ( 'NONE', ( #1725, #3618, #659, #1951, #3108, #2763, #3000, #3250 ) ) ;
#1956 = FACE_OUTER_BOUND ( 'NONE', #594, .T. ) ;
#1957 = CARTESIAN_POINT ( 'NONE',  ( -10.88296222574226668, 25.68270705156890443, 8.499999999999998224 ) ) ;
#1958 = ORIENTED_EDGE ( 'NONE', *, *, #1185, .F. ) ;
#1959 = VERTEX_POINT ( 'NONE', #3655 ) ;
#1960 = CYLINDRICAL_SURFACE ( 'NONE', #2965, 1.000000000000000888 ) ;
#1961 = CARTESIAN_POINT ( 'NONE',  ( -10.14106361317946003, 13.48838797301254111, 9.999999999999998224 ) ) ;
#1962 = DIRECTION ( 'NONE',  ( -0.000000000000000000, -0.000000000000000000, 1.000000000000000000 ) ) ;
#1963 = EDGE_LOOP ( 'NONE', ( #2527, #1870, #548, #1307, #271, #462, #1664, #3886 ) ) ;
#1964 = CARTESIAN_POINT ( 'NONE',  ( -11.83179519312905903, 28.52870705156890097, 8.499999999999998224 ) ) ;
#1965 = DIRECTION ( 'NONE',  ( 1.000000000000000000, 0.000000000000000000, 0.000000000000000000 ) ) ;
#1966 = AXIS2_PLACEMENT_3D ( 'NONE', #2821, #2225, #1859 ) ;
#1967 = DIRECTION ( 'NONE',  ( -1.204669080539449344E-16, 0.000000000000000000, 1.000000000000000000 ) ) ;
#1968 = AXIS2_PLACEMENT_3D ( 'NONE', #676, #1254, #145 ) ;
#1969 = EDGE_CURVE ( 'NONE', #3619, #1792, #656, .T. ) ;
#1970 = DIRECTION ( 'NONE',  ( 1.000000000000000000, 0.000000000000000000, 0.000000000000000000 ) ) ;
#1971 = VECTOR ( 'NONE', #1437, 1000.000000000000000 ) ;
#1972 = CARTESIAN_POINT ( 'NONE',  ( -9.934129258355474335, 28.52870705156890097, 8.499999999999998224 ) ) ;
#1973 = CARTESIAN_POINT ( 'NONE',  ( -17.96496222574226564, 30.02870705156890097, 3.292323440001584611 ) ) ;
#1974 = ORIENTED_EDGE ( 'NONE', *, *, #371, .F. ) ;
#1975 = LINE ( 'NONE', #481, #410 ) ;
#1976 = VECTOR ( 'NONE', #2904, 1000.000000000000000 ) ;
#1977 = EDGE_CURVE ( 'NONE', #3269, #1959, #1038, .T. ) ;
#1978 = ORIENTED_EDGE ( 'NONE', *, *, #3150, .T. ) ;
#1979 = ORIENTED_EDGE ( 'NONE', *, *, #3397, .F. ) ;
#1980 = ORIENTED_EDGE ( 'NONE', *, *, #3724, .T. ) ;
#1981 = ORIENTED_EDGE ( 'NONE', *, *, #1589, .F. ) ;
#1982 = DIRECTION ( 'NONE',  ( 1.000000000000000000, 0.000000000000000000, 0.000000000000000000 ) ) ;
#1983 = CARTESIAN_POINT ( 'NONE',  ( -11.95796222574226597, 25.68270705156890443, 1.699999999999999289 ) ) ;
#1984 =( NAMED_UNIT ( * ) PLANE_ANGLE_UNIT ( ) SI_UNIT ( $, .RADIAN. ) );
#1985 = VECTOR ( 'NONE', #2564, 1000.000000000000000 ) ;
#1986 = CARTESIAN_POINT ( 'NONE',  ( 10.45303777425773362, -25.62529294843109540, 1.699999999999999289 ) ) ;
#1987 = CYLINDRICAL_SURFACE ( 'NONE', #1539, 2.749999999999995559 ) ;
#1988 = VECTOR ( 'NONE', #3378, 1000.000000000000000 ) ;
#1989 = DIRECTION ( 'NONE',  ( 1.734723475976807341E-16, -1.000000000000000000, 0.000000000000000000 ) ) ;
#1990 = AXIS2_PLACEMENT_3D ( 'NONE', #3044, #274, #2673 ) ;
#1991 = DIRECTION ( 'NONE',  ( 0.000000000000000000, 0.000000000000000000, 1.000000000000000000 ) ) ;
#1992 = VECTOR ( 'NONE', #578, 1000.000000000000000 ) ;
#1993 = CARTESIAN_POINT ( 'NONE',  ( -16.21496222574226564, -22.47129294843110969, 5.000000000000001776 ) ) ;
#1994 = PLANE ( 'NONE',  #2391 ) ;
#1995 = VERTEX_POINT ( 'NONE', #3468 ) ;
#1996 = DIRECTION ( 'NONE',  ( 0.000000000000000000, -0.000000000000000000, -1.000000000000000000 ) ) ;
#1997 = EDGE_CURVE ( 'NONE', #2974, #1139, #3882, .T. ) ;
#1998 = CARTESIAN_POINT ( 'NONE',  ( -7.714959791634053765, -29.97129294843108838, 6.892323440001584700 ) ) ;
#1999 = ORIENTED_EDGE ( 'NONE', *, *, #236, .F. ) ;
#2000 = ADVANCED_FACE ( 'NONE', ( #746 ), #1361, .F. ) ;
#2001 = EDGE_CURVE ( 'NONE', #2354, #2064, #2277, .T. ) ;
#2002 = ORIENTED_EDGE ( 'NONE', *, *, #526, .F. ) ;
#2003 = CARTESIAN_POINT ( 'NONE',  ( 4.793649565339142882, 12.66714344531767900, 8.499999999999998224 ) ) ;
#2004 = CARTESIAN_POINT ( 'NONE',  ( -19.46496222574226209, -26.97129294843108838, -4.000000000000000000 ) ) ;
#2005 = DIRECTION ( 'NONE',  ( -1.000000000000000000, 0.000000000000000000, 0.000000000000000000 ) ) ;
#2006 = EDGE_CURVE ( 'NONE', #356, #3092, #36, .T. ) ;
#2007 = LINE ( 'NONE', #3216, #3454 ) ;
#2008 = EDGE_CURVE ( 'NONE', #3833, #1498, #3221, .T. ) ;
#2009 = LINE ( 'NONE', #514, #135 ) ;
#2010 = DIRECTION ( 'NONE',  ( -1.000000000000000000, 0.000000000000000000, 0.000000000000000000 ) ) ;
#2011 = VECTOR ( 'NONE', #1195, 1000.000000000000000 ) ;
#2012 = DIRECTION ( 'NONE',  ( 1.000000000000000000, 0.000000000000000000, 0.000000000000000000 ) ) ;
#2013 = CIRCLE ( 'NONE', #1695, 1.500000000000001332 ) ;
#2014 = FACE_OUTER_BOUND ( 'NONE', #3188, .T. ) ;
#2015 = AXIS2_PLACEMENT_3D ( 'NONE', #1788, #1768, #610 ) ;
#2016 = VECTOR ( 'NONE', #2209, 1000.000000000000000 ) ;
#2017 = EDGE_CURVE ( 'NONE', #1995, #2080, #1598, .T. ) ;
#2018 = LINE ( 'NONE', #3825, #415 ) ;
#2019 = CARTESIAN_POINT ( 'NONE',  ( 16.53503777425773791, -18.72129294843107417, 3.292323440001584611 ) ) ;
#2020 = ORIENTED_EDGE ( 'NONE', *, *, #3236, .T. ) ;
#2021 = CARTESIAN_POINT ( 'NONE',  ( -19.46496222574226920, 30.02870705156890097, 3.292323440001584611 ) ) ;
#2022 = DIRECTION ( 'NONE',  ( -1.000000000000000000, 0.000000000000000000, 0.000000000000000000 ) ) ;
#2023 = ORIENTED_EDGE ( 'NONE', *, *, #585, .F. ) ;
#2024 = EDGE_CURVE ( 'NONE', #3413, #2363, #515, .T. ) ;
#2025 = ORIENTED_EDGE ( 'NONE', *, *, #947, .T. ) ;
#2026 = CARTESIAN_POINT ( 'NONE',  ( -10.88296222574226668, -25.62529294843109540, 1.699999999999999289 ) ) ;
#2027 = CYLINDRICAL_SURFACE ( 'NONE', #1479, 1.000000000000000888 ) ;
#2028 = DIRECTION ( 'NONE',  ( 1.000000000000000000, 0.000000000000000000, 0.000000000000000000 ) ) ;
#2029 = ORIENTED_EDGE ( 'NONE', *, *, #2174, .F. ) ;
#2030 = LINE ( 'NONE', #493, #1515 ) ;
#2031 = DIRECTION ( 'NONE',  ( -1.000000000000000000, -2.703465157366452467E-16, 0.000000000000000000 ) ) ;
#2032 = FACE_BOUND ( 'NONE', #2334, .T. ) ;
#2033 = CARTESIAN_POINT ( 'NONE',  ( 19.03503777425773791, 30.03870705156891319, 3.292323440001584611 ) ) ;
#2034 = EDGE_LOOP ( 'NONE', ( #195, #246, #1269, #2689 ) ) ;
#2035 = VECTOR ( 'NONE', #2863, 1000.000000000000000 ) ;
#2036 = DIRECTION ( 'NONE',  ( -2.703465157366452467E-16, 1.000000000000000000, 0.000000000000000000 ) ) ;
#2037 = DIRECTION ( 'NONE',  ( 1.000000000000000000, 0.000000000000000000, 0.000000000000000000 ) ) ;
#2038 = ORIENTED_EDGE ( 'NONE', *, *, #760, .T. ) ;
#2039 = CARTESIAN_POINT ( 'NONE',  ( 10.45303777425773362, 25.68270705156890443, 1.699999999999999289 ) ) ;
#2040 = CARTESIAN_POINT ( 'NONE',  ( 15.78503777425770060, 22.52870705156892583, 3.000000000000001776 ) ) ;
#2041 = AXIS2_PLACEMENT_3D ( 'NONE', #697, #3208, #3517 ) ;
#2042 = ORIENTED_EDGE ( 'NONE', *, *, #2074, .F. ) ;
#2043 = EDGE_LOOP ( 'NONE', ( #196, #366, #1880, #346 ) ) ;
#2044 = AXIS2_PLACEMENT_3D ( 'NONE', #1208, #2113, #47 ) ;
#2045 = DIRECTION ( 'NONE',  ( 1.000000000000000000, 0.000000000000000000, 0.000000000000000000 ) ) ;
#2046 = DIRECTION ( 'NONE',  ( 1.000000000000000000, 0.000000000000000000, -0.000000000000000000 ) ) ;
#2047 = DIRECTION ( 'NONE',  ( -0.000000000000000000, -0.000000000000000000, -1.000000000000000000 ) ) ;
#2048 = CARTESIAN_POINT ( 'NONE',  ( -9.066960760898265193, 21.25670570879590571, 8.499999999999998224 ) ) ;
#2049 = EDGE_CURVE ( 'NONE', #2978, #1014, #2932, .T. ) ;
#2050 = LINE ( 'NONE', #832, #1030 ) ;
#2051 = VECTOR ( 'NONE', #3828, 1000.000000000000000 ) ;
#2052 = EDGE_CURVE ( 'NONE', #3432, #1565, #2641, .T. ) ;
#2053 = EDGE_CURVE ( 'NONE', #3353, #3752, #3241, .T. ) ;
#2054 = FACE_BOUND ( 'NONE', #2227, .T. ) ;
#2055 = AXIS2_PLACEMENT_3D ( 'NONE', #3249, #3890, #249 ) ;
#2056 = ORIENTED_EDGE ( 'NONE', *, *, #10, .F. ) ;
#2057 = VECTOR ( 'NONE', #3889, 1000.000000000000000 ) ;
#2058 = FACE_OUTER_BOUND ( 'NONE', #2711, .T. ) ;
#2059 = DIRECTION ( 'NONE',  ( 1.000000000000000000, 0.000000000000000000, 0.000000000000000000 ) ) ;
#2060 = EDGE_LOOP ( 'NONE', ( #1019, #3437, #2042, #3737 ) ) ;
#2061 = DIRECTION ( 'NONE',  ( -2.703465157366452467E-16, 1.000000000000000000, 0.000000000000000000 ) ) ;
#2062 = CARTESIAN_POINT ( 'NONE',  ( 16.53503777425773436, 18.77870705156889031, 8.499999999999998224 ) ) ;
#2063 = AXIS2_PLACEMENT_3D ( 'NONE', #2783, #1524, #2120 ) ;
#2064 = VERTEX_POINT ( 'NONE', #2947 ) ;
#2065 = EDGE_CURVE ( 'NONE', #1684, #17, #2173, .T. ) ;
#2066 = CARTESIAN_POINT ( 'NONE',  ( -10.88296222574226668, 25.68270705156890443, -0.1000000000000002554 ) ) ;
#2067 = FACE_OUTER_BOUND ( 'NONE', #2716, .T. ) ;
#2068 = VECTOR ( 'NONE', #1748, 1000.000000000000000 ) ;
#2069 = CARTESIAN_POINT ( 'NONE',  ( 17.53503777425774146, -26.97129294843108482, 8.499999999999998224 ) ) ;
#2070 = EDGE_CURVE ( 'NONE', #3253, #3170, #1397, .T. ) ;
#2071 = VERTEX_POINT ( 'NONE', #1124 ) ;
#2072 = FACE_OUTER_BOUND ( 'NONE', #1955, .T. ) ;
#2073 = DIRECTION ( 'NONE',  ( 0.000000000000000000, -0.000000000000000000, -1.000000000000000000 ) ) ;
#2074 = EDGE_CURVE ( 'NONE', #3331, #842, #2340, .T. ) ;
#2075 = DIRECTION ( 'NONE',  ( 1.000000000000000000, 0.000000000000000000, 0.000000000000000000 ) ) ;
#2076 = AXIS2_PLACEMENT_3D ( 'NONE', #3689, #2144, #3354 ) ;
#2077 = CARTESIAN_POINT ( 'NONE',  ( -16.21496222574226564, -22.47129294843110969, 8.499999999999998224 ) ) ;
#2078 = FACE_OUTER_BOUND ( 'NONE', #480, .T. ) ;
#2079 = ORIENTED_EDGE ( 'NONE', *, *, #1417, .T. ) ;
#2080 = VERTEX_POINT ( 'NONE', #183 ) ;
#2081 = LINE ( 'NONE', #2021, #2568 ) ;
#2082 = DIRECTION ( 'NONE',  ( 0.000000000000000000, 0.000000000000000000, 1.000000000000000000 ) ) ;
#2083 = ADVANCED_FACE ( 'NONE', ( #3530 ), #535, .T. ) ;
#2084 = AXIS2_PLACEMENT_3D ( 'NONE', #3245, #539, #3885 ) ;
#2085 = EDGE_LOOP ( 'NONE', ( #878, #1059 ) ) ;
#2086 = EDGE_LOOP ( 'NONE', ( #800, #1032, #1663, #2563 ) ) ;
#2087 = AXIS2_PLACEMENT_3D ( 'NONE', #1886, #2497, #3741 ) ;
#2088 = LINE ( 'NONE', #2438, #3566 ) ;
#2089 = DIRECTION ( 'NONE',  ( 1.000000000000000000, 0.000000000000000000, 0.000000000000000000 ) ) ;
#2090 = VERTEX_POINT ( 'NONE', #3179 ) ;
#2091 = PRODUCT_CONTEXT ( 'NONE', #1779, 'mechanical' ) ;
#2092 = VERTEX_POINT ( 'NONE', #3818 ) ;
#2093 = CYLINDRICAL_SURFACE ( 'NONE', #1450, 2.250000000000001776 ) ;
#2094 = CARTESIAN_POINT ( 'NONE',  ( 16.53503777425773791, -18.72129294843107417, 8.499999999999998224 ) ) ;
#2095 = CARTESIAN_POINT ( 'NONE',  ( 17.53503777425774146, -26.22129294843107061, 3.292323440001584611 ) ) ;
#2096 = ORIENTED_EDGE ( 'NONE', *, *, #1166, .F. ) ;
#2097 = ORIENTED_EDGE ( 'NONE', *, *, #2893, .T. ) ;
#2098 = LINE ( 'NONE', #931, #2950 ) ;
#2099 = DIRECTION ( 'NONE',  ( 1.000000000000000000, 0.000000000000000000, 0.000000000000000000 ) ) ;
#2100 = EDGE_LOOP ( 'NONE', ( #1842, #682 ) ) ;
#2101 = DIRECTION ( 'NONE',  ( 1.000000000000000000, 0.000000000000000000, 0.000000000000000000 ) ) ;
#2102 = DIRECTION ( 'NONE',  ( 0.000000000000000000, -0.000000000000000000, -1.000000000000000000 ) ) ;
#2103 = CARTESIAN_POINT ( 'NONE',  ( 15.78503777425770060, 22.52870705156892583, 5.000000000000001776 ) ) ;
#2104 = ADVANCED_FACE ( 'NONE', ( #791 ), #1987, .T. ) ;
#2105 = EDGE_LOOP ( 'NONE', ( #2131, #784, #711, #546 ) ) ;
#2106 = VECTOR ( 'NONE', #1412, 1000.000000000000000 ) ;
#2107 = DIRECTION ( 'NONE',  ( -0.000000000000000000, -0.000000000000000000, -1.000000000000000000 ) ) ;
#2108 = CIRCLE ( 'NONE', #396, 2.749999999999995559 ) ;
#2109 = FACE_OUTER_BOUND ( 'NONE', #2734, .T. ) ;
#2110 = DIRECTION ( 'NONE',  ( 0.000000000000000000, 0.000000000000000000, -1.000000000000000000 ) ) ;
#2111 = AXIS2_PLACEMENT_3D ( 'NONE', #2677, #2926, #2659 ) ;
#2112 = PLANE ( 'NONE',  #2015 ) ;
#2113 = DIRECTION ( 'NONE',  ( -1.000000000000000000, -1.949127501097536693E-16, 0.000000000000000000 ) ) ;
#2114 = DIRECTION ( 'NONE',  ( -1.156482317317871971E-16, 1.000000000000000000, 0.000000000000000000 ) ) ;
#2115 = ADVANCED_FACE ( 'NONE', ( #2365 ), #262, .F. ) ;
#2116 = DIRECTION ( 'NONE',  ( -0.000000000000000000, -0.000000000000000000, 1.000000000000000000 ) ) ;
#2117 = ORIENTED_EDGE ( 'NONE', *, *, #823, .F. ) ;
#2118 = ORIENTED_EDGE ( 'NONE', *, *, #363, .F. ) ;
#2119 = VECTOR ( 'NONE', #1466, 1000.000000000000000 ) ;
#2120 = DIRECTION ( 'NONE',  ( -1.000000000000000000, 0.000000000000000000, 0.000000000000000000 ) ) ;
#2121 = VERTEX_POINT ( 'NONE', #813 ) ;
#2122 = DIRECTION ( 'NONE',  ( -0.000000000000000000, -0.000000000000000000, -1.000000000000000000 ) ) ;
#2123 = LINE ( 'NONE', #3317, #1905 ) ;
#2124 = EDGE_LOOP ( 'NONE', ( #233, #3034, #2466, #1513, #3700, #2403, #83, #2837, #3358, #386, #465, #1566, #3300, #2726, #2306, #995, #2684, #2267, #1938, #2610, #543, #170, #1268, #2240, #2897, #744, #3831, #720, #587, #3543, #3865, #3427, #2484, #1314, #2823, #2259, #1689, #2831, #433, #718, #1835, #627, #1287, #2472, #2146, #3362, #2667, #3455, #2798, #45 ) ) ;
#2125 = CIRCLE ( 'NONE', #667, 3.000000000000000888 ) ;
#2126 = CARTESIAN_POINT ( 'NONE',  ( 16.03503777425773436, 27.02870705156891162, 8.499999999999998224 ) ) ;
#2127 = EDGE_CURVE ( 'NONE', #3448, #177, #2625, .T. ) ;
#2128 = VECTOR ( 'NONE', #3581, 1000.000000000000000 ) ;
#2129 = CARTESIAN_POINT ( 'NONE',  ( -12.64106361317945293, -22.11161202698745498, 9.999999999999998224 ) ) ;
#2130 = PLANE ( 'NONE',  #2392 ) ;
#2131 = ORIENTED_EDGE ( 'NONE', *, *, #2918, .F. ) ;
#2132 = EDGE_CURVE ( 'NONE', #1054, #1430, #2050, .T. ) ;
#2133 = EDGE_CURVE ( 'NONE', #1887, #561, #2964, .T. ) ;
#2134 = SHAPE_DEFINITION_REPRESENTATION ( #3918, #1595 ) ;
#2135 = EDGE_CURVE ( 'NONE', #3747, #3082, #2386, .T. ) ;
#2136 = DIRECTION ( 'NONE',  ( 1.000000000000000000, 0.000000000000000000, 0.000000000000000000 ) ) ;
#2137 = VECTOR ( 'NONE', #1414, 1000.000000000000000 ) ;
#2138 = DIRECTION ( 'NONE',  ( -0.000000000000000000, -0.000000000000000000, 1.000000000000000000 ) ) ;
#2139 = EDGE_CURVE ( 'NONE', #1221, #430, #1670, .T. ) ;
#2140 = CARTESIAN_POINT ( 'NONE',  ( -10.66696076089826661, 17.28171028643190610, -4.001000000000001222 ) ) ;
#2141 = ORIENTED_EDGE ( 'NONE', *, *, #534, .F. ) ;
#2142 = DIRECTION ( 'NONE',  ( 0.000000000000000000, 0.000000000000000000, 1.000000000000000000 ) ) ;
#2143 = ORIENTED_EDGE ( 'NONE', *, *, #1514, .T. ) ;
#2144 = DIRECTION ( 'NONE',  ( 0.000000000000000000, 1.000000000000000000, 0.000000000000000000 ) ) ;
#2145 = DIRECTION ( 'NONE',  ( -0.000000000000000000, -0.000000000000000000, 1.000000000000000000 ) ) ;
#2146 = ORIENTED_EDGE ( 'NONE', *, *, #3203, .T. ) ;
#2147 = AXIS2_PLACEMENT_3D ( 'NONE', #1343, #455, #2500 ) ;
#2148 = ORIENTED_EDGE ( 'NONE', *, *, #420, .T. ) ;
#2149 = DIRECTION ( 'NONE',  ( 1.000000000000000000, 0.000000000000000000, 0.000000000000000000 ) ) ;
#2150 = CARTESIAN_POINT ( 'NONE',  ( 16.03503777425773791, -26.97129294843108838, -4.000000000000000000 ) ) ;
#2151 = VECTOR ( 'NONE', #725, 1000.000000000000000 ) ;
#2152 = CARTESIAN_POINT ( 'NONE',  ( 13.53503777425773791, -22.47129294843107417, 5.000000000000001776 ) ) ;
#2153 = VECTOR ( 'NONE', #3466, 1000.000000000000000 ) ;
#2154 = ORIENTED_EDGE ( 'NONE', *, *, #1209, .F. ) ;
#2155 = FACE_BOUND ( 'NONE', #98, .T. ) ;
#2156 = DIRECTION ( 'NONE',  ( -0.000000000000000000, -0.000000000000000000, 1.000000000000000000 ) ) ;
#2157 = PLANE ( 'NONE',  #2661 ) ;
#2158 = ORIENTED_EDGE ( 'NONE', *, *, #314, .F. ) ;
#2159 = ORIENTED_EDGE ( 'NONE', *, *, #2228, .F. ) ;
#2160 = CARTESIAN_POINT ( 'NONE',  ( -10.66696076089826661, 21.25670570879590571, 9.999999999999998224 ) ) ;
#2161 = DIRECTION ( 'NONE',  ( 0.000000000000000000, 0.000000000000000000, -1.000000000000000000 ) ) ;
#2162 = DIRECTION ( 'NONE',  ( 1.949127501097536200E-16, -1.000000000000000000, 0.000000000000000000 ) ) ;
#2163 = DIRECTION ( 'NONE',  ( 0.7071067811865376918, 0.000000000000000000, -0.7071067811865574537 ) ) ;
#2164 = VERTEX_POINT ( 'NONE', #2598 ) ;
#2165 = CARTESIAN_POINT ( 'NONE',  ( -7.882962225742265794, -25.62529294843109540, 8.499999999999998224 ) ) ;
#2166 = EDGE_CURVE ( 'NONE', #2970, #1816, #162, .T. ) ;
#2167 = DIRECTION ( 'NONE',  ( 1.000000000000000000, 0.000000000000000000, 0.000000000000000000 ) ) ;
#2168 = AXIS2_PLACEMENT_3D ( 'NONE', #1259, #2469, #2167 ) ;
#2169 = ORIENTED_EDGE ( 'NONE', *, *, #3414, .T. ) ;
#2170 = AXIS2_PLACEMENT_3D ( 'NONE', #2183, #3394, #3089 ) ;
#2171 = VERTEX_POINT ( 'NONE', #889 ) ;
#2172 = CARTESIAN_POINT ( 'NONE',  ( 16.03503777425773791, -26.97129294843108838, 9.500000000000005329 ) ) ;
#2173 = CIRCLE ( 'NONE', #591, 3.000000000000000000 ) ;
#2174 = EDGE_CURVE ( 'NONE', #458, #1504, #1500, .T. ) ;
#2175 = VECTOR ( 'NONE', #3720, 1000.000000000000000 ) ;
#2176 = CARTESIAN_POINT ( 'NONE',  ( -7.714959791634052877, -28.47129294843108482, 3.292323440001584611 ) ) ;
#2177 = VERTEX_POINT ( 'NONE', #1186 ) ;
#2178 = VERTEX_POINT ( 'NONE', #611 ) ;
#2179 = ADVANCED_FACE ( 'NONE', ( #3367 ), #1537, .F. ) ;
#2180 = ADVANCED_FACE ( 'NONE', ( #3645 ), #3283, .T. ) ;
#2181 = EDGE_LOOP ( 'NONE', ( #2148, #374, #2901, #3578 ) ) ;
#2182 = CARTESIAN_POINT ( 'NONE',  ( -16.46496222574226920, 28.52870705156889741, 3.292323440001584611 ) ) ;
#2183 = CARTESIAN_POINT ( 'NONE',  ( 15.78503777425770060, 22.52870705156892583, 3.292323440001584611 ) ) ;
#2184 = VERTEX_POINT ( 'NONE', #3605 ) ;
#2185 = AXIS2_PLACEMENT_3D ( 'NONE', #2150, #957, #2915 ) ;
#2186 = EDGE_CURVE ( 'NONE', #1762, #2090, #1831, .T. ) ;
#2187 = DIRECTION ( 'NONE',  ( -1.000000000000000000, 0.000000000000000000, -0.000000000000000000 ) ) ;
#2188 = CARTESIAN_POINT ( 'NONE',  ( -9.066960760898265193, 17.28171028643190610, 8.499999999999998224 ) ) ;
#2189 = VECTOR ( 'NONE', #3334, 1000.000000000000000 ) ;
#2190 = EDGE_LOOP ( 'NONE', ( #3573, #1626, #3891, #717 ) ) ;
#2191 = ADVANCED_FACE ( 'NONE', ( #1846 ), #2442, .F. ) ;
#2192 = VECTOR ( 'NONE', #2281, 1000.000000000000000 ) ;
#2193 = EDGE_LOOP ( 'NONE', ( #2311, #1745, #2768, #272 ) ) ;
#2194 = CARTESIAN_POINT ( 'NONE',  ( 17.53503777425774146, -26.97129294843108482, -4.000000000000000000 ) ) ;
#2195 = FACE_OUTER_BOUND ( 'NONE', #28, .T. ) ;
#2196 = AXIS2_PLACEMENT_3D ( 'NONE', #3048, #2366, #3266 ) ;
#2197 = CIRCLE ( 'NONE', #1184, 1.499999999999999556 ) ;
#2198 = CARTESIAN_POINT ( 'NONE',  ( -11.95796222574226597, -25.62529294843109540, 1.699999999999999289 ) ) ;
#2199 = EDGE_CURVE ( 'NONE', #2750, #620, #1519, .T. ) ;
#2200 = ORIENTED_EDGE ( 'NONE', *, *, #3347, .F. ) ;
#2201 = ORIENTED_EDGE ( 'NONE', *, *, #792, .F. ) ;
#2202 = CARTESIAN_POINT ( 'NONE',  ( 17.53503777425774146, -26.22129294843107061, -4.000000000000000000 ) ) ;
#2203 = VERTEX_POINT ( 'NONE', #589 ) ;
#2204 = DIRECTION ( 'NONE',  ( -0.000000000000000000, -0.000000000000000000, 1.000000000000000000 ) ) ;
#2205 = CARTESIAN_POINT ( 'NONE',  ( 16.03503777425773791, -29.97129294843108838, 3.292323440001584611 ) ) ;
#2206 = VERTEX_POINT ( 'NONE', #24 ) ;
#2207 = VECTOR ( 'NONE', #1889, 1000.000000000000000 ) ;
#2208 = ORIENTED_EDGE ( 'NONE', *, *, #202, .T. ) ;
#2209 = DIRECTION ( 'NONE',  ( -1.000000000000000000, 0.000000000000000000, 0.000000000000000000 ) ) ;
#2210 = CARTESIAN_POINT ( 'NONE',  ( -17.71496222574226564, -22.47129294843110969, 3.292323440001584611 ) ) ;
#2211 = CIRCLE ( 'NONE', #3548, 1.000000000000000888 ) ;
#2212 = ORIENTED_EDGE ( 'NONE', *, *, #2779, .F. ) ;
#2213 = VECTOR ( 'NONE', #1536, 1000.000000000000000 ) ;
#2214 = CARTESIAN_POINT ( 'NONE',  ( -16.21496222574229051, -25.22129294843106706, -4.002000000000000668 ) ) ;
#2215 = EDGE_LOOP ( 'NONE', ( #1979, #1640 ) ) ;
#2216 = ORIENTED_EDGE ( 'NONE', *, *, #3603, .F. ) ;
#2217 = EDGE_CURVE ( 'NONE', #1144, #2861, #926, .T. ) ;
#2218 = ORIENTED_EDGE ( 'NONE', *, *, #1914, .T. ) ;
#2219 = CARTESIAN_POINT ( 'NONE',  ( -16.21496222574226564, -22.47129294843110969, 8.499999999999998224 ) ) ;
#2220 = ORIENTED_EDGE ( 'NONE', *, *, #3305, .T. ) ;
#2221 = EDGE_CURVE ( 'NONE', #561, #1154, #3346, .T. ) ;
#2222 = DIRECTION ( 'NONE',  ( 0.000000000000000000, -1.000000000000000000, 0.000000000000000000 ) ) ;
#2223 = ORIENTED_EDGE ( 'NONE', *, *, #1065, .T. ) ;
#2224 = ADVANCED_FACE ( 'NONE', ( #1789 ), #3760, .T. ) ;
#2225 = DIRECTION ( 'NONE',  ( 0.000000000000000000, 0.000000000000000000, -1.000000000000000000 ) ) ;
#2226 = ORIENTED_EDGE ( 'NONE', *, *, #129, .T. ) ;
#2227 = EDGE_LOOP ( 'NONE', ( #899, #943 ) ) ;
#2228 = EDGE_CURVE ( 'NONE', #3811, #290, #946, .T. ) ;
#2229 = ORIENTED_EDGE ( 'NONE', *, *, #1306, .T. ) ;
#2230 = LINE ( 'NONE', #1627, #1900 ) ;
#2231 = PLANE ( 'NONE',  #3182 ) ;
#2232 = AXIS2_PLACEMENT_3D ( 'NONE', #1646, #160, #3779 ) ;
#2233 = ORIENTED_EDGE ( 'NONE', *, *, #3366, .T. ) ;
#2234 = CARTESIAN_POINT ( 'NONE',  ( 2.015431251695973813, 11.01227139059988147, 8.499999999999994671 ) ) ;
#2235 = CIRCLE ( 'NONE', #653, 1.000000000000000888 ) ;
#2236 = ADVANCED_FACE ( 'NONE', ( #646 ), #3065, .F. ) ;
#2237 = AXIS2_PLACEMENT_3D ( 'NONE', #1751, #1732, #2010 ) ;
#2238 = ORIENTED_EDGE ( 'NONE', *, *, #3424, .F. ) ;
#2239 = CARTESIAN_POINT ( 'NONE',  ( 17.28503777425770238, 22.52870705156892583, 3.000000000000001776 ) ) ;
#2240 = ORIENTED_EDGE ( 'NONE', *, *, #2460, .F. ) ;
#2241 = EDGE_LOOP ( 'NONE', ( #1581, #3657, #2746, #1094 ) ) ;
#2242 = CARTESIAN_POINT ( 'NONE',  ( 7.285040208365947123, -29.97129294843108838, 3.292323440001584611 ) ) ;
#2243 = ORIENTED_EDGE ( 'NONE', *, *, #129, .F. ) ;
#2244 = DIRECTION ( 'NONE',  ( 0.000000000000000000, 0.000000000000000000, 1.000000000000000000 ) ) ;
#2245 = CYLINDRICAL_SURFACE ( 'NONE', #2989, 2.250000000000001776 ) ;
#2246 = ORIENTED_EDGE ( 'NONE', *, *, #601, .T. ) ;
#2247 = CIRCLE ( 'NONE', #3768, 2.250000000000001776 ) ;
#2248 = ORIENTED_EDGE ( 'NONE', *, *, #3824, .T. ) ;
#2249 = ADVANCED_FACE ( 'NONE', ( #1769 ), #1264, .F. ) ;
#2250 = VERTEX_POINT ( 'NONE', #2422 ) ;
#2251 = CARTESIAN_POINT ( 'NONE',  ( 15.78503777425773613, -22.47129294843107417, 5.000000000000001776 ) ) ;
#2252 = CARTESIAN_POINT ( 'NONE',  ( 10.45303777425773362, -25.62529294843109540, 1.699999999999999289 ) ) ;
#2253 = CARTESIAN_POINT ( 'NONE',  ( 7.453037774257734505, 25.68270705156890443, 1.699999999999999289 ) ) ;
#2254 = CIRCLE ( 'NONE', #2761, 1.074999999999999512 ) ;
#2255 = ORIENTED_EDGE ( 'NONE', *, *, #3695, .T. ) ;
#2256 = CARTESIAN_POINT ( 'NONE',  ( 18.03503777425769883, 22.52870705156892583, 5.000000000000001776 ) ) ;
#2257 = DIRECTION ( 'NONE',  ( 0.000000000000000000, 0.000000000000000000, 1.000000000000000000 ) ) ;
#2258 = CARTESIAN_POINT ( 'NONE',  ( -19.46496222574226209, -29.97129294843108838, 9.500000000000005329 ) ) ;
#2259 = ORIENTED_EDGE ( 'NONE', *, *, #2820, .T. ) ;
#2260 = CARTESIAN_POINT ( 'NONE',  ( -10.66696076089826661, 17.28171028643190610, 8.499999999999998224 ) ) ;
#2261 = EDGE_LOOP ( 'NONE', ( #1898, #391, #118, #3081 ) ) ;
#2262 = CARTESIAN_POINT ( 'NONE',  ( -19.46496222574226209, -28.47129294843108482, -4.000000000000000000 ) ) ;
#2263 = VERTEX_POINT ( 'NONE', #2984 ) ;
#2264 = DIRECTION ( 'NONE',  ( 0.000000000000000000, 0.000000000000000000, -1.000000000000000000 ) ) ;
#2265 = DIRECTION ( 'NONE',  ( -0.000000000000000000, -0.000000000000000000, 1.000000000000000000 ) ) ;
#2266 = ORIENTED_EDGE ( 'NONE', *, *, #607, .F. ) ;
#2267 = ORIENTED_EDGE ( 'NONE', *, *, #3896, .T. ) ;
#2268 = VERTEX_POINT ( 'NONE', #3682 ) ;
#2269 = DIRECTION ( 'NONE',  ( -1.000000000000000000, 0.000000000000000000, -0.000000000000000000 ) ) ;
#2270 = DIRECTION ( 'NONE',  ( 1.000000000000000000, 0.000000000000000000, 0.000000000000000000 ) ) ;
#2271 = CYLINDRICAL_SURFACE ( 'NONE', #862, 2.749999999999995559 ) ;
#2272 = CIRCLE ( 'NONE', #3030, 1.000000000000000888 ) ;
#2273 = EDGE_CURVE ( 'NONE', #3395, #2814, #3570, .T. ) ;
#2274 = VERTEX_POINT ( 'NONE', #2695 ) ;
#2275 = DIRECTION ( 'NONE',  ( -0.000000000000000000, -0.000000000000000000, -1.000000000000000000 ) ) ;
#2276 = VECTOR ( 'NONE', #2931, 1000.000000000000000 ) ;
#2277 = LINE ( 'NONE', #3488, #399 ) ;
#2278 = CARTESIAN_POINT ( 'NONE',  ( 16.03503777425773791, 28.52870705156890807, -4.000000000000000000 ) ) ;
#2279 = EDGE_CURVE ( 'NONE', #959, #3086, #907, .T. ) ;
#2280 = DIRECTION ( 'NONE',  ( 1.000000000000000000, 0.000000000000000000, 0.000000000000000000 ) ) ;
#2281 = DIRECTION ( 'NONE',  ( 1.000000000000000000, 0.000000000000000000, 0.000000000000000000 ) ) ;
#2282 = CARTESIAN_POINT ( 'NONE',  ( -16.21496222574229762, 22.52870705156889031, 5.000000000000001776 ) ) ;
#2283 = EDGE_LOOP ( 'NONE', ( #1313, #2223, #362, #3805 ) ) ;
#2284 = DIRECTION ( 'NONE',  ( -0.000000000000000000, -0.000000000000000000, 1.000000000000000000 ) ) ;
#2285 = FACE_BOUND ( 'NONE', #1896, .T. ) ;
#2286 = EDGE_LOOP ( 'NONE', ( #3487, #328, #1502, #525 ) ) ;
#2287 = EDGE_LOOP ( 'NONE', ( #8, #3872, #2923, #2141 ) ) ;
#2288 = ADVANCED_FACE ( 'NONE', ( #2810 ), #1349, .T. ) ;
#2289 = EDGE_LOOP ( 'NONE', ( #1334, #2603, #705, #1850 ) ) ;
#2290 = ORIENTED_EDGE ( 'NONE', *, *, #2721, .F. ) ;
#2291 = FACE_BOUND ( 'NONE', #635, .T. ) ;
#2292 = DIRECTION ( 'NONE',  ( -1.000000000000000000, 0.000000000000000000, 0.000000000000000000 ) ) ;
#2293 = DIRECTION ( 'NONE',  ( -1.000000000000000000, -2.135044278125331319E-15, 0.000000000000000000 ) ) ;
#2294 = CARTESIAN_POINT ( 'NONE',  ( 17.53503777425773791, 3.041844167914499647E-15, 8.499999999999998224 ) ) ;
#2295 = VECTOR ( 'NONE', #642, 1000.000000000000000 ) ;
#2296 = EDGE_CURVE ( 'NONE', #1652, #2832, #226, .T. ) ;
#2297 = DIRECTION ( 'NONE',  ( -0.000000000000000000, 0.000000000000000000, 1.000000000000000000 ) ) ;
#2298 = CIRCLE ( 'NONE', #590, 1.500000000000001332 ) ;
#2299 = CARTESIAN_POINT ( 'NONE',  ( -10.66696076089826661, 21.25670570879590571, 8.499999999999998224 ) ) ;
#2300 = EDGE_CURVE ( 'NONE', #723, #2941, #370, .T. ) ;
#2301 = EDGE_CURVE ( 'NONE', #819, #177, #742, .T. ) ;
#2302 = VERTEX_POINT ( 'NONE', #2210 ) ;
#2303 = VECTOR ( 'NONE', #2794, 1000.000000000000000 ) ;
#2304 = CARTESIAN_POINT ( 'NONE',  ( -16.96496222574226564, 19.77870705156889031, 3.292323440001584611 ) ) ;
#2305 = FACE_OUTER_BOUND ( 'NONE', #285, .T. ) ;
#2306 = ORIENTED_EDGE ( 'NONE', *, *, #2166, .T. ) ;
#2307 = CARTESIAN_POINT ( 'NONE',  ( -12.64106361317945293, -22.11161202698745498, 8.499999999999998224 ) ) ;
#2308 = CARTESIAN_POINT ( 'NONE',  ( -16.21496222574229762, 25.27870705156888320, 8.499999999999998224 ) ) ;
#2309 = ORIENTED_EDGE ( 'NONE', *, *, #318, .F. ) ;
#2310 = ADVANCED_FACE ( 'NONE', ( #1920 ), #3440, .T. ) ;
#2311 = ORIENTED_EDGE ( 'NONE', *, *, #993, .F. ) ;
#2312 = CARTESIAN_POINT ( 'NONE',  ( 15.78503777425775390, -25.22129294843106706, 3.292323440001584611 ) ) ;
#2313 = DIRECTION ( 'NONE',  ( -0.000000000000000000, -0.000000000000000000, 1.000000000000000000 ) ) ;
#2314 = CARTESIAN_POINT ( 'NONE',  ( 14.28503777425770060, 22.52870705156892583, 3.000000000000001776 ) ) ;
#2315 = EDGE_CURVE ( 'NONE', #2302, #1036, #1165, .T. ) ;
#2316 = CARTESIAN_POINT ( 'NONE',  ( 15.78503777425775390, -25.22129294843106706, 8.499999999999998224 ) ) ;
#2317 = VECTOR ( 'NONE', #2350, 1000.000000000000000 ) ;
#2318 = EDGE_LOOP ( 'NONE', ( #37, #3403 ) ) ;
#2319 = DIRECTION ( 'NONE',  ( 1.000000000000000000, 0.000000000000000000, 0.000000000000000000 ) ) ;
#2320 = DIRECTION ( 'NONE',  ( -0.000000000000000000, -0.000000000000000000, -1.000000000000000000 ) ) ;
#2321 = AXIS2_PLACEMENT_3D ( 'NONE', #2019, #3804, #2037 ) ;
#2322 = EDGE_CURVE ( 'NONE', #3166, #782, #722, .T. ) ;
#2323 = CARTESIAN_POINT ( 'NONE',  ( 7.285040208365947123, -29.97129294843108838, -0.3076765599984150334 ) ) ;
#2324 = AXIS2_PLACEMENT_3D ( 'NONE', #3803, #2933, #3513 ) ;
#2325 = CARTESIAN_POINT ( 'NONE',  ( 16.53503777425774146, -26.22129294843106706, 3.292323440001584611 ) ) ;
#2326 = EDGE_CURVE ( 'NONE', #580, #3190, #1357, .T. ) ;
#2327 = CARTESIAN_POINT ( 'NONE',  ( 10.45303777425773362, 25.68270705156890443, 1.699999999999999289 ) ) ;
#2328 = DIRECTION ( 'NONE',  ( 0.000000000000000000, 0.000000000000000000, -1.000000000000000000 ) ) ;
#2329 = EDGE_LOOP ( 'NONE', ( #309, #3310, #997, #3473 ) ) ;
#2330 = CARTESIAN_POINT ( 'NONE',  ( 4.793649565339142882, 11.01227139059988147, 9.999999999999998224 ) ) ;
#2331 = DIRECTION ( 'NONE',  ( 0.000000000000000000, 0.000000000000000000, 1.000000000000000000 ) ) ;
#2332 = EDGE_LOOP ( 'NONE', ( #3518, #3124 ) ) ;
#2333 = ORIENTED_EDGE ( 'NONE', *, *, #1007, .T. ) ;
#2334 = EDGE_LOOP ( 'NONE', ( #564, #289 ) ) ;
#2335 = DIRECTION ( 'NONE',  ( -0.000000000000000000, -0.000000000000000000, 1.000000000000000000 ) ) ;
#2336 = DIRECTION ( 'NONE',  ( -0.000000000000000000, -0.000000000000000000, 1.000000000000000000 ) ) ;
#2337 = CARTESIAN_POINT ( 'NONE',  ( -16.96496222574226209, -25.22129294843106706, 8.499999999999998224 ) ) ;
#2338 = ORIENTED_EDGE ( 'NONE', *, *, #1885, .F. ) ;
#2339 = LINE ( 'NONE', #3549, #3419 ) ;
#2340 = LINE ( 'NONE', #3551, #657 ) ;
#2341 = ADVANCED_FACE ( 'NONE', ( #2195 ), #141, .F. ) ;
#2342 = AXIS2_PLACEMENT_3D ( 'NONE', #3088, #3727, #2854 ) ;
#2343 = CARTESIAN_POINT ( 'NONE',  ( 17.28503777425770238, 22.52870705156892583, 3.292323440001584611 ) ) ;
#2344 = VECTOR ( 'NONE', #616, 1000.000000000000000 ) ;
#2345 = CARTESIAN_POINT ( 'NONE',  ( 12.21093530270484706, 13.48838797301253933, 9.999999999999998224 ) ) ;
#2346 = AXIS2_PLACEMENT_3D ( 'NONE', #242, #1712, #2319 ) ;
#2347 = LINE ( 'NONE', #2665, #1673 ) ;
#2348 = CARTESIAN_POINT ( 'NONE',  ( -10.14106361317946003, 13.48838797301254111, -4.001000000000001222 ) ) ;
#2349 = ORIENTED_EDGE ( 'NONE', *, *, #3282, .F. ) ;
#2350 = DIRECTION ( 'NONE',  ( -0.000000000000000000, -0.000000000000000000, -1.000000000000000000 ) ) ;
#2351 =( GEOMETRIC_REPRESENTATION_CONTEXT ( 3 ) GLOBAL_UNCERTAINTY_ASSIGNED_CONTEXT ( ( #1858 ) ) GLOBAL_UNIT_ASSIGNED_CONTEXT ( ( #1591, #2531, #1263 ) ) REPRESENTATION_CONTEXT ( 'NONE', 'WORKASPACE' ) );
#2352 = DIRECTION ( 'NONE',  ( -1.000000000000000000, 0.000000000000000000, -0.000000000000000000 ) ) ;
#2353 = ORIENTED_EDGE ( 'NONE', *, *, #2296, .F. ) ;
#2354 = VERTEX_POINT ( 'NONE', #2532 ) ;
#2355 = EDGE_CURVE ( 'NONE', #3090, #1355, #3180, .T. ) ;
#2356 = EDGE_CURVE ( 'NONE', #163, #1661, #961, .T. ) ;
#2357 = EDGE_LOOP ( 'NONE', ( #2455, #1916, #2850, #3020, #2226, #1168, #1614, #190, #2143, #623, #1260, #2797, #2782, #3319, #3557, #1679, #1354, #965, #2634, #3458, #3743, #2548, #2836, #3895, #1544, #618, #3031, #2815, #3914, #423, #2919, #401, #3436, #100, #1272, #1389, #223, #2408, #935, #617, #1191, #1075, #2817, #2535, #3775, #2586, #128, #1229, #874, #3139, #1403, #2029, #3402, #2775 ) ) ;
#2358 = FACE_OUTER_BOUND ( 'NONE', #1644, .T. ) ;
#2359 = PLANE ( 'NONE',  #173 ) ;
#2360 = EDGE_CURVE ( 'NONE', #1036, #2302, #3382, .T. ) ;
#2361 = DIRECTION ( 'NONE',  ( 1.000000000000000000, 0.000000000000000000, 0.000000000000000000 ) ) ;
#2362 = ADVANCED_FACE ( 'NONE', ( #3100 ), #2231, .F. ) ;
#2363 = VERTEX_POINT ( 'NONE', #2511 ) ;
#2364 = LINE ( 'NONE', #1690, #1518 ) ;
#2365 = FACE_OUTER_BOUND ( 'NONE', #2479, .T. ) ;
#2366 = DIRECTION ( 'NONE',  ( 0.000000000000000000, 1.000000000000000000, -0.000000000000000000 ) ) ;
#2367 = CARTESIAN_POINT ( 'NONE',  ( 9.710935302704847061, 13.48838797301253933, 8.499999999999998224 ) ) ;
#2368 = VECTOR ( 'NONE', #2773, 1000.000000000000000 ) ;
#2369 = EDGE_LOOP ( 'NONE', ( #3172, #1237, #758, #1958 ) ) ;
#2370 = EDGE_CURVE ( 'NONE', #825, #2611, #2864, .T. ) ;
#2371 = VECTOR ( 'NONE', #2257, 1000.000000000000000 ) ;
#2372 = DIRECTION ( 'NONE',  ( 1.000000000000000000, 2.135044278125326981E-15, 0.000000000000000000 ) ) ;
#2373 = CARTESIAN_POINT ( 'NONE',  ( -16.21496222574229762, 22.52870705156889031, -4.002000000000000668 ) ) ;
#2374 = ORIENTED_EDGE ( 'NONE', *, *, #1459, .F. ) ;
#2375 = DIRECTION ( 'NONE',  ( 1.000000000000000000, 0.000000000000000000, 0.000000000000000000 ) ) ;
#2376 = LINE ( 'NONE', #1134, #1470 ) ;
#2377 = AXIS2_PLACEMENT_3D ( 'NONE', #440, #2609, #3539 ) ;
#2378 = ORIENTED_EDGE ( 'NONE', *, *, #1189, .F. ) ;
#2379 = ORIENTED_EDGE ( 'NONE', *, *, #872, .F. ) ;
#2380 = EDGE_CURVE ( 'NONE', #2806, #2834, #161, .T. ) ;
#2381 = AXIS2_PLACEMENT_3D ( 'NONE', #3626, #277, #1478 ) ;
#2382 = DIRECTION ( 'NONE',  ( -1.000000000000000000, 0.000000000000000000, 0.000000000000000000 ) ) ;
#2383 = CARTESIAN_POINT ( 'NONE',  ( -1.047960516758266847, 19.84070686846390430, 8.499999999999998224 ) ) ;
#2384 = CARTESIAN_POINT ( 'NONE',  ( -13.96496222574229762, 22.52870705156889031, 5.000000000000001776 ) ) ;
#2385 = DIRECTION ( 'NONE',  ( -1.000000000000000000, 0.000000000000000000, 0.000000000000000000 ) ) ;
#2386 = LINE ( 'NONE', #868, #1726 ) ;
#2387 = ORIENTED_EDGE ( 'NONE', *, *, #663, .T. ) ;
#2388 = AXIS2_PLACEMENT_3D ( 'NONE', #2857, #778, #212 ) ;
#2389 = EDGE_CURVE ( 'NONE', #1599, #2268, #104, .T. ) ;
#2390 = DIRECTION ( 'NONE',  ( -1.000000000000000000, 0.000000000000000000, 0.000000000000000000 ) ) ;
#2391 = AXIS2_PLACEMENT_3D ( 'NONE', #3205, #2913, #210 ) ;
#2392 = AXIS2_PLACEMENT_3D ( 'NONE', #1825, #3323, #1532 ) ;
#2393 = DIRECTION ( 'NONE',  ( 1.000000000000000000, 0.000000000000000000, 0.000000000000000000 ) ) ;
#2394 = PLANE ( 'NONE',  #2055 ) ;
#2395 = VERTEX_POINT ( 'NONE', #992 ) ;
#2396 = CARTESIAN_POINT ( 'NONE',  ( 17.53503777425773436, 18.77870705156889031, 3.292323440001584611 ) ) ;
#2397 = CARTESIAN_POINT ( 'NONE',  ( -16.21496222574226564, -22.47129294843110969, 5.000000000000001776 ) ) ;
#2398 = DIRECTION ( 'NONE',  ( 1.000000000000000000, 0.000000000000000000, 0.000000000000000000 ) ) ;
#2399 = VECTOR ( 'NONE', #1989, 1000.000000000000000 ) ;
#2400 = ORIENTED_EDGE ( 'NONE', *, *, #1584, .F. ) ;
#2401 = CYLINDRICAL_SURFACE ( 'NONE', #905, 1.000000000000000888 ) ;
#2402 = LINE ( 'NONE', #1220, #3133 ) ;
#2403 = ORIENTED_EDGE ( 'NONE', *, *, #1253, .T. ) ;
#2404 = DIRECTION ( 'NONE',  ( 1.000000000000000000, 0.000000000000000000, 0.000000000000000000 ) ) ;
#2405 = CARTESIAN_POINT ( 'NONE',  ( -17.96496222574226564, 27.02870705156890097, -4.000000000000000000 ) ) ;
#2406 = ADVANCED_FACE ( 'NONE', ( #1901 ), #1865, .F. ) ;
#2407 = CARTESIAN_POINT ( 'NONE',  ( -10.88296222574226668, -25.62529294843109540, 1.699999999999999289 ) ) ;
#2408 = ORIENTED_EDGE ( 'NONE', *, *, #398, .F. ) ;
#2409 = VECTOR ( 'NONE', #2462, 1000.000000000000000 ) ;
#2410 = LINE ( 'NONE', #2745, #553 ) ;
#2411 = ORIENTED_EDGE ( 'NONE', *, *, #2355, .F. ) ;
#2412 = CARTESIAN_POINT ( 'NONE',  ( 16.53503777425773436, 18.77870705156889031, 3.292323440001584611 ) ) ;
#2413 = CARTESIAN_POINT ( 'NONE',  ( -16.46496222574226209, -28.47129294843108482, -4.000000000000000000 ) ) ;
#2414 = LINE ( 'NONE', #898, #1026 ) ;
#2415 = VERTEX_POINT ( 'NONE', #1983 ) ;
#2416 = CARTESIAN_POINT ( 'NONE',  ( 16.03503777425773436, 27.02870705156891162, 3.292323440001584611 ) ) ;
#2417 = VECTOR ( 'NONE', #2293, 1000.000000000000000 ) ;
#2418 = CARTESIAN_POINT ( 'NONE',  ( 9.378037774257734327, 25.68270705156890443, 1.699999999999999289 ) ) ;
#2419 = CARTESIAN_POINT ( 'NONE',  ( 15.78503777425776100, 19.77870705156889031, 3.292323440001584611 ) ) ;
#2420 = EDGE_CURVE ( 'NONE', #2302, #2653, #1097, .T. ) ;
#2421 = FACE_BOUND ( 'NONE', #732, .T. ) ;
#2422 = CARTESIAN_POINT ( 'NONE',  ( 16.53503777425774501, -25.22129294843106706, 8.499999999999998224 ) ) ;
#2423 = DIRECTION ( 'NONE',  ( 0.000000000000000000, 0.000000000000000000, -1.000000000000000000 ) ) ;
#2424 = EDGE_LOOP ( 'NONE', ( #2374, #822, #2456, #713 ) ) ;
#2425 = EDGE_CURVE ( 'NONE', #1720, #1028, #787, .T. ) ;
#2426 = CARTESIAN_POINT ( 'NONE',  ( -14.71496222574226387, -22.47129294843110969, 5.000000000000001776 ) ) ;
#2427 = VERTEX_POINT ( 'NONE', #180 ) ;
#2428 = CARTESIAN_POINT ( 'NONE',  ( -17.96496222574226564, 18.77870705156889031, -4.000000000000000000 ) ) ;
#2429 = ADVANCED_FACE ( 'NONE', ( #258 ), #2027, .F. ) ;
#2430 = ADVANCED_FACE ( 'NONE', ( #2590 ), #1688, .T. ) ;
#2431 = CARTESIAN_POINT ( 'NONE',  ( -19.46496222574226209, -29.97129294843108838, -4.000000000000000000 ) ) ;
#2432 = EDGE_CURVE ( 'NONE', #1139, #1333, #1141, .T. ) ;
#2433 = ORIENTED_EDGE ( 'NONE', *, *, #2322, .F. ) ;
#2434 = VECTOR ( 'NONE', #2737, 1000.000000000000000 ) ;
#2435 = FACE_OUTER_BOUND ( 'NONE', #2663, .T. ) ;
#2436 = ADVANCED_FACE ( 'NONE', ( #3837 ), #2943, .T. ) ;
#2437 = AXIS2_PLACEMENT_3D ( 'NONE', #2858, #2565, #2022 ) ;
#2438 = CARTESIAN_POINT ( 'NONE',  ( 16.03503777425773791, -29.47129294843110614, 9.999999999999998224 ) ) ;
#2439 = DIRECTION ( 'NONE',  ( 0.000000000000000000, 0.000000000000000000, 1.000000000000000000 ) ) ;
#2440 = EDGE_LOOP ( 'NONE', ( #754, #215 ) ) ;
#2441 = CARTESIAN_POINT ( 'NONE',  ( -16.21496222574226564, -22.47129294843110969, 5.000000000000001776 ) ) ;
#2442 = CYLINDRICAL_SURFACE ( 'NONE', #3118, 2.249999999999998668 ) ;
#2443 = DIRECTION ( 'NONE',  ( 1.000000000000000000, -2.312964634635742267E-15, 0.000000000000000000 ) ) ;
#2444 = ORIENTED_EDGE ( 'NONE', *, *, #2221, .F. ) ;
#2445 = AXIS2_PLACEMENT_3D ( 'NONE', #1894, #3431, #2523 ) ;
#2446 = DIRECTION ( 'NONE',  ( 1.000000000000000000, 0.000000000000000000, 0.000000000000000000 ) ) ;
#2447 = ORIENTED_EDGE ( 'NONE', *, *, #3176, .F. ) ;
#2448 = DIRECTION ( 'NONE',  ( 0.000000000000000000, -0.000000000000000000, -1.000000000000000000 ) ) ;
#2449 = DIRECTION ( 'NONE',  ( -0.000000000000000000, -0.000000000000000000, 1.000000000000000000 ) ) ;
#2450 = ORIENTED_EDGE ( 'NONE', *, *, #1969, .F. ) ;
#2451 = CIRCLE ( 'NONE', #727, 1.500000000000001332 ) ;
#2452 = CARTESIAN_POINT ( 'NONE',  ( -10.88296222574226668, -25.62529294843109540, 1.699999999999999289 ) ) ;
#2453 = CIRCLE ( 'NONE', #298, 2.249999999999998668 ) ;
#2454 = CARTESIAN_POINT ( 'NONE',  ( -13.88296222574226668, 25.68270705156890443, 8.499999999999998224 ) ) ;
#2455 = ORIENTED_EDGE ( 'NONE', *, *, #601, .F. ) ;
#2456 = ORIENTED_EDGE ( 'NONE', *, *, #885, .T. ) ;
#2457 = CARTESIAN_POINT ( 'NONE',  ( 5.952039483241733819, 19.84070686846390430, 8.499999999999998224 ) ) ;
#2458 = DIRECTION ( 'NONE',  ( -0.000000000000000000, -0.000000000000000000, -1.000000000000000000 ) ) ;
#2459 = LINE ( 'NONE', #336, #130 ) ;
#2460 = EDGE_CURVE ( 'NONE', #17, #1792, #3712, .T. ) ;
#2461 = LINE ( 'NONE', #1852, #3198 ) ;
#2462 = DIRECTION ( 'NONE',  ( 0.000000000000000000, 0.000000000000000000, 1.000000000000000000 ) ) ;
#2463 = DIRECTION ( 'NONE',  ( 1.000000000000000000, 0.000000000000000000, 0.000000000000000000 ) ) ;
#2464 = ORIENTED_EDGE ( 'NONE', *, *, #1107, .T. ) ;
#2465 = VECTOR ( 'NONE', #377, 1000.000000000000000 ) ;
#2466 = ORIENTED_EDGE ( 'NONE', *, *, #3637, .F. ) ;
#2467 = DIRECTION ( 'NONE',  ( -0.000000000000000000, -0.000000000000000000, 1.000000000000000000 ) ) ;
#2468 = UNCERTAINTY_MEASURE_WITH_UNIT (LENGTH_MEASURE( 1.000000000000000082E-05 ), #3547, 'distance_accuracy_value', 'NONE');
#2469 = DIRECTION ( 'NONE',  ( -0.000000000000000000, -0.000000000000000000, 1.000000000000000000 ) ) ;
#2470 = ADVANCED_FACE ( 'NONE', ( #3193 ), #239, .T. ) ;
#2471 = AXIS2_PLACEMENT_3D ( 'NONE', #1986, #182, #1395 ) ;
#2472 = ORIENTED_EDGE ( 'NONE', *, *, #1682, .T. ) ;
#2473 = DIRECTION ( 'NONE',  ( 1.000000000000000000, 0.000000000000000000, 0.000000000000000000 ) ) ;
#2474 = EDGE_CURVE ( 'NONE', #698, #1054, #3175, .T. ) ;
#2475 = CARTESIAN_POINT ( 'NONE',  ( 9.710935302704847061, 13.48838797301253933, -4.001000000000001222 ) ) ;
#2476 = EDGE_CURVE ( 'NONE', #688, #959, #1179, .T. ) ;
#2477 = CARTESIAN_POINT ( 'NONE',  ( 16.03503777425773791, 30.02870705156891162, 9.500000000000005329 ) ) ;
#2478 = EDGE_LOOP ( 'NONE', ( #2939, #3639 ) ) ;
#2479 = EDGE_LOOP ( 'NONE', ( #3141, #1978, #1624, #929 ) ) ;
#2480 = VERTEX_POINT ( 'NONE', #1393 ) ;
#2481 = LINE ( 'NONE', #2428, #504 ) ;
#2482 = DIRECTION ( 'NONE',  ( 0.000000000000000000, 1.000000000000000000, 0.000000000000000000 ) ) ;
#2483 = EDGE_CURVE ( 'NONE', #2121, #2178, #3856, .T. ) ;
#2484 = ORIENTED_EDGE ( 'NONE', *, *, #1239, .T. ) ;
#2485 = EDGE_LOOP ( 'NONE', ( #2338, #3275, #894, #3439 ) ) ;
#2486 = AXIS2_PLACEMENT_3D ( 'NONE', #1280, #2473, #3460 ) ;
#2487 = FACE_OUTER_BOUND ( 'NONE', #2956, .T. ) ;
#2488 = PLANE ( 'NONE',  #1783 ) ;
#2489 = VECTOR ( 'NONE', #625, 1000.000000000000000 ) ;
#2490 = VERTEX_POINT ( 'NONE', #3484 ) ;
#2491 = ADVANCED_FACE ( 'NONE', ( #3814 ), #2271, .T. ) ;
#2492 = VECTOR ( 'NONE', #483, 1000.000000000000000 ) ;
#2493 = EDGE_LOOP ( 'NONE', ( #1327, #1744, #137, #2450 ) ) ;
#2494 = DIRECTION ( 'NONE',  ( 0.000000000000000000, 0.000000000000000000, -1.000000000000000000 ) ) ;
#2495 = DIRECTION ( 'NONE',  ( -1.000000000000000000, 0.000000000000000000, -2.409338161078898687E-16 ) ) ;
#2496 = VECTOR ( 'NONE', #1317, 1000.000000000000000 ) ;
#2497 = DIRECTION ( 'NONE',  ( 0.000000000000000000, 0.000000000000000000, 1.000000000000000000 ) ) ;
#2498 = ORIENTED_EDGE ( 'NONE', *, *, #2186, .F. ) ;
#2499 = ORIENTED_EDGE ( 'NONE', *, *, #1278, .F. ) ;
#2500 = DIRECTION ( 'NONE',  ( 1.000000000000000000, 0.000000000000000000, 0.000000000000000000 ) ) ;
#2501 = ORIENTED_EDGE ( 'NONE', *, *, #3049, .T. ) ;
#2502 = APPLICATION_PROTOCOL_DEFINITION ( 'draft international standard', 'automotive_design', 1998, #1779 ) ;
#2503 = AXIS2_PLACEMENT_3D ( 'NONE', #801, #1996, #502 ) ;
#2504 = FACE_OUTER_BOUND ( 'NONE', #521, .T. ) ;
#2505 = CARTESIAN_POINT ( 'NONE',  ( 15.78503777425773613, -22.47129294843107417, 5.000000000000001776 ) ) ;
#2506 = CIRCLE ( 'NONE', #1297, 2.749999999999995559 ) ;
#2507 = ORIENTED_EDGE ( 'NONE', *, *, #3387, .T. ) ;
#2508 = AXIS2_PLACEMENT_3D ( 'NONE', #3235, #1962, #764 ) ;
#2509 = EDGE_LOOP ( 'NONE', ( #3389, #1304, #3480, #2464, #1213, #1360, #58, #1468 ) ) ;
#2510 = CYLINDRICAL_SURFACE ( 'NONE', #1223, 2.249999999999998668 ) ;
#2511 = CARTESIAN_POINT ( 'NONE',  ( -17.96496222574225854, -18.72129294843107417, 3.292323440001584611 ) ) ;
#2512 = EDGE_CURVE ( 'NONE', #2064, #3062, #1375, .T. ) ;
#2513 = AXIS2_PLACEMENT_3D ( 'NONE', #3071, #3592, #2446 ) ;
#2514 = PRODUCT_DEFINITION_FORMATION_WITH_SPECIFIED_SOURCE ( 'ANY', '', #3699, .NOT_KNOWN. ) ;
#2515 = ORIENTED_EDGE ( 'NONE', *, *, #3824, .F. ) ;
#2516 = LINE ( 'NONE', #2256, #1884 ) ;
#2517 = ADVANCED_FACE ( 'NONE', ( #512, #2636 ), #2359, .T. ) ;
#2518 = EDGE_CURVE ( 'NONE', #524, #73, #3257, .T. ) ;
#2519 = ORIENTED_EDGE ( 'NONE', *, *, #2829, .T. ) ;
#2520 = DIRECTION ( 'NONE',  ( 1.734723475976807341E-16, -1.000000000000000000, 0.000000000000000000 ) ) ;
#2521 = ORIENTED_EDGE ( 'NONE', *, *, #3002, .F. ) ;
#2522 = EDGE_CURVE ( 'NONE', #3451, #3314, #20, .T. ) ;
#2523 = DIRECTION ( 'NONE',  ( 1.000000000000000000, 0.000000000000000000, 0.000000000000000000 ) ) ;
#2524 = ORIENTED_EDGE ( 'NONE', *, *, #901, .F. ) ;
#2525 = DIRECTION ( 'NONE',  ( -1.949127501097536693E-16, -1.000000000000000000, 0.000000000000000000 ) ) ;
#2526 = CLOSED_SHELL ( 'NONE', ( #2430, #3862, #2310, #1143, #2180, #1236, #1749, #1058, #3415, #1232, #3679, #72, #2949, #1071, #1754, #1200, #1829, #323, #1302, #1808, #3462, #2341, #2236, #3343, #2723, #486, #307, #1637, #1713, #557, #2517, #3703, #648, #3338, #2650, #2608, #2660, #2191, #222, #3345, #3112, #1542, #816, #2083, #3721, #3595, #743, #1457, #3542, #429, #1758, #2288, #3289, #2224, #2534, #3217, #317, #2362, #3512, #1696, #1011, #721, #2491, #2602, #1819, #1222, #2566, #2870, #181, #3295, #2406, #1298, #2104, #3823, #1495, #2540, #3607, #1580, #487, #3078, #2000, #3576, #3749, #3628, #3159, #2249, #2646, #612, #2640, #2179, #2614, #3600, #2115, #3753, #3430, #1133, #3754, #1057, #1469, #3684, #22, #3467, #1348, #506, #2429, #3246, #1520, #2740, #2470, #1770, #1227, #3053, #771, #60, #3312, #85, #3024, #3052, #2436, #1309, #3131, #124 ) ) ;
#2527 = ORIENTED_EDGE ( 'NONE', *, *, #3309, .F. ) ;
#2528 = ORIENTED_EDGE ( 'NONE', *, *, #1253, .F. ) ;
#2529 = VECTOR ( 'NONE', #1694, 1000.000000000000000 ) ;
#2530 = EDGE_LOOP ( 'NONE', ( #376, #3010, #1874, #489 ) ) ;
#2531 =( NAMED_UNIT ( * ) PLANE_ANGLE_UNIT ( ) SI_UNIT ( $, .RADIAN. ) );
#2532 = CARTESIAN_POINT ( 'NONE',  ( -11.83179519312907679, -28.47129294843108482, 3.292323440001584611 ) ) ;
#2533 = AXIS2_PLACEMENT_3D ( 'NONE', #3840, #3486, #1123 ) ;
#2534 = ADVANCED_FACE ( 'NONE', ( #2693 ), #1512, .F. ) ;
#2535 = ORIENTED_EDGE ( 'NONE', *, *, #3878, .F. ) ;
#2536 = CIRCLE ( 'NONE', #3042, 2.500000000000019540 ) ;
#2537 = DIRECTION ( 'NONE',  ( 2.135044278125326586E-15, -1.000000000000000000, 0.000000000000000000 ) ) ;
#2538 = EDGE_LOOP ( 'NONE', ( #1771, #51, #1675, #761 ) ) ;
#2539 = CYLINDRICAL_SURFACE ( 'NONE', #2147, 2.749999999999995559 ) ;
#2540 = ADVANCED_FACE ( 'NONE', ( #2067 ), #604, .T. ) ;
#2541 = ORIENTED_EDGE ( 'NONE', *, *, #3873, .T. ) ;
#2542 = ORIENTED_EDGE ( 'NONE', *, *, #2017, .T. ) ;
#2543 = CARTESIAN_POINT ( 'NONE',  ( 18.53503777425775567, -26.97129294843108482, 9.999999999999998224 ) ) ;
#2544 = VERTEX_POINT ( 'NONE', #2383 ) ;
#2545 = DIRECTION ( 'NONE',  ( 1.734723475976807341E-16, -1.000000000000000000, 0.000000000000000000 ) ) ;
#2546 = CARTESIAN_POINT ( 'NONE',  ( 9.710935302704847061, 13.48838797301253933, 9.999999999999998224 ) ) ;
#2547 = ORIENTED_EDGE ( 'NONE', *, *, #384, .F. ) ;
#2548 = ORIENTED_EDGE ( 'NONE', *, *, #1108, .F. ) ;
#2549 = PRODUCT_DEFINITION ( 'UNKNOWN', '', #2514, #62 ) ;
#2550 = ORIENTED_EDGE ( 'NONE', *, *, #2053, .T. ) ;
#2551 = DIRECTION ( 'NONE',  ( 0.000000000000000000, 0.000000000000000000, -1.000000000000000000 ) ) ;
#2552 = DIRECTION ( 'NONE',  ( -1.000000000000000000, 0.000000000000000000, 0.000000000000000000 ) ) ;
#2553 = DIRECTION ( 'NONE',  ( 1.000000000000000000, 0.000000000000000000, 0.000000000000000000 ) ) ;
#2554 = VECTOR ( 'NONE', #2525, 1000.000000000000000 ) ;
#2555 = EDGE_LOOP ( 'NONE', ( #3521, #2079, #1250, #2056 ) ) ;
#2556 = LINE ( 'NONE', #449, #1763 ) ;
#2557 = CARTESIAN_POINT ( 'NONE',  ( -16.46496222574226209, -26.97129294843108838, 9.500000000000005329 ) ) ;
#2558 = VECTOR ( 'NONE', #1114, 1000.000000000000000 ) ;
#2559 = VECTOR ( 'NONE', #2156, 1000.000000000000000 ) ;
#2560 = VERTEX_POINT ( 'NONE', #1181 ) ;
#2561 = LINE ( 'NONE', #413, #2207 ) ;
#2562 = CARTESIAN_POINT ( 'NONE',  ( 13.45303777425773539, 25.68270705156890443, 8.499999999999998224 ) ) ;
#2563 = ORIENTED_EDGE ( 'NONE', *, *, #2070, .F. ) ;
#2564 = DIRECTION ( 'NONE',  ( 1.000000000000000000, 0.000000000000000000, 0.000000000000000000 ) ) ;
#2565 = DIRECTION ( 'NONE',  ( 0.000000000000000000, 0.000000000000000000, -1.000000000000000000 ) ) ;
#2566 = ADVANCED_FACE ( 'NONE', ( #586 ), #882, .T. ) ;
#2567 = EDGE_LOOP ( 'NONE', ( #3299, #395, #3793, #1705 ) ) ;
#2568 = VECTOR ( 'NONE', #820, 1000.000000000000000 ) ;
#2569 = CIRCLE ( 'NONE', #2321, 1.000000000000000888 ) ;
#2570 = ORIENTED_EDGE ( 'NONE', *, *, #202, .F. ) ;
#2571 = DIRECTION ( 'NONE',  ( -1.000000000000000000, 0.000000000000000000, -0.000000000000000000 ) ) ;
#2572 = CARTESIAN_POINT ( 'NONE',  ( 2.015431251695973813, 12.66714344531767900, 8.499999999999998224 ) ) ;
#2573 = CARTESIAN_POINT ( 'NONE',  ( -16.21496222574226564, -22.47129294843110969, 3.292323440001584611 ) ) ;
#2574 = VECTOR ( 'NONE', #1452, 1000.000000000000000 ) ;
#2575 = DIRECTION ( 'NONE',  ( 1.000000000000000000, 0.000000000000000000, 0.000000000000000000 ) ) ;
#2576 = CIRCLE ( 'NONE', #114, 1.500000000000001332 ) ;
#2577 = DIRECTION ( 'NONE',  ( 0.000000000000000000, -1.000000000000000000, 0.000000000000000000 ) ) ;
#2578 = LINE ( 'NONE', #2323, #3714 ) ;
#2579 = DIRECTION ( 'NONE',  ( -1.000000000000000000, -2.135044278125326586E-15, 0.000000000000000000 ) ) ;
#2580 = EDGE_CURVE ( 'NONE', #165, #651, #2402, .T. ) ;
#2581 = CARTESIAN_POINT ( 'NONE',  ( 13.53503777425770238, 22.52870705156892583, 9.999999999999998224 ) ) ;
#2582 = ORIENTED_EDGE ( 'NONE', *, *, #361, .T. ) ;
#2583 = DIRECTION ( 'NONE',  ( 0.000000000000000000, 0.000000000000000000, -1.000000000000000000 ) ) ;
#2584 = EDGE_CURVE ( 'NONE', #2888, #3478, #2453, .T. ) ;
#2585 = CARTESIAN_POINT ( 'NONE',  ( 17.53503777425773791, -18.72129294843107772, -4.000000000000000000 ) ) ;
#2586 = ORIENTED_EDGE ( 'NONE', *, *, #2522, .T. ) ;
#2587 = ORIENTED_EDGE ( 'NONE', *, *, #3590, .T. ) ;
#2588 = CARTESIAN_POINT ( 'NONE',  ( 7.453037774257734505, -25.62529294843109540, 8.499999999999998224 ) ) ;
#2589 = CYLINDRICAL_SURFACE ( 'NONE', #2804, 3.000000000000000888 ) ;
#2590 = FACE_OUTER_BOUND ( 'NONE', #442, .T. ) ;
#2591 = EDGE_CURVE ( 'NONE', #2917, #2712, #2755, .T. ) ;
#2592 = CARTESIAN_POINT ( 'NONE',  ( 18.53503777425775922, 3.215316515512184301E-15, 9.999999999999998224 ) ) ;
#2593 = VECTOR ( 'NONE', #968, 1000.000000000000000 ) ;
#2594 = EDGE_CURVE ( 'NONE', #2953, #267, #3602, .T. ) ;
#2595 = ORIENTED_EDGE ( 'NONE', *, *, #148, .F. ) ;
#2596 = CARTESIAN_POINT ( 'NONE',  ( -19.46496222574226920, 27.02870705156890097, 9.500000000000005329 ) ) ;
#2597 = EDGE_CURVE ( 'NONE', #3092, #1684, #1766, .T. ) ;
#2598 = CARTESIAN_POINT ( 'NONE',  ( -11.83179519312905370, 28.52870705156890097, 3.292323440001584611 ) ) ;
#2599 = CIRCLE ( 'NONE', #949, 2.749999999999995559 ) ;
#2600 = DIRECTION ( 'NONE',  ( 1.000000000000000000, 0.000000000000000000, 0.000000000000000000 ) ) ;
#2601 = CYLINDRICAL_SURFACE ( 'NONE', #3794, 2.999999999999999112 ) ;
#2602 = ADVANCED_FACE ( 'NONE', ( #2714 ), #3342, .T. ) ;
#2603 = ORIENTED_EDGE ( 'NONE', *, *, #3866, .T. ) ;
#2604 = FACE_OUTER_BOUND ( 'NONE', #1775, .T. ) ;
#2605 = CARTESIAN_POINT ( 'NONE',  ( 9.710935302704847061, 13.48838797301253933, 8.499999999999998224 ) ) ;
#2606 = EDGE_LOOP ( 'NONE', ( #2697, #3774, #1782, #3827 ) ) ;
#2607 = DIRECTION ( 'NONE',  ( 1.000000000000000000, -0.000000000000000000, 0.000000000000000000 ) ) ;
#2608 = ADVANCED_FACE ( 'NONE', ( #1786 ), #3642, .F. ) ;
#2609 = DIRECTION ( 'NONE',  ( 0.000000000000000000, 0.000000000000000000, 1.000000000000000000 ) ) ;
#2610 = ORIENTED_EDGE ( 'NONE', *, *, #2008, .F. ) ;
#2611 = VERTEX_POINT ( 'NONE', #864 ) ;
#2612 = LINE ( 'NONE', #2312, #3606 ) ;
#2613 = FACE_BOUND ( 'NONE', #333, .T. ) ;
#2614 = ADVANCED_FACE ( 'NONE', ( #1203 ), #2130, .F. ) ;
#2615 = DIRECTION ( 'NONE',  ( 0.000000000000000000, 0.000000000000000000, -1.000000000000000000 ) ) ;
#2616 = FACE_OUTER_BOUND ( 'NONE', #3320, .T. ) ;
#2617 = EDGE_CURVE ( 'NONE', #782, #693, #44, .T. ) ;
#2618 = ORIENTED_EDGE ( 'NONE', *, *, #796, .F. ) ;
#2619 = DIRECTION ( 'NONE',  ( 0.000000000000000000, 0.000000000000000000, 1.000000000000000000 ) ) ;
#2620 = DIRECTION ( 'NONE',  ( 1.000000000000000000, 0.000000000000000000, 0.000000000000000000 ) ) ;
#2621 = AXIS2_PLACEMENT_3D ( 'NONE', #3641, #2980, #1805 ) ;
#2622 = CARTESIAN_POINT ( 'NONE',  ( 15.78503777425775390, -25.22129294843106706, 3.292323440001584611 ) ) ;
#2623 = AXIS2_PLACEMENT_3D ( 'NONE', #379, #2577, #2800 ) ;
#2624 = CARTESIAN_POINT ( 'NONE',  ( 10.45303777425773362, 25.68270705156890443, 3.292323440001584611 ) ) ;
#2625 = CIRCLE ( 'NONE', #2237, 3.000000000000000000 ) ;
#2626 = FACE_OUTER_BOUND ( 'NONE', #125, .T. ) ;
#2627 = DIRECTION ( 'NONE',  ( -0.000000000000000000, -0.000000000000000000, -1.000000000000000000 ) ) ;
#2628 = ORIENTED_EDGE ( 'NONE', *, *, #668, .T. ) ;
#2629 = DIRECTION ( 'NONE',  ( -0.000000000000000000, -0.000000000000000000, 1.000000000000000000 ) ) ;
#2630 = CARTESIAN_POINT ( 'NONE',  ( 7.285040208365947123, -11.83278339979662874, -0.3076765599984150334 ) ) ;
#2631 = VERTEX_POINT ( 'NONE', #1972 ) ;
#2632 = ORIENTED_EDGE ( 'NONE', *, *, #1934, .F. ) ;
#2633 = EDGE_CURVE ( 'NONE', #441, #2852, #2018, .T. ) ;
#2634 = ORIENTED_EDGE ( 'NONE', *, *, #537, .F. ) ;
#2635 = LINE ( 'NONE', #2004, #1342 ) ;
#2636 = FACE_OUTER_BOUND ( 'NONE', #3848, .T. ) ;
#2637 = CARTESIAN_POINT ( 'NONE',  ( -16.96496222574226920, 25.27870705156888320, -4.002000000000000668 ) ) ;
#2638 = VECTOR ( 'NONE', #2545, 1000.000000000000000 ) ;
#2639 = CARTESIAN_POINT ( 'NONE',  ( -10.88296222574226668, 25.68270705156890443, 8.499999999999998224 ) ) ;
#2640 = ADVANCED_FACE ( 'NONE', ( #229 ), #3493, .F. ) ;
#2641 = LINE ( 'NONE', #850, #3819 ) ;
#2642 = VECTOR ( 'NONE', #2648, 1000.000000000000000 ) ;
#2643 = CARTESIAN_POINT ( 'NONE',  ( 16.03503777425773436, 27.02870705156891162, 9.999999999999998224 ) ) ;
#2644 = VECTOR ( 'NONE', #2972, 1000.000000000000000 ) ;
#2645 = DIRECTION ( 'NONE',  ( 0.000000000000000000, 0.000000000000000000, -1.000000000000000000 ) ) ;
#2646 = ADVANCED_FACE ( 'NONE', ( #2604 ), #2647, .F. ) ;
#2647 = PLANE ( 'NONE',  #2324 ) ;
#2648 = DIRECTION ( 'NONE',  ( 1.949127501097536200E-16, -1.000000000000000000, 0.000000000000000000 ) ) ;
#2649 = ORIENTED_EDGE ( 'NONE', *, *, #788, .F. ) ;
#2650 = ADVANCED_FACE ( 'NONE', ( #2626 ), #1383, .F. ) ;
#2651 = DIRECTION ( 'NONE',  ( -1.000000000000000000, 0.000000000000000000, 0.000000000000000000 ) ) ;
#2652 = PLANE ( 'NONE',  #221 ) ;
#2653 = VERTEX_POINT ( 'NONE', #3184 ) ;
#2654 = ORIENTED_EDGE ( 'NONE', *, *, #1258, .T. ) ;
#2655 = EDGE_LOOP ( 'NONE', ( #1839, #2212 ) ) ;
#2656 = CARTESIAN_POINT ( 'NONE',  ( -16.21496222574229051, -19.72129294843107417, 3.292323440001584611 ) ) ;
#2657 = CARTESIAN_POINT ( 'NONE',  ( -16.21496222574226564, -22.47129294843110969, -4.002000000000000668 ) ) ;
#2658 = DIRECTION ( 'NONE',  ( 0.7071067811865352493, 0.000000000000000000, -0.7071067811865597852 ) ) ;
#2659 = DIRECTION ( 'NONE',  ( 1.000000000000000000, 0.000000000000000000, 0.000000000000000000 ) ) ;
#2660 = ADVANCED_FACE ( 'NONE', ( #817, #3867 ), #3555, .T. ) ;
#2661 = AXIS2_PLACEMENT_3D ( 'NONE', #3591, #649, #1849 ) ;
#2662 = FACE_BOUND ( 'NONE', #3651, .T. ) ;
#2663 = EDGE_LOOP ( 'NONE', ( #781, #672, #1001, #934 ) ) ;
#2664 = CIRCLE ( 'NONE', #1266, 1.500000000000001332 ) ;
#2665 = CARTESIAN_POINT ( 'NONE',  ( -16.21496222574229051, -25.22129294843106706, 8.499999999999998224 ) ) ;
#2666 = DIRECTION ( 'NONE',  ( 1.000000000000000000, 0.000000000000000000, 0.000000000000000000 ) ) ;
#2667 = ORIENTED_EDGE ( 'NONE', *, *, #3876, .T. ) ;
#2668 = DIRECTION ( 'NONE',  ( -0.000000000000000000, -0.000000000000000000, 1.000000000000000000 ) ) ;
#2669 = EDGE_CURVE ( 'NONE', #2171, #3808, #731, .T. ) ;
#2670 = DIRECTION ( 'NONE',  ( 0.000000000000000000, 0.000000000000000000, 1.000000000000000000 ) ) ;
#2671 = ORIENTED_EDGE ( 'NONE', *, *, #1409, .T. ) ;
#2672 = CARTESIAN_POINT ( 'NONE',  ( 19.03503777425773080, 30.02870705156891162, -4.000000000000000000 ) ) ;
#2673 = DIRECTION ( 'NONE',  ( -1.000000000000000000, -2.703465157366452467E-16, 0.000000000000000000 ) ) ;
#2674 = DIRECTION ( 'NONE',  ( -1.000000000000000000, -0.000000000000000000, -0.000000000000000000 ) ) ;
#2675 = ORIENTED_EDGE ( 'NONE', *, *, #406, .T. ) ;
#2676 = DIRECTION ( 'NONE',  ( 0.000000000000000000, -0.000000000000000000, -1.000000000000000000 ) ) ;
#2677 = CARTESIAN_POINT ( 'NONE',  ( 16.03503777425773436, 27.02870705156891162, -4.000000000000000000 ) ) ;
#2678 = ORIENTED_EDGE ( 'NONE', *, *, #3406, .F. ) ;
#2679 = CARTESIAN_POINT ( 'NONE',  ( -16.46496222574226920, 27.02870705156890097, 9.500000000000005329 ) ) ;
#2680 = EDGE_LOOP ( 'NONE', ( #1015, #3643, #463, #2570 ) ) ;
#2681 = AXIS2_PLACEMENT_3D ( 'NONE', #1405, #2331, #3497 ) ;
#2682 = CARTESIAN_POINT ( 'NONE',  ( -16.21496222574229762, 25.27870705156888320, -4.002000000000000668 ) ) ;
#2683 = DIRECTION ( 'NONE',  ( -1.000000000000000000, 0.000000000000000000, 0.000000000000000000 ) ) ;
#2684 = ORIENTED_EDGE ( 'NONE', *, *, #378, .T. ) ;
#2685 = FACE_OUTER_BOUND ( 'NONE', #2478, .T. ) ;
#2686 = PLANE ( 'NONE',  #1293 ) ;
#2687 = CARTESIAN_POINT ( 'NONE',  ( -16.21496222574229407, 19.77870705156889386, 8.499999999999998224 ) ) ;
#2688 = AXIS2_PLACEMENT_3D ( 'NONE', #3405, #685, #405 ) ;
#2689 = ORIENTED_EDGE ( 'NONE', *, *, #1551, .T. ) ;
#2690 = AXIS2_PLACEMENT_3D ( 'NONE', #2573, #3461, #1575 ) ;
#2691 = EDGE_CURVE ( 'NONE', #1541, #3038, #1442, .T. ) ;
#2692 = DIRECTION ( 'NONE',  ( 1.000000000000000000, 0.000000000000000000, 0.000000000000000000 ) ) ;
#2693 = FACE_OUTER_BOUND ( 'NONE', #1556, .T. ) ;
#2694 = SURFACE_SIDE_STYLE ('',( #1477 ) ) ;
#2695 = CARTESIAN_POINT ( 'NONE',  ( -9.066960760898265193, 21.25670570879590571, 9.999999999999998224 ) ) ;
#2696 = EDGE_CURVE ( 'NONE', #1816, #2203, #1401, .T. ) ;
#2697 = ORIENTED_EDGE ( 'NONE', *, *, #1944, .T. ) ;
#2698 = VECTOR ( 'NONE', #171, 1000.000000000000000 ) ;
#2699 = LINE ( 'NONE', #7, #3351 ) ;
#2700 = VECTOR ( 'NONE', #920, 1000.000000000000000 ) ;
#2701 = ORIENTED_EDGE ( 'NONE', *, *, #3585, .F. ) ;
#2702 = VECTOR ( 'NONE', #2005, 1000.000000000000000 ) ;
#2703 = DIRECTION ( 'NONE',  ( -1.000000000000000000, 0.000000000000000000, 0.000000000000000000 ) ) ;
#2704 = FACE_OUTER_BOUND ( 'NONE', #3470, .T. ) ;
#2705 = EDGE_LOOP ( 'NONE', ( #1547, #2541, #3276, #777 ) ) ;
#2706 = LINE ( 'NONE', #3315, #2011 ) ;
#2707 = PLANE ( 'NONE',  #3007 ) ;
#2708 = FACE_OUTER_BOUND ( 'NONE', #3869, .T. ) ;
#2709 = CIRCLE ( 'NONE', #3529, 3.500000000000000444 ) ;
#2710 = EDGE_CURVE ( 'NONE', #1685, #93, #1462, .T. ) ;
#2711 = EDGE_LOOP ( 'NONE', ( #152, #3560 ) ) ;
#2712 = VERTEX_POINT ( 'NONE', #2304 ) ;
#2713 = CARTESIAN_POINT ( 'NONE',  ( 19.03503777425774146, -26.97129294843108482, -4.000000000000000000 ) ) ;
#2714 = FACE_OUTER_BOUND ( 'NONE', #131, .T. ) ;
#2715 = VECTOR ( 'NONE', #1336, 1000.000000000000000 ) ;
#2716 = EDGE_LOOP ( 'NONE', ( #81, #1244, #1338, #1276 ) ) ;
#2717 = ORIENTED_EDGE ( 'NONE', *, *, #1607, .T. ) ;
#2718 = CARTESIAN_POINT ( 'NONE',  ( -14.71496222574226387, -22.47129294843110969, 3.292323440001584611 ) ) ;
#2719 = EDGE_CURVE ( 'NONE', #430, #89, #1718, .T. ) ;
#2720 = CARTESIAN_POINT ( 'NONE',  ( -7.882962225742265794, 25.68270705156890443, 1.699999999999999289 ) ) ;
#2721 = EDGE_CURVE ( 'NONE', #3835, #73, #2347, .T. ) ;
#2722 = EDGE_CURVE ( 'NONE', #2806, #3265, #3571, .T. ) ;
#2723 = ADVANCED_FACE ( 'NONE', ( #2912 ), #209, .F. ) ;
#2724 = CARTESIAN_POINT ( 'NONE',  ( -16.21496222574226564, -22.47129294843110969, 3.000000000000001776 ) ) ;
#2725 = AXIS2_PLACEMENT_3D ( 'NONE', #147, #750, #1636 ) ;
#2726 = ORIENTED_EDGE ( 'NONE', *, *, #187, .F. ) ;
#2727 = VECTOR ( 'NONE', #3428, 1000.000000000000000 ) ;
#2728 = CARTESIAN_POINT ( 'NONE',  ( -16.21496222574226564, -22.47129294843110969, 5.000000000000001776 ) ) ;
#2729 = EDGE_LOOP ( 'NONE', ( #1937, #3114, #1372, #3004 ) ) ;
#2730 = DIRECTION ( 'NONE',  ( -0.000000000000000000, -0.000000000000000000, 1.000000000000000000 ) ) ;
#2731 = LINE ( 'NONE', #14, #2119 ) ;
#2732 = DIRECTION ( 'NONE',  ( 0.000000000000000000, -1.000000000000000000, 0.000000000000000000 ) ) ;
#2733 = VECTOR ( 'NONE', #1480, 1000.000000000000000 ) ;
#2734 = EDGE_LOOP ( 'NONE', ( #156, #1390 ) ) ;
#2735 = PLANE ( 'NONE',  #3900 ) ;
#2736 = AXIS2_PLACEMENT_3D ( 'NONE', #1377, #2275, #471 ) ;
#2737 = DIRECTION ( 'NONE',  ( 1.000000000000000000, 0.000000000000000000, 0.000000000000000000 ) ) ;
#2738 = CARTESIAN_POINT ( 'NONE',  ( -16.96496222574226564, 19.77870705156889031, -4.002000000000000668 ) ) ;
#2739 = ORIENTED_EDGE ( 'NONE', *, *, #3531, .F. ) ;
#2740 = ADVANCED_FACE ( 'NONE', ( #3534, #2058 ), #3270, .T. ) ;
#2741 = CARTESIAN_POINT ( 'NONE',  ( 0.000000000000000000, 0.000000000000000000, 9.999999999999998224 ) ) ;
#2742 = DIRECTION ( 'NONE',  ( 0.7071067811865376918, 0.000000000000000000, 0.7071067811865574537 ) ) ;
#2743 = EDGE_CURVE ( 'NONE', #3082, #1657, #1677, .T. ) ;
#2744 = CYLINDRICAL_SURFACE ( 'NONE', #508, 1.500000000000001332 ) ;
#2745 = CARTESIAN_POINT ( 'NONE',  ( 2.015431251695973813, 12.66714344531767900, 9.999999999999998224 ) ) ;
#2746 = ORIENTED_EDGE ( 'NONE', *, *, #1780, .T. ) ;
#2747 = CARTESIAN_POINT ( 'NONE',  ( -17.96496222574226564, 26.27870705156888320, 3.292323440001584611 ) ) ;
#2748 = DIRECTION ( 'NONE',  ( -0.000000000000000000, -0.000000000000000000, -1.000000000000000000 ) ) ;
#2749 = ORIENTED_EDGE ( 'NONE', *, *, #828, .T. ) ;
#2750 = VERTEX_POINT ( 'NONE', #775 ) ;
#2751 = AXIS2_PLACEMENT_3D ( 'NONE', #2026, #1433, #2270 ) ;
#2752 = DIRECTION ( 'NONE',  ( 1.000000000000000000, 0.000000000000000000, 0.000000000000000000 ) ) ;
#2753 = CARTESIAN_POINT ( 'NONE',  ( -10.66696076089826661, 21.25670570879590571, 8.499999999999994671 ) ) ;
#2754 = CIRCLE ( 'NONE', #278, 2.250000000000001776 ) ;
#2755 = LINE ( 'NONE', #2738, #3838 ) ;
#2756 = FACE_OUTER_BOUND ( 'NONE', #1963, .T. ) ;
#2757 = CARTESIAN_POINT ( 'NONE',  ( -19.46496222574226920, 28.52870705156889741, 3.292323440001584611 ) ) ;
#2758 = FACE_OUTER_BOUND ( 'NONE', #3381, .T. ) ;
#2759 = CIRCLE ( 'NONE', #3646, 1.000000000000000888 ) ;
#2760 = VERTEX_POINT ( 'NONE', #2895 ) ;
#2761 = AXIS2_PLACEMENT_3D ( 'NONE', #3279, #513, #3877 ) ;
#2762 = DIRECTION ( 'NONE',  ( 1.000000000000000000, 0.000000000000000000, 0.000000000000000000 ) ) ;
#2763 = ORIENTED_EDGE ( 'NONE', *, *, #1364, .T. ) ;
#2764 = CARTESIAN_POINT ( 'NONE',  ( 16.53503777425773436, 19.77870705156889031, -4.002000000000000668 ) ) ;
#2765 = DIRECTION ( 'NONE',  ( 1.000000000000000000, 0.000000000000000000, 0.000000000000000000 ) ) ;
#2766 = EDGE_CURVE ( 'NONE', #165, #2996, #3352, .T. ) ;
#2767 = VERTEX_POINT ( 'NONE', #873 ) ;
#2768 = ORIENTED_EDGE ( 'NONE', *, *, #3463, .T. ) ;
#2769 = EDGE_CURVE ( 'NONE', #3119, #1918, #1493, .T. ) ;
#2770 = CARTESIAN_POINT ( 'NONE',  ( 15.78503777425773613, -22.47129294843107417, 5.000000000000001776 ) ) ;
#2771 = AXIS2_PLACEMENT_3D ( 'NONE', #2077, #595, #1251 ) ;
#2772 = EDGE_CURVE ( 'NONE', #1959, #1430, #3013, .T. ) ;
#2773 = DIRECTION ( 'NONE',  ( -1.000000000000000000, 0.000000000000000000, 0.000000000000000000 ) ) ;
#2774 = EDGE_LOOP ( 'NONE', ( #1454, #186, #444, #3687 ) ) ;
#2775 = ORIENTED_EDGE ( 'NONE', *, *, #3483, .F. ) ;
#2776 = DIRECTION ( 'NONE',  ( -1.000000000000000000, 0.000000000000000000, 0.000000000000000000 ) ) ;
#2777 = AXIS2_PLACEMENT_3D ( 'NONE', #2944, #1533, #3003 ) ;
#2778 = DIRECTION ( 'NONE',  ( -1.000000000000000000, 0.000000000000000000, 0.000000000000000000 ) ) ;
#2779 = EDGE_CURVE ( 'NONE', #2653, #2900, #3263, .T. ) ;
#2780 = CARTESIAN_POINT ( 'NONE',  ( 4.793649565339142882, 12.66714344531767900, -4.001000000000001222 ) ) ;
#2781 = ORIENTED_EDGE ( 'NONE', *, *, #1239, .F. ) ;
#2782 = ORIENTED_EDGE ( 'NONE', *, *, #3116, .T. ) ;
#2783 = CARTESIAN_POINT ( 'NONE',  ( -10.88296222574226668, 25.68270705156890443, -0.1000000000000002554 ) ) ;
#2784 = CARTESIAN_POINT ( 'NONE',  ( 10.45303777425773362, -25.62529294843109540, 1.699999999999999289 ) ) ;
#2785 = CARTESIAN_POINT ( 'NONE',  ( 13.45303777425773539, -25.62529294843109540, 1.699999999999999289 ) ) ;
#2786 = ORIENTED_EDGE ( 'NONE', *, *, #2221, .T. ) ;
#2787 = CIRCLE ( 'NONE', #566, 1.000000000000000888 ) ;
#2788 = FACE_OUTER_BOUND ( 'NONE', #971, .T. ) ;
#2789 = EDGE_CURVE ( 'NONE', #2834, #693, #2410, .T. ) ;
#2790 = CARTESIAN_POINT ( 'NONE',  ( -10.66696076089826661, 17.28171028643190610, 9.999999999999998224 ) ) ;
#2791 = EDGE_LOOP ( 'NONE', ( #2524, #3409, #1095, #2498 ) ) ;
#2792 = CIRCLE ( 'NONE', #1004, 2.749999999999995559 ) ;
#2793 = ORIENTED_EDGE ( 'NONE', *, *, #1799, .T. ) ;
#2794 = DIRECTION ( 'NONE',  ( 1.000000000000000000, -0.000000000000000000, 0.000000000000000000 ) ) ;
#2795 = EDGE_CURVE ( 'NONE', #1139, #2974, #1429, .T. ) ;
#2796 = DIRECTION ( 'NONE',  ( -0.000000000000000000, 1.000000000000000000, -0.000000000000000000 ) ) ;
#2797 = ORIENTED_EDGE ( 'NONE', *, *, #314, .T. ) ;
#2798 = ORIENTED_EDGE ( 'NONE', *, *, #1606, .F. ) ;
#2799 = DIRECTION ( 'NONE',  ( -0.000000000000000000, -0.000000000000000000, -1.000000000000000000 ) ) ;
#2800 = DIRECTION ( 'NONE',  ( 0.000000000000000000, -0.000000000000000000, -1.000000000000000000 ) ) ;
#2801 = ORIENTED_EDGE ( 'NONE', *, *, #2743, .T. ) ;
#2802 = DIRECTION ( 'NONE',  ( 1.000000000000000000, 0.000000000000000000, 0.000000000000000000 ) ) ;
#2803 = DIRECTION ( 'NONE',  ( 1.000000000000000000, 0.000000000000000000, 0.000000000000000000 ) ) ;
#2804 = AXIS2_PLACEMENT_3D ( 'NONE', #3523, #3855, #1140 ) ;
#2805 = ORIENTED_EDGE ( 'NONE', *, *, #2474, .T. ) ;
#2806 = VERTEX_POINT ( 'NONE', #3612 ) ;
#2807 = AXIS2_PLACEMENT_3D ( 'NONE', #3894, #2994, #1175 ) ;
#2808 = VERTEX_POINT ( 'NONE', #283 ) ;
#2809 = CARTESIAN_POINT ( 'NONE',  ( -19.46496222574226209, -28.47129294843108482, 8.499999999999998224 ) ) ;
#2810 = FACE_OUTER_BOUND ( 'NONE', #2060, .T. ) ;
#2811 = EDGE_CURVE ( 'NONE', #2544, #2395, #2098, .T. ) ;
#2812 = AXIS2_PLACEMENT_3D ( 'NONE', #2172, #120, #1628 ) ;
#2813 = DIRECTION ( 'NONE',  ( 0.000000000000000000, 0.000000000000000000, -1.000000000000000000 ) ) ;
#2814 = VERTEX_POINT ( 'NONE', #3313 ) ;
#2815 = ORIENTED_EDGE ( 'NONE', *, *, #3357, .T. ) ;
#2816 = CARTESIAN_POINT ( 'NONE',  ( 16.03503777425773791, -26.97129294843108838, 3.292323440001584611 ) ) ;
#2817 = ORIENTED_EDGE ( 'NONE', *, *, #3588, .T. ) ;
#2818 = AXIS2_PLACEMENT_3D ( 'NONE', #2039, #269, #1721 ) ;
#2819 = CARTESIAN_POINT ( 'NONE',  ( -16.21496222574229762, 22.52870705156888675, 3.000000000000001776 ) ) ;
#2820 = EDGE_CURVE ( 'NONE', #3038, #430, #53, .T. ) ;
#2821 = CARTESIAN_POINT ( 'NONE',  ( -10.88296222574226668, -25.62529294843109540, 1.699999999999999289 ) ) ;
#2822 = CIRCLE ( 'NONE', #3649, 3.000000000000000888 ) ;
#2823 = ORIENTED_EDGE ( 'NONE', *, *, #404, .T. ) ;
#2824 = VECTOR ( 'NONE', #1666, 1000.000000000000000 ) ;
#2825 = ORIENTED_EDGE ( 'NONE', *, *, #1516, .T. ) ;
#2826 = DIRECTION ( 'NONE',  ( -1.000000000000000000, 0.000000000000000000, 0.000000000000000000 ) ) ;
#2827 = CARTESIAN_POINT ( 'NONE',  ( -7.714959791634052877, -29.97129294843108838, 3.292323440001584611 ) ) ;
#2828 = ORIENTED_EDGE ( 'NONE', *, *, #294, .F. ) ;
#2829 = EDGE_CURVE ( 'NONE', #919, #214, #2990, .T. ) ;
#2830 = CYLINDRICAL_SURFACE ( 'NONE', #2087, 2.999999999999999112 ) ;
#2831 = ORIENTED_EDGE ( 'NONE', *, *, #318, .T. ) ;
#2832 = VERTEX_POINT ( 'NONE', #302 ) ;
#2833 = EDGE_CURVE ( 'NONE', #584, #3444, #3033, .T. ) ;
#2834 = VERTEX_POINT ( 'NONE', #1794 ) ;
#2835 = FACE_OUTER_BOUND ( 'NONE', #3711, .T. ) ;
#2836 = ORIENTED_EDGE ( 'NONE', *, *, #3724, .F. ) ;
#2837 = ORIENTED_EDGE ( 'NONE', *, *, #2052, .F. ) ;
#2838 = CARTESIAN_POINT ( 'NONE',  ( 11.40187074164453840, -28.47129294843108482, 8.499999999999998224 ) ) ;
#2839 = ORIENTED_EDGE ( 'NONE', *, *, #1606, .T. ) ;
#2840 = DIRECTION ( 'NONE',  ( 0.7071067811865574537, 8.177564888978113732E-17, -0.7071067811865376918 ) ) ;
#2841 = DIRECTION ( 'NONE',  ( 1.000000000000000000, -1.156482317317871725E-15, 0.000000000000000000 ) ) ;
#2842 = AXIS2_PLACEMENT_3D ( 'NONE', #2784, #74, #3471 ) ;
#2843 = ORIENTED_EDGE ( 'NONE', *, *, #652, .T. ) ;
#2844 = ORIENTED_EDGE ( 'NONE', *, *, #1934, .T. ) ;
#2845 = VECTOR ( 'NONE', #279, 1000.000000000000000 ) ;
#2846 = ORIENTED_EDGE ( 'NONE', *, *, #2432, .F. ) ;
#2847 = CARTESIAN_POINT ( 'NONE',  ( -19.46496222574226920, 28.52870705156889741, 8.499999999999998224 ) ) ;
#2848 = DIRECTION ( 'NONE',  ( -0.000000000000000000, -0.000000000000000000, -1.000000000000000000 ) ) ;
#2849 = CIRCLE ( 'NONE', #1138, 1.074999999999999512 ) ;
#2850 = ORIENTED_EDGE ( 'NONE', *, *, #1893, .F. ) ;
#2851 = LINE ( 'NONE', #1037, #3798 ) ;
#2852 = VERTEX_POINT ( 'NONE', #619 ) ;
#2853 = ORIENTED_EDGE ( 'NONE', *, *, #3239, .T. ) ;
#2854 = DIRECTION ( 'NONE',  ( 1.000000000000000000, 0.000000000000000000, 0.000000000000000000 ) ) ;
#2855 = DIRECTION ( 'NONE',  ( 1.000000000000000000, 0.000000000000000000, 0.000000000000000000 ) ) ;
#2856 = ORIENTED_EDGE ( 'NONE', *, *, #2301, .F. ) ;
#2857 = CARTESIAN_POINT ( 'NONE',  ( -16.21496222574229762, 22.52870705156888675, 3.292323440001584611 ) ) ;
#2858 = CARTESIAN_POINT ( 'NONE',  ( -10.88296222574226668, 25.68270705156890443, 1.699999999999999289 ) ) ;
#2859 = ORIENTED_EDGE ( 'NONE', *, *, #2279, .T. ) ;
#2860 = ORIENTED_EDGE ( 'NONE', *, *, #482, .T. ) ;
#2861 = VERTEX_POINT ( 'NONE', #1814 ) ;
#2862 = CARTESIAN_POINT ( 'NONE',  ( -16.21496222574229051, -25.22129294843106706, 8.499999999999998224 ) ) ;
#2863 = DIRECTION ( 'NONE',  ( -0.000000000000000000, 1.000000000000000000, -0.000000000000000000 ) ) ;
#2864 = LINE ( 'NONE', #702, #1659 ) ;
#2865 = AXIS2_PLACEMENT_3D ( 'NONE', #622, #1197, #2352 ) ;
#2866 = EDGE_LOOP ( 'NONE', ( #2786, #3137, #930, #3105 ) ) ;
#2867 = CARTESIAN_POINT ( 'NONE',  ( 7.453037774257734505, 25.68270705156890443, 1.699999999999999289 ) ) ;
#2868 = ORIENTED_EDGE ( 'NONE', *, *, #435, .T. ) ;
#2869 = DIRECTION ( 'NONE',  ( -0.000000000000000000, -0.000000000000000000, -1.000000000000000000 ) ) ;
#2870 = ADVANCED_FACE ( 'NONE', ( #915 ), #3907, .T. ) ;
#2871 = AXIS2_PLACEMENT_3D ( 'NONE', #574, #630, #2778 ) ;
#2872 = DIRECTION ( 'NONE',  ( 0.000000000000000000, 0.000000000000000000, -1.000000000000000000 ) ) ;
#2873 = VECTOR ( 'NONE', #977, 1000.000000000000000 ) ;
#2874 = CARTESIAN_POINT ( 'NONE',  ( -16.21496222574229762, 22.52870705156889031, 9.999999999999998224 ) ) ;
#2875 = DIRECTION ( 'NONE',  ( 0.000000000000000000, 0.000000000000000000, -1.000000000000000000 ) ) ;
#2876 = ORIENTED_EDGE ( 'NONE', *, *, #3, .F. ) ;
#2877 = CARTESIAN_POINT ( 'NONE',  ( 9.378037774257734327, 25.68270705156890443, -0.1000000000000002554 ) ) ;
#2878 = EDGE_CURVE ( 'NONE', #2274, #3735, #3633, .T. ) ;
#2879 = CARTESIAN_POINT ( 'NONE',  ( -16.21496222574229762, 25.27870705156888320, 8.499999999999998224 ) ) ;
#2880 = ORIENTED_EDGE ( 'NONE', *, *, #1003, .F. ) ;
#2881 = ORIENTED_EDGE ( 'NONE', *, *, #2001, .T. ) ;
#2882 = EDGE_CURVE ( 'NONE', #3808, #2171, #1367, .T. ) ;
#2883 = AXIS2_PLACEMENT_3D ( 'NONE', #1193, #3613, #2099 ) ;
#2884 = CARTESIAN_POINT ( 'NONE',  ( -9.807962225742267393, -25.62529294843109540, 1.699999999999999289 ) ) ;
#2885 = DIRECTION ( 'NONE',  ( -0.000000000000000000, -0.000000000000000000, 1.000000000000000000 ) ) ;
#2886 = DIRECTION ( 'NONE',  ( 0.000000000000000000, 0.000000000000000000, -1.000000000000000000 ) ) ;
#2887 = VECTOR ( 'NONE', #798, 1000.000000000000000 ) ;
#2888 = VERTEX_POINT ( 'NONE', #31 ) ;
#2889 = LINE ( 'NONE', #2924, #3611 ) ;
#2890 = VECTOR ( 'NONE', #227, 1000.000000000000000 ) ;
#2891 = CARTESIAN_POINT ( 'NONE',  ( -16.21496222574229051, -19.72129294843107417, -4.002000000000000668 ) ) ;
#2892 = CARTESIAN_POINT ( 'NONE',  ( -13.46496222574226920, -22.47129294843110969, 8.499999999999998224 ) ) ;
#2893 = EDGE_CURVE ( 'NONE', #1561, #1685, #2461, .T. ) ;
#2894 = CARTESIAN_POINT ( 'NONE',  ( 11.40187074164451175, 28.52870705156890452, 3.292323440001584611 ) ) ;
#2895 = CARTESIAN_POINT ( 'NONE',  ( 18.53503777425775567, 27.02870705156891162, 9.999999999999998224 ) ) ;
#2896 = DIRECTION ( 'NONE',  ( 1.000000000000000000, 0.000000000000000000, 0.000000000000000000 ) ) ;
#2897 = ORIENTED_EDGE ( 'NONE', *, *, #2065, .F. ) ;
#2898 = CYLINDRICAL_SURFACE ( 'NONE', #854, 1.074999999999999512 ) ;
#2899 = DIRECTION ( 'NONE',  ( -1.000000000000000000, 2.135044278125326981E-15, -0.000000000000000000 ) ) ;
#2900 = VERTEX_POINT ( 'NONE', #2426 ) ;
#2901 = ORIENTED_EDGE ( 'NONE', *, *, #92, .T. ) ;
#2902 = DIRECTION ( 'NONE',  ( 1.000000000000000000, 0.000000000000000000, 0.000000000000000000 ) ) ;
#2903 = DIRECTION ( 'NONE',  ( -0.000000000000000000, 0.000000000000000000, 1.000000000000000000 ) ) ;
#2904 = DIRECTION ( 'NONE',  ( -0.000000000000000000, -0.000000000000000000, 1.000000000000000000 ) ) ;
#2905 = DIRECTION ( 'NONE',  ( -0.000000000000000000, -0.000000000000000000, 1.000000000000000000 ) ) ;
#2906 = CIRCLE ( 'NONE', #2842, 3.000000000000000000 ) ;
#2907 = LINE ( 'NONE', #3506, #3097 ) ;
#2908 = DIRECTION ( 'NONE',  ( 1.000000000000000000, 0.000000000000000000, 0.000000000000000000 ) ) ;
#2909 = AXIS2_PLACEMENT_3D ( 'NONE', #2639, #2963, #2946 ) ;
#2910 = CARTESIAN_POINT ( 'NONE',  ( 16.53503777425774146, -26.22129294843106706, 8.499999999999998224 ) ) ;
#2911 = FACE_OUTER_BOUND ( 'NONE', #2357, .T. ) ;
#2912 = FACE_OUTER_BOUND ( 'NONE', #1491, .T. ) ;
#2913 = DIRECTION ( 'NONE',  ( -1.000000000000000000, 0.000000000000000000, -0.000000000000000000 ) ) ;
#2914 = ORIENTED_EDGE ( 'NONE', *, *, #2952, .F. ) ;
#2915 = DIRECTION ( 'NONE',  ( 1.000000000000000000, 0.000000000000000000, 0.000000000000000000 ) ) ;
#2916 = CARTESIAN_POINT ( 'NONE',  ( -10.14106361317946003, 13.48838797301254111, 8.499999999999994671 ) ) ;
#2917 = VERTEX_POINT ( 'NONE', #951 ) ;
#2918 = EDGE_CURVE ( 'NONE', #3735, #3511, #3672, .T. ) ;
#2919 = ORIENTED_EDGE ( 'NONE', *, *, #384, .T. ) ;
#2920 = FACE_OUTER_BOUND ( 'NONE', #600, .T. ) ;
#2921 = CARTESIAN_POINT ( 'NONE',  ( 16.03503777425773791, 30.02870705156891162, 9.500000000000005329 ) ) ;
#2922 = LINE ( 'NONE', #1767, #2948 ) ;
#2923 = ORIENTED_EDGE ( 'NONE', *, *, #378, .F. ) ;
#2924 = CARTESIAN_POINT ( 'NONE',  ( 15.78503777425776100, 19.77870705156889031, -4.002000000000000668 ) ) ;
#2925 = EDGE_CURVE ( 'NONE', #651, #1781, #357, .T. ) ;
#2926 = DIRECTION ( 'NONE',  ( 0.000000000000000000, 0.000000000000000000, 1.000000000000000000 ) ) ;
#2927 = AXIS2_PLACEMENT_3D ( 'NONE', #2672, #2998, #3579 ) ;
#2928 = CARTESIAN_POINT ( 'NONE',  ( 16.53503777425773436, 19.77870705156889031, 8.499999999999998224 ) ) ;
#2929 = EDGE_CURVE ( 'NONE', #1720, #569, #2576, .T. ) ;
#2930 = CIRCLE ( 'NONE', #2437, 3.000000000000000888 ) ;
#2931 = DIRECTION ( 'NONE',  ( 1.949127501097536200E-16, 1.000000000000000000, -0.000000000000000000 ) ) ;
#2932 = CIRCLE ( 'NONE', #3696, 2.999999999999999112 ) ;
#2933 = DIRECTION ( 'NONE',  ( 0.000000000000000000, -1.000000000000000000, 0.000000000000000000 ) ) ;
#2934 = DIRECTION ( 'NONE',  ( 1.000000000000000000, 0.000000000000000000, 0.000000000000000000 ) ) ;
#2935 = ORIENTED_EDGE ( 'NONE', *, *, #3538, .T. ) ;
#2936 = CYLINDRICAL_SURFACE ( 'NONE', #3705, 1.074999999999999512 ) ;
#2937 = FACE_OUTER_BOUND ( 'NONE', #2567, .T. ) ;
#2938 = EDGE_LOOP ( 'NONE', ( #1311, #2988 ) ) ;
#2939 = ORIENTED_EDGE ( 'NONE', *, *, #1079, .T. ) ;
#2940 = EDGE_CURVE ( 'NONE', #3014, #3745, #865, .T. ) ;
#2941 = VERTEX_POINT ( 'NONE', #2928 ) ;
#2942 = CARTESIAN_POINT ( 'NONE',  ( 5.952039483241733819, 19.84070686846390430, 9.999999999999998224 ) ) ;
#2943 = CYLINDRICAL_SURFACE ( 'NONE', #670, 1.074999999999999512 ) ;
#2944 = CARTESIAN_POINT ( 'NONE',  ( 0.000000000000000000, 0.000000000000000000, 0.000000000000000000 ) ) ;
#2945 = VECTOR ( 'NONE', #1067, 1000.000000000000000 ) ;
#2946 = DIRECTION ( 'NONE',  ( -1.000000000000000000, 0.000000000000000000, 0.000000000000000000 ) ) ;
#2947 = CARTESIAN_POINT ( 'NONE',  ( -11.83179519312907679, -28.47129294843108482, 8.499999999999998224 ) ) ;
#2948 = VECTOR ( 'NONE', #2674, 1000.000000000000000 ) ;
#2949 = ADVANCED_FACE ( 'NONE', ( #3844 ), #1062, .F. ) ;
#2950 = VECTOR ( 'NONE', #1562, 1000.000000000000000 ) ;
#2951 = CARTESIAN_POINT ( 'NONE',  ( -13.46496222574230295, 22.52870705156889031, 3.292323440001584611 ) ) ;
#2952 = EDGE_CURVE ( 'NONE', #2250, #1498, #982, .T. ) ;
#2953 = VERTEX_POINT ( 'NONE', #3821 ) ;
#2954 = DIRECTION ( 'NONE',  ( -0.000000000000000000, 1.000000000000000000, 0.000000000000000000 ) ) ;
#2955 = DIRECTION ( 'NONE',  ( 1.000000000000000000, 1.156482317317871133E-15, 0.000000000000000000 ) ) ;
#2956 = EDGE_LOOP ( 'NONE', ( #1801, #3495, #999, #3375 ) ) ;
#2957 = FACE_BOUND ( 'NONE', #2655, .T. ) ;
#2958 = DIRECTION ( 'NONE',  ( 0.000000000000000000, -0.000000000000000000, -1.000000000000000000 ) ) ;
#2959 = ORIENTED_EDGE ( 'NONE', *, *, #406, .F. ) ;
#2960 = CARTESIAN_POINT ( 'NONE',  ( 16.03503777425773791, -28.47129294843108482, -4.000000000000000000 ) ) ;
#2961 = DIRECTION ( 'NONE',  ( 1.000000000000000000, 1.734723475976807094E-16, -0.000000000000000000 ) ) ;
#2962 = LINE ( 'NONE', #2637, #810 ) ;
#2963 = DIRECTION ( 'NONE',  ( 0.000000000000000000, 0.000000000000000000, -1.000000000000000000 ) ) ;
#2964 = LINE ( 'NONE', #1164, #345 ) ;
#2965 = AXIS2_PLACEMENT_3D ( 'NONE', #140, #3500, #1776 ) ;
#2966 = ORIENTED_EDGE ( 'NONE', *, *, #1944, .F. ) ;
#2967 = CARTESIAN_POINT ( 'NONE',  ( -16.21496222574229762, 25.27870705156888320, 3.292323440001584611 ) ) ;
#2968 = CIRCLE ( 'NONE', #1000, 1.499999999999999556 ) ;
#2969 = DIRECTION ( 'NONE',  ( 0.000000000000000000, 0.000000000000000000, 1.000000000000000000 ) ) ;
#2970 = VERTEX_POINT ( 'NONE', #3490 ) ;
#2971 = CIRCLE ( 'NONE', #2471, 1.074999999999999512 ) ;
#2972 = DIRECTION ( 'NONE',  ( -0.000000000000000000, -0.000000000000000000, 1.000000000000000000 ) ) ;
#2973 = FACE_OUTER_BOUND ( 'NONE', #3156, .T. ) ;
#2974 = VERTEX_POINT ( 'NONE', #2343 ) ;
#2975 = LINE ( 'NONE', #3522, #69 ) ;
#2976 = DIRECTION ( 'NONE',  ( 1.000000000000000000, 0.000000000000000000, 0.000000000000000000 ) ) ;
#2977 = DIRECTION ( 'NONE',  ( 0.000000000000000000, 0.000000000000000000, 1.000000000000000000 ) ) ;
#2978 = VERTEX_POINT ( 'NONE', #1379 ) ;
#2979 = EDGE_CURVE ( 'NONE', #3442, #2263, #2578, .T. ) ;
#2980 = DIRECTION ( 'NONE',  ( -0.000000000000000000, 0.000000000000000000, 1.000000000000000000 ) ) ;
#2981 = DIRECTION ( 'NONE',  ( -2.135044278125331319E-15, 1.000000000000000000, 0.000000000000000000 ) ) ;
#2982 = LINE ( 'NONE', #3815, #3021 ) ;
#2983 = FACE_BOUND ( 'NONE', #392, .T. ) ;
#2984 = CARTESIAN_POINT ( 'NONE',  ( 7.285040208365946235, -29.97129294843108838, 6.892323440001584700 ) ) ;
#2985 = EDGE_CURVE ( 'NONE', #1346, #3086, #805, .T. ) ;
#2986 = DIRECTION ( 'NONE',  ( -0.000000000000000000, -0.000000000000000000, -1.000000000000000000 ) ) ;
#2987 = VECTOR ( 'NONE', #1312, 1000.000000000000000 ) ;
#2988 = ORIENTED_EDGE ( 'NONE', *, *, #3590, .F. ) ;
#2989 = AXIS2_PLACEMENT_3D ( 'NONE', #3453, #1935, #3145 ) ;
#2990 = LINE ( 'NONE', #358, #1041 ) ;
#2991 = ORIENTED_EDGE ( 'NONE', *, *, #1185, .T. ) ;
#2992 = LINE ( 'NONE', #1817, #1063 ) ;
#2993 = DIRECTION ( 'NONE',  ( 1.156482317317871971E-16, -1.000000000000000000, 0.000000000000000000 ) ) ;
#2994 = DIRECTION ( 'NONE',  ( 0.000000000000000000, 0.000000000000000000, 1.000000000000000000 ) ) ;
#2995 = VECTOR ( 'NONE', #3841, 1000.000000000000000 ) ;
#2996 = VERTEX_POINT ( 'NONE', #3223 ) ;
#2997 = EDGE_CURVE ( 'NONE', #1332, #1504, #1040, .T. ) ;
#2998 = DIRECTION ( 'NONE',  ( 1.000000000000000000, 1.734723475976807094E-16, -0.000000000000000000 ) ) ;
#2999 = CARTESIAN_POINT ( 'NONE',  ( 15.78503777425770060, 22.52870705156892583, 9.999999999999998224 ) ) ;
#3000 = ORIENTED_EDGE ( 'NONE', *, *, #830, .T. ) ;
#3001 = EDGE_CURVE ( 'NONE', #1792, #3444, #3589, .T. ) ;
#3002 = EDGE_CURVE ( 'NONE', #2832, #842, #452, .T. ) ;
#3003 = DIRECTION ( 'NONE',  ( 1.000000000000000000, 0.000000000000000000, 0.000000000000000000 ) ) ;
#3004 = ORIENTED_EDGE ( 'NONE', *, *, #768, .F. ) ;
#3005 = DIRECTION ( 'NONE',  ( -0.000000000000000000, -0.000000000000000000, 1.000000000000000000 ) ) ;
#3006 = CARTESIAN_POINT ( 'NONE',  ( 15.78503777425770060, 22.52870705156892583, 5.000000000000001776 ) ) ;
#3007 = AXIS2_PLACEMENT_3D ( 'NONE', #3616, #3558, #2993 ) ;
#3008 = CARTESIAN_POINT ( 'NONE',  ( 9.378037774257734327, 25.68270705156890443, -0.1000000000000002554 ) ) ;
#3009 = AXIS2_PLACEMENT_3D ( 'NONE', #2416, #2107, #329 ) ;
#3010 = ORIENTED_EDGE ( 'NONE', *, *, #1301, .T. ) ;
#3011 = VERTEX_POINT ( 'NONE', #244 ) ;
#3012 = AXIS2_PLACEMENT_3D ( 'NONE', #3215, #2886, #2292 ) ;
#3013 = LINE ( 'NONE', #3333, #484 ) ;
#3014 = VERTEX_POINT ( 'NONE', #2622 ) ;
#3015 = CARTESIAN_POINT ( 'NONE',  ( -16.96496222574226564, 26.27870705156888320, 3.292323440001584611 ) ) ;
#3016 = CARTESIAN_POINT ( 'NONE',  ( 16.03503777425773436, 27.02870705156891162, -4.000000000000000000 ) ) ;
#3017 = CARTESIAN_POINT ( 'NONE',  ( -19.46496222574226209, -28.47129294843108482, -4.000000000000000000 ) ) ;
#3018 = AXIS2_PLACEMENT_3D ( 'NONE', #747, #3181, #1104 ) ;
#3019 = EDGE_LOOP ( 'NONE', ( #1177, #70, #2501, #255 ) ) ;
#3020 = ORIENTED_EDGE ( 'NONE', *, *, #3387, .F. ) ;
#3021 = VECTOR ( 'NONE', #1099, 1000.000000000000000 ) ;
#3022 = CARTESIAN_POINT ( 'NONE',  ( -16.96496222574226920, 25.27870705156888320, 3.292323440001584611 ) ) ;
#3023 = DIRECTION ( 'NONE',  ( -1.000000000000000000, 0.000000000000000000, -0.000000000000000000 ) ) ;
#3024 = ADVANCED_FACE ( 'NONE', ( #1672 ), #516, .T. ) ;
#3025 = DIRECTION ( 'NONE',  ( -0.000000000000000000, -0.000000000000000000, 1.000000000000000000 ) ) ;
#3026 = EDGE_LOOP ( 'NONE', ( #2266, #3055, #3668, #1912 ) ) ;
#3027 = CARTESIAN_POINT ( 'NONE',  ( 16.03503777425773791, 29.52870705156893294, 9.999999999999998224 ) ) ;
#3028 = CARTESIAN_POINT ( 'NONE',  ( -13.96496222574226209, -22.47129294843110969, 5.000000000000001776 ) ) ;
#3029 = CARTESIAN_POINT ( 'NONE',  ( -17.96496222574226564, 27.02870705156890097, 8.499999999999998224 ) ) ;
#3030 = AXIS2_PLACEMENT_3D ( 'NONE', #1526, #2448, #2101 ) ;
#3031 = ORIENTED_EDGE ( 'NONE', *, *, #1885, .T. ) ;
#3032 = CIRCLE ( 'NONE', #3287, 2.500000000000019540 ) ;
#3033 = LINE ( 'NONE', #341, #1555 ) ;
#3034 = ORIENTED_EDGE ( 'NONE', *, *, #1188, .T. ) ;
#3035 = DIRECTION ( 'NONE',  ( 0.000000000000000000, 0.000000000000000000, -1.000000000000000000 ) ) ;
#3036 = CARTESIAN_POINT ( 'NONE',  ( -16.21496222574229762, 25.27870705156888320, -4.002000000000000668 ) ) ;
#3037 = VECTOR ( 'NONE', #1060, 1000.000000000000000 ) ;
#3038 = VERTEX_POINT ( 'NONE', #2892 ) ;
#3039 = EDGE_CURVE ( 'NONE', #975, #1619, #814, .T. ) ;
#3040 = EDGE_CURVE ( 'NONE', #2760, #1054, #1045, .T. ) ;
#3041 = CARTESIAN_POINT ( 'NONE',  ( -16.96496222574225854, -19.72129294843107417, -4.002000000000000668 ) ) ;
#3042 = AXIS2_PLACEMENT_3D ( 'NONE', #867, #1316, #701 ) ;
#3043 = CARTESIAN_POINT ( 'NONE',  ( 14.28503777425770060, 22.52870705156892583, 5.000000000000001776 ) ) ;
#3044 = CARTESIAN_POINT ( 'NONE',  ( -7.982983065599765860E-15, 29.52870705156892583, 9.999999999999998224 ) ) ;
#3045 = ORIENTED_EDGE ( 'NONE', *, *, #3873, .F. ) ;
#3046 = CYLINDRICAL_SURFACE ( 'NONE', #1634, 3.000000000000000888 ) ;
#3047 = DIRECTION ( 'NONE',  ( -0.000000000000000000, -0.000000000000000000, 1.000000000000000000 ) ) ;
#3048 = CARTESIAN_POINT ( 'NONE',  ( -16.21496222574229051, -19.72129294843107417, -4.002000000000000668 ) ) ;
#3049 = EDGE_CURVE ( 'NONE', #580, #3398, #538, .T. ) ;
#3050 = CARTESIAN_POINT ( 'NONE',  ( 17.53503777425773436, 18.77870705156889031, -4.000000000000000000 ) ) ;
#3051 = ORIENTED_EDGE ( 'NONE', *, *, #3366, .F. ) ;
#3052 = ADVANCED_FACE ( 'NONE', ( #3553 ), #3160, .T. ) ;
#3053 = ADVANCED_FACE ( 'NONE', ( #2032, #3242 ), #793, .T. ) ;
#3054 = DIRECTION ( 'NONE',  ( 0.7071067811865376918, 0.000000000000000000, 0.7071067811865574537 ) ) ;
#3055 = ORIENTED_EDGE ( 'NONE', *, *, #2882, .F. ) ;
#3056 = CARTESIAN_POINT ( 'NONE',  ( -16.46496222574226920, 27.02870705156890097, -4.000000000000000000 ) ) ;
#3057 = LINE ( 'NONE', #1340, #1653 ) ;
#3058 = EDGE_LOOP ( 'NONE', ( #2097, #1091, #2248, #3051 ) ) ;
#3059 = DIRECTION ( 'NONE',  ( -1.000000000000000000, 0.000000000000000000, 0.000000000000000000 ) ) ;
#3060 = AXIS2_PLACEMENT_3D ( 'NONE', #1546, #3674, #1965 ) ;
#3061 = FACE_OUTER_BOUND ( 'NONE', #2043, .T. ) ;
#3062 = VERTEX_POINT ( 'NONE', #4 ) ;
#3063 = EDGE_LOOP ( 'NONE', ( #2433, #2876, #1863, #3391 ) ) ;
#3064 = LINE ( 'NONE', #3404, #1326 ) ;
#3065 = PLANE ( 'NONE',  #96 ) ;
#3066 = LINE ( 'NONE', #1560, #571 ) ;
#3067 = ORIENTED_EDGE ( 'NONE', *, *, #3104, .F. ) ;
#3068 = CIRCLE ( 'NONE', #1736, 2.250000000000001776 ) ;
#3069 = ORIENTED_EDGE ( 'NONE', *, *, #3842, .T. ) ;
#3070 = EDGE_CURVE ( 'NONE', #2363, #1548, #3627, .T. ) ;
#3071 = CARTESIAN_POINT ( 'NONE',  ( 16.53503777425773080, 26.27870705156888320, 3.292323440001584611 ) ) ;
#3072 = FACE_OUTER_BOUND ( 'NONE', #3812, .T. ) ;
#3073 = CARTESIAN_POINT ( 'NONE',  ( -16.21496222574229407, 19.77870705156889031, -4.002000000000000668 ) ) ;
#3074 = EDGE_LOOP ( 'NONE', ( #860, #2717, #3233, #752 ) ) ;
#3075 = VECTOR ( 'NONE', #1729, 1000.000000000000000 ) ;
#3076 = CARTESIAN_POINT ( 'NONE',  ( 4.793649565339142882, 12.66714344531767900, 9.999999999999998224 ) ) ;
#3077 = AXIS2_PLACEMENT_3D ( 'NONE', #1230, #654, #324 ) ;
#3078 = ADVANCED_FACE ( 'NONE', ( #615 ), #25, .T. ) ;
#3079 = CARTESIAN_POINT ( 'NONE',  ( -19.46496222574226920, 30.02870705156890097, 9.500000000000005329 ) ) ;
#3080 = LINE ( 'NONE', #365, #3879 ) ;
#3081 = ORIENTED_EDGE ( 'NONE', *, *, #1065, .F. ) ;
#3082 = VERTEX_POINT ( 'NONE', #2967 ) ;
#3083 = DIRECTION ( 'NONE',  ( -0.000000000000000000, -0.000000000000000000, 1.000000000000000000 ) ) ;
#3084 = DIRECTION ( 'NONE',  ( -1.156482317317871971E-16, 1.000000000000000000, 0.000000000000000000 ) ) ;
#3085 = CARTESIAN_POINT ( 'NONE',  ( -10.88296222574226668, -25.62529294843109540, -0.1000000000000002554 ) ) ;
#3086 = VERTEX_POINT ( 'NONE', #3883 ) ;
#3087 = VERTEX_POINT ( 'NONE', #979 ) ;
#3088 = CARTESIAN_POINT ( 'NONE',  ( -16.21496222574226564, -22.47129294843110969, 9.999999999999998224 ) ) ;
#3089 = DIRECTION ( 'NONE',  ( 1.000000000000000000, 0.000000000000000000, 0.000000000000000000 ) ) ;
#3090 = VERTEX_POINT ( 'NONE', #3694 ) ;
#3091 = CIRCLE ( 'NONE', #1879, 3.000000000000000888 ) ;
#3092 = VERTEX_POINT ( 'NONE', #1603 ) ;
#3093 = EDGE_CURVE ( 'NONE', #2544, #1073, #2709, .T. ) ;
#3094 = CARTESIAN_POINT ( 'NONE',  ( -7.714959791634052877, -11.83278339979662874, 3.292323440001584611 ) ) ;
#3095 = CARTESIAN_POINT ( 'NONE',  ( 16.03503777425773791, 28.52870705156890807, 3.292323440001584611 ) ) ;
#3096 = VERTEX_POINT ( 'NONE', #2753 ) ;
#3097 = VECTOR ( 'NONE', #1080, 1000.000000000000000 ) ;
#3098 = ORIENTED_EDGE ( 'NONE', *, *, #3707, .F. ) ;
#3099 = DIRECTION ( 'NONE',  ( -0.000000000000000000, -0.000000000000000000, 1.000000000000000000 ) ) ;
#3100 = FACE_OUTER_BOUND ( 'NONE', #789, .T. ) ;
#3101 = CARTESIAN_POINT ( 'NONE',  ( 2.452039483241733375, 19.84070686846390430, 8.499999999999998224 ) ) ;
#3102 = ORIENTED_EDGE ( 'NONE', *, *, #2174, .T. ) ;
#3103 = ORIENTED_EDGE ( 'NONE', *, *, #1421, .F. ) ;
#3104 = EDGE_CURVE ( 'NONE', #1959, #698, #364, .T. ) ;
#3105 = ORIENTED_EDGE ( 'NONE', *, *, #3876, .F. ) ;
#3106 = DIRECTION ( 'NONE',  ( 1.000000000000000000, 0.000000000000000000, 0.000000000000000000 ) ) ;
#3107 = EDGE_LOOP ( 'NONE', ( #2216, #1112, #3709, #382 ) ) ;
#3108 = ORIENTED_EDGE ( 'NONE', *, *, #3765, .T. ) ;
#3109 = FACE_OUTER_BOUND ( 'NONE', #643, .T. ) ;
#3110 = LINE ( 'NONE', #3380, #2554 ) ;
#3111 = EDGE_LOOP ( 'NONE', ( #1341, #650 ) ) ;
#3112 = ADVANCED_FACE ( 'NONE', ( #3660 ), #937, .F. ) ;
#3113 = VECTOR ( 'NONE', #2163, 999.9999999999998863 ) ;
#3114 = ORIENTED_EDGE ( 'NONE', *, *, #2420, .T. ) ;
#3115 = CARTESIAN_POINT ( 'NONE',  ( 9.710935302704854166, -22.11161202698745853, 8.499999999999998224 ) ) ;
#3116 = EDGE_CURVE ( 'NONE', #1117, #1221, #1975, .T. ) ;
#3117 = CARTESIAN_POINT ( 'NONE',  ( 17.53503777425773080, 30.02870705156891162, -4.000000000000000000 ) ) ;
#3118 = AXIS2_PLACEMENT_3D ( 'NONE', #3006, #3047, #3666 ) ;
#3119 = VERTEX_POINT ( 'NONE', #3187 ) ;
#3120 = EDGE_CURVE ( 'NONE', #1006, #2164, #1029, .T. ) ;
#3121 = CARTESIAN_POINT ( 'NONE',  ( -16.21496222574229762, 22.52870705156889031, 3.292323440001584611 ) ) ;
#3122 = ORIENTED_EDGE ( 'NONE', *, *, #1306, .F. ) ;
#3123 = CARTESIAN_POINT ( 'NONE',  ( -7.882962225742265794, 25.68270705156890443, 8.499999999999998224 ) ) ;
#3124 = ORIENTED_EDGE ( 'NONE', *, *, #901, .T. ) ;
#3125 = AXIS2_PLACEMENT_3D ( 'NONE', #3016, #1506, #2976 ) ;
#3126 = CARTESIAN_POINT ( 'NONE',  ( -12.64106361317946003, 13.48838797301254111, -4.001000000000001222 ) ) ;
#3127 = EDGE_LOOP ( 'NONE', ( #2158, #1528, #2309, #3098 ) ) ;
#3128 = CARTESIAN_POINT ( 'NONE',  ( 9.710935302704854166, -22.11161202698745853, 9.999999999999998224 ) ) ;
#3129 = CARTESIAN_POINT ( 'NONE',  ( 16.03503777425773791, 30.02870705156891162, -4.000000000000000000 ) ) ;
#3130 = ORIENTED_EDGE ( 'NONE', *, *, #251, .F. ) ;
#3131 = ADVANCED_FACE ( 'NONE', ( #1956 ), #2898, .T. ) ;
#3132 = ORIENTED_EDGE ( 'NONE', *, *, #43, .F. ) ;
#3133 = VECTOR ( 'NONE', #626, 1000.000000000000000 ) ;
#3134 = ORIENTED_EDGE ( 'NONE', *, *, #3120, .F. ) ;
#3135 = FACE_OUTER_BOUND ( 'NONE', #3412, .T. ) ;
#3136 = CARTESIAN_POINT ( 'NONE',  ( -16.46496222574226209, -26.97129294843108838, 9.999999999999998224 ) ) ;
#3137 = ORIENTED_EDGE ( 'NONE', *, *, #1893, .T. ) ;
#3138 = DIRECTION ( 'NONE',  ( 1.000000000000000000, 2.135044278125326586E-15, 0.000000000000000000 ) ) ;
#3139 = ORIENTED_EDGE ( 'NONE', *, *, #3236, .F. ) ;
#3140 = CARTESIAN_POINT ( 'NONE',  ( -12.64106361317945293, -22.11161202698745498, 9.999999999999998224 ) ) ;
#3141 = ORIENTED_EDGE ( 'NONE', *, *, #518, .T. ) ;
#3142 = LINE ( 'NONE', #753, #2945 ) ;
#3143 = EDGE_LOOP ( 'NONE', ( #2020, #658, #3577, #1432 ) ) ;
#3144 = DIRECTION ( 'NONE',  ( 1.000000000000000000, 0.000000000000000000, 0.000000000000000000 ) ) ;
#3145 = DIRECTION ( 'NONE',  ( 1.000000000000000000, 0.000000000000000000, 0.000000000000000000 ) ) ;
#3146 = VECTOR ( 'NONE', #1335, 1000.000000000000000 ) ;
#3147 = VERTEX_POINT ( 'NONE', #3433 ) ;
#3148 = EDGE_LOOP ( 'NONE', ( #68, #2843, #1579, #59, #1605, #1033, #956, #1796 ) ) ;
#3149 = VECTOR ( 'NONE', #2520, 1000.000000000000000 ) ;
#3150 = EDGE_CURVE ( 'NONE', #1826, #2274, #3806, .T. ) ;
#3151 = ORIENTED_EDGE ( 'NONE', *, *, #2820, .F. ) ;
#3152 = EDGE_LOOP ( 'NONE', ( #21, #3324 ) ) ;
#3153 = CARTESIAN_POINT ( 'NONE',  ( -18.46496222574230117, 22.52870705156889031, 5.000000000000001776 ) ) ;
#3154 = DIRECTION ( 'NONE',  ( -0.000000000000000000, -0.000000000000000000, 1.000000000000000000 ) ) ;
#3155 = AXIS2_PLACEMENT_3D ( 'NONE', #3919, #1499, #925 ) ;
#3156 = EDGE_LOOP ( 'NONE', ( #1891, #974, #2805, #3853 ) ) ;
#3157 = DIRECTION ( 'NONE',  ( 0.000000000000000000, 0.000000000000000000, 1.000000000000000000 ) ) ;
#3158 = DIRECTION ( 'NONE',  ( 0.000000000000000000, 0.000000000000000000, -1.000000000000000000 ) ) ;
#3159 = ADVANCED_FACE ( 'NONE', ( #735 ), #3748, .F. ) ;
#3160 = PLANE ( 'NONE',  #1676 ) ;
#3161 = ORIENTED_EDGE ( 'NONE', *, *, #2691, .F. ) ;
#3162 = CARTESIAN_POINT ( 'NONE',  ( -16.96496222574225854, -18.72129294843107417, 8.499999999999998224 ) ) ;
#3163 = EDGE_CURVE ( 'NONE', #2080, #1995, #540, .T. ) ;
#3164 = EDGE_CURVE ( 'NONE', #3011, #356, #1933, .T. ) ;
#3165 = CARTESIAN_POINT ( 'NONE',  ( 10.45303777425773362, -25.62529294843109540, 1.699999999999999289 ) ) ;
#3166 = VERTEX_POINT ( 'NONE', #1386 ) ;
#3167 = DIRECTION ( 'NONE',  ( -0.000000000000000000, 1.000000000000000000, 0.000000000000000000 ) ) ;
#3168 = FACE_OUTER_BOUND ( 'NONE', #2241, .T. ) ;
#3169 = ORIENTED_EDGE ( 'NONE', *, *, #1093, .F. ) ;
#3170 = VERTEX_POINT ( 'NONE', #1330 ) ;
#3171 = VERTEX_POINT ( 'NONE', #714 ) ;
#3172 = ORIENTED_EDGE ( 'NONE', *, *, #2008, .T. ) ;
#3173 = CIRCLE ( 'NONE', #1717, 1.000000000000000888 ) ;
#3174 = FACE_BOUND ( 'NONE', #1907, .T. ) ;
#3175 = LINE ( 'NONE', #2921, #2574 ) ;
#3176 = EDGE_CURVE ( 'NONE', #216, #819, #1793, .T. ) ;
#3177 = VECTOR ( 'NONE', #1778, 1000.000000000000000 ) ;
#3178 = CARTESIAN_POINT ( 'NONE',  ( 17.53503777425773080, 27.02870705156891162, -4.000000000000000000 ) ) ;
#3179 = CARTESIAN_POINT ( 'NONE',  ( -13.96496222574226209, -22.47129294843110969, 9.999999999999998224 ) ) ;
#3180 = CIRCLE ( 'NONE', #783, 2.249999999999998668 ) ;
#3181 = DIRECTION ( 'NONE',  ( 0.000000000000000000, 0.000000000000000000, -1.000000000000000000 ) ) ;
#3182 = AXIS2_PLACEMENT_3D ( 'NONE', #1281, #2495, #447 ) ;
#3183 = PLANE ( 'NONE',  #6 ) ;
#3184 = CARTESIAN_POINT ( 'NONE',  ( -17.71496222574226564, -22.47129294843110969, 5.000000000000001776 ) ) ;
#3185 = DIRECTION ( 'NONE',  ( -1.000000000000000000, 0.000000000000000000, 0.000000000000000000 ) ) ;
#3186 = ORIENTED_EDGE ( 'NONE', *, *, #792, .T. ) ;
#3187 = CARTESIAN_POINT ( 'NONE',  ( 18.03503777425773436, -22.47129294843107417, 9.999999999999998224 ) ) ;
#3188 = EDGE_LOOP ( 'NONE', ( #738, #3722, #350, #916 ) ) ;
#3189 = CIRCLE ( 'NONE', #795, 3.500000000000000444 ) ;
#3190 = VERTEX_POINT ( 'NONE', #1089 ) ;
#3191 = FACE_BOUND ( 'NONE', #3408, .T. ) ;
#3192 = CARTESIAN_POINT ( 'NONE',  ( 0.000000000000000000, 0.000000000000000000, 8.499999999999998224 ) ) ;
#3193 = FACE_OUTER_BOUND ( 'NONE', #3913, .T. ) ;
#3194 = VECTOR ( 'NONE', #1697, 1000.000000000000000 ) ;
#3195 =( NAMED_UNIT ( * ) SI_UNIT ( $, .STERADIAN. ) SOLID_ANGLE_UNIT ( ) );
#3196 = ORIENTED_EDGE ( 'NONE', *, *, #280, .T. ) ;
#3197 = DIRECTION ( 'NONE',  ( -0.000000000000000000, -0.000000000000000000, 1.000000000000000000 ) ) ;
#3198 = VECTOR ( 'NONE', #2393, 1000.000000000000000 ) ;
#3199 = CARTESIAN_POINT ( 'NONE',  ( 15.78503777425773613, -22.47129294843107417, -4.002000000000000668 ) ) ;
#3200 = AXIS2_PLACEMENT_3D ( 'NONE', #1730, #2905, #2028 ) ;
#3201 = DIRECTION ( 'NONE',  ( 1.000000000000000000, 0.000000000000000000, 0.000000000000000000 ) ) ;
#3202 = DIRECTION ( 'NONE',  ( 0.000000000000000000, 0.000000000000000000, -1.000000000000000000 ) ) ;
#3203 = EDGE_CURVE ( 'NONE', #707, #1887, #2759, .T. ) ;
#3204 = DIRECTION ( 'NONE',  ( 0.000000000000000000, 0.000000000000000000, -1.000000000000000000 ) ) ;
#3205 = CARTESIAN_POINT ( 'NONE',  ( 2.015431251695973813, 12.66714344531767900, -4.001000000000001222 ) ) ;
#3206 = ORIENTED_EDGE ( 'NONE', *, *, #1187, .F. ) ;
#3207 = CARTESIAN_POINT ( 'NONE',  ( -9.066960760898265193, 21.25670570879590571, -4.001000000000001222 ) ) ;
#3208 = DIRECTION ( 'NONE',  ( 0.000000000000000000, 0.000000000000000000, -1.000000000000000000 ) ) ;
#3209 = VERTEX_POINT ( 'NONE', #2307 ) ;
#3210 = EDGE_CURVE ( 'NONE', #3432, #3359, #3580, .T. ) ;
#3211 = ORIENTED_EDGE ( 'NONE', *, *, #174, .F. ) ;
#3212 = FACE_OUTER_BOUND ( 'NONE', #2424, .T. ) ;
#3213 = AXIS2_PLACEMENT_3D ( 'NONE', #3162, #126, #3767 ) ;
#3214 = CARTESIAN_POINT ( 'NONE',  ( -16.21496222574229762, 22.52870705156889031, 5.000000000000001776 ) ) ;
#3215 = CARTESIAN_POINT ( 'NONE',  ( 10.45303777425773362, -25.62529294843109540, 8.499999999999998224 ) ) ;
#3216 = CARTESIAN_POINT ( 'NONE',  ( 5.952039483241733819, 19.84070686846390430, -4.001000000000001222 ) ) ;
#3217 = ADVANCED_FACE ( 'NONE', ( #1622 ), #1347, .F. ) ;
#3218 = CIRCLE ( 'NONE', #3608, 2.749999999999995559 ) ;
#3219 = DIRECTION ( 'NONE',  ( 1.000000000000000000, 0.000000000000000000, 0.000000000000000000 ) ) ;
#3220 = AXIS2_PLACEMENT_3D ( 'NONE', #592, #2986, #2443 ) ;
#3221 = LINE ( 'NONE', #2294, #2995 ) ;
#3222 = CIRCLE ( 'NONE', #2736, 2.749999999999995559 ) ;
#3223 = CARTESIAN_POINT ( 'NONE',  ( 15.78503777425776988, 25.27870705156888320, 8.499999999999998224 ) ) ;
#3224 = CARTESIAN_POINT ( 'NONE',  ( 15.78503777425770060, 22.52870705156892583, 5.000000000000001776 ) ) ;
#3225 = EDGE_CURVE ( 'NONE', #688, #1346, #1404, .T. ) ;
#3226 = DIRECTION ( 'NONE',  ( 0.000000000000000000, -0.000000000000000000, 1.000000000000000000 ) ) ;
#3227 = CARTESIAN_POINT ( 'NONE',  ( 9.710935302704847061, 13.48838797301253933, 9.999999999999998224 ) ) ;
#3228 = ORIENTED_EDGE ( 'NONE', *, *, #3411, .F. ) ;
#3229 = DIRECTION ( 'NONE',  ( -2.135044278125326586E-15, -1.000000000000000000, 0.000000000000000000 ) ) ;
#3230 = FACE_OUTER_BOUND ( 'NONE', #2555, .T. ) ;
#3231 = EDGE_LOOP ( 'NONE', ( #3339, #3285, #1411, #674 ) ) ;
#3232 = ORIENTED_EDGE ( 'NONE', *, *, #1908, .T. ) ;
#3233 = ORIENTED_EDGE ( 'NONE', *, *, #2580, .F. ) ;
#3234 = DIRECTION ( 'NONE',  ( 1.156482317317871971E-16, -1.000000000000000000, 0.000000000000000000 ) ) ;
#3235 = CARTESIAN_POINT ( 'NONE',  ( 10.45303777425773362, 25.68270705156890443, -0.1000000000000002554 ) ) ;
#3236 = EDGE_CURVE ( 'NONE', #2560, #1781, #438, .T. ) ;
#3237 = DIRECTION ( 'NONE',  ( -1.000000000000000000, 0.000000000000000000, 0.000000000000000000 ) ) ;
#3238 = CIRCLE ( 'NONE', #149, 1.074999999999999512 ) ;
#3239 = EDGE_CURVE ( 'NONE', #2177, #1407, #755, .T. ) ;
#3240 = DIRECTION ( 'NONE',  ( 0.000000000000000000, -1.000000000000000000, 0.000000000000000000 ) ) ;
#3241 = LINE ( 'NONE', #3861, #1971 ) ;
#3242 = FACE_OUTER_BOUND ( 'NONE', #3152, .T. ) ;
#3243 = EDGE_CURVE ( 'NONE', #2395, #1277, #3189, .T. ) ;
#3244 = AXIS2_PLACEMENT_3D ( 'NONE', #1947, #2869, #1837 ) ;
#3245 = CARTESIAN_POINT ( 'NONE',  ( -17.96496222574226564, 30.02870705156890097, -4.000000000000000000 ) ) ;
#3246 = ADVANCED_FACE ( 'NONE', ( #3452 ), #3771, .F. ) ;
#3247 = ORIENTED_EDGE ( 'NONE', *, *, #1851, .T. ) ;
#3248 = DIRECTION ( 'NONE',  ( 1.000000000000000000, 0.000000000000000000, -0.000000000000000000 ) ) ;
#3249 = CARTESIAN_POINT ( 'NONE',  ( 7.285040208365946235, -11.83278339979662874, 6.892323440001584700 ) ) ;
#3250 = ORIENTED_EDGE ( 'NONE', *, *, #454, .T. ) ;
#3251 = FACE_OUTER_BOUND ( 'NONE', #2190, .T. ) ;
#3252 = LINE ( 'NONE', #1800, #3438 ) ;
#3253 = VERTEX_POINT ( 'NONE', #3870 ) ;
#3254 = EDGE_LOOP ( 'NONE', ( #2856, #2447, #804, #565 ) ) ;
#3255 = CARTESIAN_POINT ( 'NONE',  ( -19.46496222574226920, 28.52870705156889741, 8.499999999999998224 ) ) ;
#3256 = AXIS2_PLACEMENT_3D ( 'NONE', #1113, #2583, #459 ) ;
#3257 = LINE ( 'NONE', #1747, #2824 ) ;
#3258 = DIRECTION ( 'NONE',  ( -0.000000000000000000, -0.000000000000000000, 1.000000000000000000 ) ) ;
#3259 = AXIS2_PLACEMENT_3D ( 'NONE', #1756, #1111, #1150 ) ;
#3260 = EDGE_LOOP ( 'NONE', ( #748, #2749 ) ) ;
#3261 = CARTESIAN_POINT ( 'NONE',  ( -17.96496222574225854, -26.22129294843106706, 8.499999999999998224 ) ) ;
#3262 = DIRECTION ( 'NONE',  ( -1.000000000000000000, 0.000000000000000000, 0.000000000000000000 ) ) ;
#3263 = CIRCLE ( 'NONE', #111, 1.500000000000001332 ) ;
#3264 = EDGE_CURVE ( 'NONE', #3370, #710, #3849, .T. ) ;
#3265 = VERTEX_POINT ( 'NONE', #1196 ) ;
#3266 = DIRECTION ( 'NONE',  ( 0.000000000000000000, 0.000000000000000000, 1.000000000000000000 ) ) ;
#3267 = VECTOR ( 'NONE', #3469, 1000.000000000000000 ) ;
#3268 = LINE ( 'NONE', #834, #2529 ) ;
#3269 = VERTEX_POINT ( 'NONE', #3297 ) ;
#3270 = PLANE ( 'NONE',  #3332 ) ;
#3271 = CARTESIAN_POINT ( 'NONE',  ( -10.88296222574226668, -25.62529294843109540, 3.292323440001584611 ) ) ;
#3272 = EDGE_LOOP ( 'NONE', ( #1319, #700, #772, #2201 ) ) ;
#3273 = DIRECTION ( 'NONE',  ( -1.000000000000000000, -2.703465157366452467E-16, 0.000000000000000000 ) ) ;
#3274 = DIRECTION ( 'NONE',  ( 0.000000000000000000, -0.000000000000000000, -1.000000000000000000 ) ) ;
#3275 = ORIENTED_EDGE ( 'NONE', *, *, #3296, .F. ) ;
#3276 = ORIENTED_EDGE ( 'NONE', *, *, #1682, .F. ) ;
#3277 = LINE ( 'NONE', #2713, #3308 ) ;
#3278 = DIRECTION ( 'NONE',  ( -0.000000000000000000, -0.000000000000000000, 1.000000000000000000 ) ) ;
#3279 = CARTESIAN_POINT ( 'NONE',  ( 10.45303777425773362, 25.68270705156890443, 1.699999999999999289 ) ) ;
#3280 = EDGE_CURVE ( 'NONE', #2071, #1255, #3519, .T. ) ;
#3281 = CARTESIAN_POINT ( 'NONE',  ( 10.45303777425773362, -25.62529294843109540, -0.1000000000000002554 ) ) ;
#3282 = EDGE_CURVE ( 'NONE', #3062, #3614, #1741, .T. ) ;
#3283 = CYLINDRICAL_SURFACE ( 'NONE', #1848, 3.000000000000000888 ) ;
#3284 = VECTOR ( 'NONE', #1797, 1000.000000000000000 ) ;
#3285 = ORIENTED_EDGE ( 'NONE', *, *, #1125, .F. ) ;
#3286 = CARTESIAN_POINT ( 'NONE',  ( -17.96496222574226564, 30.02870705156890097, 3.292323440001584611 ) ) ;
#3287 = AXIS2_PLACEMENT_3D ( 'NONE', #185, #1147, #3822 ) ;
#3288 = CARTESIAN_POINT ( 'NONE',  ( 16.53503777425773436, 25.27870705156888320, 3.292323440001584611 ) ) ;
#3289 = ADVANCED_FACE ( 'NONE', ( #1152 ), #2707, .T. ) ;
#3290 = STYLED_ITEM ( 'NONE', ( #887 ), #1098 ) ;
#3291 = DIRECTION ( 'NONE',  ( 0.000000000000000000, -0.7071067811865376918, 0.7071067811865574537 ) ) ;
#3292 = CARTESIAN_POINT ( 'NONE',  ( 15.78503777425773613, -22.47129294843107417, 3.000000000000001776 ) ) ;
#3293 = VERTEX_POINT ( 'NONE', #3537 ) ;
#3294 = CARTESIAN_POINT ( 'NONE',  ( 7.285040208365946235, -11.83278339979662874, 6.892323440001584700 ) ) ;
#3295 = ADVANCED_FACE ( 'NONE', ( #3911 ), #1132, .T. ) ;
#3296 = EDGE_CURVE ( 'NONE', #919, #2480, #232, .T. ) ;
#3297 = CARTESIAN_POINT ( 'NONE',  ( -16.46496222574226920, 30.02870705156890097, 3.292323440001584611 ) ) ;
#3298 = DIRECTION ( 'NONE',  ( 1.000000000000000000, 0.000000000000000000, 0.000000000000000000 ) ) ;
#3299 = ORIENTED_EDGE ( 'NONE', *, *, #663, .F. ) ;
#3300 = ORIENTED_EDGE ( 'NONE', *, *, #1867, .T. ) ;
#3301 = DIRECTION ( 'NONE',  ( 0.000000000000000000, 0.000000000000000000, -1.000000000000000000 ) ) ;
#3302 = DIRECTION ( 'NONE',  ( 0.000000000000000000, -0.000000000000000000, -1.000000000000000000 ) ) ;
#3303 = EDGE_LOOP ( 'NONE', ( #2846, #1464, #2582, #1100 ) ) ;
#3304 = DIRECTION ( 'NONE',  ( -1.000000000000000000, -1.949127501097536693E-16, 0.000000000000000000 ) ) ;
#3305 = EDGE_CURVE ( 'NONE', #2415, #3350, #922, .T. ) ;
#3306 = CARTESIAN_POINT ( 'NONE',  ( -16.46496222574226209, -26.97129294843108838, 3.292323440001584611 ) ) ;
#3307 = ORIENTED_EDGE ( 'NONE', *, *, #2789, .T. ) ;
#3308 = VECTOR ( 'NONE', #1494, 1000.000000000000000 ) ;
#3309 = EDGE_CURVE ( 'NONE', #819, #216, #1242, .T. ) ;
#3310 = ORIENTED_EDGE ( 'NONE', *, *, #3706, .T. ) ;
#3311 = CIRCLE ( 'NONE', #3060, 1.500000000000001332 ) ;
#3312 = ADVANCED_FACE ( 'NONE', ( #839 ), #2936, .T. ) ;
#3313 = CARTESIAN_POINT ( 'NONE',  ( -17.71496222574230117, 22.52870705156888675, 5.000000000000001776 ) ) ;
#3314 = VERTEX_POINT ( 'NONE', #287 ) ;
#3315 = CARTESIAN_POINT ( 'NONE',  ( 17.53503777425773791, 3.041844167914499647E-15, 8.499999999999998224 ) ) ;
#3316 = CARTESIAN_POINT ( 'NONE',  ( -10.88296222574226668, 25.68270705156890443, 1.699999999999999289 ) ) ;
#3317 = CARTESIAN_POINT ( 'NONE',  ( 18.03503777425773436, -22.47129294843107417, 5.000000000000001776 ) ) ;
#3318 = VECTOR ( 'NONE', #86, 1000.000000000000000 ) ;
#3319 = ORIENTED_EDGE ( 'NONE', *, *, #823, .T. ) ;
#3320 = EDGE_LOOP ( 'NONE', ( #1757, #1928, #2220, #2154 ) ) ;
#3321 = LINE ( 'NONE', #3094, #411 ) ;
#3322 = DIRECTION ( 'NONE',  ( 1.000000000000000000, 0.000000000000000000, 0.000000000000000000 ) ) ;
#3323 = DIRECTION ( 'NONE',  ( 0.000000000000000000, -1.000000000000000000, 0.000000000000000000 ) ) ;
#3324 = ORIENTED_EDGE ( 'NONE', *, *, #3799, .T. ) ;
#3325 = CARTESIAN_POINT ( 'NONE',  ( 17.28503777425773791, -22.47129294843107417, 5.000000000000001776 ) ) ;
#3326 = DIRECTION ( 'NONE',  ( 1.000000000000000000, 2.703465157366452467E-16, -0.000000000000000000 ) ) ;
#3327 = VECTOR ( 'NONE', #544, 1000.000000000000000 ) ;
#3328 = LINE ( 'NONE', #2780, #2344 ) ;
#3329 = CIRCLE ( 'NONE', #3834, 3.000000000000000000 ) ;
#3330 = VERTEX_POINT ( 'NONE', #3597 ) ;
#3331 = VERTEX_POINT ( 'NONE', #1174 ) ;
#3332 = AXIS2_PLACEMENT_3D ( 'NONE', #2327, #559, #1755 ) ;
#3333 = CARTESIAN_POINT ( 'NONE',  ( -16.46496222574226920, 30.02870705156890097, 9.500000000000005329 ) ) ;
#3334 = DIRECTION ( 'NONE',  ( 1.000000000000000000, 0.000000000000000000, 0.000000000000000000 ) ) ;
#3335 = ORIENTED_EDGE ( 'NONE', *, *, #2053, .F. ) ;
#3336 = CARTESIAN_POINT ( 'NONE',  ( 13.45303777425773539, 25.68270705156890443, 1.699999999999999289 ) ) ;
#3337 = FACE_OUTER_BOUND ( 'NONE', #3364, .T. ) ;
#3338 = ADVANCED_FACE ( 'NONE', ( #2957, #305 ), #1426, .T. ) ;
#3339 = ORIENTED_EDGE ( 'NONE', *, *, #3210, .F. ) ;
#3340 = DIRECTION ( 'NONE',  ( 0.000000000000000000, -0.000000000000000000, -1.000000000000000000 ) ) ;
#3341 = LINE ( 'NONE', #881, #338 ) ;
#3342 = PLANE ( 'NONE',  #3773 ) ;
#3343 = ADVANCED_FACE ( 'NONE', ( #3251 ), #2686, .F. ) ;
#3344 = DIRECTION ( 'NONE',  ( -0.000000000000000000, -0.000000000000000000, 1.000000000000000000 ) ) ;
#3345 = ADVANCED_FACE ( 'NONE', ( #562 ), #1759, .F. ) ;
#3346 = LINE ( 'NONE', #2405, #1286 ) ;
#3347 = EDGE_CURVE ( 'NONE', #2917, #1855, #2731, .T. ) ;
#3348 = CYLINDRICAL_SURFACE ( 'NONE', #1135, 1.500000000000001332 ) ;
#3349 = AXIS2_PLACEMENT_3D ( 'NONE', #1173, #1076, #2269 ) ;
#3350 = VERTEX_POINT ( 'NONE', #3893 ) ;
#3351 = VECTOR ( 'NONE', #3905, 1000.000000000000000 ) ;
#3352 = LINE ( 'NONE', #892, #3525 ) ;
#3353 = VERTEX_POINT ( 'NONE', #2330 ) ;
#3354 = DIRECTION ( 'NONE',  ( 0.000000000000000000, -0.000000000000000000, 1.000000000000000000 ) ) ;
#3355 = DIRECTION ( 'NONE',  ( -0.000000000000000000, -0.000000000000000000, -1.000000000000000000 ) ) ;
#3356 = CIRCLE ( 'NONE', #2909, 3.000000000000000888 ) ;
#3357 = EDGE_CURVE ( 'NONE', #3269, #1211, #2081, .T. ) ;
#3358 = ORIENTED_EDGE ( 'NONE', *, *, #3210, .T. ) ;
#3359 = VERTEX_POINT ( 'NONE', #3393 ) ;
#3360 = CARTESIAN_POINT ( 'NONE',  ( 17.53503777425774146, -26.97129294843108482, 3.292323440001584611 ) ) ;
#3361 = LINE ( 'NONE', #3661, #2295 ) ;
#3362 = ORIENTED_EDGE ( 'NONE', *, *, #2133, .T. ) ;
#3363 = EDGE_CURVE ( 'NONE', #216, #3448, #1234, .T. ) ;
#3364 = EDGE_LOOP ( 'NONE', ( #1148, #1458, #3103, #671 ) ) ;
#3365 = DIRECTION ( 'NONE',  ( -1.000000000000000000, 0.000000000000000000, 0.000000000000000000 ) ) ;
#3366 = EDGE_CURVE ( 'NONE', #1561, #3293, #1602, .T. ) ;
#3367 = FACE_OUTER_BOUND ( 'NONE', #1522, .T. ) ;
#3368 = DIRECTION ( 'NONE',  ( -1.000000000000000000, 0.000000000000000000, 0.000000000000000000 ) ) ;
#3369 = ORIENTED_EDGE ( 'NONE', *, *, #2133, .F. ) ;
#3370 = VERTEX_POINT ( 'NONE', #1954 ) ;
#3371 = DIRECTION ( 'NONE',  ( 0.000000000000000000, 0.000000000000000000, 1.000000000000000000 ) ) ;
#3372 = DIRECTION ( 'NONE',  ( -1.000000000000000000, 0.000000000000000000, 0.000000000000000000 ) ) ;
#3373 = CARTESIAN_POINT ( 'NONE',  ( 11.40187074164454017, -28.47129294843108482, 1.699999999999999289 ) ) ;
#3374 = LINE ( 'NONE', #35, #3692 ) ;
#3375 = ORIENTED_EDGE ( 'NONE', *, *, #3397, .T. ) ;
#3376 = ORIENTED_EDGE ( 'NONE', *, *, #101, .F. ) ;
#3377 = CIRCLE ( 'NONE', #3244, 1.499999999999999556 ) ;
#3378 = DIRECTION ( 'NONE',  ( -1.000000000000000000, -0.000000000000000000, -0.000000000000000000 ) ) ;
#3379 = AXIS2_PLACEMENT_3D ( 'NONE', #1035, #2848, #1296 ) ;
#3380 = CARTESIAN_POINT ( 'NONE',  ( 12.21093530270484706, 13.48838797301253933, 8.499999999999998224 ) ) ;
#3381 = EDGE_LOOP ( 'NONE', ( #3421, #3731, #2675, #303 ) ) ;
#3382 = CIRCLE ( 'NONE', #2690, 1.500000000000001332 ) ;
#3383 = ORIENTED_EDGE ( 'NONE', *, *, #2789, .F. ) ;
#3384 = PLANE ( 'NONE',  #2486 ) ;
#3385 = CARTESIAN_POINT ( 'NONE',  ( 2.015431251695973813, 12.66714344531767900, -4.001000000000001222 ) ) ;
#3386 = DIRECTION ( 'NONE',  ( -0.000000000000000000, -0.000000000000000000, 1.000000000000000000 ) ) ;
#3387 = EDGE_CURVE ( 'NONE', #108, #1154, #987, .T. ) ;
#3388 = VECTOR ( 'NONE', #1931, 1000.000000000000000 ) ;
#3389 = ORIENTED_EDGE ( 'NONE', *, *, #1158, .F. ) ;
#3390 = AXIS2_PLACEMENT_3D ( 'NONE', #2770, #2467, #2149 ) ;
#3391 = ORIENTED_EDGE ( 'NONE', *, *, #1284, .F. ) ;
#3392 = FACE_OUTER_BOUND ( 'NONE', #2866, .T. ) ;
#3393 = CARTESIAN_POINT ( 'NONE',  ( 16.53503777425773436, 25.27870705156888320, 8.499999999999998224 ) ) ;
#3394 = DIRECTION ( 'NONE',  ( -0.000000000000000000, -0.000000000000000000, -1.000000000000000000 ) ) ;
#3395 = VERTEX_POINT ( 'NONE', #3494 ) ;
#3396 = VECTOR ( 'NONE', #2336, 1000.000000000000000 ) ;
#3397 = EDGE_CURVE ( 'NONE', #1277, #2395, #3449, .T. ) ;
#3398 = VERTEX_POINT ( 'NONE', #1656 ) ;
#3399 = CARTESIAN_POINT ( 'NONE',  ( 2.452039483241733375, 19.84070686846390430, -4.001000000000001222 ) ) ;
#3400 = AXIS2_PLACEMENT_3D ( 'NONE', #2643, #2297, #3201 ) ;
#3401 = DIRECTION ( 'NONE',  ( 1.000000000000000000, 0.000000000000000000, 0.000000000000000000 ) ) ;
#3402 = ORIENTED_EDGE ( 'NONE', *, *, #427, .F. ) ;
#3403 = ORIENTED_EDGE ( 'NONE', *, *, #3305, .F. ) ;
#3404 = CARTESIAN_POINT ( 'NONE',  ( -16.46496222574226209, -29.97129294843108838, -4.000000000000000000 ) ) ;
#3405 = CARTESIAN_POINT ( 'NONE',  ( -19.46496222574226209, -28.47129294843108482, -4.000000000000000000 ) ) ;
#3406 = EDGE_CURVE ( 'NONE', #3190, #983, #383, .T. ) ;
#3407 = LINE ( 'NONE', #1649, #2153 ) ;
#3408 = EDGE_LOOP ( 'NONE', ( #12, #2379 ) ) ;
#3409 = ORIENTED_EDGE ( 'NONE', *, *, #2483, .T. ) ;
#3410 = LINE ( 'NONE', #2239, #431 ) ;
#3411 = EDGE_CURVE ( 'NONE', #3835, #1068, #3142, .T. ) ;
#3412 = EDGE_LOOP ( 'NONE', ( #3169, #3498, #387, #939 ) ) ;
#3413 = VERTEX_POINT ( 'NONE', #397 ) ;
#3414 = EDGE_CURVE ( 'NONE', #1255, #2071, #3068, .T. ) ;
#3415 = ADVANCED_FACE ( 'NONE', ( #2504 ), #95, .F. ) ;
#3416 = AXIS2_PLACEMENT_3D ( 'NONE', #1752, #3202, #3802 ) ;
#3417 = LINE ( 'NONE', #973, #3501 ) ;
#3418 = ORIENTED_EDGE ( 'NONE', *, *, #940, .T. ) ;
#3419 = VECTOR ( 'NONE', #3197, 1000.000000000000000 ) ;
#3420 = EDGE_CURVE ( 'NONE', #146, #737, #2247, .T. ) ;
#3421 = ORIENTED_EDGE ( 'NONE', *, *, #1483, .T. ) ;
#3422 = CARTESIAN_POINT ( 'NONE',  ( -19.46496222574226209, -28.47129294843108482, 3.292323440001584611 ) ) ;
#3423 = CARTESIAN_POINT ( 'NONE',  ( -17.96496222574226564, 30.02870705156890097, 3.292323440001584611 ) ) ;
#3424 = EDGE_CURVE ( 'NONE', #3619, #1329, #349, .T. ) ;
#3425 = CARTESIAN_POINT ( 'NONE',  ( 10.45303777425773362, -25.62529294843109540, 1.699999999999999289 ) ) ;
#3426 = EDGE_LOOP ( 'NONE', ( #2002, #2828, #2914, #3211 ) ) ;
#3427 = ORIENTED_EDGE ( 'NONE', *, *, #1589, .T. ) ;
#3428 = DIRECTION ( 'NONE',  ( -0.000000000000000000, -0.000000000000000000, -1.000000000000000000 ) ) ;
#3429 = ORIENTED_EDGE ( 'NONE', *, *, #10, .T. ) ;
#3430 = ADVANCED_FACE ( 'NONE', ( #3109 ), #3746, .F. ) ;
#3431 = DIRECTION ( 'NONE',  ( 0.000000000000000000, 0.000000000000000000, 1.000000000000000000 ) ) ;
#3432 = VERTEX_POINT ( 'NONE', #1345 ) ;
#3433 = CARTESIAN_POINT ( 'NONE',  ( -13.88296222574226668, -25.62529294843109540, 1.699999999999999289 ) ) ;
#3434 = CARTESIAN_POINT ( 'NONE',  ( -16.46496222574226209, -26.97129294843108838, -4.000000000000000000 ) ) ;
#3435 = AXIS2_PLACEMENT_3D ( 'NONE', #2066, #844, #3023 ) ;
#3436 = ORIENTED_EDGE ( 'NONE', *, *, #1417, .F. ) ;
#3437 = ORIENTED_EDGE ( 'NONE', *, *, #1906, .F. ) ;
#3438 = VECTOR ( 'NONE', #2670, 1000.000000000000000 ) ;
#3439 = ORIENTED_EDGE ( 'NONE', *, *, #1977, .F. ) ;
#3440 = CYLINDRICAL_SURFACE ( 'NONE', #1092, 1.074999999999999512 ) ;
#3441 = VECTOR ( 'NONE', #2742, 999.9999999999998863 ) ;
#3442 = VERTEX_POINT ( 'NONE', #2242 ) ;
#3443 = FACE_OUTER_BOUND ( 'NONE', #2485, .T. ) ;
#3444 = VERTEX_POINT ( 'NONE', #2838 ) ;
#3445 = CARTESIAN_POINT ( 'NONE',  ( -16.21496222574229051, -25.22129294843106706, 3.292323440001584611 ) ) ;
#3446 = AXIS2_PLACEMENT_3D ( 'NONE', #2397, #598, #1798 ) ;
#3447 = ORIENTED_EDGE ( 'NONE', *, *, #2273, .F. ) ;
#3448 = VERTEX_POINT ( 'NONE', #2562 ) ;
#3449 = CIRCLE ( 'NONE', #2445, 3.500000000000000444 ) ;
#3450 = LINE ( 'NONE', #733, #3388 ) ;
#3451 = VERTEX_POINT ( 'NONE', #3769 ) ;
#3452 = FACE_OUTER_BOUND ( 'NONE', #422, .T. ) ;
#3453 = CARTESIAN_POINT ( 'NONE',  ( -16.21496222574229762, 22.52870705156889031, 5.000000000000001776 ) ) ;
#3454 = VECTOR ( 'NONE', #3258, 1000.000000000000000 ) ;
#3455 = ORIENTED_EDGE ( 'NONE', *, *, #1308, .T. ) ;
#3456 = ORIENTED_EDGE ( 'NONE', *, *, #2985, .T. ) ;
#3457 = AXIS2_PLACEMENT_3D ( 'NONE', #1423, #2954, #3226 ) ;
#3458 = ORIENTED_EDGE ( 'NONE', *, *, #1571, .F. ) ;
#3459 = LINE ( 'NONE', #740, #628 ) ;
#3460 = DIRECTION ( 'NONE',  ( 0.000000000000000000, 0.000000000000000000, -1.000000000000000000 ) ) ;
#3461 = DIRECTION ( 'NONE',  ( -0.000000000000000000, -0.000000000000000000, -1.000000000000000000 ) ) ;
#3462 = ADVANCED_FACE ( 'NONE', ( #1047 ), #417, .F. ) ;
#3463 = EDGE_CURVE ( 'NONE', #2750, #919, #1911, .T. ) ;
#3464 = EDGE_LOOP ( 'NONE', ( #2400, #2411, #2793, #116 ) ) ;
#3465 = EDGE_LOOP ( 'NONE', ( #3161, #2117, #1585, #3151 ) ) ;
#3466 = DIRECTION ( 'NONE',  ( -1.000000000000000000, 0.000000000000000000, 0.000000000000000000 ) ) ;
#3467 = ADVANCED_FACE ( 'NONE', ( #169 ), #1368, .F. ) ;
#3468 = CARTESIAN_POINT ( 'NONE',  ( -17.71496222574230117, 22.52870705156888675, 3.292323440001584611 ) ) ;
#3469 = DIRECTION ( 'NONE',  ( 0.000000000000000000, 0.000000000000000000, 1.000000000000000000 ) ) ;
#3470 = EDGE_LOOP ( 'NONE', ( #2243, #912, #1053, #3045 ) ) ;
#3471 = DIRECTION ( 'NONE',  ( -1.000000000000000000, 0.000000000000000000, 0.000000000000000000 ) ) ;
#3472 = DIRECTION ( 'NONE',  ( 0.000000000000000000, 0.000000000000000000, 1.000000000000000000 ) ) ;
#3473 = ORIENTED_EDGE ( 'NONE', *, *, #3780, .F. ) ;
#3474 = DIRECTION ( 'NONE',  ( -1.000000000000000000, 0.000000000000000000, 0.000000000000000000 ) ) ;
#3475 = DIRECTION ( 'NONE',  ( 1.000000000000000000, 0.000000000000000000, 0.000000000000000000 ) ) ;
#3476 = VECTOR ( 'NONE', #3481, 1000.000000000000000 ) ;
#3477 = VERTEX_POINT ( 'NONE', #2543 ) ;
#3478 = VERTEX_POINT ( 'NONE', #2581 ) ;
#3479 = CIRCLE ( 'NONE', #1265, 2.749999999999995559 ) ;
#3480 = ORIENTED_EDGE ( 'NONE', *, *, #3002, .T. ) ;
#3481 = DIRECTION ( 'NONE',  ( 0.000000000000000000, 0.000000000000000000, 1.000000000000000000 ) ) ;
#3482 = DIRECTION ( 'NONE',  ( 1.000000000000000000, 0.000000000000000000, 0.000000000000000000 ) ) ;
#3483 = EDGE_CURVE ( 'NONE', #1903, #2852, #3450, .T. ) ;
#3484 = CARTESIAN_POINT ( 'NONE',  ( -9.807962225742267393, -25.62529294843109540, -0.1000000000000002554 ) ) ;
#3485 = CIRCLE ( 'NONE', #76, 1.074999999999999512 ) ;
#3486 = DIRECTION ( 'NONE',  ( 0.000000000000000000, 0.000000000000000000, -1.000000000000000000 ) ) ;
#3487 = ORIENTED_EDGE ( 'NONE', *, *, #3116, .F. ) ;
#3488 = CARTESIAN_POINT ( 'NONE',  ( -11.83179519312907679, -28.47129294843108482, 1.699999999999999289 ) ) ;
#3489 = EDGE_CURVE ( 'NONE', #838, #2184, #542, .T. ) ;
#3490 = CARTESIAN_POINT ( 'NONE',  ( 17.53503777425774146, -18.72129294843107417, 8.499999999999998224 ) ) ;
#3491 = CARTESIAN_POINT ( 'NONE',  ( 15.78503777425773613, -22.47129294843107417, 8.499999999999998224 ) ) ;
#3492 = ORIENTED_EDGE ( 'NONE', *, *, #3424, .T. ) ;
#3493 = PLANE ( 'NONE',  #3457 ) ;
#3494 = CARTESIAN_POINT ( 'NONE',  ( -14.71496222574229762, 22.52870705156888675, 5.000000000000001776 ) ) ;
#3495 = ORIENTED_EDGE ( 'NONE', *, *, #3093, .T. ) ;
#3496 = DIRECTION ( 'NONE',  ( 0.000000000000000000, -0.000000000000000000, 1.000000000000000000 ) ) ;
#3497 = DIRECTION ( 'NONE',  ( 1.000000000000000000, 0.000000000000000000, -0.000000000000000000 ) ) ;
#3498 = ORIENTED_EDGE ( 'NONE', *, *, #2217, .T. ) ;
#3499 = EDGE_LOOP ( 'NONE', ( #1612, #1351, #955, #1440 ) ) ;
#3500 = DIRECTION ( 'NONE',  ( 0.000000000000000000, 0.000000000000000000, -1.000000000000000000 ) ) ;
#3501 = VECTOR ( 'NONE', #3697, 1000.000000000000000 ) ;
#3502 = PLANE ( 'NONE',  #27 ) ;
#3503 = DIRECTION ( 'NONE',  ( -1.734723475976807094E-16, 1.000000000000000000, 0.000000000000000000 ) ) ;
#3504 = AXIS2_PLACEMENT_3D ( 'NONE', #2557, #3158, #2463 ) ;
#3505 = ORIENTED_EDGE ( 'NONE', *, *, #3264, .T. ) ;
#3506 = CARTESIAN_POINT ( 'NONE',  ( 0.000000000000000000, -29.47129294843110614, 9.999999999999998224 ) ) ;
#3507 = DIRECTION ( 'NONE',  ( 0.000000000000000000, 0.000000000000000000, -1.000000000000000000 ) ) ;
#3508 = AXIS2_PLACEMENT_3D ( 'NONE', #3136, #3759, #2826 ) ;
#3509 = DIRECTION ( 'NONE',  ( -1.000000000000000000, 0.000000000000000000, -0.000000000000000000 ) ) ;
#3510 = LINE ( 'NONE', #2345, #2276 ) ;
#3511 = VERTEX_POINT ( 'NONE', #1130 ) ;
#3512 = ADVANCED_FACE ( 'NONE', ( #1719 ), #2394, .F. ) ;
#3513 = DIRECTION ( 'NONE',  ( 0.000000000000000000, -0.000000000000000000, -1.000000000000000000 ) ) ;
#3514 = CYLINDRICAL_SURFACE ( 'NONE', #608, 2.749999999999995559 ) ;
#3515 = VERTEX_POINT ( 'NONE', #1739 ) ;
#3516 = DIRECTION ( 'NONE',  ( 1.000000000000000000, 0.000000000000000000, 0.000000000000000000 ) ) ;
#3517 = DIRECTION ( 'NONE',  ( -1.000000000000000000, 0.000000000000000000, 0.000000000000000000 ) ) ;
#3518 = ORIENTED_EDGE ( 'NONE', *, *, #706, .T. ) ;
#3519 = CIRCLE ( 'NONE', #603, 2.250000000000001776 ) ;
#3520 = CIRCLE ( 'NONE', #1039, 1.500000000000001332 ) ;
#3521 = ORIENTED_EDGE ( 'NONE', *, *, #2594, .T. ) ;
#3522 = CARTESIAN_POINT ( 'NONE',  ( -17.71496222574230117, 22.52870705156888675, 3.000000000000001776 ) ) ;
#3523 = CARTESIAN_POINT ( 'NONE',  ( -10.88296222574226668, -25.62529294843109540, 1.699999999999999289 ) ) ;
#3524 = CARTESIAN_POINT ( 'NONE',  ( -10.88296222574226668, 25.68270705156890443, 1.699999999999999289 ) ) ;
#3525 = VECTOR ( 'NONE', #54, 1000.000000000000000 ) ;
#3526 = CARTESIAN_POINT ( 'NONE',  ( -7.882962225742265794, 25.68270705156890443, 1.699999999999999289 ) ) ;
#3527 = ORIENTED_EDGE ( 'NONE', *, *, #606, .T. ) ;
#3528 = LINE ( 'NONE', #645, #2213 ) ;
#3529 = AXIS2_PLACEMENT_3D ( 'NONE', #1012, #1568, #330 ) ;
#3530 = FACE_OUTER_BOUND ( 'NONE', #2680, .T. ) ;
#3531 = EDGE_CURVE ( 'NONE', #1648, #2177, #560, .T. ) ;
#3532 = DIRECTION ( 'NONE',  ( 1.000000000000000000, 0.000000000000000000, 0.000000000000000000 ) ) ;
#3533 = DIRECTION ( 'NONE',  ( 1.000000000000000000, 0.000000000000000000, 0.000000000000000000 ) ) ;
#3534 = FACE_BOUND ( 'NONE', #3111, .T. ) ;
#3535 = DIRECTION ( 'NONE',  ( 0.000000000000000000, 0.000000000000000000, -1.000000000000000000 ) ) ;
#3536 = ORIENTED_EDGE ( 'NONE', *, *, #2918, .T. ) ;
#3537 = CARTESIAN_POINT ( 'NONE',  ( -12.64106361317946003, 13.48838797301254111, 9.999999999999998224 ) ) ;
#3538 = EDGE_CURVE ( 'NONE', #414, #2354, #1243, .T. ) ;
#3539 = DIRECTION ( 'NONE',  ( 1.000000000000000000, 0.000000000000000000, 0.000000000000000000 ) ) ;
#3540 = EDGE_LOOP ( 'NONE', ( #2519, #281, #1737, #80 ) ) ;
#3541 = EDGE_CURVE ( 'NONE', #959, #688, #924, .T. ) ;
#3542 = ADVANCED_FACE ( 'NONE', ( #3868 ), #978, .T. ) ;
#3543 = ORIENTED_EDGE ( 'NONE', *, *, #2512, .T. ) ;
#3544 = VECTOR ( 'NONE', #1252, 1000.000000000000000 ) ;
#3545 = DIRECTION ( 'NONE',  ( -1.000000000000000000, -1.156482317317871971E-16, 0.000000000000000000 ) ) ;
#3546 = CARTESIAN_POINT ( 'NONE',  ( 17.28503777425773791, -22.47129294843107417, 3.000000000000001776 ) ) ;
#3547 =( LENGTH_UNIT ( ) NAMED_UNIT ( * ) SI_UNIT ( .MILLI., .METRE. ) );
#3548 = AXIS2_PLACEMENT_3D ( 'NONE', #2325, #1228, #26 ) ;
#3549 = CARTESIAN_POINT ( 'NONE',  ( 12.21093530270484706, 13.48838797301253933, -4.001000000000001222 ) ) ;
#3550 = VECTOR ( 'NONE', #1245, 1000.000000000000000 ) ;
#3551 = CARTESIAN_POINT ( 'NONE',  ( -16.46496222574226209, -29.47129294843110614, 9.999999999999998224 ) ) ;
#3552 = VECTOR ( 'NONE', #84, 1000.000000000000000 ) ;
#3553 = FACE_OUTER_BOUND ( 'NONE', #3260, .T. ) ;
#3554 = LINE ( 'NONE', #2367, #998 ) ;
#3555 = PLANE ( 'NONE',  #613 ) ;
#3556 = CARTESIAN_POINT ( 'NONE',  ( 15.78503777425770060, 22.52870705156892583, 3.292323440001584611 ) ) ;
#3557 = ORIENTED_EDGE ( 'NONE', *, *, #913, .T. ) ;
#3558 = DIRECTION ( 'NONE',  ( -1.000000000000000000, -1.156482317317871971E-16, 0.000000000000000000 ) ) ;
#3559 = DIRECTION ( 'NONE',  ( -0.000000000000000000, -0.000000000000000000, 1.000000000000000000 ) ) ;
#3560 = ORIENTED_EDGE ( 'NONE', *, *, #3309, .T. ) ;
#3561 = CARTESIAN_POINT ( 'NONE',  ( 16.03503777425773436, 27.02870705156891162, 3.292323440001584611 ) ) ;
#3562 = DIRECTION ( 'NONE',  ( -1.000000000000000000, 0.000000000000000000, 0.000000000000000000 ) ) ;
#3563 = CARTESIAN_POINT ( 'NONE',  ( -13.46496222574230295, 22.52870705156889031, -4.002000000000000668 ) ) ;
#3564 = DIRECTION ( 'NONE',  ( -1.156482317317871971E-16, 1.000000000000000000, 0.000000000000000000 ) ) ;
#3565 = DIRECTION ( 'NONE',  ( 0.000000000000000000, -0.000000000000000000, 1.000000000000000000 ) ) ;
#3566 = VECTOR ( 'NONE', #1746, 999.9999999999998863 ) ;
#3567 = AXIS2_PLACEMENT_3D ( 'NONE', #583, #2977, #2398 ) ;
#3568 = DIRECTION ( 'NONE',  ( 0.000000000000000000, 0.000000000000000000, 1.000000000000000000 ) ) ;
#3569 = ORIENTED_EDGE ( 'NONE', *, *, #1353, .F. ) ;
#3570 = CIRCLE ( 'NONE', #2381, 1.500000000000001332 ) ;
#3571 = LINE ( 'NONE', #519, #2192 ) ;
#3572 = CARTESIAN_POINT ( 'NONE',  ( 13.45303777425773539, -25.62529294843109540, 1.699999999999999289 ) ) ;
#3573 = ORIENTED_EDGE ( 'NONE', *, *, #668, .F. ) ;
#3574 = CARTESIAN_POINT ( 'NONE',  ( 15.78503777425775390, -25.22129294843106706, -4.002000000000000668 ) ) ;
#3575 = DIRECTION ( 'NONE',  ( 2.135044278125326586E-15, 1.000000000000000000, -0.000000000000000000 ) ) ;
#3576 = ADVANCED_FACE ( 'NONE', ( #3593 ), #1678, .F. ) ;
#3577 = ORIENTED_EDGE ( 'NONE', *, *, #2052, .T. ) ;
#3578 = ORIENTED_EDGE ( 'NONE', *, *, #1765, .F. ) ;
#3579 = DIRECTION ( 'NONE',  ( -1.734723475976807094E-16, 1.000000000000000000, 0.000000000000000000 ) ) ;
#3580 = CIRCLE ( 'NONE', #2503, 1.000000000000000888 ) ;
#3581 = DIRECTION ( 'NONE',  ( 1.204669080539449344E-16, 0.000000000000000000, -1.000000000000000000 ) ) ;
#3582 = DIRECTION ( 'NONE',  ( 1.734723475976807341E-16, -1.000000000000000000, 0.000000000000000000 ) ) ;
#3583 = CONICAL_SURFACE ( 'NONE', #3259, 2.500000000000019540, 0.7853981633974352894 ) ;
#3584 = DIRECTION ( 'NONE',  ( -0.000000000000000000, 0.000000000000000000, 1.000000000000000000 ) ) ;
#3585 = EDGE_CURVE ( 'NONE', #2712, #1548, #107, .T. ) ;
#3586 = DIRECTION ( 'NONE',  ( 1.000000000000000000, 0.000000000000000000, 0.000000000000000000 ) ) ;
#3587 = AXIS2_PLACEMENT_3D ( 'NONE', #332, #1496, #3899 ) ;
#3588 = EDGE_CURVE ( 'NONE', #3686, #1936, #2569, .T. ) ;
#3589 = CIRCLE ( 'NONE', #3018, 3.000000000000000000 ) ;
#3590 = EDGE_CURVE ( 'NONE', #1753, #1028, #1611, .T. ) ;
#3591 = CARTESIAN_POINT ( 'NONE',  ( 12.21093530270484706, 13.48838797301253933, -4.001000000000001222 ) ) ;
#3592 = DIRECTION ( 'NONE',  ( 0.000000000000000000, 0.000000000000000000, 1.000000000000000000 ) ) ;
#3593 = FACE_OUTER_BOUND ( 'NONE', #3729, .T. ) ;
#3594 = ORIENTED_EDGE ( 'NONE', *, *, #187, .T. ) ;
#3595 = ADVANCED_FACE ( 'NONE', ( #2973 ), #3583, .T. ) ;
#3596 = DIRECTION ( 'NONE',  ( 1.000000000000000000, 0.000000000000000000, 0.000000000000000000 ) ) ;
#3597 = CARTESIAN_POINT ( 'NONE',  ( 15.78503777425775390, -25.22129294843106706, 8.499999999999998224 ) ) ;
#3598 = CARTESIAN_POINT ( 'NONE',  ( -17.96496222574226564, 30.02870705156890097, 8.499999999999998224 ) ) ;
#3599 = ORIENTED_EDGE ( 'NONE', *, *, #1534, .T. ) ;
#3600 = ADVANCED_FACE ( 'NONE', ( #2305 ), #1698, .F. ) ;
#3601 = CARTESIAN_POINT ( 'NONE',  ( -16.96496222574226564, 18.77870705156889031, -4.002000000000000668 ) ) ;
#3602 = LINE ( 'NONE', #1806, #2128 ) ;
#3603 = EDGE_CURVE ( 'NONE', #3314, #165, #1860, .T. ) ;
#3604 = SURFACE_STYLE_USAGE ( .BOTH. , #2694 ) ;
#3605 = CARTESIAN_POINT ( 'NONE',  ( 9.710935302704847061, 13.48838797301253933, 8.499999999999994671 ) ) ;
#3606 = VECTOR ( 'NONE', #268, 1000.000000000000000 ) ;
#3607 = ADVANCED_FACE ( 'NONE', ( #1171 ), #3514, .T. ) ;
#3608 = AXIS2_PLACEMENT_3D ( 'NONE', #3491, #1582, #3106 ) ;
#3609 = CARTESIAN_POINT ( 'NONE',  ( -9.934129258355479664, 28.52870705156890097, 1.699999999999999289 ) ) ;
#3610 = ORIENTED_EDGE ( 'NONE', *, *, #2296, .T. ) ;
#3611 = VECTOR ( 'NONE', #790, 1000.000000000000000 ) ;
#3612 = CARTESIAN_POINT ( 'NONE',  ( 2.015431251695973813, 12.66714344531767900, 8.499999999999998224 ) ) ;
#3613 = DIRECTION ( 'NONE',  ( 0.000000000000000000, 0.000000000000000000, 1.000000000000000000 ) ) ;
#3614 = VERTEX_POINT ( 'NONE', #1424 ) ;
#3615 = CARTESIAN_POINT ( 'NONE',  ( 19.03503777425773080, 27.02870705156891162, -4.000000000000000000 ) ) ;
#3616 = CARTESIAN_POINT ( 'NONE',  ( -19.46496222574226920, 30.02870705156890097, -4.000000000000000000 ) ) ;
#3617 = DIRECTION ( 'NONE',  ( 1.000000000000000000, 0.000000000000000000, 0.000000000000000000 ) ) ;
#3618 = ORIENTED_EDGE ( 'NONE', *, *, #3040, .T. ) ;
#3619 = VERTEX_POINT ( 'NONE', #3572 ) ;
#3620 = LINE ( 'NONE', #3041, #1492 ) ;
#3621 = CARTESIAN_POINT ( 'NONE',  ( 13.53503777425773791, -22.47129294843107417, 5.000000000000001776 ) ) ;
#3622 = DIRECTION ( 'NONE',  ( -1.000000000000000000, -2.135044278125331319E-15, 0.000000000000000000 ) ) ;
#3623 = ORIENTED_EDGE ( 'NONE', *, *, #1474, .T. ) ;
#3624 = ORIENTED_EDGE ( 'NONE', *, *, #148, .T. ) ;
#3625 = FACE_OUTER_BOUND ( 'NONE', #2791, .T. ) ;
#3626 = CARTESIAN_POINT ( 'NONE',  ( -16.21496222574229762, 22.52870705156888675, 5.000000000000001776 ) ) ;
#3627 = LINE ( 'NONE', #3286, #1303 ) ;
#3628 = ADVANCED_FACE ( 'NONE', ( #856 ), #1994, .F. ) ;
#3629 = CARTESIAN_POINT ( 'NONE',  ( 16.03503777425773791, -28.47129294843108482, 8.499999999999998224 ) ) ;
#3630 = AXIS2_PLACEMENT_3D ( 'NONE', #1824, #42, #2382 ) ;
#3631 = ORIENTED_EDGE ( 'NONE', *, *, #773, .F. ) ;
#3632 = VECTOR ( 'NONE', #2482, 1000.000000000000000 ) ;
#3633 = LINE ( 'NONE', #1212, #1992 ) ;
#3634 = ORIENTED_EDGE ( 'NONE', *, *, #2370, .T. ) ;
#3635 = DIRECTION ( 'NONE',  ( 0.000000000000000000, 0.000000000000000000, 1.000000000000000000 ) ) ;
#3636 = CARTESIAN_POINT ( 'NONE',  ( 4.793649565339142882, 11.01227139059988147, -4.001000000000001222 ) ) ;
#3637 = EDGE_CURVE ( 'NONE', #177, #441, #3329, .T. ) ;
#3638 = VECTOR ( 'NONE', #1378, 1000.000000000000000 ) ;
#3639 = ORIENTED_EDGE ( 'NONE', *, *, #1093, .T. ) ;
#3640 = LINE ( 'NONE', #900, #2700 ) ;
#3641 = CARTESIAN_POINT ( 'NONE',  ( -16.46496222574226209, -26.97129294843108838, 9.999999999999998224 ) ) ;
#3642 = CYLINDRICAL_SURFACE ( 'NONE', #1743, 1.500000000000001332 ) ;
#3643 = ORIENTED_EDGE ( 'NONE', *, *, #1534, .F. ) ;
#3644 = PLANE ( 'NONE',  #1323 ) ;
#3645 = FACE_OUTER_BOUND ( 'NONE', #2493, .T. ) ;
#3646 = AXIS2_PLACEMENT_3D ( 'NONE', #419, #1658, #3516 ) ;
#3647 = EDGE_CURVE ( 'NONE', #693, #3353, #32, .T. ) ;
#3648 = CARTESIAN_POINT ( 'NONE',  ( 15.78503777425775390, -19.72129294843107417, -4.002000000000000668 ) ) ;
#3649 = AXIS2_PLACEMENT_3D ( 'NONE', #2452, #866, #3237 ) ;
#3650 = VERTEX_POINT ( 'NONE', #1815 ) ;
#3651 = EDGE_LOOP ( 'NONE', ( #728, #1724 ) ) ;
#3652 = DIRECTION ( 'NONE',  ( 1.000000000000000000, 0.000000000000000000, 0.000000000000000000 ) ) ;
#3653 = ORIENTED_EDGE ( 'NONE', *, *, #3896, .F. ) ;
#3654 = PLANE ( 'NONE',  #749 ) ;
#3655 = CARTESIAN_POINT ( 'NONE',  ( -16.46496222574226920, 30.02870705156890097, 9.500000000000005329 ) ) ;
#3656 = VERTEX_POINT ( 'NONE', #407 ) ;
#3657 = ORIENTED_EDGE ( 'NONE', *, *, #2432, .T. ) ;
#3658 = DIRECTION ( 'NONE',  ( -0.000000000000000000, 0.000000000000000000, 1.000000000000000000 ) ) ;
#3659 = EDGE_CURVE ( 'NONE', #290, #1449, #2125, .T. ) ;
#3660 = FACE_OUTER_BOUND ( 'NONE', #1052, .T. ) ;
#3661 = CARTESIAN_POINT ( 'NONE',  ( -17.96496222574226564, 30.02870705156890097, 8.499999999999998224 ) ) ;
#3662 = VERTEX_POINT ( 'NONE', #2827 ) ;
#3663 = ORIENTED_EDGE ( 'NONE', *, *, #2591, .F. ) ;
#3664 = ORIENTED_EDGE ( 'NONE', *, *, #2997, .F. ) ;
#3665 = FACE_BOUND ( 'NONE', #1262, .T. ) ;
#3666 = DIRECTION ( 'NONE',  ( 1.000000000000000000, 0.000000000000000000, 0.000000000000000000 ) ) ;
#3667 = CARTESIAN_POINT ( 'NONE',  ( 14.28503777425773436, -22.47129294843107417, 3.292323440001584611 ) ) ;
#3668 = ORIENTED_EDGE ( 'NONE', *, *, #1209, .T. ) ;
#3669 = CIRCLE ( 'NONE', #1128, 1.000000000000000888 ) ;
#3670 = ORIENTED_EDGE ( 'NONE', *, *, #1851, .F. ) ;
#3671 = CIRCLE ( 'NONE', #1066, 2.749999999999995559 ) ;
#3672 = LINE ( 'NONE', #2160, #299 ) ;
#3673 = CARTESIAN_POINT ( 'NONE',  ( -17.96496222574226564, 18.77870705156889031, 8.499999999999998224 ) ) ;
#3674 = DIRECTION ( 'NONE',  ( -0.000000000000000000, -0.000000000000000000, -1.000000000000000000 ) ) ;
#3675 = CIRCLE ( 'NONE', #9, 3.500000000000000444 ) ;
#3676 = EDGE_LOOP ( 'NONE', ( #1932, #2208, #3418, #2229 ) ) ;
#3677 = DIRECTION ( 'NONE',  ( 0.000000000000000000, 0.000000000000000000, 1.000000000000000000 ) ) ;
#3678 = CARTESIAN_POINT ( 'NONE',  ( -10.66696076089826661, 17.28171028643190610, 8.499999999999998224 ) ) ;
#3679 = ADVANCED_FACE ( 'NONE', ( #2078 ), #284, .F. ) ;
#3680 = ORIENTED_EDGE ( 'NONE', *, *, #549, .F. ) ;
#3681 = DIRECTION ( 'NONE',  ( 0.000000000000000000, 0.000000000000000000, -1.000000000000000000 ) ) ;
#3682 = CARTESIAN_POINT ( 'NONE',  ( 11.52803777425773468, -25.62529294843109540, 1.699999999999999289 ) ) ;
#3683 = DIRECTION ( 'NONE',  ( -0.000000000000000000, -0.000000000000000000, -1.000000000000000000 ) ) ;
#3684 = ADVANCED_FACE ( 'NONE', ( #2704 ), #3908, .F. ) ;
#3685 = ORIENTED_EDGE ( 'NONE', *, *, #2829, .F. ) ;
#3686 = VERTEX_POINT ( 'NONE', #1199 ) ;
#3687 = ORIENTED_EDGE ( 'NONE', *, *, #435, .F. ) ;
#3688 = CIRCLE ( 'NONE', #1282, 1.500000000000001332 ) ;
#3689 = CARTESIAN_POINT ( 'NONE',  ( 15.78503777425775390, -19.72129294843107417, -4.002000000000000668 ) ) ;
#3690 = DIRECTION ( 'NONE',  ( -0.000000000000000000, -0.000000000000000000, 1.000000000000000000 ) ) ;
#3691 = ORIENTED_EDGE ( 'NONE', *, *, #353, .T. ) ;
#3692 = VECTOR ( 'NONE', #2449, 1000.000000000000000 ) ;
#3693 = CYLINDRICAL_SURFACE ( 'NONE', #1422, 3.500000000000000444 ) ;
#3694 = CARTESIAN_POINT ( 'NONE',  ( 18.03503777425773436, -22.47129294843107417, 5.000000000000001776 ) ) ;
#3695 = EDGE_CURVE ( 'NONE', #3087, #3716, #1178, .T. ) ;
#3696 = AXIS2_PLACEMENT_3D ( 'NONE', #3881, #1714, #2908 ) ;
#3697 = DIRECTION ( 'NONE',  ( -1.000000000000000000, 0.000000000000000000, 0.000000000000000000 ) ) ;
#3698 = VERTEX_POINT ( 'NONE', #3360 ) ;
#3699 = PRODUCT ( 'Top_Enclosure', 'Top_Enclosure', '', ( #2091 ) ) ;
#3700 = ORIENTED_EDGE ( 'NONE', *, *, #40, .F. ) ;
#3701 = DIRECTION ( 'NONE',  ( 1.000000000000000000, 0.000000000000000000, 0.000000000000000000 ) ) ;
#3702 = CARTESIAN_POINT ( 'NONE',  ( 2.015431251695973813, 11.01227139059988147, 8.499999999999998224 ) ) ;
#3703 = ADVANCED_FACE ( 'NONE', ( #1803 ), #347, .F. ) ;
#3704 = DIRECTION ( 'NONE',  ( 1.000000000000000000, 0.000000000000000000, 0.000000000000000000 ) ) ;
#3705 = AXIS2_PLACEMENT_3D ( 'NONE', #1777, #2668, #2375 ) ;
#3706 = EDGE_CURVE ( 'NONE', #1504, #2560, #50, .T. ) ;
#3707 = EDGE_CURVE ( 'NONE', #1117, #89, #3620, .T. ) ;
#3708 = AXIS2_PLACEMENT_3D ( 'NONE', #3556, #500, #2934 ) ;
#3709 = ORIENTED_EDGE ( 'NONE', *, *, #1953, .F. ) ;
#3710 = DIRECTION ( 'NONE',  ( 0.000000000000000000, 0.000000000000000000, 1.000000000000000000 ) ) ;
#3711 = EDGE_LOOP ( 'NONE', ( #1131, #2521, #806, #1615 ) ) ;
#3712 = CIRCLE ( 'NONE', #3012, 3.000000000000000000 ) ;
#3713 = DIRECTION ( 'NONE',  ( -0.000000000000000000, -0.000000000000000000, 1.000000000000000000 ) ) ;
#3714 = VECTOR ( 'NONE', #1967, 1000.000000000000000 ) ;
#3715 = PLANE ( 'NONE',  #155 ) ;
#3716 = VERTEX_POINT ( 'NONE', #2165 ) ;
#3717 = EDGE_CURVE ( 'NONE', #3752, #2834, #1550, .T. ) ;
#3718 = ORIENTED_EDGE ( 'NONE', *, *, #1923, .T. ) ;
#3719 = CARTESIAN_POINT ( 'NONE',  ( -16.96496222574225854, -19.72129294843107417, 3.292323440001584611 ) ) ;
#3720 = DIRECTION ( 'NONE',  ( -0.000000000000000000, -0.000000000000000000, 1.000000000000000000 ) ) ;
#3721 = ADVANCED_FACE ( 'NONE', ( #1530 ), #1509, .T. ) ;
#3722 = ORIENTED_EDGE ( 'NONE', *, *, #1107, .F. ) ;
#3723 = CARTESIAN_POINT ( 'NONE',  ( 15.78503777425776100, 19.77870705156892939, 8.499999999999998224 ) ) ;
#3724 = EDGE_CURVE ( 'NONE', #3662, #825, #3321, .T. ) ;
#3725 = ORIENTED_EDGE ( 'NONE', *, *, #696, .T. ) ;
#3726 = CIRCLE ( 'NONE', #1942, 2.250000000000001776 ) ;
#3727 = DIRECTION ( 'NONE',  ( 0.000000000000000000, 0.000000000000000000, 1.000000000000000000 ) ) ;
#3728 = AXIS2_PLACEMENT_3D ( 'NONE', #3224, #3568, #3845 ) ;
#3729 = EDGE_LOOP ( 'NONE', ( #138, #3247, #2550, #879 ) ) ;
#3730 = DIRECTION ( 'NONE',  ( 0.000000000000000000, -1.000000000000000000, 0.000000000000000000 ) ) ;
#3731 = ORIENTED_EDGE ( 'NONE', *, *, #773, .T. ) ;
#3732 = AXIS2_PLACEMENT_3D ( 'NONE', #1436, #1102, #3219 ) ;
#3733 = CARTESIAN_POINT ( 'NONE',  ( 17.53503777425773080, 30.02870705156891162, -4.000000000000000000 ) ) ;
#3734 = EDGE_LOOP ( 'NONE', ( #2739, #677, #2959, #1025 ) ) ;
#3735 = VERTEX_POINT ( 'NONE', #679 ) ;
#3736 = CIRCLE ( 'NONE', #3155, 1.500000000000001332 ) ;
#3737 = ORIENTED_EDGE ( 'NONE', *, *, #1364, .F. ) ;
#3738 = LINE ( 'NONE', #3115, #1226 ) ;
#3739 = CARTESIAN_POINT ( 'NONE',  ( -16.46496222574226920, 28.52870705156889741, -4.000000000000000000 ) ) ;
#3740 = ORIENTED_EDGE ( 'NONE', *, *, #788, .T. ) ;
#3741 = DIRECTION ( 'NONE',  ( 1.000000000000000000, 0.000000000000000000, 0.000000000000000000 ) ) ;
#3742 = ORIENTED_EDGE ( 'NONE', *, *, #29, .F. ) ;
#3743 = ORIENTED_EDGE ( 'NONE', *, *, #3538, .F. ) ;
#3744 = CYLINDRICAL_SURFACE ( 'NONE', #3854, 1.500000000000001332 ) ;
#3745 = VERTEX_POINT ( 'NONE', #936 ) ;
#3746 = PLANE ( 'NONE',  #1358 ) ;
#3747 = VERTEX_POINT ( 'NONE', #3022 ) ;
#3748 = PLANE ( 'NONE',  #292 ) ;
#3749 = ADVANCED_FACE ( 'NONE', ( #2435 ), #1567, .F. ) ;
#3750 = PLANE ( 'NONE',  #461 ) ;
#3751 = VECTOR ( 'NONE', #311, 1000.000000000000000 ) ;
#3752 = VERTEX_POINT ( 'NONE', #3076 ) ;
#3753 = ADVANCED_FACE ( 'NONE', ( #2788 ), #2735, .F. ) ;
#3754 = ADVANCED_FACE ( 'NONE', ( #2487 ), #3693, .F. ) ;
#3755 = CIRCLE ( 'NONE', #3504, 2.999999999999999112 ) ;
#3756 = ORIENTED_EDGE ( 'NONE', *, *, #247, .T. ) ;
#3757 = CARTESIAN_POINT ( 'NONE',  ( 16.03503777425773791, -29.97129294843108838, -4.000000000000000000 ) ) ;
#3758 = LINE ( 'NONE', #1881, #1535 ) ;
#3759 = DIRECTION ( 'NONE',  ( 0.000000000000000000, 0.000000000000000000, -1.000000000000000000 ) ) ;
#3760 = CONICAL_SURFACE ( 'NONE', #2871, 2.500000000000019540, 0.7853981633974352894 ) ;
#3761 = ORIENTED_EDGE ( 'NONE', *, *, #1948, .F. ) ;
#3762 = LINE ( 'NONE', #669, #948 ) ;
#3763 = DIRECTION ( 'NONE',  ( 0.000000000000000000, 0.000000000000000000, 1.000000000000000000 ) ) ;
#3764 = DIRECTION ( 'NONE',  ( 0.000000000000000000, -0.000000000000000000, -1.000000000000000000 ) ) ;
#3765 = EDGE_CURVE ( 'NONE', #214, #620, #3640, .T. ) ;
#3766 = VERTEX_POINT ( 'NONE', #641 ) ;
#3767 = DIRECTION ( 'NONE',  ( 1.000000000000000000, 0.000000000000000000, 0.000000000000000000 ) ) ;
#3768 = AXIS2_PLACEMENT_3D ( 'NONE', #776, #112, #1290 ) ;
#3769 = CARTESIAN_POINT ( 'NONE',  ( 16.53503777425773436, 19.77870705156889031, 3.292323440001584611 ) ) ;
#3770 = EDGE_LOOP ( 'NONE', ( #2290, #1155, #2118, #1238 ) ) ;
#3771 = CYLINDRICAL_SURFACE ( 'NONE', #3832, 1.000000000000000888 ) ;
#3772 = LINE ( 'NONE', #192, #780 ) ;
#3773 = AXIS2_PLACEMENT_3D ( 'NONE', #312, #568, #3302 ) ;
#3774 = ORIENTED_EDGE ( 'NONE', *, *, #940, .F. ) ;
#3775 = ORIENTED_EDGE ( 'NONE', *, *, #199, .T. ) ;
#3776 = EDGE_CURVE ( 'NONE', #1855, #985, #2506, .T. ) ;
#3777 = AXIS2_PLACEMENT_3D ( 'NONE', #1398, #2872, #3786 ) ;
#3778 = DIRECTION ( 'NONE',  ( -1.000000000000000000, 0.000000000000000000, 0.000000000000000000 ) ) ;
#3779 = DIRECTION ( 'NONE',  ( 1.000000000000000000, 0.000000000000000000, 0.000000000000000000 ) ) ;
#3780 = EDGE_CURVE ( 'NONE', #1332, #1565, #3520, .T. ) ;
#3781 = CARTESIAN_POINT ( 'NONE',  ( 15.78503777425773613, -22.47129294843107417, 5.000000000000001776 ) ) ;
#3782 = VECTOR ( 'NONE', #3582, 1000.000000000000000 ) ;
#3783 = ORIENTED_EDGE ( 'NONE', *, *, #3001, .T. ) ;
#3784 = LINE ( 'NONE', #3178, #3037 ) ;
#3785 = LINE ( 'NONE', #637, #532 ) ;
#3786 = DIRECTION ( 'NONE',  ( -1.000000000000000000, 0.000000000000000000, 0.000000000000000000 ) ) ;
#3787 = CARTESIAN_POINT ( 'NONE',  ( -16.21496222574229762, 22.52870705156889031, 8.499999999999998224 ) ) ;
#3788 = DIRECTION ( 'NONE',  ( -0.000000000000000000, -0.000000000000000000, 1.000000000000000000 ) ) ;
#3789 = ORIENTED_EDGE ( 'NONE', *, *, #3163, .F. ) ;
#3790 = CARTESIAN_POINT ( 'NONE',  ( 2.452039483241733375, 19.84070686846390430, 9.999999999999998224 ) ) ;
#3791 = DIRECTION ( 'NONE',  ( -1.000000000000000000, 0.000000000000000000, 0.000000000000000000 ) ) ;
#3792 = CIRCLE ( 'NONE', #1821, 3.000000000000000000 ) ;
#3793 = ORIENTED_EDGE ( 'NONE', *, *, #3863, .T. ) ;
#3794 = AXIS2_PLACEMENT_3D ( 'NONE', #794, #1991, #228 ) ;
#3795 = PLANE ( 'NONE',  #1261 ) ;
#3796 = FACE_OUTER_BOUND ( 'NONE', #2124, .T. ) ;
#3797 = DIRECTION ( 'NONE',  ( 1.000000000000000000, 0.000000000000000000, 0.000000000000000000 ) ) ;
#3798 = VECTOR ( 'NONE', #144, 1000.000000000000000 ) ;
#3799 = EDGE_CURVE ( 'NONE', #3147, #3515, #2822, .T. ) ;
#3800 = DIRECTION ( 'NONE',  ( -1.000000000000000000, 0.000000000000000000, 0.000000000000000000 ) ) ;
#3801 = DIRECTION ( 'NONE',  ( -1.156482317317871971E-16, 1.000000000000000000, -0.000000000000000000 ) ) ;
#3802 = DIRECTION ( 'NONE',  ( -1.000000000000000000, 0.000000000000000000, 0.000000000000000000 ) ) ;
#3803 = CARTESIAN_POINT ( 'NONE',  ( 9.710935302704854166, -22.11161202698745853, -4.001000000000001222 ) ) ;
#3804 = DIRECTION ( 'NONE',  ( 0.000000000000000000, 0.000000000000000000, 1.000000000000000000 ) ) ;
#3805 = ORIENTED_EDGE ( 'NONE', *, *, #534, .T. ) ;
#3806 = LINE ( 'NONE', #3207, #476 ) ;
#3807 = CARTESIAN_POINT ( 'NONE',  ( 11.52803777425773468, -25.62529294843109540, -0.1000000000000002554 ) ) ;
#3808 = VERTEX_POINT ( 'NONE', #3857 ) ;
#3809 = ORIENTED_EDGE ( 'NONE', *, *, #420, .F. ) ;
#3810 = EDGE_CURVE ( 'NONE', #3477, #2760, #829, .T. ) ;
#3811 = VERTEX_POINT ( 'NONE', #3526 ) ;
#3812 = EDGE_LOOP ( 'NONE', ( #1616, #1408 ) ) ;
#3813 = CARTESIAN_POINT ( 'NONE',  ( -9.066960760898265193, 17.28171028643190610, -4.001000000000001222 ) ) ;
#3814 = FACE_OUTER_BOUND ( 'NONE', #3465, .T. ) ;
#3815 = CARTESIAN_POINT ( 'NONE',  ( -10.66696076089826661, 21.25670570879590571, -4.001000000000001222 ) ) ;
#3816 = CIRCLE ( 'NONE', #909, 2.999999999999999112 ) ;
#3817 = DIRECTION ( 'NONE',  ( -1.000000000000000000, 0.000000000000000000, 0.000000000000000000 ) ) ;
#3818 = CARTESIAN_POINT ( 'NONE',  ( -16.21496222574229407, 19.77870705156889031, 3.292323440001584611 ) ) ;
#3819 = VECTOR ( 'NONE', #1691, 1000.000000000000000 ) ;
#3820 = EDGE_CURVE ( 'NONE', #569, #1720, #2451, .T. ) ;
#3821 = CARTESIAN_POINT ( 'NONE',  ( 7.285040208365946235, -28.47129294843108482, 6.892323440001584700 ) ) ;
#3822 = DIRECTION ( 'NONE',  ( 1.000000000000000000, 0.000000000000000000, 0.000000000000000000 ) ) ;
#3823 = ADVANCED_FACE ( 'NONE', ( #201 ), #811, .F. ) ;
#3824 = EDGE_CURVE ( 'NONE', #93, #3293, #2922, .T. ) ;
#3825 = CARTESIAN_POINT ( 'NONE',  ( 9.504204806870959032, 28.52870705156890452, 1.699999999999999289 ) ) ;
#3826 = DIRECTION ( 'NONE',  ( -1.949127501097536693E-16, 1.000000000000000000, 0.000000000000000000 ) ) ;
#3827 = ORIENTED_EDGE ( 'NONE', *, *, #3810, .F. ) ;
#3828 = DIRECTION ( 'NONE',  ( -0.000000000000000000, -0.000000000000000000, 1.000000000000000000 ) ) ;
#3829 = DIRECTION ( 'NONE',  ( 0.000000000000000000, 0.000000000000000000, -1.000000000000000000 ) ) ;
#3830 = EDGE_CURVE ( 'NONE', #1073, #1277, #2007, .T. ) ;
#3831 = ORIENTED_EDGE ( 'NONE', *, *, #914, .F. ) ;
#3832 = AXIS2_PLACEMENT_3D ( 'NONE', #1049, #2264, #3474 ) ;
#3833 = VERTEX_POINT ( 'NONE', #2069 ) ;
#3834 = AXIS2_PLACEMENT_3D ( 'NONE', #1402, #3535, #893 ) ;
#3835 = VERTEX_POINT ( 'NONE', #2337 ) ;
#3836 = CARTESIAN_POINT ( 'NONE',  ( -17.96496222574226564, 30.02870705156890097, -4.000000000000000000 ) ) ;
#3837 = FACE_OUTER_BOUND ( 'NONE', #3026, .T. ) ;
#3838 = VECTOR ( 'NONE', #2110, 1000.000000000000000 ) ;
#3839 = DIRECTION ( 'NONE',  ( 0.000000000000000000, 0.000000000000000000, 1.000000000000000000 ) ) ;
#3840 = CARTESIAN_POINT ( 'NONE',  ( -10.88296222574226668, -25.62529294843109540, 8.499999999999998224 ) ) ;
#3841 = DIRECTION ( 'NONE',  ( -1.734723475976807094E-16, 1.000000000000000000, 0.000000000000000000 ) ) ;
#3842 = EDGE_CURVE ( 'NONE', #3086, #1346, #2254, .T. ) ;
#3843 =( GEOMETRIC_REPRESENTATION_CONTEXT ( 3 ) GLOBAL_UNCERTAINTY_ASSIGNED_CONTEXT ( ( #2468 ) ) GLOBAL_UNIT_ASSIGNED_CONTEXT ( ( #3547, #1984, #3195 ) ) REPRESENTATION_CONTEXT ( 'NONE', 'WORKASPACE' ) );
#3844 = FACE_OUTER_BOUND ( 'NONE', #2729, .T. ) ;
#3845 = DIRECTION ( 'NONE',  ( 1.000000000000000000, 0.000000000000000000, 0.000000000000000000 ) ) ;
#3846 = CARTESIAN_POINT ( 'NONE',  ( -13.46496222574226920, -22.47129294843110969, -4.002000000000000668 ) ) ;
#3847 = DIRECTION ( 'NONE',  ( 0.000000000000000000, 0.000000000000000000, 1.000000000000000000 ) ) ;
#3848 = EDGE_LOOP ( 'NONE', ( #1044, #1216 ) ) ;
#3849 = LINE ( 'NONE', #876, #3327 ) ;
#3850 = DIRECTION ( 'NONE',  ( -1.000000000000000000, 2.135044278125326586E-15, 0.000000000000000000 ) ) ;
#3851 = ORIENTED_EDGE ( 'NONE', *, *, #2893, .F. ) ;
#3852 = ORIENTED_EDGE ( 'NONE', *, *, #3830, .F. ) ;
#3853 = ORIENTED_EDGE ( 'NONE', *, *, #3040, .F. ) ;
#3854 = AXIS2_PLACEMENT_3D ( 'NONE', #1617, #1325, #984 ) ;
#3855 = DIRECTION ( 'NONE',  ( -0.000000000000000000, -0.000000000000000000, 1.000000000000000000 ) ) ;
#3856 = LINE ( 'NONE', #468, #3396 ) ;
#3857 = CARTESIAN_POINT ( 'NONE',  ( -9.807962225742267393, 25.68270705156890443, -0.1000000000000002554 ) ) ;
#3858 = VECTOR ( 'NONE', #890, 1000.000000000000000 ) ;
#3859 = EDGE_LOOP ( 'NONE', ( #426, #739, #1554, #368 ) ) ;
#3860 = CARTESIAN_POINT ( 'NONE',  ( 15.78503777425773613, -22.47129294843107417, 9.999999999999998224 ) ) ;
#3861 = CARTESIAN_POINT ( 'NONE',  ( 4.793649565339142882, 12.66714344531767900, 9.999999999999998224 ) ) ;
#3862 = ADVANCED_FACE ( 'NONE', ( #2616 ), #1709, .T. ) ;
#3863 = EDGE_CURVE ( 'NONE', #2071, #146, #554, .T. ) ;
#3864 = CARTESIAN_POINT ( 'NONE',  ( -16.21496222574229051, -19.72129294843111325, 8.499999999999998224 ) ) ;
#3865 = ORIENTED_EDGE ( 'NONE', *, *, #888, .T. ) ;
#3866 = EDGE_CURVE ( 'NONE', #470, #985, #1142, .T. ) ;
#3867 = FACE_OUTER_BOUND ( 'NONE', #1930, .T. ) ;
#3868 = FACE_OUTER_BOUND ( 'NONE', #1740, .T. ) ;
#3869 = EDGE_LOOP ( 'NONE', ( #342, #77 ) ) ;
#3870 = CARTESIAN_POINT ( 'NONE',  ( -10.14106361317946003, -22.11161202698745498, 8.499999999999998224 ) ) ;
#3871 = DIRECTION ( 'NONE',  ( -0.000000000000000000, -0.000000000000000000, 1.000000000000000000 ) ) ;
#3872 = ORIENTED_EDGE ( 'NONE', *, *, #1791, .T. ) ;
#3873 = EDGE_CURVE ( 'NONE', #3747, #707, #2962, .T. ) ;
#3874 = CARTESIAN_POINT ( 'NONE',  ( 16.53503777425774146, -26.22129294843106706, -4.002000000000000668 ) ) ;
#3875 = DIRECTION ( 'NONE',  ( -0.000000000000000000, -0.000000000000000000, 1.000000000000000000 ) ) ;
#3876 = EDGE_CURVE ( 'NONE', #561, #1661, #2197, .T. ) ;
#3877 = DIRECTION ( 'NONE',  ( -1.000000000000000000, 0.000000000000000000, 0.000000000000000000 ) ) ;
#3878 = EDGE_CURVE ( 'NONE', #88, #1936, #1435, .T. ) ;
#3879 = VECTOR ( 'NONE', #661, 1000.000000000000000 ) ;
#3880 = CARTESIAN_POINT ( 'NONE',  ( 10.45303777425773362, -25.62529294843109540, -0.1000000000000002554 ) ) ;
#3881 = CARTESIAN_POINT ( 'NONE',  ( -16.46496222574226209, -26.97129294843108838, 3.292323440001584611 ) ) ;
#3882 = CIRCLE ( 'NONE', #2170, 1.500000000000001332 ) ;
#3883 = CARTESIAN_POINT ( 'NONE',  ( 11.52803777425773468, 25.68270705156890443, 1.699999999999999289 ) ) ;
#3884 = AXIS2_PLACEMENT_3D ( 'NONE', #1527, #2748, #1235 ) ;
#3885 = DIRECTION ( 'NONE',  ( 1.156482317317871971E-16, -1.000000000000000000, 0.000000000000000000 ) ) ;
#3886 = ORIENTED_EDGE ( 'NONE', *, *, #3363, .F. ) ;
#3887 = EDGE_CURVE ( 'NONE', #3096, #3735, #2982, .T. ) ;
#3888 = VECTOR ( 'NONE', #1593, 1000.000000000000000 ) ;
#3889 = DIRECTION ( 'NONE',  ( 0.000000000000000000, 0.000000000000000000, 1.000000000000000000 ) ) ;
#3890 = DIRECTION ( 'NONE',  ( 0.000000000000000000, -0.000000000000000000, 1.000000000000000000 ) ) ;
#3891 = ORIENTED_EDGE ( 'NONE', *, *, #2633, .F. ) ;
#3892 = PLANE ( 'NONE',  #3349 ) ;
#3893 = CARTESIAN_POINT ( 'NONE',  ( -9.807962225742267393, 25.68270705156890443, 1.699999999999999289 ) ) ;
#3894 = CARTESIAN_POINT ( 'NONE',  ( -16.21496222574226564, -22.47129294843110969, -4.002000000000000668 ) ) ;
#3895 = ORIENTED_EDGE ( 'NONE', *, *, #1927, .T. ) ;
#3896 = EDGE_CURVE ( 'NONE', #3330, #2250, #1376, .T. ) ;
#3897 = CARTESIAN_POINT ( 'NONE',  ( 12.21093530270483996, -22.11161202698745853, 9.999999999999998224 ) ) ;
#3898 = AXIS2_PLACEMENT_3D ( 'NONE', #3165, #2875, #1639 ) ;
#3899 = DIRECTION ( 'NONE',  ( 0.000000000000000000, -0.000000000000000000, -1.000000000000000000 ) ) ;
#3900 = AXIS2_PLACEMENT_3D ( 'NONE', #1274, #2187, #3658 ) ;
#3901 = DIRECTION ( 'NONE',  ( 1.000000000000000000, 0.000000000000000000, 0.000000000000000000 ) ) ;
#3902 = CARTESIAN_POINT ( 'NONE',  ( 9.378037774257734327, -25.62529294843109540, -0.1000000000000002554 ) ) ;
#3903 = VECTOR ( 'NONE', #3278, 1000.000000000000000 ) ;
#3904 = VECTOR ( 'NONE', #474, 1000.000000000000000 ) ;
#3905 = DIRECTION ( 'NONE',  ( -0.000000000000000000, -0.000000000000000000, 1.000000000000000000 ) ) ;
#3906 = ORIENTED_EDGE ( 'NONE', *, *, #1592, .F. ) ;
#3907 = CYLINDRICAL_SURFACE ( 'NONE', #3077, 2.749999999999995559 ) ;
#3908 = CYLINDRICAL_SURFACE ( 'NONE', #2883, 1.000000000000000888 ) ;
#3909 = ORIENTED_EDGE ( 'NONE', *, *, #3093, .F. ) ;
#3910 = DIRECTION ( 'NONE',  ( 1.000000000000000000, 0.000000000000000000, 0.000000000000000000 ) ) ;
#3911 = FACE_OUTER_BOUND ( 'NONE', #1022, .T. ) ;
#3912 = FACE_OUTER_BOUND ( 'NONE', #2509, .T. ) ;
#3913 = EDGE_LOOP ( 'NONE', ( #730, #1683, #1292, #1625 ) ) ;
#3914 = ORIENTED_EDGE ( 'NONE', *, *, #1240, .T. ) ;
#3915 = DIRECTION ( 'NONE',  ( -1.000000000000000000, -2.703465157366452467E-16, 0.000000000000000000 ) ) ;
#3916 = DIRECTION ( 'NONE',  ( -0.000000000000000000, -1.000000000000000000, 0.000000000000000000 ) ) ;
#3917 = DIRECTION ( 'NONE',  ( 1.000000000000000000, 0.000000000000000000, 0.000000000000000000 ) ) ;
#3918 = PRODUCT_DEFINITION_SHAPE ( 'NONE', 'NONE',  #2549 ) ;
#3919 = CARTESIAN_POINT ( 'NONE',  ( -16.21496222574226564, -22.47129294843110969, 5.000000000000001776 ) ) ;
ENDSEC;
END-ISO-10303-21;
