ISO-10303-21;
HEADER;
FILE_DESCRIPTION (( 'STEP AP214' ),
    '1' );
FILE_NAME ('Bottom_Enclosure.STEP',
    '2025-11-24T06:57:07',
    ( '' ),
    ( '' ),
    'SwSTEP 2.0',
    'SolidWorks 2025',
    '' );
FILE_SCHEMA (( 'AUTOMOTIVE_DESIGN' ));
ENDSEC;

DATA;
#1 = DIRECTION ( 'NONE',  ( -1.734723475976807094E-16, 1.000000000000000000, 0.000000000000000000 ) ) ;
#2 = LINE ( 'NONE', #1079, #300 ) ;
#3 = EDGE_CURVE ( 'NONE', #1173, #1142, #356, .T. ) ;
#4 = DIRECTION ( 'NONE',  ( 1.000000000000000000, 0.000000000000000000, 0.000000000000000000 ) ) ;
#5 = ORIENTED_EDGE ( 'NONE', *, *, #2248, .F. ) ;
#6 = LINE ( 'NONE', #1067, #671 ) ;
#7 = ORIENTED_EDGE ( 'NONE', *, *, #1747, .T. ) ;
#8 = CONICAL_SURFACE ( 'NONE', #2084, 0.9393398282201842475, 0.7853981633974488341 ) ;
#9 = DIRECTION ( 'NONE',  ( -1.911638545475377396E-16, 0.7071067811865482389, -0.7071067811865469066 ) ) ;
#10 = CIRCLE ( 'NONE', #2548, 2.749999999999995559 ) ;
#11 = ORIENTED_EDGE ( 'NONE', *, *, #3101, .T. ) ;
#12 = PLANE ( 'NONE',  #1833 ) ;
#13 = ORIENTED_EDGE ( 'NONE', *, *, #1738, .F. ) ;
#14 = CIRCLE ( 'NONE', #1756, 3.000000000000000888 ) ;
#15 = EDGE_CURVE ( 'NONE', #3258, #2328, #2311, .T. ) ;
#16 = CARTESIAN_POINT ( 'NONE',  ( 17.53503777425774146, -26.97129294843108482, 3.292323440001584611 ) ) ;
#17 = CIRCLE ( 'NONE', #2756, 1.500000000000001332 ) ;
#18 = CARTESIAN_POINT ( 'NONE',  ( -17.84364188218262726, -19.19870478464571306, -2.500000000000000000 ) ) ;
#19 = VECTOR ( 'NONE', #1618, 1000.000000000000000 ) ;
#20 = AXIS2_PLACEMENT_3D ( 'NONE', #2874, #2298, #3156 ) ;
#21 = ORIENTED_EDGE ( 'NONE', *, *, #2267, .F. ) ;
#22 = DIRECTION ( 'NONE',  ( -0.000000000000000000, -0.000000000000000000, -1.000000000000000000 ) ) ;
#23 = PLANE ( 'NONE',  #1642 ) ;
#24 = AXIS2_PLACEMENT_3D ( 'NONE', #2253, #2843, #954 ) ;
#25 = VECTOR ( 'NONE', #812, 1000.000000000000000 ) ;
#26 = DIRECTION ( 'NONE',  ( 1.000000000000000000, -1.889896820699131511E-15, 0.000000000000000000 ) ) ;
#27 = ORIENTED_EDGE ( 'NONE', *, *, #1690, .T. ) ;
#28 = CARTESIAN_POINT ( 'NONE',  ( -16.21496222574229762, 22.52870705156889031, -4.002000000000000668 ) ) ;
#29 = VERTEX_POINT ( 'NONE', #1516 ) ;
#30 = CARTESIAN_POINT ( 'NONE',  ( -16.21496222574229051, -19.72129294843107417, -2.500000000000000000 ) ) ;
#31 = AXIS2_PLACEMENT_3D ( 'NONE', #1370, #1619, #59 ) ;
#32 = VERTEX_POINT ( 'NONE', #2880 ) ;
#34 = VECTOR ( 'NONE', #919, 1000.000000000000000 ) ;
#33 = LINE ( 'NONE', #1333, #25 ) ;
#35 = ORIENTED_EDGE ( 'NONE', *, *, #1489, .T. ) ;
#36 = ADVANCED_FACE ( 'NONE', ( #3111 ), #179, .T. ) ;
#37 = CARTESIAN_POINT ( 'NONE',  ( -17.84364188218262726, -25.74388111221641040, -2.500000000000000000 ) ) ;
#38 = AXIS2_PLACEMENT_3D ( 'NONE', #3024, #3255, #326 ) ;
#39 = CYLINDRICAL_SURFACE ( 'NONE', #762, 1.000000000000000888 ) ;
#40 = EDGE_CURVE ( 'NONE', #3462, #2633, #1981, .T. ) ;
#41 = EDGE_LOOP ( 'NONE', ( #2246, #881 ) ) ;
#42 = CARTESIAN_POINT ( 'NONE',  ( -16.21496222574229762, 22.52870705156889031, 3.292323440001584611 ) ) ;
#43 = DIRECTION ( 'NONE',  ( -1.000000000000000000, 0.000000000000000000, 0.000000000000000000 ) ) ;
#44 = VECTOR ( 'NONE', #2976, 1000.000000000000000 ) ;
#45 = VECTOR ( 'NONE', #2128, 1000.000000000000000 ) ;
#46 = LINE ( 'NONE', #2430, #802 ) ;
#47 = VERTEX_POINT ( 'NONE', #2353 ) ;
#48 = CARTESIAN_POINT ( 'NONE',  ( 15.78503777425776988, 25.27870705156888320, -4.002000000000000668 ) ) ;
#49 = ORIENTED_EDGE ( 'NONE', *, *, #3116, .T. ) ;
#50 = CYLINDRICAL_SURFACE ( 'NONE', #1053, 3.000000000000000888 ) ;
#51 = DIRECTION ( 'NONE',  ( 0.000000000000000000, 0.000000000000000000, -1.000000000000000000 ) ) ;
#52 = ORIENTED_EDGE ( 'NONE', *, *, #1989, .F. ) ;
#53 = DIRECTION ( 'NONE',  ( 1.156482317317871971E-16, -1.000000000000000000, 0.000000000000000000 ) ) ;
#54 = ORIENTED_EDGE ( 'NONE', *, *, #1532, .F. ) ;
#55 = FACE_OUTER_BOUND ( 'NONE', #1766, .T. ) ;
#56 = AXIS2_PLACEMENT_3D ( 'NONE', #1191, #2259, #1518 ) ;
#57 = CARTESIAN_POINT ( 'NONE',  ( 17.41371743069809597, 30.02870705156891162, -2.500000000000000000 ) ) ;
#58 = EDGE_CURVE ( 'NONE', #3261, #1519, #2363, .T. ) ;
#59 = DIRECTION ( 'NONE',  ( 1.156482317317871971E-16, -1.000000000000000000, 0.000000000000000000 ) ) ;
#60 = EDGE_CURVE ( 'NONE', #1558, #2276, #2323, .T. ) ;
#61 = CARTESIAN_POINT ( 'NONE',  ( -19.46496222574226209, -29.97129294843108838, 3.292323440001584611 ) ) ;
#62 = ADVANCED_FACE ( 'NONE', ( #3427 ), #3397, .F. ) ;
#63 = DIRECTION ( 'NONE',  ( 0.000000000000000000, 0.000000000000000000, -1.000000000000000000 ) ) ;
#64 = CARTESIAN_POINT ( 'NONE',  ( 16.73503777425770522, 22.52870705156892583, -3.000000000000002665 ) ) ;
#65 = ORIENTED_EDGE ( 'NONE', *, *, #1724, .F. ) ;
#66 = LINE ( 'NONE', #2777, #1854 ) ;
#67 = ORIENTED_EDGE ( 'NONE', *, *, #939, .F. ) ;
#68 = DIRECTION ( 'NONE',  ( -1.156482317317871971E-16, 1.000000000000000000, 0.000000000000000000 ) ) ;
#69 = ORIENTED_EDGE ( 'NONE', *, *, #2504, .T. ) ;
#70 = CARTESIAN_POINT ( 'NONE',  ( 15.78503777425775390, -25.22129294843106706, -4.002000000000000668 ) ) ;
#71 = ORIENTED_EDGE ( 'NONE', *, *, #1747, .F. ) ;
#72 = DIRECTION ( 'NONE',  ( -1.000000000000000000, 0.000000000000000000, 0.000000000000000000 ) ) ;
#73 = LINE ( 'NONE', #1656, #1148 ) ;
#74 = CARTESIAN_POINT ( 'NONE',  ( 16.53503777425773436, 18.77870705156889031, -2.500000000000000000 ) ) ;
#75 = ADVANCED_FACE ( 'NONE', ( #1240 ), #3379, .T. ) ;
#76 = CIRCLE ( 'NONE', #2927, 1.500000000000001332 ) ;
#77 = CARTESIAN_POINT ( 'NONE',  ( -17.16496222574226493, -22.47129294843110969, -3.000000000000002665 ) ) ;
#78 = ADVANCED_FACE ( 'NONE', ( #731 ), #475, .F. ) ;
#79 = DIRECTION ( 'NONE',  ( 0.000000000000000000, 0.000000000000000000, 1.000000000000000000 ) ) ;
#80 = ORIENTED_EDGE ( 'NONE', *, *, #1217, .F. ) ;
#81 = AXIS2_PLACEMENT_3D ( 'NONE', #1818, #1339, #1 ) ;
#82 = LINE ( 'NONE', #1427, #785 ) ;
#83 = VERTEX_POINT ( 'NONE', #3413 ) ;
#84 = CARTESIAN_POINT ( 'NONE',  ( -9.829754966686621742, 28.49390952209488148, -2.413477185914384648 ) ) ;
#85 = ADVANCED_FACE ( 'NONE', ( #713 ), #1780, .F. ) ;
#86 = CIRCLE ( 'NONE', #1763, 0.9499999999999995115 ) ;
#87 = CARTESIAN_POINT ( 'NONE',  ( 17.41371743069810307, -19.19870478464572017, -2.500000000000000000 ) ) ;
#88 = VERTEX_POINT ( 'NONE', #2447 ) ;
#89 = DIRECTION ( 'NONE',  ( 0.7071067811865469066, 1.226634733346698324E-16, 0.7071067811865482389 ) ) ;
#90 = ORIENTED_EDGE ( 'NONE', *, *, #2504, .F. ) ;
#91 = CARTESIAN_POINT ( 'NONE',  ( 16.03503777425773791, -28.47129294843108482, -4.000000000000000000 ) ) ;
#92 = DIRECTION ( 'NONE',  ( 1.000000000000000000, 1.734723475976807094E-16, -0.000000000000000000 ) ) ;
#93 = CARTESIAN_POINT ( 'NONE',  ( -9.829754966686612860, -28.43649541895706889, -2.413477185914382872 ) ) ;
#94 = CYLINDRICAL_SURFACE ( 'NONE', #1421, 3.000000000000000888 ) ;
#95 = FACE_OUTER_BOUND ( 'NONE', #210, .T. ) ;
#96 = ORIENTED_EDGE ( 'NONE', *, *, #268, .T. ) ;
#97 = AXIS2_PLACEMENT_3D ( 'NONE', #1032, #1862, #2651 ) ;
#98 = EDGE_CURVE ( 'NONE', #407, #1258, #17, .T. ) ;
#99 = FACE_OUTER_BOUND ( 'NONE', #2375, .T. ) ;
#100 = ORIENTED_EDGE ( 'NONE', *, *, #377, .F. ) ;
#101 = CARTESIAN_POINT ( 'NONE',  ( 17.53503777425773080, 27.02870705156891162, -4.000000000000000000 ) ) ;
#102 = ORIENTED_EDGE ( 'NONE', *, *, #2496, .F. ) ;
#103 = EDGE_CURVE ( 'NONE', #1991, #2778, #1253, .T. ) ;
#104 = DIRECTION ( 'NONE',  ( 0.000000000000000000, 0.000000000000000000, -1.000000000000000000 ) ) ;
#105 = EDGE_LOOP ( 'NONE', ( #1837, #345, #482, #1535, #1744 ) ) ;
#106 = CARTESIAN_POINT ( 'NONE',  ( -16.96496222574226564, 26.27870705156888320, -4.002000000000000668 ) ) ;
#107 =( BOUNDED_CURVE ( )  B_SPLINE_CURVE ( 3, ( #303, #2198, #2125, #18 ),
 .UNSPECIFIED., .F., .F. ) 
 B_SPLINE_CURVE_WITH_KNOTS ( ( 4, 4 ),
 ( 0.000000000000000000, 0.4977068327427357497 ),
 .UNSPECIFIED. ) 
 CURVE ( )  GEOMETRIC_REPRESENTATION_ITEM ( )  RATIONAL_B_SPLINE_CURVE ( ( 1.000000000000000000, 0.9794636360570641020, 0.9794636360570641020, 1.000000000000000000 ) ) 
 REPRESENTATION_ITEM ( '' )  );
#108 = DIRECTION ( 'NONE',  ( 1.734723475976807094E-16, -1.000000000000000000, 0.000000000000000000 ) ) ;
#109 = CARTESIAN_POINT ( 'NONE',  ( -19.46496222574226209, -28.34997260487145354, -2.500000000000000000 ) ) ;
#110 = ORIENTED_EDGE ( 'NONE', *, *, #2634, .F. ) ;
#111 = VECTOR ( 'NONE', #3384, 1000.000000000000000 ) ;
#112 = CIRCLE ( 'NONE', #558, 0.9500000000000029532 ) ;
#113 = CARTESIAN_POINT ( 'NONE',  ( 16.53503777425773791, -18.72129294843107417, -4.002000000000000668 ) ) ;
#114 = ORIENTED_EDGE ( 'NONE', *, *, #739, .T. ) ;
#115 = FACE_OUTER_BOUND ( 'NONE', #2704, .T. ) ;
#116 = VERTEX_POINT ( 'NONE', #2391 ) ;
#117 = EDGE_CURVE ( 'NONE', #2176, #2377, #1808, .T. ) ;
#118 = LINE ( 'NONE', #348, #811 ) ;
#119 = EDGE_LOOP ( 'NONE', ( #951, #1878, #827, #1260 ) ) ;
#120 = FACE_OUTER_BOUND ( 'NONE', #183, .T. ) ;
#121 = ORIENTED_EDGE ( 'NONE', *, *, #3185, .T. ) ;
#122 = DIRECTION ( 'NONE',  ( 1.000000000000000000, 0.000000000000000000, 0.000000000000000000 ) ) ;
#123 = EDGE_CURVE ( 'NONE', #3201, #959, #14, .T. ) ;
#124 = CARTESIAN_POINT ( 'NONE',  ( -11.83296222574226597, 25.68270705156890443, -2.500000000000000000 ) ) ;
#125 = CARTESIAN_POINT ( 'NONE',  ( -18.40430205396244645, 27.02870705156890097, -1.939339828220185025 ) ) ;
#126 = ORIENTED_EDGE ( 'NONE', *, *, #1325, .F. ) ;
#127 = EDGE_CURVE ( 'NONE', #3080, #693, #1119, .T. ) ;
#128 = CARTESIAN_POINT ( 'NONE',  ( -19.46496222574226920, 28.40738670800926613, -2.500000000000000000 ) ) ;
#129 = AXIS2_PLACEMENT_3D ( 'NONE', #3439, #1249, #2333 ) ;
#130 = ORIENTED_EDGE ( 'NONE', *, *, #103, .F. ) ;
#131 = CARTESIAN_POINT ( 'NONE',  ( 7.453037774257734505, 25.68270705156890443, 0.000000000000000000 ) ) ;
#132 = ORIENTED_EDGE ( 'NONE', *, *, #2842, .F. ) ;
#133 = CARTESIAN_POINT ( 'NONE',  ( 7.453037774257734505, -25.62529294843109540, -2.500000000000000000 ) ) ;
#134 = CARTESIAN_POINT ( 'NONE',  ( 19.03503777425773080, 27.02870705156891162, -4.000000000000000000 ) ) ;
#135 = ORIENTED_EDGE ( 'NONE', *, *, #1664, .F. ) ;
#136 = LINE ( 'NONE', #1401, #2159 ) ;
#137 = DIRECTION ( 'NONE',  ( -0.000000000000000000, -0.000000000000000000, 1.000000000000000000 ) ) ;
#138 = CARTESIAN_POINT ( 'NONE',  ( 15.78503777425773613, -22.47129294843107417, -3.000000000000002665 ) ) ;
#139 = ORIENTED_EDGE ( 'NONE', *, *, #1652, .T. ) ;
#140 = EDGE_CURVE ( 'NONE', #2763, #613, #1196, .T. ) ;
#141 = VECTOR ( 'NONE', #1868, 1000.000000000000000 ) ;
#142 = EDGE_CURVE ( 'NONE', #3468, #3411, #2187, .T. ) ;
#143 = CARTESIAN_POINT ( 'NONE',  ( -17.96496222574226564, 26.27870705156888320, 3.292323440001584611 ) ) ;
#144 = ORIENTED_EDGE ( 'NONE', *, *, #2228, .F. ) ;
#145 = CARTESIAN_POINT ( 'NONE',  ( 16.73503777425770522, 22.52870705156892583, -3.000000000000002665 ) ) ;
#146 = EDGE_LOOP ( 'NONE', ( #65, #695, #3172, #1850 ) ) ;
#147 = CARTESIAN_POINT ( 'NONE',  ( -16.21496222574229407, 19.77870705156889031, 3.292323440001584611 ) ) ;
#148 = ORIENTED_EDGE ( 'NONE', *, *, #3038, .T. ) ;
#149 = DIRECTION ( 'NONE',  ( 0.000000000000000000, 0.000000000000000000, 1.000000000000000000 ) ) ;
#150 = ORIENTED_EDGE ( 'NONE', *, *, #983, .T. ) ;
#151 = DIRECTION ( 'NONE',  ( 1.000000000000000000, 0.000000000000000000, 0.000000000000000000 ) ) ;
#152 = AXIS2_PLACEMENT_3D ( 'NONE', #2669, #9, #2172 ) ;
#153 = LINE ( 'NONE', #918, #188 ) ;
#154 = LINE ( 'NONE', #1264, #2132 ) ;
#155 = ORIENTED_EDGE ( 'NONE', *, *, #725, .F. ) ;
#156 = EDGE_CURVE ( 'NONE', #2577, #2649, #241, .T. ) ;
#157 = EDGE_CURVE ( 'NONE', #2989, #660, #1812, .T. ) ;
#158 = PLANE ( 'NONE',  #1036 ) ;
#159 = DIRECTION ( 'NONE',  ( 1.000000000000000000, 2.703465157366452467E-16, 0.000000000000000000 ) ) ;
#160 = EDGE_CURVE ( 'NONE', #3325, #3292, #3181, .T. ) ;
#161 = VECTOR ( 'NONE', #1433, 1000.000000000000000 ) ;
#162 = ORIENTED_EDGE ( 'NONE', *, *, #1430, .F. ) ;
#163 = DIRECTION ( 'NONE',  ( 1.000000000000000000, 0.000000000000000000, 0.000000000000000000 ) ) ;
#164 = ORIENTED_EDGE ( 'NONE', *, *, #1256, .F. ) ;
#165 = LINE ( 'NONE', #944, #3154 ) ;
#166 = ORIENTED_EDGE ( 'NONE', *, *, #594, .F. ) ;
#167 = PLANE ( 'NONE',  #2673 ) ;
#168 = ORIENTED_EDGE ( 'NONE', *, *, #2842, .T. ) ;
#169 = FACE_OUTER_BOUND ( 'NONE', #1500, .T. ) ;
#170 = CARTESIAN_POINT ( 'NONE',  ( -16.21496222574226564, -22.47129294843110969, 3.292323440001584611 ) ) ;
#171 = ORIENTED_EDGE ( 'NONE', *, *, #1944, .F. ) ;
#172 = CARTESIAN_POINT ( 'NONE',  ( 17.53503777425773080, 27.02870705156891162, 3.292323440001584611 ) ) ;
#173 = CARTESIAN_POINT ( 'NONE',  ( 14.83503777425773151, -22.47129294843107417, -3.000000000000002665 ) ) ;
#174 = CARTESIAN_POINT ( 'NONE',  ( -16.21496222574229051, -25.22129294843106706, -2.500000000000000000 ) ) ;
#175 = ADVANCED_FACE ( 'NONE', ( #567 ), #23, .F. ) ;
#176 = ORIENTED_EDGE ( 'NONE', *, *, #3164, .F. ) ;
#177 = AXIS2_PLACEMENT_3D ( 'NONE', #953, #2972, #2026 ) ;
#178 = DIRECTION ( 'NONE',  ( 1.000000000000000000, 0.000000000000000000, 0.000000000000000000 ) ) ;
#179 = CYLINDRICAL_SURFACE ( 'NONE', #2038, 2.749999999999995559 ) ;
#180 = ADVANCED_FACE ( 'NONE', ( #1586 ), #511, .T. ) ;
#181 = VECTOR ( 'NONE', #3173, 1000.000000000000000 ) ;
#182 = CYLINDRICAL_SURFACE ( 'NONE', #2869, 3.000000000000000000 ) ;
#183 = EDGE_LOOP ( 'NONE', ( #385, #1398, #419, #2944 ) ) ;
#184 = DIRECTION ( 'NONE',  ( 1.000000000000000000, 0.000000000000000000, 0.000000000000000000 ) ) ;
#185 = ORIENTED_EDGE ( 'NONE', *, *, #140, .F. ) ;
#186 = CYLINDRICAL_SURFACE ( 'NONE', #1614, 3.000000000000000000 ) ;
#187 = EDGE_CURVE ( 'NONE', #3411, #771, #2203, .T. ) ;
#188 = VECTOR ( 'NONE', #652, 1000.000000000000000 ) ;
#189 = CARTESIAN_POINT ( 'NONE',  ( -19.46496222574226920, 28.40738670800926613, -2.500000000000000000 ) ) ;
#190 = ORIENTED_EDGE ( 'NONE', *, *, #2330, .F. ) ;
#191 = CIRCLE ( 'NONE', #24, 2.749999999999995559 ) ;
#192 = CIRCLE ( 'NONE', #20, 1.000000000000000888 ) ;
#193 = PRODUCT_DEFINITION_CONTEXT ( 'detailed design', #702, 'design' ) ;
#194 = STYLED_ITEM ( 'NONE', ( #2716 ), #2912 ) ;
#195 = CARTESIAN_POINT ( 'NONE',  ( -13.46496222574226920, -22.47129294843110969, -4.002000000000000668 ) ) ;
#196 = DIRECTION ( 'NONE',  ( 1.000000000000000000, 0.000000000000000000, 0.000000000000000000 ) ) ;
#197 = DIRECTION ( 'NONE',  ( 0.000000000000000000, 0.000000000000000000, 1.000000000000000000 ) ) ;
#198 = ORIENTED_EDGE ( 'NONE', *, *, #3303, .F. ) ;
#199 = LINE ( 'NONE', #131, #2676 ) ;
#200 = CARTESIAN_POINT ( 'NONE',  ( 16.53503777425774146, -26.22129294843106706, -2.500000000000000000 ) ) ;
#201 = EDGE_CURVE ( 'NONE', #2388, #2989, #2, .T. ) ;
#202 = CARTESIAN_POINT ( 'NONE',  ( -16.96496222574226564, 19.77870705156889031, 3.292323440001584611 ) ) ;
#203 = VERTEX_POINT ( 'NONE', #822 ) ;
#204 = FACE_BOUND ( 'NONE', #3063, .T. ) ;
#205 = ORIENTED_EDGE ( 'NONE', *, *, #2702, .F. ) ;
#206 = CARTESIAN_POINT ( 'NONE',  ( -16.46496222574226920, 30.02870705156890097, -3.000000000000006217 ) ) ;
#207 = EDGE_CURVE ( 'NONE', #693, #2051, #2952, .T. ) ;
#208 = AXIS2_PLACEMENT_3D ( 'NONE', #1526, #2317, #1831 ) ;
#209 = CARTESIAN_POINT ( 'NONE',  ( -7.714959791634051989, -11.83278339979662874, -0.3076765599984150334 ) ) ;
#210 = EDGE_LOOP ( 'NONE', ( #2153, #398, #1410, #1716 ) ) ;
#211 = AXIS2_PLACEMENT_3D ( 'NONE', #3028, #2761, #365 ) ;
#212 = DIRECTION ( 'NONE',  ( 1.000000000000000000, 0.000000000000000000, -0.000000000000000000 ) ) ;
#213 = CARTESIAN_POINT ( 'NONE',  ( 9.503037774257734327, -25.62529294843109540, 0.000000000000000000 ) ) ;
#214 =( BOUNDED_CURVE ( )  B_SPLINE_CURVE ( 3, ( #3267, #872, #93, #1942 ),
 .UNSPECIFIED., .F., .F. ) 
 B_SPLINE_CURVE_WITH_KNOTS ( ( 4, 4 ),
 ( 2.709822862097197138, 2.819789510287912027 ),
 .UNSPECIFIED. ) 
 CURVE ( )  GEOMETRIC_REPRESENTATION_ITEM ( )  RATIONAL_B_SPLINE_CURVE ( ( 1.000000000000000000, 0.9989925318741212923, 0.9989925318741212923, 1.000000000000000000 ) ) 
 REPRESENTATION_ITEM ( '' )  );
#215 = CARTESIAN_POINT ( 'NONE',  ( -17.16496222574226493, -22.47129294843110969, 3.292323440001584611 ) ) ;
#216 = DIRECTION ( 'NONE',  ( -1.000000000000000000, 0.000000000000000000, 0.000000000000000000 ) ) ;
#217 = CIRCLE ( 'NONE', #2236, 1.378679656440364498 ) ;
#218 = DIRECTION ( 'NONE',  ( 1.000000000000000000, 0.000000000000000000, 0.000000000000000000 ) ) ;
#219 = ORIENTED_EDGE ( 'NONE', *, *, #834, .T. ) ;
#220 = DIRECTION ( 'NONE',  ( -1.000000000000000000, 0.000000000000000000, 0.000000000000000000 ) ) ;
#221 = EDGE_LOOP ( 'NONE', ( #3417, #2111, #114, #3351 ) ) ;
#222 = CIRCLE ( 'NONE', #3307, 0.9500000000000029532 ) ;
#223 = CARTESIAN_POINT ( 'NONE',  ( -16.46496222574226209, -27.91063277665127274, -2.939339828220178141 ) ) ;
#224 = EDGE_CURVE ( 'NONE', #2913, #867, #2481, .T. ) ;
#225 = EDGE_CURVE ( 'NONE', #1558, #281, #2057, .T. ) ;
#226 = DIRECTION ( 'NONE',  ( 1.000000000000000000, 0.000000000000000000, 0.000000000000000000 ) ) ;
#227 = ORIENTED_EDGE ( 'NONE', *, *, #1539, .F. ) ;
#228 = ADVANCED_FACE ( 'NONE', ( #2348, #2585, #1037, #489, #3137 ), #2107, .T. ) ;
#229 = DIRECTION ( 'NONE',  ( 1.000000000000000000, 0.000000000000000000, 0.000000000000000000 ) ) ;
#230 = CARTESIAN_POINT ( 'NONE',  ( 11.40303777425773468, 25.68270705156890443, 0.000000000000000000 ) ) ;
#231 = EDGE_CURVE ( 'NONE', #1883, #2156, #723, .T. ) ;
#232 = ORIENTED_EDGE ( 'NONE', *, *, #602, .F. ) ;
#233 = CARTESIAN_POINT ( 'NONE',  ( 15.78503777425770060, 22.52870705156892583, -2.500000000000000000 ) ) ;
#234 = DIRECTION ( 'NONE',  ( 1.000000000000000000, 0.000000000000000000, 0.000000000000000000 ) ) ;
#235 =( BOUNDED_CURVE ( )  B_SPLINE_CURVE ( 3, ( #1003, #969, #1760, #470 ),
 .UNSPECIFIED., .F., .F. ) 
 B_SPLINE_CURVE_WITH_KNOTS ( ( 4, 4 ),
 ( 2.709822862097194918, 2.819789510287912027 ),
 .UNSPECIFIED. ) 
 CURVE ( )  GEOMETRIC_REPRESENTATION_ITEM ( )  RATIONAL_B_SPLINE_CURVE ( ( 1.000000000000000000, 0.9989925318741212923, 0.9989925318741212923, 1.000000000000000000 ) ) 
 REPRESENTATION_ITEM ( '' )  );
#236 = CARTESIAN_POINT ( 'NONE',  ( -11.83296222574226597, 25.68270705156890443, 0.000000000000000000 ) ) ;
#237 = ORIENTED_EDGE ( 'NONE', *, *, #937, .F. ) ;
#238 = DIRECTION ( 'NONE',  ( 0.000000000000000000, 0.000000000000000000, 1.000000000000000000 ) ) ;
#239 = ORIENTED_EDGE ( 'NONE', *, *, #2711, .T. ) ;
#240 = DIRECTION ( 'NONE',  ( 0.000000000000000000, -0.000000000000000000, -1.000000000000000000 ) ) ;
#241 = CIRCLE ( 'NONE', #3151, 1.000000000000000888 ) ;
#242 = VECTOR ( 'NONE', #1486, 1000.000000000000000 ) ;
#243 = CARTESIAN_POINT ( 'NONE',  ( 14.83503777425769599, 22.52870705156892583, -3.000000000000002665 ) ) ;
#244 = ORIENTED_EDGE ( 'NONE', *, *, #290, .T. ) ;
#245 = LINE ( 'NONE', #1283, #181 ) ;
#246 = AXIS2_PLACEMENT_3D ( 'NONE', #2807, #406, #1202 ) ;
#247 = EDGE_CURVE ( 'NONE', #1482, #1898, #245, .T. ) ;
#248 = DIRECTION ( 'NONE',  ( 0.000000000000000000, 0.000000000000000000, 1.000000000000000000 ) ) ;
#249 = CARTESIAN_POINT ( 'NONE',  ( 15.78503777425776988, 25.27870705156888320, -4.002000000000000668 ) ) ;
#250 = AXIS2_PLACEMENT_3D ( 'NONE', #106, #2277, #122 ) ;
#251 = CARTESIAN_POINT ( 'NONE',  ( 18.03503777425774857, -26.97129294843108482, -4.000000000000000000 ) ) ;
#252 = ADVANCED_FACE ( 'NONE', ( #3407, #1851 ), #2621, .F. ) ;
#253 = VERTEX_POINT ( 'NONE', #3392 ) ;
#254 = CYLINDRICAL_SURFACE ( 'NONE', #1035, 3.000000000000000888 ) ;
#255 = DIRECTION ( 'NONE',  ( -1.000000000000000000, 0.000000000000000000, 0.000000000000000000 ) ) ;
#256 = VECTOR ( 'NONE', #1094, 1000.000000000000000 ) ;
#257 = DIRECTION ( 'NONE',  ( 1.000000000000000000, 0.000000000000000000, 0.000000000000000000 ) ) ;
#258 = EDGE_LOOP ( 'NONE', ( #190, #554, #2527, #3321, #1537 ) ) ;
#259 = CARTESIAN_POINT ( 'NONE',  ( -16.21496222574229762, 22.52870705156889031, -3.000000000000002665 ) ) ;
#260 = EDGE_LOOP ( 'NONE', ( #2106, #2743, #2565, #2500 ) ) ;
#261 = DIRECTION ( 'NONE',  ( 0.000000000000000000, 0.000000000000000000, 1.000000000000000000 ) ) ;
#262 = VERTEX_POINT ( 'NONE', #2840 ) ;
#263 = DIRECTION ( 'NONE',  ( -0.000000000000000000, -0.000000000000000000, -1.000000000000000000 ) ) ;
#264 = ORIENTED_EDGE ( 'NONE', *, *, #2443, .F. ) ;
#265 = DIRECTION ( 'NONE',  ( 1.734723475976807094E-16, -1.000000000000000000, 0.000000000000000000 ) ) ;
#266 = VECTOR ( 'NONE', #2083, 1000.000000000000000 ) ;
#267 = CARTESIAN_POINT ( 'NONE',  ( -17.40430205396244645, -26.97129294843108838, -2.939339828220178141 ) ) ;
#268 = EDGE_CURVE ( 'NONE', #2055, #3225, #1024, .T. ) ;
#269 = ORIENTED_EDGE ( 'NONE', *, *, #297, .F. ) ;
#270 = FACE_OUTER_BOUND ( 'NONE', #1176, .T. ) ;
#271 = DIRECTION ( 'NONE',  ( 1.000000000000000000, 0.000000000000000000, 0.000000000000000000 ) ) ;
#272 = DIRECTION ( 'NONE',  ( 1.000000000000000000, 0.000000000000000000, 0.000000000000000000 ) ) ;
#273 = EDGE_LOOP ( 'NONE', ( #1768, #2142, #1206, #3062, #3221, #2939, #1438, #2118 ) ) ;
#274 = CARTESIAN_POINT ( 'NONE',  ( -16.21496222574226564, -22.47129294843110969, -3.000000000000002665 ) ) ;
#275 = ORIENTED_EDGE ( 'NONE', *, *, #1513, .F. ) ;
#276 = CARTESIAN_POINT ( 'NONE',  ( -16.46496222574226920, 27.02870705156890097, -4.000000000000000000 ) ) ;
#277 = AXIS2_PLACEMENT_3D ( 'NONE', #2866, #3131, #751 ) ;
#278 = ORIENTED_EDGE ( 'NONE', *, *, #1066, .F. ) ;
#279 = VECTOR ( 'NONE', #2574, 1000.000000000000000 ) ;
#280 = CARTESIAN_POINT ( 'NONE',  ( -11.83179519312905370, 28.52870705156890097, 0.000000000000000000 ) ) ;
#281 = VERTEX_POINT ( 'NONE', #2636 ) ;
#282 = LINE ( 'NONE', #2674, #1474 ) ;
#283 = LINE ( 'NONE', #2422, #256 ) ;
#284 = DIRECTION ( 'NONE',  ( -1.000000000000000000, 0.000000000000000000, 0.000000000000000000 ) ) ;
#285 = ORIENTED_EDGE ( 'NONE', *, *, #675, .F. ) ;
#286 = CARTESIAN_POINT ( 'NONE',  ( -9.934129258355469005, -28.47129294843108482, 0.000000000000000000 ) ) ;
#287 = CARTESIAN_POINT ( 'NONE',  ( 10.45303777425773362, 25.68270705156890443, -2.500000000000000000 ) ) ;
#288 = CARTESIAN_POINT ( 'NONE',  ( -19.46496222574226920, 30.02870705156890097, -3.000000000000006217 ) ) ;
#289 = ORIENTED_EDGE ( 'NONE', *, *, #2495, .F. ) ;
#290 = EDGE_CURVE ( 'NONE', #515, #3070, #1793, .T. ) ;
#291 = CYLINDRICAL_SURFACE ( 'NONE', #2848, 3.000000000000000000 ) ;
#292 = ORIENTED_EDGE ( 'NONE', *, *, #1848, .T. ) ;
#293 = VECTOR ( 'NONE', #2265, 1000.000000000000114 ) ;
#294 = FACE_OUTER_BOUND ( 'NONE', #735, .T. ) ;
#295 = AXIS2_PLACEMENT_3D ( 'NONE', #1781, #2849, #218 ) ;
#296 = ORIENTED_EDGE ( 'NONE', *, *, #999, .F. ) ;
#297 = EDGE_CURVE ( 'NONE', #29, #1014, #1146, .T. ) ;
#298 = CARTESIAN_POINT ( 'NONE',  ( -17.96496222574226564, 18.77870705156889031, 3.292323440001584611 ) ) ;
#299 = VERTEX_POINT ( 'NONE', #172 ) ;
#300 = VECTOR ( 'NONE', #1356, 1000.000000000000000 ) ;
#301 = CARTESIAN_POINT ( 'NONE',  ( -17.96496222574225854, -18.72129294843107417, 3.292323440001584611 ) ) ;
#302 = VECTOR ( 'NONE', #603, 1000.000000000000000 ) ;
#303 = CARTESIAN_POINT ( 'NONE',  ( -17.96496222574225854, -18.72129294843107417, -2.378679656440365608 ) ) ;
#304 = ORIENTED_EDGE ( 'NONE', *, *, #1430, .T. ) ;
#305 = DIRECTION ( 'NONE',  ( 1.000000000000000000, -1.889896820699131511E-15, 0.000000000000000000 ) ) ;
#306 = CARTESIAN_POINT ( 'NONE',  ( 16.03503777425773791, -26.97129294843108838, 3.292323440001584611 ) ) ;
#307 = AXIS2_PLACEMENT_3D ( 'NONE', #42, #2738, #3252 ) ;
#308 = DIRECTION ( 'NONE',  ( -0.000000000000000000, -0.000000000000000000, -1.000000000000000000 ) ) ;
#309 = ORIENTED_EDGE ( 'NONE', *, *, #452, .T. ) ;
#310 = DIRECTION ( 'NONE',  ( 0.000000000000000000, 0.000000000000000000, 1.000000000000000000 ) ) ;
#311 = EDGE_LOOP ( 'NONE', ( #986, #2811, #2630, #729 ) ) ;
#312 = VECTOR ( 'NONE', #3458, 1000.000000000000000 ) ;
#313 = DIRECTION ( 'NONE',  ( 0.000000000000000000, -0.000000000000000000, -1.000000000000000000 ) ) ;
#314 = ADVANCED_FACE ( 'NONE', ( #450 ), #504, .F. ) ;
#315 = EDGE_LOOP ( 'NONE', ( #110, #466, #2469, #1722 ) ) ;
#316 = DIRECTION ( 'NONE',  ( 1.000000000000000000, 0.000000000000000000, 0.000000000000000000 ) ) ;
#317 = ORIENTED_EDGE ( 'NONE', *, *, #897, .F. ) ;
#318 = LINE ( 'NONE', #3175, #2373 ) ;
#319 = AXIS2_PLACEMENT_3D ( 'NONE', #1232, #2617, #3102 ) ;
#320 = EDGE_CURVE ( 'NONE', #281, #3251, #76, .T. ) ;
#321 = CARTESIAN_POINT ( 'NONE',  ( -16.46496222574226920, 27.02870705156890097, 3.292323440001584611 ) ) ;
#322 = CARTESIAN_POINT ( 'NONE',  ( -19.46496222574226209, -26.97129294843108838, -4.000000000000000000 ) ) ;
#323 = DIRECTION ( 'NONE',  ( -0.000000000000000000, -0.000000000000000000, -1.000000000000000000 ) ) ;
#324 = DIRECTION ( 'NONE',  ( 1.000000000000000000, 0.000000000000000000, 0.000000000000000000 ) ) ;
#325 = CIRCLE ( 'NONE', #211, 0.9499999999999995115 ) ;
#326 = DIRECTION ( 'NONE',  ( 1.000000000000000000, 0.000000000000000000, 0.000000000000000000 ) ) ;
#327 = ORIENTED_EDGE ( 'NONE', *, *, #1555, .T. ) ;
#328 = DIRECTION ( 'NONE',  ( -0.000000000000000000, -0.000000000000000000, -1.000000000000000000 ) ) ;
#329 = VERTEX_POINT ( 'NONE', #796 ) ;
#330 = CARTESIAN_POINT ( 'NONE',  ( 17.53503777425773436, 18.77870705156889031, -2.378679656440367385 ) ) ;
#331 = FACE_OUTER_BOUND ( 'NONE', #105, .T. ) ;
#332 = ORIENTED_EDGE ( 'NONE', *, *, #503, .T. ) ;
#333 = DIRECTION ( 'NONE',  ( -0.000000000000000000, -0.000000000000000000, 1.000000000000000000 ) ) ;
#334 = ORIENTED_EDGE ( 'NONE', *, *, #2097, .F. ) ;
#335 = CYLINDRICAL_SURFACE ( 'NONE', #1423, 2.999999999999999112 ) ;
#336 = EDGE_CURVE ( 'NONE', #2579, #804, #1416, .T. ) ;
#337 = EDGE_CURVE ( 'NONE', #1493, #660, #2315, .T. ) ;
#338 = VECTOR ( 'NONE', #1931, 1000.000000000000000 ) ;
#339 = LINE ( 'NONE', #2982, #2314 ) ;
#340 = DIRECTION ( 'NONE',  ( 1.000000000000000000, 0.000000000000000000, 0.000000000000000000 ) ) ;
#341 = EDGE_CURVE ( 'NONE', #253, #1198, #1266, .T. ) ;
#342 = EDGE_CURVE ( 'NONE', #88, #2473, #1587, .T. ) ;
#343 = LINE ( 'NONE', #2186, #3444 ) ;
#344 = DIRECTION ( 'NONE',  ( -0.000000000000000000, -0.000000000000000000, -1.000000000000000000 ) ) ;
#345 = ORIENTED_EDGE ( 'NONE', *, *, #568, .F. ) ;
#346 = LINE ( 'NONE', #1695, #2345 ) ;
#347 = ORIENTED_EDGE ( 'NONE', *, *, #1194, .F. ) ;
#348 = CARTESIAN_POINT ( 'NONE',  ( -17.96496222574225854, -26.97129294843108838, -4.000000000000000000 ) ) ;
#349 = ORIENTED_EDGE ( 'NONE', *, *, #207, .T. ) ;
#350 = DIRECTION ( 'NONE',  ( 1.000000000000000000, 0.000000000000000000, 0.000000000000000000 ) ) ;
#351 = EDGE_LOOP ( 'NONE', ( #2950, #168 ) ) ;
#352 = CARTESIAN_POINT ( 'NONE',  ( -16.46496222574226920, 27.02870705156890097, -3.000000000000006217 ) ) ;
#353 = CARTESIAN_POINT ( 'NONE',  ( -11.93616948479791162, 28.49390952209488148, -2.413477185914385093 ) ) ;
#354 = AXIS2_PLACEMENT_3D ( 'NONE', #749, #495, #257 ) ;
#355 = DIRECTION ( 'NONE',  ( 1.000000000000000000, 0.000000000000000000, 0.000000000000000000 ) ) ;
#356 = CIRCLE ( 'NONE', #2695, 0.9499999999999995115 ) ;
#357 = EDGE_CURVE ( 'NONE', #329, #2176, #3155, .T. ) ;
#358 = AXIS2_PLACEMENT_3D ( 'NONE', #2873, #2088, #1542 ) ;
#359 = CARTESIAN_POINT ( 'NONE',  ( -18.46496222574227275, 27.02870705156890097, -4.000000000000000000 ) ) ;
#360 = EDGE_CURVE ( 'NONE', #513, #2286, #339, .T. ) ;
#361 = CARTESIAN_POINT ( 'NONE',  ( -16.46496222574226920, 28.40738670800926258, -2.500000000000000000 ) ) ;
#362 = ORIENTED_EDGE ( 'NONE', *, *, #2815, .F. ) ;
#363 = DIRECTION ( 'NONE',  ( -1.000000000000000000, -2.703465157366452467E-16, 1.743152798421053874E-32 ) ) ;
#364 = EDGE_LOOP ( 'NONE', ( #2784, #1810, #861, #2033 ) ) ;
#365 = DIRECTION ( 'NONE',  ( -1.000000000000000000, 0.000000000000000000, 0.000000000000000000 ) ) ;
#366 = AXIS2_PLACEMENT_3D ( 'NONE', #1004, #3140, #742 ) ;
#367 = DIRECTION ( 'NONE',  ( 0.000000000000000000, 0.000000000000000000, 1.000000000000000000 ) ) ;
#368 = VERTEX_POINT ( 'NONE', #1074 ) ;
#369 = DIRECTION ( 'NONE',  ( 1.000000000000000000, 0.000000000000000000, 0.000000000000000000 ) ) ;
#370 = VERTEX_POINT ( 'NONE', #1598 ) ;
#371 = CARTESIAN_POINT ( 'NONE',  ( 0.000000000000000000, 0.000000000000000000, -2.500000000000000000 ) ) ;
#372 = DIRECTION ( 'NONE',  ( -0.000000000000000000, -0.000000000000000000, -1.000000000000000000 ) ) ;
#373 = AXIS2_PLACEMENT_3D ( 'NONE', #3210, #3249, #1905 ) ;
#374 = DIRECTION ( 'NONE',  ( 0.000000000000000000, 0.000000000000000000, 1.000000000000000000 ) ) ;
#375 = VERTEX_POINT ( 'NONE', #301 ) ;
#376 = FACE_OUTER_BOUND ( 'NONE', #3301, .T. ) ;
#377 = EDGE_CURVE ( 'NONE', #1758, #876, #1200, .T. ) ;
#378 = VERTEX_POINT ( 'NONE', #2161 ) ;
#379 = VECTOR ( 'NONE', #68, 1000.000000000000000 ) ;
#380 = DIRECTION ( 'NONE',  ( -1.734723475976806848E-16, 1.000000000000000000, 1.232595164407830946E-32 ) ) ;
#381 = ORIENTED_EDGE ( 'NONE', *, *, #1668, .F. ) ;
#382 = ADVANCED_FACE ( 'NONE', ( #2475 ), #851, .F. ) ;
#383 = ORIENTED_EDGE ( 'NONE', *, *, #2779, .F. ) ;
#384 = DIRECTION ( 'NONE',  ( -1.000000000000000000, 0.000000000000000000, 0.000000000000000000 ) ) ;
#385 = ORIENTED_EDGE ( 'NONE', *, *, #3078, .T. ) ;
#386 = DIRECTION ( 'NONE',  ( -1.000000000000000000, 0.000000000000000000, 0.000000000000000000 ) ) ;
#387 = DIRECTION ( 'NONE',  ( 1.000000000000000000, 0.000000000000000000, 0.000000000000000000 ) ) ;
#388 = CYLINDRICAL_SURFACE ( 'NONE', #2790, 2.749999999999995559 ) ;
#389 = ORIENTED_EDGE ( 'NONE', *, *, #2443, .T. ) ;
#390 = AXIS2_PLACEMENT_3D ( 'NONE', #805, #789, #2918 ) ;
#391 = VECTOR ( 'NONE', #1377, 1000.000000000000000 ) ;
#392 = DIRECTION ( 'NONE',  ( -0.000000000000000000, 0.000000000000000000, -1.000000000000000000 ) ) ;
#393 = ORIENTED_EDGE ( 'NONE', *, *, #476, .T. ) ;
#394 = DIRECTION ( 'NONE',  ( 0.000000000000000000, -0.000000000000000000, -1.000000000000000000 ) ) ;
#395 = ORIENTED_EDGE ( 'NONE', *, *, #2750, .F. ) ;
#396 = ADVANCED_FACE ( 'NONE', ( #2460 ), #583, .T. ) ;
#397 = DIRECTION ( 'NONE',  ( 1.000000000000000000, 1.889896820699138217E-15, -0.000000000000000000 ) ) ;
#398 = ORIENTED_EDGE ( 'NONE', *, *, #1175, .F. ) ;
#399 = DIRECTION ( 'NONE',  ( -0.000000000000000000, -0.000000000000000000, 1.000000000000000000 ) ) ;
#400 = EDGE_LOOP ( 'NONE', ( #1896, #3299 ) ) ;
#401 = CYLINDRICAL_SURFACE ( 'NONE', #2770, 3.000000000000000000 ) ;
#402 = EDGE_CURVE ( 'NONE', #2877, #3258, #3105, .T. ) ;
#403 = CARTESIAN_POINT ( 'NONE',  ( 10.45303777425773362, -25.62529294843109540, -2.500000000000000000 ) ) ;
#404 = DIRECTION ( 'NONE',  ( 0.000000000000000000, 0.000000000000000000, -1.000000000000000000 ) ) ;
#405 = ORIENTED_EDGE ( 'NONE', *, *, #2688, .T. ) ;
#406 = DIRECTION ( 'NONE',  ( -0.000000000000000000, -0.000000000000000000, -1.000000000000000000 ) ) ;
#407 = VERTEX_POINT ( 'NONE', #16 ) ;
#408 = DIRECTION ( 'NONE',  ( -1.000000000000000000, 0.000000000000000000, 0.000000000000000000 ) ) ;
#409 = ORIENTED_EDGE ( 'NONE', *, *, #58, .F. ) ;
#410 = AXIS2_PLACEMENT_3D ( 'NONE', #3323, #2270, #421 ) ;
#411 = ORIENTED_EDGE ( 'NONE', *, *, #1794, .T. ) ;
#412 = DIRECTION ( 'NONE',  ( 0.000000000000000000, -1.000000000000000000, 0.000000000000000000 ) ) ;
#413 = VERTEX_POINT ( 'NONE', #2926 ) ;
#414 = DIRECTION ( 'NONE',  ( -1.000000000000000000, 0.000000000000000000, -0.000000000000000000 ) ) ;
#415 = EDGE_CURVE ( 'NONE', #3258, #3474, #73, .T. ) ;
#416 = CARTESIAN_POINT ( 'NONE',  ( 16.73503777425774075, -22.47129294843107417, -3.000000000000002665 ) ) ;
#417 = EDGE_CURVE ( 'NONE', #771, #1198, #2986, .T. ) ;
#418 = CARTESIAN_POINT ( 'NONE',  ( 0.000000000000000000, 0.000000000000000000, -2.500000000000000000 ) ) ;
#419 = ORIENTED_EDGE ( 'NONE', *, *, #2559, .F. ) ;
#420 = DIRECTION ( 'NONE',  ( 1.000000000000000000, 0.000000000000000000, 0.000000000000000000 ) ) ;
#421 = DIRECTION ( 'NONE',  ( 1.000000000000000000, 0.000000000000000000, 0.000000000000000000 ) ) ;
#422 = CIRCLE ( 'NONE', #3398, 2.749999999999995559 ) ;
#423 = ORIENTED_EDGE ( 'NONE', *, *, #773, .F. ) ;
#424 = CARTESIAN_POINT ( 'NONE',  ( 15.78503777425773613, -22.47129294843107417, 3.292323440001584611 ) ) ;
#425 = CARTESIAN_POINT ( 'NONE',  ( -10.88296222574226668, -25.62529294843109184, -2.500000000000000000 ) ) ;
#426 = CARTESIAN_POINT ( 'NONE',  ( 7.453037774257734505, 25.68270705156890443, -2.500000000000000000 ) ) ;
#427 = ORIENTED_EDGE ( 'NONE', *, *, #357, .T. ) ;
#428 = DIRECTION ( 'NONE',  ( -0.000000000000000000, 0.000000000000000000, 1.000000000000000000 ) ) ;
#429 = VERTEX_POINT ( 'NONE', #2657 ) ;
#430 = CARTESIAN_POINT ( 'NONE',  ( -16.46496222574226920, 28.52870705156890097, -2.378679656440365608 ) ) ;
#431 = CIRCLE ( 'NONE', #891, 2.000000000000005329 ) ;
#432 = EDGE_CURVE ( 'NONE', #3347, #1782, #542, .T. ) ;
#433 = CARTESIAN_POINT ( 'NONE',  ( 17.53503777425773436, 18.77870705156889031, -2.378679656440367385 ) ) ;
#434 = ORIENTED_EDGE ( 'NONE', *, *, #2524, .F. ) ;
#435 = DIRECTION ( 'NONE',  ( 0.000000000000000000, 0.000000000000000000, -1.000000000000000000 ) ) ;
#436 = EDGE_CURVE ( 'NONE', #2778, #3430, #1402, .T. ) ;
#437 = LINE ( 'NONE', #2891, #2173 ) ;
#438 = FACE_OUTER_BOUND ( 'NONE', #2445, .T. ) ;
#439 = VECTOR ( 'NONE', #380, 1000.000000000000000 ) ;
#440 = EDGE_CURVE ( 'NONE', #1221, #1758, #282, .T. ) ;
#441 = ORIENTED_EDGE ( 'NONE', *, *, #3472, .F. ) ;
#442 = PLANE ( 'NONE',  #1508 ) ;
#443 = DIRECTION ( 'NONE',  ( -1.000000000000000000, 0.000000000000000000, 0.000000000000000000 ) ) ;
#444 = VERTEX_POINT ( 'NONE', #3265 ) ;
#445 = CARTESIAN_POINT ( 'NONE',  ( 11.40187074164450998, 28.52870705156890452, 0.000000000000000000 ) ) ;
#446 = ORIENTED_EDGE ( 'NONE', *, *, #432, .T. ) ;
#447 = CYLINDRICAL_SURFACE ( 'NONE', #1331, 0.9499999999999995115 ) ;
#448 = PLANE ( 'NONE',  #3071 ) ;
#449 = VERTEX_POINT ( 'NONE', #2403 ) ;
#450 = FACE_OUTER_BOUND ( 'NONE', #315, .T. ) ;
#451 = DIRECTION ( 'NONE',  ( 1.000000000000000000, 0.000000000000000000, 0.000000000000000000 ) ) ;
#452 = EDGE_CURVE ( 'NONE', #1859, #1727, #748, .T. ) ;
#453 =( BOUNDED_CURVE ( )  B_SPLINE_CURVE ( 3, ( #1757, #485, #2555, #1557 ),
 .UNSPECIFIED., .F., .F. ) 
 B_SPLINE_CURVE_WITH_KNOTS ( ( 4, 4 ),
 ( 2.643885820847040158, 3.141592653589793116 ),
 .UNSPECIFIED. ) 
 CURVE ( )  GEOMETRIC_REPRESENTATION_ITEM ( )  RATIONAL_B_SPLINE_CURVE ( ( 1.000000000000000000, 0.9794636360570626588, 0.9794636360570626588, 1.000000000000000000 ) ) 
 REPRESENTATION_ITEM ( '' )  );
#454 = EDGE_LOOP ( 'NONE', ( #139, #637, #2531, #776 ) ) ;
#455 = VECTOR ( 'NONE', #2644, 1000.000000000000000 ) ;
#456 = DIRECTION ( 'NONE',  ( 0.000000000000000000, 0.000000000000000000, -1.000000000000000000 ) ) ;
#457 = VERTEX_POINT ( 'NONE', #37 ) ;
#458 = EDGE_CURVE ( 'NONE', #895, #1457, #870, .T. ) ;
#459 = ORIENTED_EDGE ( 'NONE', *, *, #1690, .F. ) ;
#460 = CARTESIAN_POINT ( 'NONE',  ( -16.21496222574229407, 19.77870705156889031, -4.002000000000000668 ) ) ;
#461 = ORIENTED_EDGE ( 'NONE', *, *, #1282, .F. ) ;
#462 = LINE ( 'NONE', #2833, #1167 ) ;
#463 = AXIS2_PLACEMENT_3D ( 'NONE', #633, #3019, #2233 ) ;
#464 = AXIS2_PLACEMENT_3D ( 'NONE', #70, #931, #3064 ) ;
#465 = LINE ( 'NONE', #3420, #2001 ) ;
#466 = ORIENTED_EDGE ( 'NONE', *, *, #792, .F. ) ;
#467 = CIRCLE ( 'NONE', #697, 2.749999999999995559 ) ;
#468 = CIRCLE ( 'NONE', #2878, 3.000000000000000000 ) ;
#469 = CARTESIAN_POINT ( 'NONE',  ( 19.03503777425773791, 30.03870705156891319, 3.292323440001584611 ) ) ;
#470 = CARTESIAN_POINT ( 'NONE',  ( 11.40187074164453129, -28.47129294843108482, -2.378679656440365608 ) ) ;
#471 = CYLINDRICAL_SURFACE ( 'NONE', #2321, 0.9499999999999995115 ) ;
#472 = AXIS2_PLACEMENT_3D ( 'NONE', #883, #1952, #1143 ) ;
#473 = EDGE_CURVE ( 'NONE', #1782, #3455, #1306, .T. ) ;
#474 = DIRECTION ( 'NONE',  ( -0.000000000000000000, -0.000000000000000000, -1.000000000000000000 ) ) ;
#475 = CYLINDRICAL_SURFACE ( 'NONE', #3324, 0.9499999999999995115 ) ;
#476 = EDGE_CURVE ( 'NONE', #2230, #1129, #561, .T. ) ;
#477 =( BOUNDED_CURVE ( )  B_SPLINE_CURVE ( 3, ( #645, #84, #1395, #1980 ),
 .UNSPECIFIED., .F., .F. ) 
 B_SPLINE_CURVE_WITH_KNOTS ( ( 4, 4 ),
 ( 3.463395796891670653, 3.573362445082386429 ),
 .UNSPECIFIED. ) 
 CURVE ( )  GEOMETRIC_REPRESENTATION_ITEM ( )  RATIONAL_B_SPLINE_CURVE ( ( 1.000000000000000000, 0.9989925318741212923, 0.9989925318741212923, 1.000000000000000000 ) ) 
 REPRESENTATION_ITEM ( '' )  );
#478 = CARTESIAN_POINT ( 'NONE',  ( -15.26496222574230011, 22.52870705156889031, 3.292323440001584611 ) ) ;
#479 = VERTEX_POINT ( 'NONE', #3248 ) ;
#480 = EDGE_CURVE ( 'NONE', #3474, #3251, #1941, .T. ) ;
#481 = LINE ( 'NONE', #1552, #845 ) ;
#482 = ORIENTED_EDGE ( 'NONE', *, *, #3271, .F. ) ;
#483 = DIRECTION ( 'NONE',  ( 1.000000000000000000, 0.000000000000000000, -0.000000000000000000 ) ) ;
#484 = EDGE_CURVE ( 'NONE', #2439, #513, #2262, .T. ) ;
#485 = CARTESIAN_POINT ( 'NONE',  ( -17.92367420541036083, -25.89118113484563111, -2.419967676772265097 ) ) ;
#486 = EDGE_LOOP ( 'NONE', ( #1596, #3153, #1215, #2027, #1295 ) ) ;
#487 = VECTOR ( 'NONE', #612, 1000.000000000000000 ) ;
#488 = VECTOR ( 'NONE', #2110, 1000.000000000000000 ) ;
#489 = FACE_BOUND ( 'NONE', #2332, .T. ) ;
#490 = PLANE ( 'NONE',  #3066 ) ;
#491 = CARTESIAN_POINT ( 'NONE',  ( 16.73503777425774075, -22.47129294843107417, 3.292323440001584611 ) ) ;
#492 = CARTESIAN_POINT ( 'NONE',  ( -16.21496222574229407, 19.77870705156889031, -2.500000000000000000 ) ) ;
#493 = CARTESIAN_POINT ( 'NONE',  ( -16.21496222574226564, -22.47129294843110969, -4.002000000000000668 ) ) ;
#494 = AXIS2_PLACEMENT_3D ( 'NONE', #1570, #2396, #2432 ) ;
#495 = DIRECTION ( 'NONE',  ( 0.000000000000000000, 0.000000000000000000, 1.000000000000000000 ) ) ;
#496 = ORIENTED_EDGE ( 'NONE', *, *, #2794, .F. ) ;
#497 = DIRECTION ( 'NONE',  ( 0.000000000000000000, 0.000000000000000000, -1.000000000000000000 ) ) ;
#498 = ORIENTED_EDGE ( 'NONE', *, *, #1620, .T. ) ;
#499 = LINE ( 'NONE', #772, #44 ) ;
#500 = EDGE_CURVE ( 'NONE', #1647, #788, #1556, .T. ) ;
#501 = FACE_OUTER_BOUND ( 'NONE', #3240, .T. ) ;
#502 = VERTEX_POINT ( 'NONE', #2819 ) ;
#503 = EDGE_CURVE ( 'NONE', #1129, #1163, #2539, .T. ) ;
#504 = CYLINDRICAL_SURFACE ( 'NONE', #517, 0.9499999999999995115 ) ;
#505 = CIRCLE ( 'NONE', #472, 0.9499999999999995115 ) ;
#506 = CARTESIAN_POINT ( 'NONE',  ( -19.46496222574226209, -28.47129294843108482, -2.378679656440365608 ) ) ;
#507 = LINE ( 'NONE', #1383, #1657 ) ;
#508 = CARTESIAN_POINT ( 'NONE',  ( -16.46496222574226209, -26.97129294843108838, 3.292323440001584611 ) ) ;
#509 = ORIENTED_EDGE ( 'NONE', *, *, #2502, .F. ) ;
#510 = DIRECTION ( 'NONE',  ( -0.000000000000000000, -0.000000000000000000, -1.000000000000000000 ) ) ;
#511 = PLANE ( 'NONE',  #3380 ) ;
#512 = CARTESIAN_POINT ( 'NONE',  ( -16.21496222574229762, 22.52870705156889031, 3.292323440001584611 ) ) ;
#513 = VERTEX_POINT ( 'NONE', #2804 ) ;
#514 = CARTESIAN_POINT ( 'NONE',  ( 17.53503777425773080, 26.27870705156888320, 3.292323440001584611 ) ) ;
#515 = VERTEX_POINT ( 'NONE', #2553 ) ;
#516 = LINE ( 'NONE', #2958, #3236 ) ;
#517 = AXIS2_PLACEMENT_3D ( 'NONE', #1578, #1525, #2603 ) ;
#518 = EDGE_LOOP ( 'NONE', ( #2273, #2865, #1670, #2369 ) ) ;
#519 = CIRCLE ( 'NONE', #972, 2.999999999999999112 ) ;
#520 = DIRECTION ( 'NONE',  ( 0.000000000000000000, 0.000000000000000000, 1.000000000000000000 ) ) ;
#521 = VERTEX_POINT ( 'NONE', #124 ) ;
#522 = ADVANCED_FACE ( 'NONE', ( #2249 ), #666, .F. ) ;
#523 = EDGE_CURVE ( 'NONE', #2401, #2856, #3068, .T. ) ;
#524 = CARTESIAN_POINT ( 'NONE',  ( -18.40430205396244645, 30.02870705156890097, -1.939339828220185025 ) ) ;
#525 = VECTOR ( 'NONE', #2130, 1000.000000000000000 ) ;
#526 = CARTESIAN_POINT ( 'NONE',  ( -19.46496222574226920, 28.52870705156889741, 0.000000000000000000 ) ) ;
#527 = VECTOR ( 'NONE', #1020, 1000.000000000000000 ) ;
#528 = CONICAL_SURFACE ( 'NONE', #3391, 0.9393398282201842475, 0.7853981633974488341 ) ;
#529 = DIRECTION ( 'NONE',  ( 1.000000000000000000, 0.000000000000000000, 0.000000000000000000 ) ) ;
#530 = ORIENTED_EDGE ( 'NONE', *, *, #2139, .F. ) ;
#531 = VECTOR ( 'NONE', #848, 1000.000000000000000 ) ;
#532 = LINE ( 'NONE', #492, #525 ) ;
#533 = CARTESIAN_POINT ( 'NONE',  ( -19.46496222574226920, 28.40738670800926613, -2.500000000000000000 ) ) ;
#534 = DIRECTION ( 'NONE',  ( -0.000000000000000000, -0.000000000000000000, -1.000000000000000000 ) ) ;
#535 = EDGE_LOOP ( 'NONE', ( #1070, #721, #2015, #2979 ) ) ;
#536 = CARTESIAN_POINT ( 'NONE',  ( -16.46496222574226209, -26.97129294843108838, -4.000000000000000000 ) ) ;
#537 = VERTEX_POINT ( 'NONE', #2023 ) ;
#538 = DIRECTION ( 'NONE',  ( -1.000000000000000000, 0.000000000000000000, 0.000000000000000000 ) ) ;
#539 = ORIENTED_EDGE ( 'NONE', *, *, #1217, .T. ) ;
#540 = CARTESIAN_POINT ( 'NONE',  ( -16.21496222574229762, 22.52870705156889031, -3.000000000000002665 ) ) ;
#541 = ORIENTED_EDGE ( 'NONE', *, *, #2518, .T. ) ;
#542 = LINE ( 'NONE', #2945, #19 ) ;
#543 = CIRCLE ( 'NONE', #3460, 0.9499999999999995115 ) ;
#544 = DIRECTION ( 'NONE',  ( 1.000000000000000000, 0.000000000000000000, 0.000000000000000000 ) ) ;
#545 = ADVANCED_FACE ( 'NONE', ( #2509 ), #3336, .F. ) ;
#546 = CARTESIAN_POINT ( 'NONE',  ( 19.03503777425774146, -26.97129294843108482, -4.000000000000000000 ) ) ;
#547 = EDGE_LOOP ( 'NONE', ( #3477, #2746, #1591, #393 ) ) ;
#548 = LINE ( 'NONE', #2879, #2155 ) ;
#549 = DIRECTION ( 'NONE',  ( 1.000000000000000000, 0.000000000000000000, 0.000000000000000000 ) ) ;
#550 = EDGE_CURVE ( 'NONE', #32, #2649, #1212, .T. ) ;
#551 = DIRECTION ( 'NONE',  ( 1.000000000000000000, 0.000000000000000000, 0.000000000000000000 ) ) ;
#552 = ORIENTED_EDGE ( 'NONE', *, *, #40, .T. ) ;
#553 = CARTESIAN_POINT ( 'NONE',  ( -17.16496222574230046, 22.52870705156889031, -3.000000000000002665 ) ) ;
#554 = ORIENTED_EDGE ( 'NONE', *, *, #2387, .T. ) ;
#555 = CARTESIAN_POINT ( 'NONE',  ( -17.96496222574225854, -18.72129294843107417, -2.378679656440365608 ) ) ;
#556 = CIRCLE ( 'NONE', #277, 0.9499999999999995115 ) ;
#557 = ORIENTED_EDGE ( 'NONE', *, *, #2929, .T. ) ;
#558 = AXIS2_PLACEMENT_3D ( 'NONE', #2895, #1836, #2095 ) ;
#559 = CARTESIAN_POINT ( 'NONE',  ( 17.53503777425774146, -26.97129294843108482, -4.000000000000000000 ) ) ;
#560 = ORIENTED_EDGE ( 'NONE', *, *, #2242, .T. ) ;
#561 = LINE ( 'NONE', #2692, #2930 ) ;
#562 = DIRECTION ( 'NONE',  ( 1.000000000000000000, 0.000000000000000000, 0.000000000000000000 ) ) ;
#563 = EDGE_CURVE ( 'NONE', #1482, #2661, #3035, .T. ) ;
#564 = LINE ( 'NONE', #2948, #488 ) ;
#565 = ORIENTED_EDGE ( 'NONE', *, *, #3117, .F. ) ;
#566 = CARTESIAN_POINT ( 'NONE',  ( -19.46496222574226209, -28.47129294843108482, 0.000000000000000000 ) ) ;
#567 = FACE_OUTER_BOUND ( 'NONE', #146, .T. ) ;
#568 = EDGE_CURVE ( 'NONE', #810, #2877, #153, .T. ) ;
#569 = DIRECTION ( 'NONE',  ( 0.000000000000000000, 0.000000000000000000, 1.000000000000000000 ) ) ;
#570 = VERTEX_POINT ( 'NONE', #3085 ) ;
#571 = CARTESIAN_POINT ( 'NONE',  ( 16.53503777425774501, -25.22129294843106706, -2.500000000000000000 ) ) ;
#572 = VERTEX_POINT ( 'NONE', #3304 ) ;
#573 = CIRCLE ( 'NONE', #1807, 3.000000000000000000 ) ;
#574 = FACE_OUTER_BOUND ( 'NONE', #2395, .T. ) ;
#575 = ADVANCED_FACE ( 'NONE', ( #3053 ), #685, .T. ) ;
#576 =( BOUNDED_CURVE ( )  B_SPLINE_CURVE ( 3, ( #87, #898, #1650, #1982 ),
 .UNSPECIFIED., .F., .F. ) 
 B_SPLINE_CURVE_WITH_KNOTS ( ( 4, 4 ),
 ( 2.643885820847049928, 3.141592653589789563 ),
 .UNSPECIFIED. ) 
 CURVE ( )  GEOMETRIC_REPRESENTATION_ITEM ( )  RATIONAL_B_SPLINE_CURVE ( ( 1.000000000000000000, 0.9794636360570638800, 0.9794636360570638800, 1.000000000000000000 ) ) 
 REPRESENTATION_ITEM ( '' )  );
#577 = LINE ( 'NONE', #3298, #2041 ) ;
#578 = VERTEX_POINT ( 'NONE', #2295 ) ;
#579 = DIRECTION ( 'NONE',  ( 0.000000000000000000, 0.000000000000000000, 1.000000000000000000 ) ) ;
#580 = ORIENTED_EDGE ( 'NONE', *, *, #965, .F. ) ;
#581 = CARTESIAN_POINT ( 'NONE',  ( 10.45303777425773362, 25.68270705156890443, 0.000000000000000000 ) ) ;
#582 = AXIS2_PLACEMENT_3D ( 'NONE', #469, #2124, #212 ) ;
#583 = PLANE ( 'NONE',  #640 ) ;
#584 = CIRCLE ( 'NONE', #463, 1.378679656440362944 ) ;
#585 = FACE_OUTER_BOUND ( 'NONE', #1065, .T. ) ;
#586 = DIRECTION ( 'NONE',  ( 0.7071067811865474617, 0.000000000000000000, 0.7071067811865474617 ) ) ;
#587 = FACE_OUTER_BOUND ( 'NONE', #1359, .T. ) ;
#588 = VECTOR ( 'NONE', #1546, 1000.000000000000114 ) ;
#589 = ADVANCED_FACE ( 'NONE', ( #1230 ), #1688, .T. ) ;
#590 = CARTESIAN_POINT ( 'NONE',  ( -16.96496222574226209, -25.22129294843106706, -4.002000000000000668 ) ) ;
#591 = ORIENTED_EDGE ( 'NONE', *, *, #523, .F. ) ;
#592 = LINE ( 'NONE', #1122, #1396 ) ;
#593 = ORIENTED_EDGE ( 'NONE', *, *, #3303, .T. ) ;
#594 = EDGE_CURVE ( 'NONE', #699, #876, #1755, .T. ) ;
#595 = VECTOR ( 'NONE', #248, 1000.000000000000000 ) ;
#596 = EDGE_CURVE ( 'NONE', #2276, #3136, #1027, .T. ) ;
#597 = DIRECTION ( 'NONE',  ( -0.000000000000000000, 0.000000000000000000, 1.000000000000000000 ) ) ;
#598 = ORIENTED_EDGE ( 'NONE', *, *, #1111, .F. ) ;
#599 = CARTESIAN_POINT ( 'NONE',  ( -10.88296222574226668, 25.68270705156890443, 0.000000000000000000 ) ) ;
#600 = EDGE_LOOP ( 'NONE', ( #1337, #1031, #278, #1171 ) ) ;
#601 = CARTESIAN_POINT ( 'NONE',  ( 10.45303777425773362, 25.68270705156890443, 0.000000000000000000 ) ) ;
#602 = EDGE_CURVE ( 'NONE', #1999, #1043, #584, .T. ) ;
#603 = DIRECTION ( 'NONE',  ( 0.7071067811865479058, 9.813077866773562929E-16, 0.7071067811865472397 ) ) ;
#604 = DIRECTION ( 'NONE',  ( 1.000000000000000000, 1.734723475976807094E-16, -0.000000000000000000 ) ) ;
#605 = CARTESIAN_POINT ( 'NONE',  ( 10.45303777425773362, 25.68270705156890443, 0.000000000000000000 ) ) ;
#606 = CONICAL_SURFACE ( 'NONE', #1273, 0.9393398282201842475, 0.7853981633974488341 ) ;
#607 = AXIS2_PLACEMENT_3D ( 'NONE', #1659, #781, #284 ) ;
#608 = CYLINDRICAL_SURFACE ( 'NONE', #2947, 2.999999999999999112 ) ;
#609 = EDGE_LOOP ( 'NONE', ( #650, #3090, #838, #1428 ) ) ;
#610 = CYLINDRICAL_SURFACE ( 'NONE', #1913, 3.000000000000000000 ) ;
#611 = EDGE_LOOP ( 'NONE', ( #2729, #2731, #806, #1610 ) ) ;
#612 = DIRECTION ( 'NONE',  ( 0.000000000000000000, 0.000000000000000000, 1.000000000000000000 ) ) ;
#613 = VERTEX_POINT ( 'NONE', #619 ) ;
#614 = DIRECTION ( 'NONE',  ( 1.889896820699131511E-15, 1.000000000000000000, -0.000000000000000000 ) ) ;
#615 = ORIENTED_EDGE ( 'NONE', *, *, #103, .T. ) ;
#616 = CARTESIAN_POINT ( 'NONE',  ( -12.13839871150331540, -28.34997260487145354, -2.500000000000000000 ) ) ;
#617 = ADVANCED_FACE ( 'NONE', ( #2751 ), #905, .F. ) ;
#618 = AXIS2_PLACEMENT_3D ( 'NONE', #2454, #3031, #53 ) ;
#619 = CARTESIAN_POINT ( 'NONE',  ( -11.83296222574226597, -25.62529294843109184, 0.000000000000000000 ) ) ;
#620 = CARTESIAN_POINT ( 'NONE',  ( 10.45303777425773362, -25.62529294843109540, -2.500000000000000000 ) ) ;
#621 = EDGE_CURVE ( 'NONE', #3103, #1932, #577, .T. ) ;
#622 = CARTESIAN_POINT ( 'NONE',  ( -17.16496222574230046, 22.52870705156889031, -3.000000000000002665 ) ) ;
#623 = DIRECTION ( 'NONE',  ( 1.000000000000000000, 0.000000000000000000, 0.000000000000000000 ) ) ;
#624 = VERTEX_POINT ( 'NONE', #2745 ) ;
#625 = FACE_OUTER_BOUND ( 'NONE', #2419, .T. ) ;
#626 = ORIENTED_EDGE ( 'NONE', *, *, #2368, .F. ) ;
#627 = FACE_OUTER_BOUND ( 'NONE', #609, .T. ) ;
#628 = DIRECTION ( 'NONE',  ( 0.000000000000000000, 0.000000000000000000, 1.000000000000000000 ) ) ;
#629 = ORIENTED_EDGE ( 'NONE', *, *, #999, .T. ) ;
#630 = PLANE ( 'NONE',  #464 ) ;
#631 = ORIENTED_EDGE ( 'NONE', *, *, #2344, .F. ) ;
#632 = FACE_OUTER_BOUND ( 'NONE', #2135, .T. ) ;
#633 = CARTESIAN_POINT ( 'NONE',  ( -16.46496222574226920, 27.02870705156890097, -2.500000000000000000 ) ) ;
#634 = EDGE_CURVE ( 'NONE', #2649, #1825, #576, .T. ) ;
#635 = VECTOR ( 'NONE', #689, 1000.000000000000000 ) ;
#636 = LINE ( 'NONE', #109, #34 ) ;
#637 = ORIENTED_EDGE ( 'NONE', *, *, #500, .T. ) ;
#638 = AXIS2_PLACEMENT_3D ( 'NONE', #200, #3163, #1801 ) ;
#639 = ADVANCED_FACE ( 'NONE', ( #1966, #647 ), #1669, .F. ) ;
#640 = AXIS2_PLACEMENT_3D ( 'NONE', #1367, #2216, #1867 ) ;
#641 = LINE ( 'NONE', #77, #2935 ) ;
#642 = ORIENTED_EDGE ( 'NONE', *, *, #983, .F. ) ;
#643 = CARTESIAN_POINT ( 'NONE',  ( 17.49374975392582954, 25.94859523798345080, -2.419967676772265541 ) ) ;
#644 = ORIENTED_EDGE ( 'NONE', *, *, #2344, .T. ) ;
#645 = CARTESIAN_POINT ( 'NONE',  ( -9.934129258355479664, 28.52870705156890097, -2.378679656440367385 ) ) ;
#646 = AXIS2_PLACEMENT_3D ( 'NONE', #2841, #760, #2622 ) ;
#647 = FACE_OUTER_BOUND ( 'NONE', #364, .T. ) ;
#648 = ORIENTED_EDGE ( 'NONE', *, *, #3472, .T. ) ;
#649 = DIRECTION ( 'NONE',  ( 1.000000000000000000, 0.000000000000000000, 0.000000000000000000 ) ) ;
#650 = ORIENTED_EDGE ( 'NONE', *, *, #2440, .T. ) ;
#651 = DIRECTION ( 'NONE',  ( -0.000000000000000000, 0.000000000000000000, 1.000000000000000000 ) ) ;
#652 = DIRECTION ( 'NONE',  ( -0.000000000000000000, -0.000000000000000000, -1.000000000000000000 ) ) ;
#653 = DIRECTION ( 'NONE',  ( 1.156482317317871971E-16, -1.000000000000000000, 0.000000000000000000 ) ) ;
#654 = ORIENTED_EDGE ( 'NONE', *, *, #1154, .T. ) ;
#655 = CARTESIAN_POINT ( 'NONE',  ( -17.92367420541036793, 19.10881886515432626, -2.419967676772262877 ) ) ;
#656 = EDGE_CURVE ( 'NONE', #624, #2960, #519, .T. ) ;
#657 = ORIENTED_EDGE ( 'NONE', *, *, #2594, .T. ) ;
#658 = CIRCLE ( 'NONE', #1439, 2.000000000000005329 ) ;
#659 = CARTESIAN_POINT ( 'NONE',  ( -19.46496222574226209, -26.97129294843108838, -3.000000000000006217 ) ) ;
#660 = VERTEX_POINT ( 'NONE', #3260 ) ;
#661 = EDGE_CURVE ( 'NONE', #1749, #1623, #118, .T. ) ;
#662 = ORIENTED_EDGE ( 'NONE', *, *, #2480, .F. ) ;
#663 = LINE ( 'NONE', #1734, #1285 ) ;
#664 = ORIENTED_EDGE ( 'NONE', *, *, #1237, .T. ) ;
#665 = CARTESIAN_POINT ( 'NONE',  ( -19.46496222574226920, 28.96804687978907822, -1.939339828220185691 ) ) ;
#666 = CYLINDRICAL_SURFACE ( 'NONE', #1649, 0.9499999999999995115 ) ;
#667 = AXIS2_PLACEMENT_3D ( 'NONE', #2568, #756, #2279 ) ;
#668 = PRODUCT_RELATED_PRODUCT_CATEGORY ( 'part', '', ( #2316 ) ) ;
#669 = CARTESIAN_POINT ( 'NONE',  ( 11.40187074164454017, -28.47129294843108482, 0.000000000000000000 ) ) ;
#670 = VERTEX_POINT ( 'NONE', #846 ) ;
#671 = VECTOR ( 'NONE', #2152, 1000.000000000000000 ) ;
#672 = VECTOR ( 'NONE', #1779, 1000.000000000000000 ) ;
#673 = LINE ( 'NONE', #989, #2767 ) ;
#674 = ORIENTED_EDGE ( 'NONE', *, *, #377, .T. ) ;
#675 = EDGE_CURVE ( 'NONE', #2551, #1365, #2537, .T. ) ;
#676 = CARTESIAN_POINT ( 'NONE',  ( 15.78503777425775390, -19.72129294843107417, 3.292323440001584611 ) ) ;
#677 = VERTEX_POINT ( 'NONE', #1141 ) ;
#678 = EDGE_CURVE ( 'NONE', #1203, #479, #3047, .T. ) ;
#679 = DIRECTION ( 'NONE',  ( -0.000000000000000000, 0.000000000000000000, 1.000000000000000000 ) ) ;
#680 = ORIENTED_EDGE ( 'NONE', *, *, #3101, .F. ) ;
#681 = ADVANCED_FACE ( 'NONE', ( #331 ), #3029, .F. ) ;
#682 = DIRECTION ( 'NONE',  ( -0.000000000000000000, 0.000000000000000000, 1.000000000000000000 ) ) ;
#683 = ORIENTED_EDGE ( 'NONE', *, *, #440, .F. ) ;
#684 = CARTESIAN_POINT ( 'NONE',  ( -16.21496222574229051, -19.72129294843107417, -4.002000000000000668 ) ) ;
#685 = CYLINDRICAL_SURFACE ( 'NONE', #2210, 2.999999999999999112 ) ;
#686 = CARTESIAN_POINT ( 'NONE',  ( -12.13839871150330652, 28.40738670800926968, -2.500000000000000000 ) ) ;
#687 = ORIENTED_EDGE ( 'NONE', *, *, #1169, .T. ) ;
#688 = VECTOR ( 'NONE', #26, 1000.000000000000000 ) ;
#689 = DIRECTION ( 'NONE',  ( 0.000000000000000000, 0.000000000000000000, 1.000000000000000000 ) ) ;
#690 = CARTESIAN_POINT ( 'NONE',  ( -11.83296222574226597, -25.62529294843109184, 0.000000000000000000 ) ) ;
#691 = VECTOR ( 'NONE', #2890, 1000.000000000000114 ) ;
#692 = AXIS2_PLACEMENT_3D ( 'NONE', #1195, #92, #886 ) ;
#693 = VERTEX_POINT ( 'NONE', #3281 ) ;
#694 = CYLINDRICAL_SURFACE ( 'NONE', #2517, 0.9499999999999995115 ) ;
#695 = ORIENTED_EDGE ( 'NONE', *, *, #440, .T. ) ;
#696 = EDGE_CURVE ( 'NONE', #2080, #2013, #1986, .T. ) ;
#697 = AXIS2_PLACEMENT_3D ( 'NONE', #233, #1304, #2370 ) ;
#698 = DIRECTION ( 'NONE',  ( -1.156482317317871971E-16, 1.000000000000000000, -0.000000000000000000 ) ) ;
#699 = VERTEX_POINT ( 'NONE', #147 ) ;
#700 = DIRECTION ( 'NONE',  ( -0.000000000000000000, -0.000000000000000000, -1.000000000000000000 ) ) ;
#701 = ORIENTED_EDGE ( 'NONE', *, *, #1863, .T. ) ;
#702 = APPLICATION_CONTEXT ( 'automotive_design' ) ;
#703 = DIRECTION ( 'NONE',  ( 1.000000000000000000, 0.000000000000000000, 0.000000000000000000 ) ) ;
#704 = VECTOR ( 'NONE', #1655, 1000.000000000000000 ) ;
#705 = ADVANCED_FACE ( 'NONE', ( #2002 ), #182, .T. ) ;
#706 = CARTESIAN_POINT ( 'NONE',  ( -13.46496222574230295, 22.52870705156889031, 3.292323440001584611 ) ) ;
#707 = VERTEX_POINT ( 'NONE', #3129 ) ;
#708 = EDGE_CURVE ( 'NONE', #2633, #3462, #922, .T. ) ;
#709 = FACE_OUTER_BOUND ( 'NONE', #2678, .T. ) ;
#710 = CARTESIAN_POINT ( 'NONE',  ( -19.46496222574226920, 27.02870705156890097, -3.000000000000006217 ) ) ;
#711 = CIRCLE ( 'NONE', #1218, 1.000000000000000888 ) ;
#712 = CARTESIAN_POINT ( 'NONE',  ( 10.45303777425773362, 25.68270705156890443, 0.000000000000000000 ) ) ;
#713 = FACE_OUTER_BOUND ( 'NONE', #311, .T. ) ;
#714 = AXIS2_PLACEMENT_3D ( 'NONE', #2154, #1049, #2119 ) ;
#715 = DIRECTION ( 'NONE',  ( 1.156482317317871971E-16, -1.000000000000000000, 0.000000000000000000 ) ) ;
#716 = EDGE_LOOP ( 'NONE', ( #1408, #334, #1823, #1735 ) ) ;
#717 = DIRECTION ( 'NONE',  ( 1.000000000000000000, 0.000000000000000000, 0.000000000000000000 ) ) ;
#718 = EDGE_LOOP ( 'NONE', ( #1224, #3212, #1699, #757 ) ) ;
#719 = LINE ( 'NONE', #223, #3120 ) ;
#720 = CARTESIAN_POINT ( 'NONE',  ( 11.60854927436678707, 28.45342862436083564, -2.453958083648437150 ) ) ;
#721 = ORIENTED_EDGE ( 'NONE', *, *, #1738, .T. ) ;
#722 = EDGE_CURVE ( 'NONE', #1519, #895, #165, .T. ) ;
#723 = LINE ( 'NONE', #1811, #2637 ) ;
#724 = CARTESIAN_POINT ( 'NONE',  ( -7.714959791634052877, -28.47129294843108482, 3.292323440001584611 ) ) ;
#725 = EDGE_CURVE ( 'NONE', #47, #1749, #2595, .T. ) ;
#726 = FACE_OUTER_BOUND ( 'NONE', #486, .T. ) ;
#727 = VECTOR ( 'NONE', #2831, 1000.000000000000000 ) ;
#728 = VECTOR ( 'NONE', #942, 1000.000000000000000 ) ;
#729 = ORIENTED_EDGE ( 'NONE', *, *, #2635, .T. ) ;
#730 = CARTESIAN_POINT ( 'NONE',  ( -10.88296222574226668, -25.62529294843109184, 0.000000000000000000 ) ) ;
#731 = FACE_OUTER_BOUND ( 'NONE', #716, .T. ) ;
#732 = CIRCLE ( 'NONE', #2682, 1.499999999999999556 ) ;
#733 = VERTEX_POINT ( 'NONE', #2533 ) ;
#734 = FACE_OUTER_BOUND ( 'NONE', #2723, .T. ) ;
#735 = EDGE_LOOP ( 'NONE', ( #1819, #932 ) ) ;
#736 = CARTESIAN_POINT ( 'NONE',  ( 11.40187074164454017, -28.47129294843108482, 0.000000000000000000 ) ) ;
#737 = DIRECTION ( 'NONE',  ( -0.000000000000000000, -0.000000000000000000, -1.000000000000000000 ) ) ;
#738 = EDGE_LOOP ( 'NONE', ( #1178, #1654, #1363, #1977 ) ) ;
#739 = EDGE_CURVE ( 'NONE', #368, #570, #2429, .T. ) ;
#740 = DIRECTION ( 'NONE',  ( -0.000000000000000000, -0.000000000000000000, -1.000000000000000000 ) ) ;
#741 = FACE_OUTER_BOUND ( 'NONE', #766, .T. ) ;
#742 = DIRECTION ( 'NONE',  ( 1.000000000000000000, 0.000000000000000000, 0.000000000000000000 ) ) ;
#743 = EDGE_CURVE ( 'NONE', #2286, #3225, #1190, .T. ) ;
#744 = EDGE_LOOP ( 'NONE', ( #2471, #2100, #1629, #3445 ) ) ;
#745 = PLANE ( 'NONE',  #81 ) ;
#746 = ORIENTED_EDGE ( 'NONE', *, *, #2664, .T. ) ;
#747 = EDGE_CURVE ( 'NONE', #2473, #1991, #929, .T. ) ;
#748 = CIRCLE ( 'NONE', #2367, 2.999999999999999112 ) ;
#749 = CARTESIAN_POINT ( 'NONE',  ( 16.03503777425773791, -26.97129294843108838, -4.000000000000000000 ) ) ;
#750 = VERTEX_POINT ( 'NONE', #133 ) ;
#751 = DIRECTION ( 'NONE',  ( -1.000000000000000000, 0.000000000000000000, 0.000000000000000000 ) ) ;
#752 = ORIENTED_EDGE ( 'NONE', *, *, #3424, .F. ) ;
#753 = DIRECTION ( 'NONE',  ( -0.000000000000000000, -0.000000000000000000, 1.000000000000000000 ) ) ;
#754 = VECTOR ( 'NONE', #2798, 999.9999999999998863 ) ;
#755 = CIRCLE ( 'NONE', #2709, 1.500000000000001332 ) ;
#756 = DIRECTION ( 'NONE',  ( 0.7071067811865482389, 1.226634733346700543E-16, -0.7071067811865469066 ) ) ;
#757 = ORIENTED_EDGE ( 'NONE', *, *, #2048, .F. ) ;
#758 = AXIS2_PLACEMENT_3D ( 'NONE', #2011, #1440, #1743 ) ;
#759 = CARTESIAN_POINT ( 'NONE',  ( -17.96496222574226564, 30.02870705156890097, -2.378679656440365608 ) ) ;
#760 = DIRECTION ( 'NONE',  ( 0.000000000000000000, 0.000000000000000000, -1.000000000000000000 ) ) ;
#761 = CARTESIAN_POINT ( 'NONE',  ( -9.934129258355479664, 28.52870705156890097, -2.378679656440367385 ) ) ;
#762 = AXIS2_PLACEMENT_3D ( 'NONE', #1336, #2442, #1055 ) ;
#763 = CONICAL_SURFACE ( 'NONE', #797, 2.000000000000005329, 0.7853981633974488341 ) ;
#764 = ORIENTED_EDGE ( 'NONE', *, *, #2664, .F. ) ;
#765 = CARTESIAN_POINT ( 'NONE',  ( -16.21496222574229051, -25.22129294843106706, -4.002000000000000668 ) ) ;
#766 = EDGE_LOOP ( 'NONE', ( #1541, #2758, #3149, #269 ) ) ;
#767 = ADVANCED_FACE ( 'NONE', ( #3095 ), #1207, .F. ) ;
#768 = DIRECTION ( 'NONE',  ( 0.000000000000000000, 0.000000000000000000, 1.000000000000000000 ) ) ;
#769 = ORIENTED_EDGE ( 'NONE', *, *, #3203, .T. ) ;
#770 = DIRECTION ( 'NONE',  ( -0.000000000000000000, -0.000000000000000000, -1.000000000000000000 ) ) ;
#771 = VERTEX_POINT ( 'NONE', #426 ) ;
#772 = CARTESIAN_POINT ( 'NONE',  ( -13.88296222574226668, -25.62529294843109184, 0.000000000000000000 ) ) ;
#773 = EDGE_CURVE ( 'NONE', #1472, #1529, #3079, .T. ) ;
#774 = VECTOR ( 'NONE', #1425, 1000.000000000000000 ) ;
#775 = DIRECTION ( 'NONE',  ( 0.000000000000000000, 0.000000000000000000, -1.000000000000000000 ) ) ;
#776 = ORIENTED_EDGE ( 'NONE', *, *, #3159, .T. ) ;
#777 = CIRCLE ( 'NONE', #3176, 0.9499999999999995115 ) ;
#778 = DIRECTION ( 'NONE',  ( 0.000000000000000000, -0.000000000000000000, -1.000000000000000000 ) ) ;
#779 = CARTESIAN_POINT ( 'NONE',  ( 16.03503777425773791, -28.47129294843108482, 3.292323440001584611 ) ) ;
#780 = DIRECTION ( 'NONE',  ( -1.000000000000000000, -1.889896820699138217E-15, 0.000000000000000000 ) ) ;
#781 = DIRECTION ( 'NONE',  ( 0.000000000000000000, 0.000000000000000000, -1.000000000000000000 ) ) ;
#782 = ORIENTED_EDGE ( 'NONE', *, *, #2688, .F. ) ;
#783 = CARTESIAN_POINT ( 'NONE',  ( 13.45303777425773539, -25.62529294843109540, 0.000000000000000000 ) ) ;
#784 = DIRECTION ( 'NONE',  ( -1.000000000000000000, -1.156482317317871971E-16, 0.000000000000000000 ) ) ;
#785 = VECTOR ( 'NONE', #310, 1000.000000000000000 ) ;
#786 = ADVANCED_FACE ( 'NONE', ( #2305 ), #3381, .T. ) ;
#787 = CARTESIAN_POINT ( 'NONE',  ( -16.96496222574226564, 26.27870705156888320, 3.292323440001584611 ) ) ;
#788 = VERTEX_POINT ( 'NONE', #824 ) ;
#789 = DIRECTION ( 'NONE',  ( 0.000000000000000000, 0.000000000000000000, 1.000000000000000000 ) ) ;
#790 = EDGE_LOOP ( 'NONE', ( #2003, #3087, #148, #2164 ) ) ;
#791 = DIRECTION ( 'NONE',  ( -1.000000000000000000, 0.000000000000000000, 0.000000000000000000 ) ) ;
#792 = EDGE_CURVE ( 'NONE', #1883, #2975, #2701, .T. ) ;
#793 = ADVANCED_FACE ( 'NONE', ( #3198 ), #1875, .F. ) ;
#794 = LINE ( 'NONE', #2157, #2713 ) ;
#795 = ORIENTED_EDGE ( 'NONE', *, *, #1403, .T. ) ;
#796 = CARTESIAN_POINT ( 'NONE',  ( -17.96496222574226564, 27.02870705156890097, -2.378679656440364276 ) ) ;
#797 = AXIS2_PLACEMENT_3D ( 'NONE', #1162, #3013, #649 ) ;
#798 = CARTESIAN_POINT ( 'NONE',  ( 17.53503777425773791, -18.72129294843107772, -4.000000000000000000 ) ) ;
#799 = ORIENTED_EDGE ( 'NONE', *, *, #792, .T. ) ;
#800 = DIRECTION ( 'NONE',  ( -1.000000000000000000, -2.703465157366452467E-16, 1.743152798421053874E-32 ) ) ;
#801 = DIRECTION ( 'NONE',  ( -0.000000000000000000, 0.000000000000000000, 1.000000000000000000 ) ) ;
#802 = VECTOR ( 'NONE', #3273, 1000.000000000000000 ) ;
#803 = LINE ( 'NONE', #2079, #968 ) ;
#804 = VERTEX_POINT ( 'NONE', #478 ) ;
#805 = CARTESIAN_POINT ( 'NONE',  ( 15.78503777425770060, 22.52870705156892583, -3.000000000000002665 ) ) ;
#806 = ORIENTED_EDGE ( 'NONE', *, *, #1975, .F. ) ;
#807 = CARTESIAN_POINT ( 'NONE',  ( 15.78503777425770060, 22.52870705156892583, -3.000000000000002665 ) ) ;
#808 = EDGE_CURVE ( 'NONE', #521, #444, #1470, .T. ) ;
#809 = AXIS2_PLACEMENT_3D ( 'NONE', #1873, #2680, #271 ) ;
#810 = VERTEX_POINT ( 'NONE', #1307 ) ;
#811 = VECTOR ( 'NONE', #367, 1000.000000000000000 ) ;
#812 = DIRECTION ( 'NONE',  ( -0.000000000000000000, -0.000000000000000000, -1.000000000000000000 ) ) ;
#813 = ORIENTED_EDGE ( 'NONE', *, *, #3073, .T. ) ;
#814 = EDGE_CURVE ( 'NONE', #677, #2577, #3146, .T. ) ;
#815 = CARTESIAN_POINT ( 'NONE',  ( 17.41371743069810663, -25.74388111221642461, -2.500000000000000000 ) ) ;
#816 = AXIS2_PLACEMENT_3D ( 'NONE', #1168, #1943, #2968 ) ;
#817 = LINE ( 'NONE', #506, #2773 ) ;
#818 = ADVANCED_FACE ( 'NONE', ( #3449 ), #3414, .T. ) ;
#819 = AXIS2_PLACEMENT_3D ( 'NONE', #3317, #2474, #72 ) ;
#820 = ORIENTED_EDGE ( 'NONE', *, *, #3094, .F. ) ;
#821 = DIRECTION ( 'NONE',  ( 0.7071067811865474617, 0.000000000000000000, -0.7071067811865474617 ) ) ;
#822 = CARTESIAN_POINT ( 'NONE',  ( -17.96496222574225854, -26.22129294843106706, 3.292323440001584611 ) ) ;
#823 = CONICAL_SURFACE ( 'NONE', #1888, 2.000000000000005329, 0.7853981633974488341 ) ;
#824 = CARTESIAN_POINT ( 'NONE',  ( -11.83179519312905370, 28.52870705156890097, -2.378679656440367385 ) ) ;
#825 = ORIENTED_EDGE ( 'NONE', *, *, #142, .F. ) ;
#826 = DIRECTION ( 'NONE',  ( -1.000000000000000000, 0.000000000000000000, -0.000000000000000000 ) ) ;
#827 = ORIENTED_EDGE ( 'NONE', *, *, #956, .F. ) ;
#828 = DIRECTION ( 'NONE',  ( 0.000000000000000000, 0.000000000000000000, -1.000000000000000000 ) ) ;
#829 = ORIENTED_EDGE ( 'NONE', *, *, #2542, .F. ) ;
#830 = DIRECTION ( 'NONE',  ( -0.7071067811865475727, -8.177564888978000334E-17, -0.7071067811865475727 ) ) ;
#831 = ORIENTED_EDGE ( 'NONE', *, *, #2407, .F. ) ;
#832 = CIRCLE ( 'NONE', #208, 1.499999999999999556 ) ;
#833 = DIRECTION ( 'NONE',  ( -0.000000000000000000, 0.000000000000000000, 1.000000000000000000 ) ) ;
#834 = EDGE_CURVE ( 'NONE', #262, #2055, #803, .T. ) ;
#835 = CYLINDRICAL_SURFACE ( 'NONE', #373, 0.9499999999999995115 ) ;
#836 = CARTESIAN_POINT ( 'NONE',  ( 0.000000000000000000, 0.000000000000000000, -2.500000000000000000 ) ) ;
#837 = ADVANCED_FACE ( 'NONE', ( #2374 ), #1928, .T. ) ;
#838 = ORIENTED_EDGE ( 'NONE', *, *, #814, .F. ) ;
#839 = CARTESIAN_POINT ( 'NONE',  ( 9.297526274148680159, 28.45342862436083564, -2.453958083648438038 ) ) ;
#840 = DIRECTION ( 'NONE',  ( -1.204669080539449344E-16, 0.000000000000000000, 1.000000000000000000 ) ) ;
#841 = LINE ( 'NONE', #590, #774 ) ;
#842 = EDGE_LOOP ( 'NONE', ( #1210, #2535, #3015, #2992, #994 ) ) ;
#843 = EDGE_LOOP ( 'NONE', ( #3199, #1091, #1948, #591 ) ) ;
#844 = CARTESIAN_POINT ( 'NONE',  ( -10.88296222574226668, 25.68270705156890443, -2.500000000000000000 ) ) ;
#845 = VECTOR ( 'NONE', #2629, 1000.000000000000000 ) ;
#846 = CARTESIAN_POINT ( 'NONE',  ( 16.03503777425773791, 29.02870705156891518, -4.000000000000000000 ) ) ;
#847 = ORIENTED_EDGE ( 'NONE', *, *, #3185, .F. ) ;
#848 = DIRECTION ( 'NONE',  ( 1.156482317317871971E-16, -1.000000000000000000, 0.000000000000000000 ) ) ;
#849 = ORIENTED_EDGE ( 'NONE', *, *, #1581, .F. ) ;
#850 = LINE ( 'NONE', #3459, #704 ) ;
#851 = PLANE ( 'NONE',  #2149 ) ;
#852 = PLANE ( 'NONE',  #31 ) ;
#853 = EDGE_CURVE ( 'NONE', #804, #2579, #2924, .T. ) ;
#854 = CARTESIAN_POINT ( 'NONE',  ( -16.21496222574226564, -22.47129294843110969, 3.292323440001584611 ) ) ;
#855 = ADVANCED_FACE ( 'NONE', ( #2954 ), #3218, .F. ) ;
#856 = LINE ( 'NONE', #359, #1940 ) ;
#857 = DIRECTION ( 'NONE',  ( 0.000000000000000000, -0.000000000000000000, -1.000000000000000000 ) ) ;
#858 = FACE_OUTER_BOUND ( 'NONE', #3243, .T. ) ;
#859 = ORIENTED_EDGE ( 'NONE', *, *, #1060, .T. ) ;
#860 = DIRECTION ( 'NONE',  ( -1.156482317317871971E-16, 1.000000000000000000, 0.000000000000000000 ) ) ;
#861 = ORIENTED_EDGE ( 'NONE', *, *, #1848, .F. ) ;
#862 = CARTESIAN_POINT ( 'NONE',  ( 9.504204806870919953, -28.47129294843108482, -2.378679656440365608 ) ) ;
#863 = EDGE_CURVE ( 'NONE', #378, #1506, #3467, .T. ) ;
#864 = DIRECTION ( 'NONE',  ( 1.000000000000000000, 0.000000000000000000, 0.000000000000000000 ) ) ;
#865 = ORIENTED_EDGE ( 'NONE', *, *, #1838, .F. ) ;
#866 = DIRECTION ( 'NONE',  ( -0.000000000000000000, -0.000000000000000000, -1.000000000000000000 ) ) ;
#867 = VERTEX_POINT ( 'NONE', #1609 ) ;
#868 =( LENGTH_UNIT ( ) NAMED_UNIT ( * ) SI_UNIT ( .MILLI., .METRE. ) );
#869 = VECTOR ( 'NONE', #2371, 1000.000000000000000 ) ;
#870 = LINE ( 'NONE', #1904, #1935 ) ;
#871 = AXIS2_PLACEMENT_3D ( 'NONE', #1183, #1987, #1720 ) ;
#872 = CARTESIAN_POINT ( 'NONE',  ( -9.727450725633191908, -28.39601452122301950, -2.453958083648434929 ) ) ;
#873 = AXIS2_PLACEMENT_3D ( 'NONE', #605, #1390, #1134 ) ;
#874 = CARTESIAN_POINT ( 'NONE',  ( 17.41371743069810307, -19.19870478464572017, -2.500000000000000000 ) ) ;
#875 = DIRECTION ( 'NONE',  ( 1.000000000000000000, 0.000000000000000000, 0.000000000000000000 ) ) ;
#876 = VERTEX_POINT ( 'NONE', #202 ) ;
#877 = EDGE_CURVE ( 'NONE', #3070, #2813, #2581, .T. ) ;
#878 = DIRECTION ( 'NONE',  ( -1.000000000000000000, 0.000000000000000000, 0.000000000000000000 ) ) ;
#879 = ORIENTED_EDGE ( 'NONE', *, *, #2838, .T. ) ;
#880 = LINE ( 'NONE', #101, #487 ) ;
#881 = ORIENTED_EDGE ( 'NONE', *, *, #140, .T. ) ;
#882 = ADVANCED_FACE ( 'NONE', ( #1568 ), #2610, .F. ) ;
#883 = CARTESIAN_POINT ( 'NONE',  ( -16.21496222574229762, 22.52870705156889031, -3.000000000000002665 ) ) ;
#884 = ORIENTED_EDGE ( 'NONE', *, *, #58, .T. ) ;
#885 = DIRECTION ( 'NONE',  ( -1.000000000000000000, 0.000000000000000000, 0.000000000000000000 ) ) ;
#886 = DIRECTION ( 'NONE',  ( -1.734723475976807094E-16, 1.000000000000000000, 0.000000000000000000 ) ) ;
#887 = AXIS2_PLACEMENT_3D ( 'NONE', #2448, #569, #1945 ) ;
#888 = LINE ( 'NONE', #2510, #913 ) ;
#889 = AXIS2_PLACEMENT_3D ( 'NONE', #2631, #2415, #538 ) ;
#890 = CYLINDRICAL_SURFACE ( 'NONE', #1478, 1.000000000000000888 ) ;
#891 = AXIS2_PLACEMENT_3D ( 'NONE', #1278, #981, #151 ) ;
#892 = CARTESIAN_POINT ( 'NONE',  ( -7.882962225742265794, 25.68270705156890443, 0.000000000000000000 ) ) ;
#893 = ORIENTED_EDGE ( 'NONE', *, *, #1620, .F. ) ;
#894 = DIRECTION ( 'NONE',  ( 0.000000000000000000, 0.000000000000000000, -1.000000000000000000 ) ) ;
#895 = VERTEX_POINT ( 'NONE', #2627 ) ;
#896 = CARTESIAN_POINT ( 'NONE',  ( -18.40430205396244645, 30.02870705156890097, -1.939339828220185025 ) ) ;
#897 = EDGE_CURVE ( 'NONE', #1371, #2189, #1289, .T. ) ;
#898 = CARTESIAN_POINT ( 'NONE',  ( 17.49374975392583664, -19.05140476201650657, -2.419967676772267318 ) ) ;
#899 = ORIENTED_EDGE ( 'NONE', *, *, #1491, .F. ) ;
#900 = CARTESIAN_POINT ( 'NONE',  ( 15.78503777425770060, 22.52870705156892583, -3.000000000000002665 ) ) ;
#901 = EDGE_CURVE ( 'NONE', #867, #2913, #1524, .T. ) ;
#902 = ORIENTED_EDGE ( 'NONE', *, *, #834, .F. ) ;
#903 = CARTESIAN_POINT ( 'NONE',  ( -19.46496222574226209, -26.97129294843108838, 3.292323440001584611 ) ) ;
#904 = AXIS2_PLACEMENT_3D ( 'NONE', #1479, #3396, #178 ) ;
#905 = CYLINDRICAL_SURFACE ( 'NONE', #2584, 0.9499999999999995115 ) ;
#906 = CARTESIAN_POINT ( 'NONE',  ( -19.46496222574226209, -26.97129294843108838, -3.000000000000006217 ) ) ;
#907 = ORIENTED_EDGE ( 'NONE', *, *, #2407, .T. ) ;
#908 = CARTESIAN_POINT ( 'NONE',  ( 15.78503777425776100, 19.77870705156889031, -2.500000000000000000 ) ) ;
#909 = ORIENTED_EDGE ( 'NONE', *, *, #3448, .T. ) ;
#910 = DIRECTION ( 'NONE',  ( 1.734723475976807341E-16, -1.000000000000000000, 0.000000000000000000 ) ) ;
#911 = ORIENTED_EDGE ( 'NONE', *, *, #1709, .T. ) ;
#912 = PLANE ( 'NONE',  #1839 ) ;
#913 = VECTOR ( 'NONE', #1184, 1000.000000000000114 ) ;
#914 = EDGE_LOOP ( 'NONE', ( #1001, #1116, #54, #1553, #2836 ) ) ;
#915 = CARTESIAN_POINT ( 'NONE',  ( -16.96496222574226564, 26.27870705156888320, -2.500000000000000000 ) ) ;
#916 = VERTEX_POINT ( 'NONE', #1081 ) ;
#917 = CARTESIAN_POINT ( 'NONE',  ( -16.21496222574229051, -19.72129294843107417, 3.292323440001584611 ) ) ;
#918 = CARTESIAN_POINT ( 'NONE',  ( 17.53503777425774146, -26.22129294843107061, -4.000000000000000000 ) ) ;
#919 = DIRECTION ( 'NONE',  ( -1.000000000000000000, 0.000000000000000000, 0.000000000000000000 ) ) ;
#920 = ORIENTED_EDGE ( 'NONE', *, *, #60, .T. ) ;
#921 = EDGE_CURVE ( 'NONE', #2191, #895, #2202, .T. ) ;
#922 = CIRCLE ( 'NONE', #924, 0.9499999999999995115 ) ;
#923 = EDGE_CURVE ( 'NONE', #3008, #521, #3165, .T. ) ;
#924 = AXIS2_PLACEMENT_3D ( 'NONE', #1748, #679, #2289 ) ;
#925 = CARTESIAN_POINT ( 'NONE',  ( -16.46496222574226209, -26.97129294843108838, -2.500000000000000000 ) ) ;
#926 = ORIENTED_EDGE ( 'NONE', *, *, #3338, .F. ) ;
#927 = CARTESIAN_POINT ( 'NONE',  ( -16.21496222574226564, -22.47129294843110969, -3.000000000000002665 ) ) ;
#928 = ORIENTED_EDGE ( 'NONE', *, *, #2325, .F. ) ;
#929 = LINE ( 'NONE', #1464, #754 ) ;
#930 = ORIENTED_EDGE ( 'NONE', *, *, #1420, .F. ) ;
#931 = DIRECTION ( 'NONE',  ( -1.889896820699124017E-15, -1.000000000000000000, 0.000000000000000000 ) ) ;
#932 = ORIENTED_EDGE ( 'NONE', *, *, #1194, .T. ) ;
#933 = DIRECTION ( 'NONE',  ( 1.000000000000000000, -0.000000000000000000, -0.000000000000000000 ) ) ;
#934 = CARTESIAN_POINT ( 'NONE',  ( 15.78503777425776100, 19.77870705156889031, -2.500000000000000000 ) ) ;
#935 = CARTESIAN_POINT ( 'NONE',  ( -16.21496222574229051, -19.72129294843107417, -4.002000000000000668 ) ) ;
#936 = ORIENTED_EDGE ( 'NONE', *, *, #1971, .F. ) ;
#937 = EDGE_CURVE ( 'NONE', #502, #281, #46, .T. ) ;
#938 = CYLINDRICAL_SURFACE ( 'NONE', #246, 3.000000000000000000 ) ;
#939 = EDGE_CURVE ( 'NONE', #3070, #2189, #1407, .T. ) ;
#940 = EDGE_LOOP ( 'NONE', ( #764, #244, #2957, #317 ) ) ;
#941 = VECTOR ( 'NONE', #1097, 1000.000000000000000 ) ;
#942 = DIRECTION ( 'NONE',  ( 0.000000000000000000, 0.000000000000000000, 1.000000000000000000 ) ) ;
#943 = ORIENTED_EDGE ( 'NONE', *, *, #621, .T. ) ;
#944 = CARTESIAN_POINT ( 'NONE',  ( 15.78503777425776988, 25.27870705156888320, 3.292323440001584611 ) ) ;
#945 = CARTESIAN_POINT ( 'NONE',  ( 7.285040208365947123, -29.97129294843108838, 3.292323440001584611 ) ) ;
#946 = ORIENTED_EDGE ( 'NONE', *, *, #3376, .T. ) ;
#947 = CIRCLE ( 'NONE', #3410, 3.000000000000000000 ) ;
#948 = CARTESIAN_POINT ( 'NONE',  ( 14.83503777425769599, 22.52870705156892583, -3.000000000000002665 ) ) ;
#949 = CARTESIAN_POINT ( 'NONE',  ( 17.41371743069809597, 30.02870705156891162, -2.500000000000000000 ) ) ;
#950 = LINE ( 'NONE', #1789, #2182 ) ;
#951 = ORIENTED_EDGE ( 'NONE', *, *, #3448, .F. ) ;
#952 = AXIS2_PLACEMENT_3D ( 'NONE', #3315, #614, #1449 ) ;
#953 = CARTESIAN_POINT ( 'NONE',  ( -16.46496222574226209, -26.97129294843108838, -2.378679656440363388 ) ) ;
#954 = DIRECTION ( 'NONE',  ( 1.000000000000000000, 0.000000000000000000, 0.000000000000000000 ) ) ;
#955 = ADVANCED_FACE ( 'NONE', ( #1101 ), #1080, .T. ) ;
#956 = EDGE_CURVE ( 'NONE', #1749, #2628, #1250, .T. ) ;
#957 = ORIENTED_EDGE ( 'NONE', *, *, #1513, .T. ) ;
#958 = DIRECTION ( 'NONE',  ( -0.000000000000000000, -0.000000000000000000, 1.000000000000000000 ) ) ;
#959 = VERTEX_POINT ( 'NONE', #892 ) ;
#960 = DIRECTION ( 'NONE',  ( 0.000000000000000000, 0.000000000000000000, 1.000000000000000000 ) ) ;
#961 = ORIENTED_EDGE ( 'NONE', *, *, #2053, .F. ) ;
#962 = DIRECTION ( 'NONE',  ( 1.000000000000000000, 0.000000000000000000, 0.000000000000000000 ) ) ;
#963 = ORIENTED_EDGE ( 'NONE', *, *, #563, .T. ) ;
#964 = CARTESIAN_POINT ( 'NONE',  ( -11.83179519312906436, -28.47129294843108482, 0.000000000000000000 ) ) ;
#965 = EDGE_CURVE ( 'NONE', #2960, #1859, #1661, .T. ) ;
#966 = DIRECTION ( 'NONE',  ( -0.000000000000000000, 0.000000000000000000, 1.000000000000000000 ) ) ;
#967 = EDGE_LOOP ( 'NONE', ( #2748, #580, #3045, #1841, #1378, #332, #909, #69, #3353, #3369, #135, #1498, #1465, #687, #1694, #674, #166, #782, #296, #67, #1918, #3432, #3043, #557, #411, #2981, #2596, #1784, #409, #1685, #654, #1633, #1696, #2772, #1426, #395, #2297, #1829, #2340, #907, #3340, #1310, #3385, #902, #1762, #1344 ) ) ;
#968 = VECTOR ( 'NONE', #2115, 1000.000000000000000 ) ;
#969 = CARTESIAN_POINT ( 'NONE',  ( 11.60854927436681194, -28.39601452122301950, -2.453958083648434929 ) ) ;
#970 = DIRECTION ( 'NONE',  ( 1.000000000000000000, 0.000000000000000000, 0.000000000000000000 ) ) ;
#971 = AXIS2_PLACEMENT_3D ( 'NONE', #2570, #778, #229 ) ;
#972 = AXIS2_PLACEMENT_3D ( 'NONE', #1446, #2519, #2175 ) ;
#973 = ORIENTED_EDGE ( 'NONE', *, *, #3361, .F. ) ;
#974 = CYLINDRICAL_SURFACE ( 'NONE', #904, 0.9500000000000029532 ) ;
#975 = DIRECTION ( 'NONE',  ( 1.000000000000000000, 0.000000000000000000, 0.000000000000000000 ) ) ;
#976 = AXIS2_PLACEMENT_3D ( 'NONE', #3426, #1323, #1025 ) ;
#977 = EDGE_CURVE ( 'NONE', #2328, #3132, #1136, .T. ) ;
#978 = ORIENTED_EDGE ( 'NONE', *, *, #1577, .T. ) ;
#979 = PLANE ( 'NONE',  #2566 ) ;
#980 = VERTEX_POINT ( 'NONE', #2497 ) ;
#981 = DIRECTION ( 'NONE',  ( 0.000000000000000000, -0.000000000000000000, -1.000000000000000000 ) ) ;
#982 = AXIS2_PLACEMENT_3D ( 'NONE', #371, #651, #1686 ) ;
#983 = EDGE_CURVE ( 'NONE', #3245, #1493, #10, .T. ) ;
#984 = AXIS2_PLACEMENT_3D ( 'NONE', #540, #579, #1349 ) ;
#985 = CARTESIAN_POINT ( 'NONE',  ( 15.78503777425770060, 22.52870705156892583, 3.292323440001584611 ) ) ;
#986 = ORIENTED_EDGE ( 'NONE', *, *, #3290, .T. ) ;
#987 = DIRECTION ( 'NONE',  ( -0.000000000000000000, -0.000000000000000000, -1.000000000000000000 ) ) ;
#988 = DIRECTION ( 'NONE',  ( 1.204669080539449344E-16, 0.000000000000000000, -1.000000000000000000 ) ) ;
#989 = CARTESIAN_POINT ( 'NONE',  ( 15.78503777425775390, -25.22129294843106706, 3.292323440001584611 ) ) ;
#990 = ORIENTED_EDGE ( 'NONE', *, *, #2754, .F. ) ;
#991 = FACE_OUTER_BOUND ( 'NONE', #2271, .T. ) ;
#992 = ORIENTED_EDGE ( 'NONE', *, *, #937, .T. ) ;
#993 = AXIS2_PLACEMENT_3D ( 'NONE', #2580, #1246, #703 ) ;
#994 = ORIENTED_EDGE ( 'NONE', *, *, #621, .F. ) ;
#995 = LINE ( 'NONE', #445, #727 ) ;
#996 = ORIENTED_EDGE ( 'NONE', *, *, #2012, .F. ) ;
#997 = LINE ( 'NONE', #2868, #266 ) ;
#998 = EDGE_CURVE ( 'NONE', #83, #1365, #2722, .T. ) ;
#999 = EDGE_CURVE ( 'NONE', #2189, #1605, #422, .T. ) ;
#1000 = DIRECTION ( 'NONE',  ( 1.000000000000000000, 0.000000000000000000, 0.000000000000000000 ) ) ;
#1001 = ORIENTED_EDGE ( 'NONE', *, *, #1955, .F. ) ;
#1002 = CARTESIAN_POINT ( 'NONE',  ( 16.03503777425773791, -26.97129294843108838, 3.292323440001584611 ) ) ;
#1003 = CARTESIAN_POINT ( 'NONE',  ( 11.70847426001878411, -28.34997260487145354, -2.500000000000000000 ) ) ;
#1004 = CARTESIAN_POINT ( 'NONE',  ( -10.88296222574226668, -25.62529294843109184, -2.500000000000000000 ) ) ;
#1005 = VECTOR ( 'NONE', #3167, 1000.000000000000000 ) ;
#1006 = CIRCLE ( 'NONE', #1453, 0.9500000000000029532 ) ;
#1007 = AXIS2_PLACEMENT_3D ( 'NONE', #2499, #894, #1157 ) ;
#1008 = ORIENTED_EDGE ( 'NONE', *, *, #2163, .T. ) ;
#1009 = LINE ( 'NONE', #1566, #1627 ) ;
#1010 = DIRECTION ( 'NONE',  ( 0.000000000000000000, 0.000000000000000000, -1.000000000000000000 ) ) ;
#1011 = CARTESIAN_POINT ( 'NONE',  ( 0.000000000000000000, 0.000000000000000000, -4.000000000000000000 ) ) ;
#1012 = ORIENTED_EDGE ( 'NONE', *, *, #1133, .T. ) ;
#1013 = LINE ( 'NONE', #2578, #2068 ) ;
#1014 = VERTEX_POINT ( 'NONE', #1915 ) ;
#1015 = DIRECTION ( 'NONE',  ( -1.298934084353240545E-16, -0.7071067811865479058, 0.7071067811865472397 ) ) ;
#1016 = CARTESIAN_POINT ( 'NONE',  ( -15.26496222574230011, 22.52870705156889031, -3.000000000000002665 ) ) ;
#1017 = ORIENTED_EDGE ( 'NONE', *, *, #725, .T. ) ;
#1018 = DIRECTION ( 'NONE',  ( -1.000000000000000000, 0.000000000000000000, -0.000000000000000000 ) ) ;
#1019 = ADVANCED_FACE ( 'NONE', ( #1960 ), #608, .T. ) ;
#1020 = DIRECTION ( 'NONE',  ( -0.000000000000000000, -0.000000000000000000, -1.000000000000000000 ) ) ;
#1021 = FILL_AREA_STYLE ('',( #2196 ) ) ;
#1022 = EDGE_CURVE ( 'NONE', #1023, #1751, #3227, .T. ) ;
#1023 = VERTEX_POINT ( 'NONE', #64 ) ;
#1024 = CIRCLE ( 'NONE', #1871, 2.999999999999999112 ) ;
#1025 = DIRECTION ( 'NONE',  ( 1.000000000000000000, 0.000000000000000000, 0.000000000000000000 ) ) ;
#1026 = DIRECTION ( 'NONE',  ( 0.000000000000000000, 0.000000000000000000, 1.000000000000000000 ) ) ;
#1027 = CIRCLE ( 'NONE', #2093, 3.000000000000000888 ) ;
#1028 = DIRECTION ( 'NONE',  ( 1.000000000000000000, 0.000000000000000000, 0.000000000000000000 ) ) ;
#1029 = ORIENTED_EDGE ( 'NONE', *, *, #3084, .T. ) ;
#1030 = PLANE ( 'NONE',  #1063 ) ;
#1031 = ORIENTED_EDGE ( 'NONE', *, *, #360, .F. ) ;
#1032 = CARTESIAN_POINT ( 'NONE',  ( -10.88296222574226668, -25.62529294843109184, 0.000000000000000000 ) ) ;
#1033 = DIRECTION ( 'NONE',  ( 0.000000000000000000, 0.000000000000000000, 1.000000000000000000 ) ) ;
#1034 = ORIENTED_EDGE ( 'NONE', *, *, #773, .T. ) ;
#1035 = AXIS2_PLACEMENT_3D ( 'NONE', #3412, #510, #3144 ) ;
#1036 = AXIS2_PLACEMENT_3D ( 'NONE', #2042, #3123, #1235 ) ;
#1037 = FACE_BOUND ( 'NONE', #2902, .T. ) ;
#1038 = PLANE ( 'NONE',  #1050 ) ;
#1039 =( NAMED_UNIT ( * ) PLANE_ANGLE_UNIT ( ) SI_UNIT ( $, .RADIAN. ) );
#1040 = ADVANCED_FACE ( 'NONE', ( #858 ), #3456, .F. ) ;
#1041 = ORIENTED_EDGE ( 'NONE', *, *, #2282, .T. ) ;
#1042 = CARTESIAN_POINT ( 'NONE',  ( -13.88296222574226668, 25.68270705156890443, 0.000000000000000000 ) ) ;
#1043 = VERTEX_POINT ( 'NONE', #361 ) ;
#1044 = VECTOR ( 'NONE', #308, 1000.000000000000000 ) ;
#1045 = CARTESIAN_POINT ( 'NONE',  ( -16.21496222574229762, 22.52870705156889031, -4.002000000000000668 ) ) ;
#1046 = ORIENTED_EDGE ( 'NONE', *, *, #2477, .T. ) ;
#1047 = DIRECTION ( 'NONE',  ( 1.000000000000000000, 2.703465157366452467E-16, -0.000000000000000000 ) ) ;
#1048 = ORIENTED_EDGE ( 'NONE', *, *, #2518, .F. ) ;
#1049 = DIRECTION ( 'NONE',  ( -0.000000000000000000, -0.000000000000000000, -1.000000000000000000 ) ) ;
#1050 = AXIS2_PLACEMENT_3D ( 'NONE', #2571, #3107, #2334 ) ;
#1051 = CARTESIAN_POINT ( 'NONE',  ( 15.78503777425775390, -25.22129294843106706, 3.292323440001584611 ) ) ;
#1052 = ORIENTED_EDGE ( 'NONE', *, *, #231, .F. ) ;
#1053 = AXIS2_PLACEMENT_3D ( 'NONE', #1949, #1429, #1666 ) ;
#1054 = DIRECTION ( 'NONE',  ( -0.000000000000000000, -0.000000000000000000, -1.000000000000000000 ) ) ;
#1055 = DIRECTION ( 'NONE',  ( 1.000000000000000000, 0.000000000000000000, 0.000000000000000000 ) ) ;
#1056 = DIRECTION ( 'NONE',  ( -1.734723475976806848E-16, 1.000000000000000000, 1.232595164407830946E-32 ) ) ;
#1057 = LINE ( 'NONE', #61, #941 ) ;
#1058 = ORIENTED_EDGE ( 'NONE', *, *, #596, .F. ) ;
#1059 = VECTOR ( 'NONE', #3186, 1000.000000000000000 ) ;
#1060 = EDGE_CURVE ( 'NONE', #1707, #1963, #711, .T. ) ;
#1061 = LINE ( 'NONE', #2951, #2994 ) ;
#1062 = DIRECTION ( 'NONE',  ( 0.000000000000000000, -1.000000000000000000, 0.000000000000000000 ) ) ;
#1063 = AXIS2_PLACEMENT_3D ( 'NONE', #1360, #497, #826 ) ;
#1064 = DIRECTION ( 'NONE',  ( 0.000000000000000000, 0.000000000000000000, 1.000000000000000000 ) ) ;
#1065 = EDGE_LOOP ( 'NONE', ( #3284, #1432, #3327, #2431 ) ) ;
#1066 = EDGE_CURVE ( 'NONE', #29, #513, #3359, .T. ) ;
#1067 = CARTESIAN_POINT ( 'NONE',  ( 9.503037774257734327, 25.68270705156890443, 0.000000000000000000 ) ) ;
#1068 = ORIENTED_EDGE ( 'NONE', *, *, #523, .T. ) ;
#1069 = DIRECTION ( 'NONE',  ( 1.000000000000000000, 1.889896820699138217E-15, 0.000000000000000000 ) ) ;
#1070 = ORIENTED_EDGE ( 'NONE', *, *, #98, .F. ) ;
#1071 = EDGE_CURVE ( 'NONE', #2856, #2290, #1608, .T. ) ;
#1072 = FACE_OUTER_BOUND ( 'NONE', #2885, .T. ) ;
#1073 = VERTEX_POINT ( 'NONE', #2683 ) ;
#1074 = CARTESIAN_POINT ( 'NONE',  ( -7.882962225742265794, -25.62529294843109184, -2.500000000000000000 ) ) ;
#1075 = CARTESIAN_POINT ( 'NONE',  ( -17.96496222574225854, -18.72129294843107417, -4.000000000000000000 ) ) ;
#1076 = APPLICATION_PROTOCOL_DEFINITION ( 'draft international standard', 'automotive_design', 1998, #702 ) ;
#1077 = ORIENTED_EDGE ( 'NONE', *, *, #998, .T. ) ;
#1078 = DIRECTION ( 'NONE',  ( -1.156482317317871971E-16, 1.000000000000000000, 0.000000000000000000 ) ) ;
#1079 = CARTESIAN_POINT ( 'NONE',  ( -16.21496222574229051, -19.72129294843107417, 3.292323440001584611 ) ) ;
#1080 = CONICAL_SURFACE ( 'NONE', #1698, 2.000000000000005329, 0.7853981633974488341 ) ;
#1081 = CARTESIAN_POINT ( 'NONE',  ( -17.96496222574226564, 27.02870705156890097, 3.292323440001584611 ) ) ;
#1082 = ORIENTED_EDGE ( 'NONE', *, *, #901, .T. ) ;
#1083 = FACE_OUTER_BOUND ( 'NONE', #790, .T. ) ;
#1084 = ORIENTED_EDGE ( 'NONE', *, *, #1087, .T. ) ;
#1085 = DIRECTION ( 'NONE',  ( -0.000000000000000000, 0.000000000000000000, 1.000000000000000000 ) ) ;
#1086 = AXIS2_PLACEMENT_3D ( 'NONE', #2303, #2062, #234 ) ;
#1087 = EDGE_CURVE ( 'NONE', #733, #1662, #841, .T. ) ;
#1088 = VERTEX_POINT ( 'NONE', #1693 ) ;
#1089 = AXIS2_PLACEMENT_3D ( 'NONE', #2961, #2197, #1112 ) ;
#1090 = DIRECTION ( 'NONE',  ( 0.000000000000000000, 0.000000000000000000, 1.000000000000000000 ) ) ;
#1091 = ORIENTED_EDGE ( 'NONE', *, *, #2267, .T. ) ;
#1092 = ADVANCED_FACE ( 'NONE', ( #95 ), #2283, .T. ) ;
#1093 = DIRECTION ( 'NONE',  ( -0.000000000000000000, -0.000000000000000000, -1.000000000000000000 ) ) ;
#1094 = DIRECTION ( 'NONE',  ( -1.000000000000000000, 0.000000000000000000, 0.000000000000000000 ) ) ;
#1095 = AXIS2_PLACEMENT_3D ( 'NONE', #1580, #2605, #1832 ) ;
#1096 = CIRCLE ( 'NONE', #3054, 2.749999999999995559 ) ;
#1097 = DIRECTION ( 'NONE',  ( -1.000000000000000000, 0.000000000000000000, 0.000000000000000000 ) ) ;
#1098 = ORIENTED_EDGE ( 'NONE', *, *, #2304, .T. ) ;
#1099 = DIRECTION ( 'NONE',  ( -1.156482317317871971E-16, 1.000000000000000000, 0.000000000000000000 ) ) ;
#1100 = CARTESIAN_POINT ( 'NONE',  ( 16.53503777425773791, -18.72129294843107417, -2.500000000000000000 ) ) ;
#1101 = FACE_OUTER_BOUND ( 'NONE', #1189, .T. ) ;
#1102 = ORIENTED_EDGE ( 'NONE', *, *, #2794, .T. ) ;
#1103 = CARTESIAN_POINT ( 'NONE',  ( -15.26496222574226458, -22.47129294843110969, 3.292323440001584611 ) ) ;
#1104 = EDGE_LOOP ( 'NONE', ( #1531, #2647, #2453, #2336, #1903 ) ) ;
#1105 = DIRECTION ( 'NONE',  ( 1.000000000000000000, 0.000000000000000000, -0.000000000000000000 ) ) ;
#1106 = AXIS2_PLACEMENT_3D ( 'NONE', #3086, #1247, #226 ) ;
#1107 = ORIENTED_EDGE ( 'NONE', *, *, #1341, .F. ) ;
#1108 = CYLINDRICAL_SURFACE ( 'NONE', #1368, 0.9500000000000029532 ) ;
#1109 = VERTEX_POINT ( 'NONE', #230 ) ;
#1110 = ADVANCED_FACE ( 'NONE', ( #2604 ), #1038, .T. ) ;
#1111 = EDGE_CURVE ( 'NONE', #670, #370, #3004, .T. ) ;
#1112 = DIRECTION ( 'NONE',  ( 1.000000000000000000, 0.000000000000000000, 0.000000000000000000 ) ) ;
#1113 = AXIS2_PLACEMENT_3D ( 'NONE', #3471, #3453, #791 ) ;
#1114 = LINE ( 'NONE', #2928, #1160 ) ;
#1115 = EDGE_CURVE ( 'NONE', #916, #3027, #832, .T. ) ;
#1116 = ORIENTED_EDGE ( 'NONE', *, *, #2970, .F. ) ;
#1117 = ADVANCED_FACE ( 'NONE', ( #709 ), #490, .F. ) ;
#1118 = CARTESIAN_POINT ( 'NONE',  ( -19.46496222574226920, 28.52870705156889741, 0.000000000000000000 ) ) ;
#1119 = LINE ( 'NONE', #2428, #455 ) ;
#1120 = DIRECTION ( 'NONE',  ( 1.000000000000000000, 0.000000000000000000, 0.000000000000000000 ) ) ;
#1121 = ORIENTED_EDGE ( 'NONE', *, *, #1135, .T. ) ;
#1122 = CARTESIAN_POINT ( 'NONE',  ( -17.84364188218263436, 30.02870705156890097, -2.500000000000000000 ) ) ;
#1123 = VERTEX_POINT ( 'NONE', #3408 ) ;
#1124 = LINE ( 'NONE', #2208, #379 ) ;
#1125 = CIRCLE ( 'NONE', #1179, 3.000000000000000888 ) ;
#1126 = DIRECTION ( 'NONE',  ( -1.000000000000000000, 0.000000000000000000, -0.000000000000000000 ) ) ;
#1127 = ORIENTED_EDGE ( 'NONE', *, *, #3361, .T. ) ;
#1128 = CARTESIAN_POINT ( 'NONE',  ( 16.53503777425773436, 19.77870705156889031, 3.292323440001584611 ) ) ;
#1129 = VERTEX_POINT ( 'NONE', #724 ) ;
#1130 = DIRECTION ( 'NONE',  ( -0.000000000000000000, -0.000000000000000000, -1.000000000000000000 ) ) ;
#1131 = DIRECTION ( 'NONE',  ( 1.734723475976807094E-16, -1.000000000000000000, 0.000000000000000000 ) ) ;
#1132 = CARTESIAN_POINT ( 'NONE',  ( 17.53503777425773080, 26.27870705156888320, -2.378679656440367385 ) ) ;
#1133 = EDGE_CURVE ( 'NONE', #1963, #3245, #437, .T. ) ;
#1134 = DIRECTION ( 'NONE',  ( -1.000000000000000000, 0.000000000000000000, 0.000000000000000000 ) ) ;
#1135 = EDGE_CURVE ( 'NONE', #2276, #502, #235, .T. ) ;
#1136 = LINE ( 'NONE', #2168, #635 ) ;
#1137 = ORIENTED_EDGE ( 'NONE', *, *, #1514, .T. ) ;
#1138 = LINE ( 'NONE', #2705, #338 ) ;
#1139 = ORIENTED_EDGE ( 'NONE', *, *, #901, .F. ) ;
#1140 = DIRECTION ( 'NONE',  ( 0.000000000000000000, 1.000000000000000000, 0.000000000000000000 ) ) ;
#1141 = CARTESIAN_POINT ( 'NONE',  ( 15.78503777425775390, -19.72129294843107417, -2.500000000000000000 ) ) ;
#1142 = VERTEX_POINT ( 'NONE', #213 ) ;
#1143 = DIRECTION ( 'NONE',  ( 1.000000000000000000, 0.000000000000000000, 0.000000000000000000 ) ) ;
#1144 = ORIENTED_EDGE ( 'NONE', *, *, #415, .F. ) ;
#1145 = PLANE ( 'NONE',  #2045 ) ;
#1146 = CIRCLE ( 'NONE', #971, 2.000000000000005329 ) ;
#1147 = CARTESIAN_POINT ( 'NONE',  ( 17.53503777425774146, -26.22129294843107061, -2.378679656440367385 ) ) ;
#1148 = VECTOR ( 'NONE', #1131, 1000.000000000000000 ) ;
#1149 = FACE_OUTER_BOUND ( 'NONE', #2049, .T. ) ;
#1150 = VECTOR ( 'NONE', #1926, 1000.000000000000000 ) ;
#1151 = CARTESIAN_POINT ( 'NONE',  ( -16.96496222574226564, 18.77870705156889031, -4.002000000000000668 ) ) ;
#1152 = AXIS2_PLACEMENT_3D ( 'NONE', #1814, #2384, #3442 ) ;
#1153 = EDGE_CURVE ( 'NONE', #2763, #2633, #1813, .T. ) ;
#1154 = EDGE_CURVE ( 'NONE', #1898, #1265, #2588, .T. ) ;
#1155 = DIRECTION ( 'NONE',  ( 0.000000000000000000, -0.000000000000000000, -1.000000000000000000 ) ) ;
#1156 = ORIENTED_EDGE ( 'NONE', *, *, #747, .T. ) ;
#1157 = DIRECTION ( 'NONE',  ( -1.000000000000000000, 0.000000000000000000, 0.000000000000000000 ) ) ;
#1158 = ORIENTED_EDGE ( 'NONE', *, *, #415, .T. ) ;
#1159 = DIRECTION ( 'NONE',  ( -0.000000000000000000, -0.7071067811865475727, -0.7071067811865475727 ) ) ;
#1160 = VECTOR ( 'NONE', #2983, 1000.000000000000000 ) ;
#1161 = ORIENTED_EDGE ( 'NONE', *, *, #3406, .T. ) ;
#1162 = CARTESIAN_POINT ( 'NONE',  ( -16.46496222574226920, 27.02870705156890097, -4.000000000000000000 ) ) ;
#1163 = VERTEX_POINT ( 'NONE', #3174 ) ;
#1164 = CARTESIAN_POINT ( 'NONE',  ( -16.46496222574226920, 28.52870705156889741, 3.292323440001584611 ) ) ;
#1165 = DIRECTION ( 'NONE',  ( -0.000000000000000000, 0.000000000000000000, 1.000000000000000000 ) ) ;
#1166 = DIRECTION ( 'NONE',  ( 0.000000000000000000, 0.000000000000000000, 1.000000000000000000 ) ) ;
#1167 = VECTOR ( 'NONE', #2854, 1000.000000000000000 ) ;
#1168 = CARTESIAN_POINT ( 'NONE',  ( -10.88296222574226668, 25.68270705156890443, -2.500000000000000000 ) ) ;
#1169 = EDGE_CURVE ( 'NONE', #2388, #375, #192, .T. ) ;
#1170 = CARTESIAN_POINT ( 'NONE',  ( 16.03503777425773436, 27.02870705156891162, -4.000000000000000000 ) ) ;
#1171 = ORIENTED_EDGE ( 'NONE', *, *, #3057, .F. ) ;
#1172 = DIRECTION ( 'NONE',  ( -1.000000000000000000, -2.703465157366452467E-16, 0.000000000000000000 ) ) ;
#1173 = VERTEX_POINT ( 'NONE', #2058 ) ;
#1174 = CARTESIAN_POINT ( 'NONE',  ( 17.53503777425773436, 18.94634496323506667, -2.378679656440366497 ) ) ;
#1175 = EDGE_CURVE ( 'NONE', #2451, #670, #1490, .T. ) ;
#1176 = EDGE_LOOP ( 'NONE', ( #1048, #2883, #820, #2516 ) ) ;
#1177 = FACE_OUTER_BOUND ( 'NONE', #2213, .T. ) ;
#1178 = ORIENTED_EDGE ( 'NONE', *, *, #1153, .F. ) ;
#1179 = AXIS2_PLACEMENT_3D ( 'NONE', #599, #104, #2472 ) ;
#1180 = DIRECTION ( 'NONE',  ( -0.000000000000000000, -0.000000000000000000, -1.000000000000000000 ) ) ;
#1181 = CIRCLE ( 'NONE', #3133, 3.000000000000000888 ) ;
#1182 = EDGE_CURVE ( 'NONE', #2672, #2668, #1826, .T. ) ;
#1183 = CARTESIAN_POINT ( 'NONE',  ( -19.46496222574226209, -28.91063277665126563, -1.939339828220185025 ) ) ;
#1184 = DIRECTION ( 'NONE',  ( 0.000000000000000000, -0.7071067811865474617, 0.7071067811865474617 ) ) ;
#1185 = EDGE_LOOP ( 'NONE', ( #1615, #3365, #3470, #327 ) ) ;
#1186 = DIRECTION ( 'NONE',  ( 1.000000000000000000, 0.000000000000000000, 0.000000000000000000 ) ) ;
#1187 = ORIENTED_EDGE ( 'NONE', *, *, #3342, .T. ) ;
#1188 = CARTESIAN_POINT ( 'NONE',  ( 17.53503777425773080, 30.02870705156891162, -2.378679656440367385 ) ) ;
#1189 = EDGE_LOOP ( 'NONE', ( #434, #285, #2626, #598 ) ) ;
#1190 = LINE ( 'NONE', #3329, #2872 ) ;
#1191 = CARTESIAN_POINT ( 'NONE',  ( -17.96496222574226564, 30.02870705156890097, -4.000000000000000000 ) ) ;
#1192 = ORIENTED_EDGE ( 'NONE', *, *, #3466, .T. ) ;
#1193 = CARTESIAN_POINT ( 'NONE',  ( 7.285040208365947123, -28.47129294843108482, 3.292323440001584611 ) ) ;
#1194 = EDGE_CURVE ( 'NONE', #444, #521, #2650, .T. ) ;
#1195 = CARTESIAN_POINT ( 'NONE',  ( 19.03503777425773080, 30.02870705156891162, -4.000000000000000000 ) ) ;
#1196 = CIRCLE ( 'NONE', #1584, 0.9499999999999995115 ) ;
#1197 = DIRECTION ( 'NONE',  ( -1.734723475976807094E-16, 1.000000000000000000, 0.000000000000000000 ) ) ;
#1198 = VERTEX_POINT ( 'NONE', #2557 ) ;
#1199 = ADVANCED_FACE ( 'NONE', ( #3139 ), #158, .F. ) ;
#1200 = CIRCLE ( 'NONE', #3211, 1.000000000000000888 ) ;
#1201 = AXIS2_PLACEMENT_3D ( 'NONE', #3367, #1732, #1802 ) ;
#1202 = DIRECTION ( 'NONE',  ( -1.000000000000000000, 0.000000000000000000, 0.000000000000000000 ) ) ;
#1203 = VERTEX_POINT ( 'NONE', #3373 ) ;
#1204 = AXIS2_PLACEMENT_3D ( 'NONE', #249, #2126, #780 ) ;
#1205 = DIRECTION ( 'NONE',  ( -0.000000000000000000, -0.000000000000000000, -1.000000000000000000 ) ) ;
#1206 = ORIENTED_EDGE ( 'NONE', *, *, #2656, .T. ) ;
#1207 = PLANE ( 'NONE',  #1817 ) ;
#1208 = VERTEX_POINT ( 'NONE', #173 ) ;
#1209 = CARTESIAN_POINT ( 'NONE',  ( 16.03503777425773791, 28.40738670800927679, -2.500000000000000000 ) ) ;
#1210 = ORIENTED_EDGE ( 'NONE', *, *, #1798, .T. ) ;
#1211 = CARTESIAN_POINT ( 'NONE',  ( 15.78503777425776988, 25.27870705156888320, -2.500000000000000000 ) ) ;
#1212 = LINE ( 'NONE', #949, #1418 ) ;
#1213 = EDGE_CURVE ( 'NONE', #413, #1129, #1251, .T. ) ;
#1214 = PLANE ( 'NONE',  #1521 ) ;
#1215 = ORIENTED_EDGE ( 'NONE', *, *, #634, .F. ) ;
#1216 = CIRCLE ( 'NONE', #1106, 0.9499999999999995115 ) ;
#1217 = EDGE_CURVE ( 'NONE', #1967, #2799, #2652, .T. ) ;
#1218 = AXIS2_PLACEMENT_3D ( 'NONE', #2740, #3005, #623 ) ;
#1219 = LINE ( 'NONE', #690, #3215 ) ;
#1220 = ADVANCED_FACE ( 'NONE', ( #741 ), #823, .T. ) ;
#1221 = VERTEX_POINT ( 'NONE', #2404 ) ;
#1222 = CIRCLE ( 'NONE', #1113, 3.000000000000000000 ) ;
#1223 = DIRECTION ( 'NONE',  ( -1.000000000000000000, 0.000000000000000000, 0.000000000000000000 ) ) ;
#1224 = ORIENTED_EDGE ( 'NONE', *, *, #1835, .F. ) ;
#1225 = CARTESIAN_POINT ( 'NONE',  ( 10.45303777425773362, 25.68270705156890443, 0.000000000000000000 ) ) ;
#1226 = ORIENTED_EDGE ( 'NONE', *, *, #3422, .T. ) ;
#1227 = CARTESIAN_POINT ( 'NONE',  ( 11.40303777425773468, 25.68270705156890443, -2.500000000000000000 ) ) ;
#1228 = VERTEX_POINT ( 'NONE', #1887 ) ;
#1229 = DIRECTION ( 'NONE',  ( -0.000000000000000000, -1.000000000000000000, 0.000000000000000000 ) ) ;
#1230 = FACE_OUTER_BOUND ( 'NONE', #1350, .T. ) ;
#1231 = AXIS2_PLACEMENT_3D ( 'NONE', #3152, #966, #2039 ) ;
#1232 = CARTESIAN_POINT ( 'NONE',  ( -16.21496222574226564, -22.47129294843110969, -2.500000000000000000 ) ) ;
#1233 = VERTEX_POINT ( 'NONE', #1132 ) ;
#1234 = CIRCLE ( 'NONE', #1624, 1.000000000000000888 ) ;
#1235 = DIRECTION ( 'NONE',  ( 1.734723475976807094E-16, -1.000000000000000000, 0.000000000000000000 ) ) ;
#1236 = DIRECTION ( 'NONE',  ( -1.000000000000000000, 1.889896820699124017E-15, 0.000000000000000000 ) ) ;
#1237 = EDGE_CURVE ( 'NONE', #3187, #1707, #107, .T. ) ;
#1238 = EDGE_LOOP ( 'NONE', ( #831, #2847, #237, #49, #1583, #1192, #423, #1332, #2222, #943, #164, #2320, #2808, #2380, #1746, #2116 ) ) ;
#1239 = CARTESIAN_POINT ( 'NONE',  ( -16.96496222574225854, -19.72129294843107417, 3.292323440001584611 ) ) ;
#1240 = FACE_OUTER_BOUND ( 'NONE', #3130, .T. ) ;
#1241 = EDGE_CURVE ( 'NONE', #3201, #707, #3230, .T. ) ;
#1242 = DIRECTION ( 'NONE',  ( 1.000000000000000000, 0.000000000000000000, 0.000000000000000000 ) ) ;
#1243 = ORIENTED_EDGE ( 'NONE', *, *, #1279, .T. ) ;
#1244 = DIRECTION ( 'NONE',  ( 0.000000000000000000, 0.000000000000000000, -1.000000000000000000 ) ) ;
#1245 = ORIENTED_EDGE ( 'NONE', *, *, #1489, .F. ) ;
#1246 = DIRECTION ( 'NONE',  ( -0.000000000000000000, -0.000000000000000000, 1.000000000000000000 ) ) ;
#1247 = DIRECTION ( 'NONE',  ( -0.000000000000000000, 0.000000000000000000, 1.000000000000000000 ) ) ;
#1248 = EDGE_LOOP ( 'NONE', ( #1672, #644, #1876, #275, #1961 ) ) ;
#1249 = DIRECTION ( 'NONE',  ( -0.000000000000000000, 0.000000000000000000, 1.000000000000000000 ) ) ;
#1250 = CIRCLE ( 'NONE', #177, 1.499999999999999556 ) ;
#1251 = LINE ( 'NONE', #3393, #2219 ) ;
#1252 = DIRECTION ( 'NONE',  ( -0.000000000000000000, -0.000000000000000000, 1.000000000000000000 ) ) ;
#1253 = CIRCLE ( 'NONE', #3268, 1.378679656440364498 ) ;
#1254 = VECTOR ( 'NONE', #740, 1000.000000000000000 ) ;
#1255 = ORIENTED_EDGE ( 'NONE', *, *, #1154, .F. ) ;
#1256 = EDGE_CURVE ( 'NONE', #2628, #1932, #817, .T. ) ;
#1257 = CARTESIAN_POINT ( 'NONE',  ( -17.84364188218263436, 25.80129521535424075, -2.500000000000000000 ) ) ;
#1258 = VERTEX_POINT ( 'NONE', #779 ) ;
#1259 = ADVANCED_FACE ( 'NONE', ( #585 ), #852, .T. ) ;
#1260 = ORIENTED_EDGE ( 'NONE', *, *, #661, .T. ) ;
#1261 = DIRECTION ( 'NONE',  ( 1.000000000000000000, 0.000000000000000000, 0.000000000000000000 ) ) ;
#1262 = ORIENTED_EDGE ( 'NONE', *, *, #2209, .F. ) ;
#1263 = DIRECTION ( 'NONE',  ( 0.7071067811865474617, 0.000000000000000000, 0.7071067811865474617 ) ) ;
#1264 = CARTESIAN_POINT ( 'NONE',  ( -16.46496222574226920, 28.52870705156889741, -4.000000000000000000 ) ) ;
#1265 = VERTEX_POINT ( 'NONE', #1579 ) ;
#1266 = LINE ( 'NONE', #2073, #1254 ) ;
#1267 = DIRECTION ( 'NONE',  ( 1.000000000000000000, -0.000000000000000000, 1.204669080539449344E-16 ) ) ;
#1268 = LINE ( 'NONE', #1853, #3158 ) ;
#1269 = CIRCLE ( 'NONE', #1231, 1.000000000000000888 ) ;
#1270 = ORIENTED_EDGE ( 'NONE', *, *, #1366, .T. ) ;
#1271 = LINE ( 'NONE', #145, #1739 ) ;
#1272 = DIRECTION ( 'NONE',  ( -0.000000000000000000, -0.000000000000000000, 1.000000000000000000 ) ) ;
#1273 = AXIS2_PLACEMENT_3D ( 'NONE', #2231, #1719, #2766 ) ;
#1274 = DIRECTION ( 'NONE',  ( 0.000000000000000000, 0.000000000000000000, 1.000000000000000000 ) ) ;
#1275 = ORIENTED_EDGE ( 'NONE', *, *, #484, .T. ) ;
#1276 = DIRECTION ( 'NONE',  ( 0.000000000000000000, 0.000000000000000000, 1.000000000000000000 ) ) ;
#1277 = ORIENTED_EDGE ( 'NONE', *, *, #1296, .F. ) ;
#1278 = CARTESIAN_POINT ( 'NONE',  ( 16.03503777425773791, -26.97129294843108838, -4.000000000000000000 ) ) ;
#1279 = EDGE_CURVE ( 'NONE', #3037, #3080, #2719, .T. ) ;
#1280 = CARTESIAN_POINT ( 'NONE',  ( -16.96496222574226209, -25.22129294843106706, -2.500000000000000000 ) ) ;
#1281 = ORIENTED_EDGE ( 'NONE', *, *, #2542, .T. ) ;
#1282 = EDGE_CURVE ( 'NONE', #1173, #867, #2962, .T. ) ;
#1283 = CARTESIAN_POINT ( 'NONE',  ( 16.53503777425773436, 19.77870705156889031, -4.002000000000000668 ) ) ;
#1284 = DIRECTION ( 'NONE',  ( -0.000000000000000000, -0.000000000000000000, -1.000000000000000000 ) ) ;
#1285 = VECTOR ( 'NONE', #89, 999.9999999999998863 ) ;
#1286 = VECTOR ( 'NONE', #1663, 1000.000000000000000 ) ;
#1287 = CARTESIAN_POINT ( 'NONE',  ( 9.503037774257734327, 25.68270705156890443, -2.500000000000000000 ) ) ;
#1288 = ORIENTED_EDGE ( 'NONE', *, *, #2779, .T. ) ;
#1289 = LINE ( 'NONE', #1343, #3266 ) ;
#1290 = ORIENTED_EDGE ( 'NONE', *, *, #417, .F. ) ;
#1291 = DIRECTION ( 'NONE',  ( -1.000000000000000000, 0.000000000000000000, 0.000000000000000000 ) ) ;
#1292 = ORIENTED_EDGE ( 'NONE', *, *, #2812, .F. ) ;
#1293 = DIRECTION ( 'NONE',  ( 1.734723475976807341E-16, -1.000000000000000000, 0.000000000000000000 ) ) ;
#1294 = CARTESIAN_POINT ( 'NONE',  ( -16.46496222574226920, 30.02870705156890097, 3.292323440001584611 ) ) ;
#1295 = ORIENTED_EDGE ( 'NONE', *, *, #2417, .F. ) ;
#1296 = EDGE_CURVE ( 'NONE', #2439, #2960, #2638, .T. ) ;
#1297 = DIRECTION ( 'NONE',  ( 0.000000000000000000, 0.000000000000000000, 1.000000000000000000 ) ) ;
#1298 = DIRECTION ( 'NONE',  ( 0.000000000000000000, -0.000000000000000000, -1.000000000000000000 ) ) ;
#1299 = EDGE_CURVE ( 'NONE', #1963, #2388, #2694, .T. ) ;
#1300 = FACE_OUTER_BOUND ( 'NONE', #2741, .T. ) ;
#1301 = AXIS2_PLACEMENT_3D ( 'NONE', #512, #534, #1326 ) ;
#1302 = EDGE_LOOP ( 'NONE', ( #459, #171, #1805, #629 ) ) ;
#1303 = AXIS2_PLACEMENT_3D ( 'NONE', #2078, #3145, #2096 ) ;
#1304 = DIRECTION ( 'NONE',  ( 0.000000000000000000, -0.000000000000000000, -1.000000000000000000 ) ) ;
#1305 = ORIENTED_EDGE ( 'NONE', *, *, #2634, .T. ) ;
#1306 = CIRCLE ( 'NONE', #1089, 2.749999999999995559 ) ;
#1307 = CARTESIAN_POINT ( 'NONE',  ( 17.53503777425774146, -26.22129294843107061, 3.292323440001584611 ) ) ;
#1308 = ORIENTED_EDGE ( 'NONE', *, *, #342, .F. ) ;
#1309 = PLANE ( 'NONE',  #494 ) ;
#1310 = ORIENTED_EDGE ( 'NONE', *, *, #3406, .F. ) ;
#1311 = DIRECTION ( 'NONE',  ( -0.000000000000000000, -0.000000000000000000, 1.000000000000000000 ) ) ;
#1312 = AXIS2_PLACEMENT_3D ( 'NONE', #2427, #2721, #324 ) ;
#1313 = DIRECTION ( 'NONE',  ( 1.000000000000000000, 0.000000000000000000, 0.000000000000000000 ) ) ;
#1314 = EDGE_LOOP ( 'NONE', ( #2514, #264, #752, #1774 ) ) ;
#1315 = PRESENTATION_LAYER_ASSIGNMENT (  '', '', ( #194 ) ) ;
#1316 = ADVANCED_FACE ( 'NONE', ( #1387 ), #39, .F. ) ;
#1317 = CARTESIAN_POINT ( 'NONE',  ( 10.45303777425773362, -25.62529294843109540, 0.000000000000000000 ) ) ;
#1318 = CARTESIAN_POINT ( 'NONE',  ( -16.96496222574225854, -19.72129294843107417, -4.002000000000000668 ) ) ;
#1319 = FACE_OUTER_BOUND ( 'NONE', #1834, .T. ) ;
#1320 = EDGE_CURVE ( 'NONE', #1825, #2080, #3194, .T. ) ;
#1321 = CARTESIAN_POINT ( 'NONE',  ( -16.96496222574226564, 19.77870705156889031, -4.002000000000000668 ) ) ;
#1322 = VERTEX_POINT ( 'NONE', #2461 ) ;
#1323 = DIRECTION ( 'NONE',  ( -0.000000000000000000, 0.000000000000000000, 1.000000000000000000 ) ) ;
#1324 = DIRECTION ( 'NONE',  ( -0.000000000000000000, -0.000000000000000000, -1.000000000000000000 ) ) ;
#1325 = EDGE_CURVE ( 'NONE', #1265, #1576, #1114, .T. ) ;
#1326 = DIRECTION ( 'NONE',  ( 1.000000000000000000, 0.000000000000000000, 0.000000000000000000 ) ) ;
#1327 = ORIENTED_EDGE ( 'NONE', *, *, #1668, .T. ) ;
#1328 = CARTESIAN_POINT ( 'NONE',  ( 17.53503777425773791, -18.72129294843107772, 3.292323440001584611 ) ) ;
#1329 = ORIENTED_EDGE ( 'NONE', *, *, #417, .T. ) ;
#1330 = CARTESIAN_POINT ( 'NONE',  ( -19.46496222574226920, 28.52870705156889741, -2.378679656440367385 ) ) ;
#1331 = AXIS2_PLACEMENT_3D ( 'NONE', #1806, #2358, #3370 ) ;
#1332 = ORIENTED_EDGE ( 'NONE', *, *, #2075, .T. ) ;
#1333 = CARTESIAN_POINT ( 'NONE',  ( 7.453037774257734505, -25.62529294843109540, 0.000000000000000000 ) ) ;
#1334 = ORIENTED_EDGE ( 'NONE', *, *, #1971, .T. ) ;
#1335 = DIRECTION ( 'NONE',  ( 1.000000000000000000, 0.000000000000000000, 0.000000000000000000 ) ) ;
#1336 = CARTESIAN_POINT ( 'NONE',  ( -16.96496222574225854, -18.72129294843107417, -4.002000000000000668 ) ) ;
#1337 = ORIENTED_EDGE ( 'NONE', *, *, #1473, .T. ) ;
#1338 = AXIS2_PLACEMENT_3D ( 'NONE', #2534, #682, #962 ) ;
#1339 = DIRECTION ( 'NONE',  ( 1.000000000000000000, 1.734723475976807094E-16, -0.000000000000000000 ) ) ;
#1340 = DIRECTION ( 'NONE',  ( 0.000000000000000000, -0.000000000000000000, -1.000000000000000000 ) ) ;
#1341 = EDGE_CURVE ( 'NONE', #1749, #1638, #1600, .T. ) ;
#1342 = VECTOR ( 'NONE', #363, 1000.000000000000000 ) ;
#1343 = CARTESIAN_POINT ( 'NONE',  ( -16.21496222574229762, 25.27870705156888320, -4.002000000000000668 ) ) ;
#1344 = ORIENTED_EDGE ( 'NONE', *, *, #2163, .F. ) ;
#1345 = DIRECTION ( 'NONE',  ( -0.000000000000000000, -0.000000000000000000, 1.000000000000000000 ) ) ;
#1346 = ORIENTED_EDGE ( 'NONE', *, *, #1299, .T. ) ;
#1347 = CARTESIAN_POINT ( 'NONE',  ( 15.78503777425776100, 19.77870705156889031, 3.292323440001584611 ) ) ;
#1348 = EDGE_CURVE ( 'NONE', #375, #3187, #3479, .T. ) ;
#1349 = DIRECTION ( 'NONE',  ( 1.000000000000000000, 0.000000000000000000, -0.000000000000000000 ) ) ;
#1350 = EDGE_LOOP ( 'NONE', ( #3389, #219, #1844, #389 ) ) ;
#1351 = CARTESIAN_POINT ( 'NONE',  ( 10.45303777425773362, 25.68270705156890443, -2.500000000000000000 ) ) ;
#1352 = CARTESIAN_POINT ( 'NONE',  ( 7.285040208365947123, -28.47129294843108482, -0.3076765599984150334 ) ) ;
#1353 =( NAMED_UNIT ( * ) PLANE_ANGLE_UNIT ( ) SI_UNIT ( $, .RADIAN. ) );
#1354 = ORIENTED_EDGE ( 'NONE', *, *, #722, .T. ) ;
#1355 = DIRECTION ( 'NONE',  ( 0.7071067811865482389, 1.226634733346700543E-16, -0.7071067811865469066 ) ) ;
#1356 = DIRECTION ( 'NONE',  ( 1.000000000000000000, -0.000000000000000000, 0.000000000000000000 ) ) ;
#1357 = ADVANCED_FACE ( 'NONE', ( #2144 ), #835, .F. ) ;
#1358 = DIRECTION ( 'NONE',  ( -1.911638545475377396E-16, 0.7071067811865482389, -0.7071067811865469066 ) ) ;
#1359 = EDGE_LOOP ( 'NONE', ( #3184, #3349, #1930, #2211 ) ) ;
#1360 = CARTESIAN_POINT ( 'NONE',  ( 7.285040208365947123, -11.83278339979662874, -0.3076765599984150334 ) ) ;
#1361 = ORIENTED_EDGE ( 'NONE', *, *, #2554, .F. ) ;
#1362 = CARTESIAN_POINT ( 'NONE',  ( 17.41371743069810663, -25.74388111221642461, -2.500000000000000000 ) ) ;
#1363 = ORIENTED_EDGE ( 'NONE', *, *, #2754, .T. ) ;
#1364 = DIRECTION ( 'NONE',  ( -1.156482317317871971E-16, 1.000000000000000000, -0.000000000000000000 ) ) ;
#1365 = VERTEX_POINT ( 'NONE', #2675 ) ;
#1366 = EDGE_CURVE ( 'NONE', #413, #624, #283, .T. ) ;
#1367 = CARTESIAN_POINT ( 'NONE',  ( -19.46496222574226920, 30.02870705156890097, -4.000000000000000000 ) ) ;
#1368 = AXIS2_PLACEMENT_3D ( 'NONE', #2654, #1921, #2980 ) ;
#1369 = VECTOR ( 'NONE', #3360, 1000.000000000000000 ) ;
#1370 = CARTESIAN_POINT ( 'NONE',  ( -19.46496222574226920, 30.02870705156890097, -4.000000000000000000 ) ) ;
#1371 = VERTEX_POINT ( 'NONE', #2162 ) ;
#1372 = CARTESIAN_POINT ( 'NONE',  ( 9.504204806870957256, 28.52870705156890452, -2.378679656440367385 ) ) ;
#1373 = DIRECTION ( 'NONE',  ( -0.000000000000000000, 0.000000000000000000, 1.000000000000000000 ) ) ;
#1374 = CIRCLE ( 'NONE', #319, 2.749999999999995559 ) ;
#1375 = DIRECTION ( 'NONE',  ( 1.000000000000000000, 0.000000000000000000, 0.000000000000000000 ) ) ;
#1376 = EDGE_LOOP ( 'NONE', ( #1545, #2776, #3314, #849, #996 ) ) ;
#1377 = DIRECTION ( 'NONE',  ( -0.000000000000000000, -0.000000000000000000, 1.000000000000000000 ) ) ;
#1378 = ORIENTED_EDGE ( 'NONE', *, *, #1213, .T. ) ;
#1379 = PLANE ( 'NONE',  #2060 ) ;
#1380 = EDGE_LOOP ( 'NONE', ( #155, #3147, #90, #1392 ) ) ;
#1381 = FACE_OUTER_BOUND ( 'NONE', #1380, .T. ) ;
#1382 = EDGE_LOOP ( 'NONE', ( #552, #1400 ) ) ;
#1383 = CARTESIAN_POINT ( 'NONE',  ( 17.53503777425773080, 30.02870705156891162, -2.378679656440367385 ) ) ;
#1384 = EDGE_CURVE ( 'NONE', #2328, #3347, #2234, .T. ) ;
#1385 = DIRECTION ( 'NONE',  ( 0.000000000000000000, 0.000000000000000000, -1.000000000000000000 ) ) ;
#1386 = VECTOR ( 'NONE', #3241, 1000.000000000000000 ) ;
#1387 = FACE_OUTER_BOUND ( 'NONE', #2689, .T. ) ;
#1388 = EDGE_CURVE ( 'NONE', #2225, #1322, #636, .T. ) ;
#1389 = CARTESIAN_POINT ( 'NONE',  ( 15.78503777425775390, -19.72129294843107417, 3.292323440001584611 ) ) ;
#1390 = DIRECTION ( 'NONE',  ( 0.000000000000000000, 0.000000000000000000, -1.000000000000000000 ) ) ;
#1391 = CARTESIAN_POINT ( 'NONE',  ( -16.21496222574229762, 25.27870705156888320, 3.292323440001584611 ) ) ;
#1392 = ORIENTED_EDGE ( 'NONE', *, *, #661, .F. ) ;
#1393 = DIRECTION ( 'NONE',  ( -0.000000000000000000, -1.000000000000000000, -0.000000000000000000 ) ) ;
#1394 = ORIENTED_EDGE ( 'NONE', *, *, #739, .F. ) ;
#1395 = CARTESIAN_POINT ( 'NONE',  ( -9.727450725633200790, 28.45342862436083209, -2.453958083648437150 ) ) ;
#1396 = VECTOR ( 'NONE', #860, 1000.000000000000000 ) ;
#1397 = CARTESIAN_POINT ( 'NONE',  ( 16.53503777425774146, -26.22129294843106706, -4.002000000000000668 ) ) ;
#1398 = ORIENTED_EDGE ( 'NONE', *, *, #3231, .F. ) ;
#1399 = CARTESIAN_POINT ( 'NONE',  ( 18.03503777425774857, -26.97129294843108482, -4.000000000000000000 ) ) ;
#1400 = ORIENTED_EDGE ( 'NONE', *, *, #708, .T. ) ;
#1401 = CARTESIAN_POINT ( 'NONE',  ( -17.96496222574225854, -26.22129294843106706, -4.000000000000000000 ) ) ;
#1402 = LINE ( 'NONE', #57, #2818 ) ;
#1403 = EDGE_CURVE ( 'NONE', #750, #2225, #3345, .T. ) ;
#1404 = CARTESIAN_POINT ( 'NONE',  ( 16.53503777425773436, 25.27870705156888320, -2.500000000000000000 ) ) ;
#1405 = ADVANCED_FACE ( 'NONE', ( #3305 ), #388, .T. ) ;
#1406 = FACE_OUTER_BOUND ( 'NONE', #1314, .T. ) ;
#1407 = LINE ( 'NONE', #1391, #688 ) ;
#1408 = ORIENTED_EDGE ( 'NONE', *, *, #2180, .F. ) ;
#1409 = LINE ( 'NONE', #2484, #1342 ) ;
#1410 = ORIENTED_EDGE ( 'NONE', *, *, #3078, .F. ) ;
#1411 = CARTESIAN_POINT ( 'NONE',  ( 9.297526274148644632, -28.39601452122301595, -2.453958083648439370 ) ) ;
#1412 = CARTESIAN_POINT ( 'NONE',  ( 16.53503777425773791, -18.72129294843107417, 3.292323440001584611 ) ) ;
#1413 = DIRECTION ( 'NONE',  ( 1.000000000000000000, -2.312964634635740689E-15, 0.000000000000000000 ) ) ;
#1414 = ORIENTED_EDGE ( 'NONE', *, *, #2750, .T. ) ;
#1415 = DIRECTION ( 'NONE',  ( 0.000000000000000000, 0.000000000000000000, 1.000000000000000000 ) ) ;
#1416 = CIRCLE ( 'NONE', #3435, 0.9499999999999995115 ) ;
#1417 = CARTESIAN_POINT ( 'NONE',  ( -19.46496222574226209, -28.47129294843108482, 3.292323440001584611 ) ) ;
#1418 = VECTOR ( 'NONE', #108, 1000.000000000000000 ) ;
#1419 = DIRECTION ( 'NONE',  ( -1.000000000000000000, 0.000000000000000000, 0.000000000000000000 ) ) ;
#1420 = EDGE_CURVE ( 'NONE', #2760, #2439, #2771, .T. ) ;
#1421 = AXIS2_PLACEMENT_3D ( 'NONE', #2220, #22, #1959 ) ;
#1422 = CARTESIAN_POINT ( 'NONE',  ( 19.03503777425774146, -26.97129294843108482, -3.000000000000006217 ) ) ;
#1423 = AXIS2_PLACEMENT_3D ( 'NONE', #3302, #2732, #1435 ) ;
#1424 = EDGE_CURVE ( 'NONE', #980, #1506, #947, .T. ) ;
#1425 = DIRECTION ( 'NONE',  ( 0.000000000000000000, 0.000000000000000000, -1.000000000000000000 ) ) ;
#1426 = ORIENTED_EDGE ( 'NONE', *, *, #473, .F. ) ;
#1427 = CARTESIAN_POINT ( 'NONE',  ( 15.78503777425776100, 19.77870705156889031, -4.002000000000000668 ) ) ;
#1428 = ORIENTED_EDGE ( 'NONE', *, *, #2458, .T. ) ;
#1429 = DIRECTION ( 'NONE',  ( -0.000000000000000000, -0.000000000000000000, -1.000000000000000000 ) ) ;
#1430 = EDGE_CURVE ( 'NONE', #32, #1482, #1726, .T. ) ;
#1431 = DIRECTION ( 'NONE',  ( 0.000000000000000000, 0.000000000000000000, 1.000000000000000000 ) ) ;
#1432 = ORIENTED_EDGE ( 'NONE', *, *, #965, .T. ) ;
#1433 = DIRECTION ( 'NONE',  ( 1.734723475976807094E-16, -1.000000000000000000, 0.000000000000000000 ) ) ;
#1434 = ORIENTED_EDGE ( 'NONE', *, *, #225, .F. ) ;
#1435 = DIRECTION ( 'NONE',  ( 1.000000000000000000, 0.000000000000000000, 0.000000000000000000 ) ) ;
#1436 = CARTESIAN_POINT ( 'NONE',  ( -10.88296222574226668, -25.62529294843109184, 0.000000000000000000 ) ) ;
#1437 = CARTESIAN_POINT ( 'NONE',  ( 15.78503777425775390, -25.22129294843106706, -2.500000000000000000 ) ) ;
#1438 = ORIENTED_EDGE ( 'NONE', *, *, #1907, .T. ) ;
#1439 = AXIS2_PLACEMENT_3D ( 'NONE', #276, #313, #1613 ) ;
#1440 = DIRECTION ( 'NONE',  ( 0.000000000000000000, 0.000000000000000000, -1.000000000000000000 ) ) ;
#1441 = ORIENTED_EDGE ( 'NONE', *, *, #2838, .F. ) ;
#1442 = ADVANCED_FACE ( 'NONE', ( #1149 ), #2476, .F. ) ;
#1443 = LINE ( 'NONE', #2190, #391 ) ;
#1444 = ORIENTED_EDGE ( 'NONE', *, *, #500, .F. ) ;
#1445 = AXIS2_PLACEMENT_3D ( 'NONE', #2331, #2582, #2870 ) ;
#1446 = CARTESIAN_POINT ( 'NONE',  ( -16.46496222574226209, -26.97129294843108838, 3.292323440001584611 ) ) ;
#1447 = EDGE_LOOP ( 'NONE', ( #560, #884, #5, #829 ) ) ;
#1448 = EDGE_CURVE ( 'NONE', #1365, #1073, #1676, .T. ) ;
#1449 = DIRECTION ( 'NONE',  ( -1.000000000000000000, 1.889896820699131511E-15, 0.000000000000000000 ) ) ;
#1450 = ORIENTED_EDGE ( 'NONE', *, *, #2925, .F. ) ;
#1451 = CIRCLE ( 'NONE', #1787, 2.749999999999995559 ) ;
#1452 = LINE ( 'NONE', #91, #3217 ) ;
#1453 = AXIS2_PLACEMENT_3D ( 'NONE', #985, #737, #3371 ) ;
#1454 = CIRCLE ( 'NONE', #3418, 0.9499999999999995115 ) ;
#1455 = DIRECTION ( 'NONE',  ( -1.000000000000000000, 0.000000000000000000, 0.000000000000000000 ) ) ;
#1456 = CARTESIAN_POINT ( 'NONE',  ( 10.45303777425773362, -25.62529294843109540, 0.000000000000000000 ) ) ;
#1457 = VERTEX_POINT ( 'NONE', #1404 ) ;
#1458 = CARTESIAN_POINT ( 'NONE',  ( -17.96496222574226564, 18.77870705156889031, -2.378679656440365608 ) ) ;
#1459 = EDGE_LOOP ( 'NONE', ( #3233, #1082 ) ) ;
#1460 = DIRECTION ( 'NONE',  ( -0.000000000000000000, -0.000000000000000000, -1.000000000000000000 ) ) ;
#1461 = EDGE_LOOP ( 'NONE', ( #3421, #96, #3112, #3312 ) ) ;
#1462 = ADVANCED_FACE ( 'NONE', ( #2526 ), #1214, .T. ) ;
#1463 = CIRCLE ( 'NONE', #2031, 2.999999999999999112 ) ;
#1464 = CARTESIAN_POINT ( 'NONE',  ( 16.03503777425773791, 28.96804687978908888, -1.939339828220185691 ) ) ;
#1465 = ORIENTED_EDGE ( 'NONE', *, *, #201, .F. ) ;
#1466 = PLANE ( 'NONE',  #3473 ) ;
#1467 = ADVANCED_FACE ( 'NONE', ( #2735 ), #8, .F. ) ;
#1468 = EDGE_LOOP ( 'NONE', ( #100, #683, #1441, #1909, #441 ) ) ;
#1469 = CYLINDRICAL_SURFACE ( 'NONE', #250, 1.000000000000000888 ) ;
#1470 = CIRCLE ( 'NONE', #3091, 0.9499999999999995115 ) ;
#1471 = DIRECTION ( 'NONE',  ( 0.000000000000000000, 0.000000000000000000, 1.000000000000000000 ) ) ;
#1472 = VERTEX_POINT ( 'NONE', #2540 ) ;
#1473 = EDGE_CURVE ( 'NONE', #1936, #2286, #888, .T. ) ;
#1474 = VECTOR ( 'NONE', #3229, 1000.000000000000000 ) ;
#1475 = CYLINDRICAL_SURFACE ( 'NONE', #410, 2.749999999999995559 ) ;
#1476 = CIRCLE ( 'NONE', #976, 3.000000000000000888 ) ;
#1477 = ORIENTED_EDGE ( 'NONE', *, *, #458, .T. ) ;
#1478 = AXIS2_PLACEMENT_3D ( 'NONE', #1151, #63, #3234 ) ;
#1479 = CARTESIAN_POINT ( 'NONE',  ( 15.78503777425773613, -22.47129294843107417, -3.000000000000002665 ) ) ;
#1480 = ORIENTED_EDGE ( 'NONE', *, *, #3, .T. ) ;
#1481 = AXIS2_PLACEMENT_3D ( 'NONE', #2671, #775, #1882 ) ;
#1482 = VERTEX_POINT ( 'NONE', #3020 ) ;
#1483 = PLANE ( 'NONE',  #3247 ) ;
#1484 = EDGE_LOOP ( 'NONE', ( #3481, #3274, #541, #2691 ) ) ;
#1485 = LINE ( 'NONE', #1752, #1548 ) ;
#1486 = DIRECTION ( 'NONE',  ( -1.000000000000000000, 0.000000000000000000, 0.000000000000000000 ) ) ;
#1487 = DIRECTION ( 'NONE',  ( -2.409338161078898687E-16, 0.000000000000000000, 1.000000000000000000 ) ) ;
#1488 = ORIENTED_EDGE ( 'NONE', *, *, #3040, .F. ) ;
#1489 = EDGE_CURVE ( 'NONE', #2025, #980, #573, .T. ) ;
#1490 = LINE ( 'NONE', #1543, #2324 ) ;
#1491 = EDGE_CURVE ( 'NONE', #329, #1999, #1721, .T. ) ;
#1492 = DIRECTION ( 'NONE',  ( -0.000000000000000000, -0.000000000000000000, -1.000000000000000000 ) ) ;
#1493 = VERTEX_POINT ( 'NONE', #3069 ) ;
#1494 = CIRCLE ( 'NONE', #1675, 3.000000000000000888 ) ;
#1495 = CARTESIAN_POINT ( 'NONE',  ( -10.88296222574226668, 25.68270705156890443, 0.000000000000000000 ) ) ;
#1496 = DIRECTION ( 'NONE',  ( -0.000000000000000000, 0.000000000000000000, 1.000000000000000000 ) ) ;
#1497 = DIRECTION ( 'NONE',  ( 1.000000000000000000, -3.469446951953611033E-15, 0.000000000000000000 ) ) ;
#1498 = ORIENTED_EDGE ( 'NONE', *, *, #157, .F. ) ;
#1499 = FACE_OUTER_BOUND ( 'NONE', #2549, .T. ) ;
#1500 = EDGE_LOOP ( 'NONE', ( #21, #2308, #1068, #2258 ) ) ;
#1501 = VECTOR ( 'NONE', #3339, 1000.000000000000000 ) ;
#1502 = DIRECTION ( 'NONE',  ( -0.000000000000000000, 0.000000000000000000, 1.000000000000000000 ) ) ;
#1503 = VECTOR ( 'NONE', #653, 1000.000000000000000 ) ;
#1504 = VECTOR ( 'NONE', #770, 1000.000000000000000 ) ;
#1505 = DIRECTION ( 'NONE',  ( 1.000000000000000000, 0.000000000000000000, 0.000000000000000000 ) ) ;
#1506 = VERTEX_POINT ( 'NONE', #669 ) ;
#1507 = CIRCLE ( 'NONE', #1791, 0.9500000000000029532 ) ;
#1508 = AXIS2_PLACEMENT_3D ( 'NONE', #2863, #2029, #394 ) ;
#1509 = EDGE_CURVE ( 'NONE', #2286, #2599, #1463, .T. ) ;
#1510 = DIRECTION ( 'NONE',  ( 1.000000000000000000, 0.000000000000000000, 0.000000000000000000 ) ) ;
#1511 = CARTESIAN_POINT ( 'NONE',  ( -10.88296222574226668, 25.68270705156890443, -2.500000000000000000 ) ) ;
#1512 = FACE_OUTER_BOUND ( 'NONE', #535, .T. ) ;
#1513 = EDGE_CURVE ( 'NONE', #1322, #1472, #214, .T. ) ;
#1514 = EDGE_CURVE ( 'NONE', #2401, #1208, #1507, .T. ) ;
#1515 = FACE_OUTER_BOUND ( 'NONE', #843, .T. ) ;
#1516 = CARTESIAN_POINT ( 'NONE',  ( -16.46496222574226209, -28.97129294843109193, -4.000000000000000000 ) ) ;
#1517 = ORIENTED_EDGE ( 'NONE', *, *, #2905, .F. ) ;
#1518 = DIRECTION ( 'NONE',  ( 1.156482317317871971E-16, -1.000000000000000000, 0.000000000000000000 ) ) ;
#1519 = VERTEX_POINT ( 'NONE', #3388 ) ;
#1520 = CARTESIAN_POINT ( 'NONE',  ( 16.53503777425774501, -25.22129294843106706, 3.292323440001584611 ) ) ;
#1521 = AXIS2_PLACEMENT_3D ( 'NONE', #935, #2008, #2217 ) ;
#1522 = DIRECTION ( 'NONE',  ( -0.000000000000000000, 0.000000000000000000, 1.000000000000000000 ) ) ;
#1523 = ORIENTED_EDGE ( 'NONE', *, *, #2387, .F. ) ;
#1524 = CIRCLE ( 'NONE', #1753, 0.9499999999999995115 ) ;
#1525 = DIRECTION ( 'NONE',  ( -0.000000000000000000, -0.000000000000000000, 1.000000000000000000 ) ) ;
#1526 = CARTESIAN_POINT ( 'NONE',  ( -16.46496222574226920, 27.02870705156890097, 3.292323440001584611 ) ) ;
#1527 = CYLINDRICAL_SURFACE ( 'NONE', #1152, 1.500000000000001332 ) ;
#1528 = AXIS2_PLACEMENT_3D ( 'NONE', #425, #1496, #2896 ) ;
#1529 = VERTEX_POINT ( 'NONE', #2855 ) ;
#1530 = DIRECTION ( 'NONE',  ( 1.000000000000000000, 0.000000000000000000, 0.000000000000000000 ) ) ;
#1531 = ORIENTED_EDGE ( 'NONE', *, *, #117, .F. ) ;
#1532 = EDGE_CURVE ( 'NONE', #457, #47, #453, .T. ) ;
#1533 = CIRCLE ( 'NONE', #2710, 0.9500000000000029532 ) ;
#1534 = DIRECTION ( 'NONE',  ( -1.000000000000000000, 0.000000000000000000, 0.000000000000000000 ) ) ;
#1535 = ORIENTED_EDGE ( 'NONE', *, *, #977, .F. ) ;
#1536 = LINE ( 'NONE', #1767, #111 ) ;
#1537 = ORIENTED_EDGE ( 'NONE', *, *, #187, .T. ) ;
#1538 = CARTESIAN_POINT ( 'NONE',  ( -16.96496222574226920, 25.27870705156888320, 3.292323440001584611 ) ) ;
#1539 = EDGE_CURVE ( 'NONE', #537, #1228, #1006, .T. ) ;
#1540 = DIRECTION ( 'NONE',  ( -0.000000000000000000, -0.000000000000000000, -1.000000000000000000 ) ) ;
#1541 = ORIENTED_EDGE ( 'NONE', *, *, #1066, .T. ) ;
#1542 = DIRECTION ( 'NONE',  ( 1.000000000000000000, 0.000000000000000000, 0.000000000000000000 ) ) ;
#1543 = CARTESIAN_POINT ( 'NONE',  ( 16.03503777425773791, 29.02870705156891518, -4.000000000000000000 ) ) ;
#1544 = SURFACE_STYLE_FILL_AREA ( #1021 ) ;
#1545 = ORIENTED_EDGE ( 'NONE', *, *, #1842, .T. ) ;
#1546 = DIRECTION ( 'NONE',  ( 0.000000000000000000, -0.7071067811865474617, -0.7071067811865474617 ) ) ;
#1547 = ORIENTED_EDGE ( 'NONE', *, *, #1320, .T. ) ;
#1548 = VECTOR ( 'NONE', #1293, 1000.000000000000000 ) ;
#1549 = ADVANCED_FACE ( 'NONE', ( #3135 ), #1809, .F. ) ;
#1550 = CARTESIAN_POINT ( 'NONE',  ( 16.53503777425773080, 26.27870705156888320, 3.292323440001584611 ) ) ;
#1551 = EDGE_LOOP ( 'NONE', ( #2908, #2326, #2243, #1245 ) ) ;
#1552 = CARTESIAN_POINT ( 'NONE',  ( 7.285040208365947123, -28.47129294843108482, -0.3076765599984150334 ) ) ;
#1553 = ORIENTED_EDGE ( 'NONE', *, *, #1604, .F. ) ;
#1554 = LINE ( 'NONE', #948, #2893 ) ;
#1555 = EDGE_CURVE ( 'NONE', #3143, #3027, #154, .T. ) ;
#1556 =( BOUNDED_CURVE ( )  B_SPLINE_CURVE ( 3, ( #2263, #2007, #353, #3356 ),
 .UNSPECIFIED., .F., .F. ) 
 B_SPLINE_CURVE_WITH_KNOTS ( ( 4, 4 ),
 ( 2.709822862097199359, 2.819789510287916023 ),
 .UNSPECIFIED. ) 
 CURVE ( )  GEOMETRIC_REPRESENTATION_ITEM ( )  RATIONAL_B_SPLINE_CURVE ( ( 1.000000000000000000, 0.9989925318741212923, 0.9989925318741212923, 1.000000000000000000 ) ) 
 REPRESENTATION_ITEM ( '' )  );
#1557 = CARTESIAN_POINT ( 'NONE',  ( -17.96496222574225854, -26.22129294843106706, -2.378679656440365608 ) ) ;
#1558 = VERTEX_POINT ( 'NONE', #2835 ) ;
#1559 = CIRCLE ( 'NONE', #1445, 2.999999999999999112 ) ;
#1560 = VECTOR ( 'NONE', #2601, 1000.000000000000000 ) ;
#1561 = CARTESIAN_POINT ( 'NONE',  ( -16.21496222574229762, 22.52870705156889031, 3.292323440001584611 ) ) ;
#1562 = DIRECTION ( 'NONE',  ( 1.000000000000000000, 0.000000000000000000, 0.000000000000000000 ) ) ;
#1563 = DIRECTION ( 'NONE',  ( 0.000000000000000000, 0.000000000000000000, 1.000000000000000000 ) ) ;
#1564 = AXIS2_PLACEMENT_3D ( 'NONE', #900, #333, #369 ) ;
#1565 = ORIENTED_EDGE ( 'NONE', *, *, #1604, .T. ) ;
#1566 = CARTESIAN_POINT ( 'NONE',  ( -19.46496222574226920, 28.52870705156889741, -2.378679656440367385 ) ) ;
#1567 = ORIENTED_EDGE ( 'NONE', *, *, #3466, .F. ) ;
#1568 = FACE_OUTER_BOUND ( 'NONE', #2998, .T. ) ;
#1569 = ORIENTED_EDGE ( 'NONE', *, *, #1473, .F. ) ;
#1570 = CARTESIAN_POINT ( 'NONE',  ( -16.21496222574229051, -25.22129294843106706, -4.002000000000000668 ) ) ;
#1571 = ORIENTED_EDGE ( 'NONE', *, *, #1169, .F. ) ;
#1572 = PLANE ( 'NONE',  #2837 ) ;
#1573 = EDGE_CURVE ( 'NONE', #83, #262, #1559, .T. ) ;
#1574 = EDGE_CURVE ( 'NONE', #3201, #2932, #465, .T. ) ;
#1575 = CARTESIAN_POINT ( 'NONE',  ( 16.03503777425773791, 28.52870705156890807, 3.292323440001584611 ) ) ;
#1576 = VERTEX_POINT ( 'NONE', #433 ) ;
#1577 = EDGE_CURVE ( 'NONE', #1493, #578, #1374, .T. ) ;
#1578 = CARTESIAN_POINT ( 'NONE',  ( -16.21496222574226564, -22.47129294843110969, -3.000000000000002665 ) ) ;
#1579 = CARTESIAN_POINT ( 'NONE',  ( 17.53503777425773436, 18.77870705156889031, 3.292323440001584611 ) ) ;
#1580 = CARTESIAN_POINT ( 'NONE',  ( 10.45303777425773362, -25.62529294843109540, 0.000000000000000000 ) ) ;
#1581 = EDGE_CURVE ( 'NONE', #2655, #2666, #2857, .T. ) ;
#1582 = CARTESIAN_POINT ( 'NONE',  ( -11.83296222574226597, -25.62529294843109184, -2.500000000000000000 ) ) ;
#1583 = ORIENTED_EDGE ( 'NONE', *, *, #863, .F. ) ;
#1584 = AXIS2_PLACEMENT_3D ( 'NONE', #1640, #2131, #255 ) ;
#1585 = DIRECTION ( 'NONE',  ( -1.156482317317871971E-16, 1.000000000000000000, 0.000000000000000000 ) ) ;
#1586 = FACE_OUTER_BOUND ( 'NONE', #1951, .T. ) ;
#1587 = CIRCLE ( 'NONE', #358, 1.500000000000001332 ) ;
#1588 = DIRECTION ( 'NONE',  ( -0.000000000000000000, -0.7071067811865475727, -0.7071067811865475727 ) ) ;
#1589 = EDGE_LOOP ( 'NONE', ( #3330, #2862, #1665, #2489 ) ) ;
#1590 = CARTESIAN_POINT ( 'NONE',  ( -9.934129258355469005, -28.47129294843108482, 0.000000000000000000 ) ) ;
#1591 = ORIENTED_EDGE ( 'NONE', *, *, #2245, .F. ) ;
#1592 = CARTESIAN_POINT ( 'NONE',  ( -9.934129258355474335, 28.52870705156890097, 0.000000000000000000 ) ) ;
#1593 = VECTOR ( 'NONE', #3464, 1000.000000000000000 ) ;
#1594 = VERTEX_POINT ( 'NONE', #1016 ) ;
#1595 = FACE_OUTER_BOUND ( 'NONE', #3277, .T. ) ;
#1596 = ORIENTED_EDGE ( 'NONE', *, *, #696, .F. ) ;
#1597 =( GEOMETRIC_REPRESENTATION_CONTEXT ( 3 ) GLOBAL_UNCERTAINTY_ASSIGNED_CONTEXT ( ( #3141 ) ) GLOBAL_UNIT_ASSIGNED_CONTEXT ( ( #868, #1039, #2587 ) ) REPRESENTATION_CONTEXT ( 'NONE', 'WORKASPACE' ) );
#1598 = CARTESIAN_POINT ( 'NONE',  ( 18.03503777425773791, 27.02870705156891162, -4.000000000000000000 ) ) ;
#1599 = EDGE_CURVE ( 'NONE', #2556, #2018, #1216, .T. ) ;
#1600 = LINE ( 'NONE', #267, #1601 ) ;
#1601 = VECTOR ( 'NONE', #2658, 1000.000000000000000 ) ;
#1602 = ADVANCED_BREP_SHAPE_REPRESENTATION ( 'Bottom_Enclosure', ( #2912, #1677 ), #2839 ) ;
#1603 = DIRECTION ( 'NONE',  ( 1.000000000000000000, 0.000000000000000000, 0.000000000000000000 ) ) ;
#1604 = EDGE_CURVE ( 'NONE', #1662, #457, #1269, .T. ) ;
#1605 = VERTEX_POINT ( 'NONE', #706 ) ;
#1606 = LINE ( 'NONE', #783, #2645 ) ;
#1607 = CARTESIAN_POINT ( 'NONE',  ( 9.504204806870959032, 28.52870705156890452, 0.000000000000000000 ) ) ;
#1608 = CIRCLE ( 'NONE', #2780, 0.9500000000000029532 ) ;
#1609 = CARTESIAN_POINT ( 'NONE',  ( 11.40303777425773468, -25.62529294843109540, -2.500000000000000000 ) ) ;
#1610 = ORIENTED_EDGE ( 'NONE', *, *, #675, .T. ) ;
#1611 = CYLINDRICAL_SURFACE ( 'NONE', #2293, 2.749999999999995559 ) ;
#1612 = ORIENTED_EDGE ( 'NONE', *, *, #2496, .T. ) ;
#1613 = DIRECTION ( 'NONE',  ( 1.000000000000000000, 0.000000000000000000, 0.000000000000000000 ) ) ;
#1614 = AXIS2_PLACEMENT_3D ( 'NONE', #2329, #3402, #3419 ) ;
#1615 = ORIENTED_EDGE ( 'NONE', *, *, #1115, .F. ) ;
#1616 = LINE ( 'NONE', #280, #2167 ) ;
#1617 = ORIENTED_EDGE ( 'NONE', *, *, #3424, .T. ) ;
#1618 = DIRECTION ( 'NONE',  ( 0.000000000000000000, 0.000000000000000000, 1.000000000000000000 ) ) ;
#1619 = DIRECTION ( 'NONE',  ( -1.000000000000000000, -1.156482317317871971E-16, 0.000000000000000000 ) ) ;
#1620 = EDGE_CURVE ( 'NONE', #1638, #457, #950, .T. ) ;
#1621 = DIRECTION ( 'NONE',  ( 1.000000000000000000, 0.000000000000000000, 0.000000000000000000 ) ) ;
#1622 = ADVANCED_FACE ( 'NONE', ( #2312 ), #1773, .F. ) ;
#1623 = VERTEX_POINT ( 'NONE', #1828 ) ;
#1624 = AXIS2_PLACEMENT_3D ( 'NONE', #3400, #700, #3368 ) ;
#1625 = CARTESIAN_POINT ( 'NONE',  ( 16.03503777425773791, 28.52870705156890807, -2.378679656440365608 ) ) ;
#1626 = CARTESIAN_POINT ( 'NONE',  ( -10.88296222574226668, 25.68270705156890443, 0.000000000000000000 ) ) ;
#1627 = VECTOR ( 'NONE', #800, 1000.000000000000000 ) ;
#1628 = CARTESIAN_POINT ( 'NONE',  ( 15.78503777425775390, -19.72129294843107417, -2.500000000000000000 ) ) ;
#1629 = ORIENTED_EDGE ( 'NONE', *, *, #1491, .T. ) ;
#1630 = FACE_OUTER_BOUND ( 'NONE', #1644, .T. ) ;
#1631 = EDGE_LOOP ( 'NONE', ( #1034, #1127, #2070, #957 ) ) ;
#1632 = LINE ( 'NONE', #2687, #3293 ) ;
#1633 = ORIENTED_EDGE ( 'NONE', *, *, #2223, .T. ) ;
#1634 = CARTESIAN_POINT ( 'NONE',  ( 10.45303777425773362, 25.68270705156890443, 0.000000000000000000 ) ) ;
#1635 = ORIENTED_EDGE ( 'NONE', *, *, #2330, .T. ) ;
#1636 = DIRECTION ( 'NONE',  ( -0.7071067811865475727, -8.177564888978000334E-17, -0.7071067811865475727 ) ) ;
#1637 = CARTESIAN_POINT ( 'NONE',  ( -16.46496222574226209, -26.97129294843108838, -4.000000000000000000 ) ) ;
#1638 = VERTEX_POINT ( 'NONE', #3357 ) ;
#1639 = CARTESIAN_POINT ( 'NONE',  ( -7.882962225742265794, 25.68270705156890443, -2.500000000000000000 ) ) ;
#1640 = CARTESIAN_POINT ( 'NONE',  ( -10.88296222574226668, -25.62529294843109184, 0.000000000000000000 ) ) ;
#1641 = AXIS2_PLACEMENT_3D ( 'NONE', #1895, #1064, #2134 ) ;
#1642 = AXIS2_PLACEMENT_3D ( 'NONE', #2663, #784, #2700 ) ;
#1643 = DIRECTION ( 'NONE',  ( -1.156482317317871971E-16, 1.000000000000000000, 0.000000000000000000 ) ) ;
#1644 = EDGE_LOOP ( 'NONE', ( #3056, #1305, #1450, #1052 ) ) ;
#1645 = ADVANCED_FACE ( 'NONE', ( #2024 ), #448, .T. ) ;
#1646 = CARTESIAN_POINT ( 'NONE',  ( 11.70847426001878411, -28.34997260487145354, -2.500000000000000000 ) ) ;
#1647 = VERTEX_POINT ( 'NONE', #686 ) ;
#1648 = LINE ( 'NONE', #1330, #1386 ) ;
#1649 = AXIS2_PLACEMENT_3D ( 'NONE', #1436, #372, #3319 ) ;
#1650 = CARTESIAN_POINT ( 'NONE',  ( 17.53503777425773791, -18.88893086009724342, -2.378679656440370049 ) ) ;
#1651 = EDGE_LOOP ( 'NONE', ( #2889, #2169 ) ) ;
#1652 = EDGE_CURVE ( 'NONE', #1043, #1647, #2820, .T. ) ;
#1653 = DIRECTION ( 'NONE',  ( 0.000000000000000000, -0.000000000000000000, -1.000000000000000000 ) ) ;
#1654 = ORIENTED_EDGE ( 'NONE', *, *, #3366, .F. ) ;
#1655 = DIRECTION ( 'NONE',  ( 1.000000000000000000, 2.703465157366452467E-16, -0.000000000000000000 ) ) ;
#1656 = CARTESIAN_POINT ( 'NONE',  ( 17.41371743069809597, 30.02870705156891162, -2.500000000000000000 ) ) ;
#1657 = VECTOR ( 'NONE', #1056, 1000.000000000000000 ) ;
#1658 = CARTESIAN_POINT ( 'NONE',  ( 11.40303777425773468, -25.62529294843109540, 0.000000000000000000 ) ) ;
#1659 = CARTESIAN_POINT ( 'NONE',  ( -10.88296222574226668, 25.68270705156890443, 0.000000000000000000 ) ) ;
#1660 = DIRECTION ( 'NONE',  ( 1.734723475976807094E-16, -1.000000000000000000, 0.000000000000000000 ) ) ;
#1661 = LINE ( 'NONE', #2482, #2145 ) ;
#1662 = VERTEX_POINT ( 'NONE', #1280 ) ;
#1663 = DIRECTION ( 'NONE',  ( 0.000000000000000000, 0.000000000000000000, 1.000000000000000000 ) ) ;
#1664 = EDGE_CURVE ( 'NONE', #660, #116, #1096, .T. ) ;
#1665 = ORIENTED_EDGE ( 'NONE', *, *, #1664, .T. ) ;
#1666 = DIRECTION ( 'NONE',  ( -1.000000000000000000, 0.000000000000000000, 0.000000000000000000 ) ) ;
#1667 = AXIS2_PLACEMENT_3D ( 'NONE', #3454, #830, #1364 ) ;
#1668 = EDGE_CURVE ( 'NONE', #2025, #750, #33, .T. ) ;
#1669 = PLANE ( 'NONE',  #2487 ) ;
#1670 = ORIENTED_EDGE ( 'NONE', *, *, #224, .F. ) ;
#1671 = CARTESIAN_POINT ( 'NONE',  ( -15.26496222574226458, -22.47129294843110969, -3.000000000000002665 ) ) ;
#1672 = ORIENTED_EDGE ( 'NONE', *, *, #2436, .F. ) ;
#1673 = CYLINDRICAL_SURFACE ( 'NONE', #819, 1.000000000000000888 ) ;
#1674 = CARTESIAN_POINT ( 'NONE',  ( -16.46496222574226209, -26.97129294843108838, -3.000000000000006217 ) ) ;
#1675 = AXIS2_PLACEMENT_3D ( 'NONE', #1827, #1502, #2309 ) ;
#1676 = LINE ( 'NONE', #1689, #1501 ) ;
#1677 = AXIS2_PLACEMENT_3D ( 'NONE', #2931, #2424, #529 ) ;
#1678 = CARTESIAN_POINT ( 'NONE',  ( 15.78503777425773613, -22.47129294843107417, 3.292323440001584611 ) ) ;
#1679 = ORIENTED_EDGE ( 'NONE', *, *, #432, .F. ) ;
#1680 = CYLINDRICAL_SURFACE ( 'NONE', #1007, 1.000000000000000888 ) ;
#1681 = ORIENTED_EDGE ( 'NONE', *, *, #3290, .F. ) ;
#1682 = FACE_OUTER_BOUND ( 'NONE', #1631, .T. ) ;
#1683 = AXIS2_PLACEMENT_3D ( 'NONE', #915, #1968, #316 ) ;
#1684 = FACE_OUTER_BOUND ( 'NONE', #2030, .T. ) ;
#1685 = ORIENTED_EDGE ( 'NONE', *, *, #2114, .F. ) ;
#1686 = DIRECTION ( 'NONE',  ( 1.000000000000000000, 0.000000000000000000, 0.000000000000000000 ) ) ;
#1687 = EDGE_CURVE ( 'NONE', #253, #572, #468, .T. ) ;
#1688 = PLANE ( 'NONE',  #692 ) ;
#1689 = CARTESIAN_POINT ( 'NONE',  ( -16.46496222574226920, 30.02870705156890097, -3.000000000000006217 ) ) ;
#1690 = EDGE_CURVE ( 'NONE', #1967, #1605, #794, .T. ) ;
#1691 = ADVANCED_FACE ( 'NONE', ( #1072 ), #3476, .T. ) ;
#1692 = FACE_OUTER_BOUND ( 'NONE', #1468, .T. ) ;
#1693 = CARTESIAN_POINT ( 'NONE',  ( 11.40187074164450642, 28.52870705156890452, 0.000000000000000000 ) ) ;
#1694 = ORIENTED_EDGE ( 'NONE', *, *, #1995, .T. ) ;
#1695 = CARTESIAN_POINT ( 'NONE',  ( -19.46496222574226920, 27.02870705156890097, -4.000000000000000000 ) ) ;
#1696 = ORIENTED_EDGE ( 'NONE', *, *, #696, .T. ) ;
#1697 = CARTESIAN_POINT ( 'NONE',  ( 9.504204806870957256, 28.52870705156890452, -2.378679656440367385 ) ) ;
#1698 = AXIS2_PLACEMENT_3D ( 'NONE', #1170, #79, #1120 ) ;
#1699 = ORIENTED_EDGE ( 'NONE', *, *, #853, .F. ) ;
#1700 = PLANE ( 'NONE',  #618 ) ;
#1701 = VERTEX_POINT ( 'NONE', #1575 ) ;
#1702 = DIRECTION ( 'NONE',  ( -0.000000000000000000, -0.000000000000000000, -1.000000000000000000 ) ) ;
#1703 = AXIS2_PLACEMENT_3D ( 'NONE', #287, #1373, #2409 ) ;
#1704 = DIRECTION ( 'NONE',  ( -0.000000000000000000, -0.000000000000000000, -1.000000000000000000 ) ) ;
#1705 = VECTOR ( 'NONE', #3423, 1000.000000000000000 ) ;
#1706 = CARTESIAN_POINT ( 'NONE',  ( 17.53503777425773080, 30.02870705156891162, -4.000000000000000000 ) ) ;
#1707 = VERTEX_POINT ( 'NONE', #3171 ) ;
#1708 = CIRCLE ( 'NONE', #307, 2.749999999999995559 ) ;
#1709 = EDGE_CURVE ( 'NONE', #1142, #1173, #3160, .T. ) ;
#1710 = CARTESIAN_POINT ( 'NONE',  ( 9.197601288496707994, 28.40738670800927324, -2.500000000000000000 ) ) ;
#1711 = AXIS2_PLACEMENT_3D ( 'NONE', #2749, #1702, #386 ) ;
#1712 = ADVANCED_FACE ( 'NONE', ( #1864 ), #2959, .T. ) ;
#1713 = EDGE_LOOP ( 'NONE', ( #102, #2712, #3166, #865 ) ) ;
#1714 = CARTESIAN_POINT ( 'NONE',  ( 17.53503777425773080, 26.11106913990270684, -2.378679656440368717 ) ) ;
#1715 = ORIENTED_EDGE ( 'NONE', *, *, #1842, .F. ) ;
#1716 = ORIENTED_EDGE ( 'NONE', *, *, #1448, .F. ) ;
#1717 = DIRECTION ( 'NONE',  ( -0.000000000000000000, 0.000000000000000000, 1.000000000000000000 ) ) ;
#1718 = ORIENTED_EDGE ( 'NONE', *, *, #2458, .F. ) ;
#1719 = DIRECTION ( 'NONE',  ( 0.000000000000000000, 0.000000000000000000, 1.000000000000000000 ) ) ;
#1720 = DIRECTION ( 'NONE',  ( -1.000000000000000000, 0.000000000000000000, 0.000000000000000000 ) ) ;
#1721 = LINE ( 'NONE', #125, #293 ) ;
#1722 = ORIENTED_EDGE ( 'NONE', *, *, #3422, .F. ) ;
#1723 = CARTESIAN_POINT ( 'NONE',  ( -17.96496222574226564, 18.94634496323506667, -2.378679656440365608 ) ) ;
#1724 = EDGE_CURVE ( 'NONE', #1221, #3187, #1902, .T. ) ;
#1725 = ADVANCED_FACE ( 'NONE', ( #2714 ), #2632, .T. ) ;
#1726 = CIRCLE ( 'NONE', #1847, 1.000000000000000888 ) ;
#1727 = VERTEX_POINT ( 'NONE', #1294 ) ;
#1728 = DIRECTION ( 'NONE',  ( -0.000000000000000000, -0.000000000000000000, -1.000000000000000000 ) ) ;
#1729 = ORIENTED_EDGE ( 'NONE', *, *, #2012, .T. ) ;
#1730 = EDGE_CURVE ( 'NONE', #2439, #1014, #2359, .T. ) ;
#1731 = AXIS2_PLACEMENT_3D ( 'NONE', #620, #3002, #1741 ) ;
#1732 = DIRECTION ( 'NONE',  ( -0.000000000000000000, 0.000000000000000000, 1.000000000000000000 ) ) ;
#1733 = ORIENTED_EDGE ( 'NONE', *, *, #2554, .T. ) ;
#1734 = CARTESIAN_POINT ( 'NONE',  ( 17.97437760247791161, 27.02870705156891162, -1.939339828220185691 ) ) ;
#1735 = ORIENTED_EDGE ( 'NONE', *, *, #336, .F. ) ;
#1736 = VECTOR ( 'NONE', #1276, 1000.000000000000000 ) ;
#1737 = DIRECTION ( 'NONE',  ( -0.000000000000000000, 0.000000000000000000, 1.000000000000000000 ) ) ;
#1738 = EDGE_CURVE ( 'NONE', #407, #3251, #3436, .T. ) ;
#1739 = VECTOR ( 'NONE', #958, 1000.000000000000000 ) ;
#1740 = CARTESIAN_POINT ( 'NONE',  ( -16.21496222574229407, 19.77870705156889031, 3.292323440001584611 ) ) ;
#1741 = DIRECTION ( 'NONE',  ( 1.000000000000000000, 0.000000000000000000, 0.000000000000000000 ) ) ;
#1742 = ORIENTED_EDGE ( 'NONE', *, *, #921, .F. ) ;
#1743 = DIRECTION ( 'NONE',  ( -1.000000000000000000, 0.000000000000000000, 0.000000000000000000 ) ) ;
#1744 = ORIENTED_EDGE ( 'NONE', *, *, #15, .F. ) ;
#1745 = CARTESIAN_POINT ( 'NONE',  ( 10.45303777425773362, -25.62529294843109540, -2.500000000000000000 ) ) ;
#1746 = ORIENTED_EDGE ( 'NONE', *, *, #2087, .F. ) ;
#1747 = EDGE_CURVE ( 'NONE', #788, #707, #1616, .T. ) ;
#1748 = CARTESIAN_POINT ( 'NONE',  ( -10.88296222574226668, -25.62529294843109184, -2.500000000000000000 ) ) ;
#1749 = VERTEX_POINT ( 'NONE', #2418 ) ;
#1750 = CARTESIAN_POINT ( 'NONE',  ( 0.000000000000000000, 0.000000000000000000, -2.500000000000000000 ) ) ;
#1751 = VERTEX_POINT ( 'NONE', #243 ) ;
#1752 = CARTESIAN_POINT ( 'NONE',  ( 17.53503777425773080, 30.02870705156891162, 3.292323440001584611 ) ) ;
#1753 = AXIS2_PLACEMENT_3D ( 'NONE', #2354, #2410, #4 ) ;
#1754 = ADVANCED_FACE ( 'NONE', ( #1595 ), #12, .F. ) ;
#1755 = LINE ( 'NONE', #1740, #3100 ) ;
#1756 = AXIS2_PLACEMENT_3D ( 'NONE', #1626, #3197, #43 ) ;
#1757 = CARTESIAN_POINT ( 'NONE',  ( -17.84364188218262726, -25.74388111221641040, -2.500000000000000000 ) ) ;
#1758 = VERTEX_POINT ( 'NONE', #298 ) ;
#1759 = VECTOR ( 'NONE', #2525, 1000.000000000000000 ) ;
#1760 = CARTESIAN_POINT ( 'NONE',  ( 11.50624503331339454, -28.43649541895707245, -2.413477185914381540 ) ) ;
#1761 = DIRECTION ( 'NONE',  ( 1.000000000000000000, 0.000000000000000000, 0.000000000000000000 ) ) ;
#1762 = ORIENTED_EDGE ( 'NONE', *, *, #1573, .F. ) ;
#1763 = AXIS2_PLACEMENT_3D ( 'NONE', #2892, #2109, #2350 ) ;
#1764 = CARTESIAN_POINT ( 'NONE',  ( 17.53503777425773080, 26.27870705156888320, -2.378679656440367385 ) ) ;
#1765 = CARTESIAN_POINT ( 'NONE',  ( 10.45303777425773362, -25.62529294843109540, 0.000000000000000000 ) ) ;
#1766 = EDGE_LOOP ( 'NONE', ( #1969, #2260, #1308, #946 ) ) ;
#1767 = CARTESIAN_POINT ( 'NONE',  ( -17.96496222574226564, 30.02870705156890097, 3.292323440001584611 ) ) ;
#1768 = ORIENTED_EDGE ( 'NONE', *, *, #3057, .T. ) ;
#1769 = DIRECTION ( 'NONE',  ( 0.000000000000000000, 0.000000000000000000, 1.000000000000000000 ) ) ;
#1770 = VECTOR ( 'NONE', #2181, 1000.000000000000000 ) ;
#1771 = ADVANCED_FACE ( 'NONE', ( #2379 ), #3224, .T. ) ;
#1772 = ADVANCED_FACE ( 'NONE', ( #501 ), #1108, .F. ) ;
#1773 = PLANE ( 'NONE',  #667 ) ;
#1774 = ORIENTED_EDGE ( 'NONE', *, *, #1907, .F. ) ;
#1775 = CARTESIAN_POINT ( 'NONE',  ( -9.932962225742267393, -25.62529294843109184, 0.000000000000000000 ) ) ;
#1776 = CARTESIAN_POINT ( 'NONE',  ( 17.41371743069809597, 27.02870705156891162, -2.500000000000000000 ) ) ;
#1777 = AXIS2_PLACEMENT_3D ( 'NONE', #352, #1415, #2492 ) ;
#1778 = ORIENTED_EDGE ( 'NONE', *, *, #2881, .T. ) ;
#1779 = DIRECTION ( 'NONE',  ( -0.000000000000000000, 0.000000000000000000, -1.000000000000000000 ) ) ;
#1780 = PLANE ( 'NONE',  #1303 ) ;
#1781 = CARTESIAN_POINT ( 'NONE',  ( -16.46496222574226209, -26.97129294843108838, -4.000000000000000000 ) ) ;
#1782 = VERTEX_POINT ( 'NONE', #1051 ) ;
#1783 = CARTESIAN_POINT ( 'NONE',  ( 16.03503777425773791, -26.97129294843108838, -2.500000000000000000 ) ) ;
#1784 = ORIENTED_EDGE ( 'NONE', *, *, #722, .F. ) ;
#1785 = LINE ( 'NONE', #736, #2393 ) ;
#1786 = PRODUCT_DEFINITION_SHAPE ( 'NONE', 'NONE',  #2123 ) ;
#1787 = AXIS2_PLACEMENT_3D ( 'NONE', #2564, #2851, #184 ) ;
#1788 = ADVANCED_FACE ( 'NONE', ( #2121 ), #630, .T. ) ;
#1789 = CARTESIAN_POINT ( 'NONE',  ( -17.84364188218263436, 30.02870705156890097, -2.500000000000000000 ) ) ;
#1790 = ORIENTED_EDGE ( 'NONE', *, *, #853, .T. ) ;
#1791 = AXIS2_PLACEMENT_3D ( 'NONE', #138, #1166, #1505 ) ;
#1792 = VECTOR ( 'NONE', #2795, 1000.000000000000000 ) ;
#1793 = LINE ( 'NONE', #2909, #2984 ) ;
#1794 = EDGE_CURVE ( 'NONE', #1701, #299, #755, .T. ) ;
#1795 = DIRECTION ( 'NONE',  ( 0.000000000000000000, 1.000000000000000000, 0.000000000000000000 ) ) ;
#1796 = LINE ( 'NONE', #128, #3052 ) ;
#1797 = AXIS2_PLACEMENT_3D ( 'NONE', #3049, #2747, #384 ) ;
#1798 = EDGE_CURVE ( 'NONE', #3103, #2672, #3310, .T. ) ;
#1799 = ORIENTED_EDGE ( 'NONE', *, *, #2304, .F. ) ;
#1800 = CARTESIAN_POINT ( 'NONE',  ( -19.46496222574226209, -28.34997260487145354, -2.500000000000000000 ) ) ;
#1801 = DIRECTION ( 'NONE',  ( 1.000000000000000000, 0.000000000000000000, 0.000000000000000000 ) ) ;
#1802 = DIRECTION ( 'NONE',  ( 1.000000000000000000, 0.000000000000000000, 0.000000000000000000 ) ) ;
#1803 = ORIENTED_EDGE ( 'NONE', *, *, #341, .F. ) ;
#1804 = CARTESIAN_POINT ( 'NONE',  ( -16.21496222574226564, -22.47129294843110969, -3.000000000000002665 ) ) ;
#1805 = ORIENTED_EDGE ( 'NONE', *, *, #897, .T. ) ;
#1806 = CARTESIAN_POINT ( 'NONE',  ( -10.88296222574226668, -25.62529294843109184, 0.000000000000000000 ) ) ;
#1807 = AXIS2_PLACEMENT_3D ( 'NONE', #3320, #404, #1419 ) ;
#1808 =( BOUNDED_CURVE ( )  B_SPLINE_CURVE ( 3, ( #2934, #2915, #2969, #3465 ),
 .UNSPECIFIED., .F., .F. ) 
 B_SPLINE_CURVE_WITH_KNOTS ( ( 4, 4 ),
 ( 0.000000000000000000, 0.4977068327427405792 ),
 .UNSPECIFIED. ) 
 CURVE ( )  GEOMETRIC_REPRESENTATION_ITEM ( )  RATIONAL_B_SPLINE_CURVE ( ( 1.000000000000000000, 0.9794636360570636580, 0.9794636360570636580, 1.000000000000000000 ) ) 
 REPRESENTATION_ITEM ( '' )  );
#1809 = PLANE ( 'NONE',  #2739 ) ;
#1810 = ORIENTED_EDGE ( 'NONE', *, *, #1241, .T. ) ;
#1811 = CARTESIAN_POINT ( 'NONE',  ( -15.26496222574226458, -22.47129294843110969, -3.000000000000002665 ) ) ;
#1812 = CIRCLE ( 'NONE', #809, 2.749999999999995559 ) ;
#1813 = LINE ( 'NONE', #1775, #527 ) ;
#1814 = CARTESIAN_POINT ( 'NONE',  ( 16.03503777425773436, 27.02870705156891162, -4.000000000000000000 ) ) ;
#1815 = EDGE_CURVE ( 'NONE', #3143, #329, #732, .T. ) ;
#1816 = UNCERTAINTY_MEASURE_WITH_UNIT (LENGTH_MEASURE( 1.000000000000000082E-05 ), #2641, 'distance_accuracy_value', 'NONE');
#1817 = AXIS2_PLACEMENT_3D ( 'NONE', #2274, #3350, #698 ) ;
#1818 = CARTESIAN_POINT ( 'NONE',  ( 17.53503777425773080, 30.02870705156891162, -4.000000000000000000 ) ) ;
#1819 = ORIENTED_EDGE ( 'NONE', *, *, #808, .T. ) ;
#1820 = ADVANCED_FACE ( 'NONE', ( #120 ), #763, .T. ) ;
#1821 = CIRCLE ( 'NONE', #2268, 1.378679656440362944 ) ;
#1822 = DIRECTION ( 'NONE',  ( -1.000000000000000000, 0.000000000000000000, 0.000000000000000000 ) ) ;
#1823 = ORIENTED_EDGE ( 'NONE', *, *, #2048, .T. ) ;
#1824 = FACE_OUTER_BOUND ( 'NONE', #119, .T. ) ;
#1825 = VERTEX_POINT ( 'NONE', #2505 ) ;
#1826 = CIRCLE ( 'NONE', #646, 3.000000000000000888 ) ;
#1827 = CARTESIAN_POINT ( 'NONE',  ( -10.88296222574226668, -25.62529294843109184, -2.500000000000000000 ) ) ;
#1828 = CARTESIAN_POINT ( 'NONE',  ( -17.96496222574225854, -26.97129294843108838, 3.292323440001584611 ) ) ;
#1829 = ORIENTED_EDGE ( 'NONE', *, *, #2812, .T. ) ;
#1830 = DIRECTION ( 'NONE',  ( 1.156482317317871971E-16, -1.000000000000000000, 0.000000000000000000 ) ) ;
#1831 = DIRECTION ( 'NONE',  ( 1.000000000000000000, 0.000000000000000000, 0.000000000000000000 ) ) ;
#1832 = DIRECTION ( 'NONE',  ( -1.000000000000000000, 0.000000000000000000, 0.000000000000000000 ) ) ;
#1833 = AXIS2_PLACEMENT_3D ( 'NONE', #3191, #2907, #2438 ) ;
#1834 = EDGE_LOOP ( 'NONE', ( #1354, #1477, #2086, #2251 ) ) ;
#1835 = EDGE_CURVE ( 'NONE', #2642, #1594, #505, .T. ) ;
#1836 = DIRECTION ( 'NONE',  ( 0.000000000000000000, 0.000000000000000000, 1.000000000000000000 ) ) ;
#1837 = ORIENTED_EDGE ( 'NONE', *, *, #402, .F. ) ;
#1838 = EDGE_CURVE ( 'NONE', #2018, #2556, #3128, .T. ) ;
#1839 = AXIS2_PLACEMENT_3D ( 'NONE', #896, #3296, #3046 ) ;
#1840 = CARTESIAN_POINT ( 'NONE',  ( -16.46496222574226920, 27.02870705156890097, -4.000000000000000000 ) ) ;
#1841 = ORIENTED_EDGE ( 'NONE', *, *, #1366, .F. ) ;
#1842 = EDGE_CURVE ( 'NONE', #1088, #253, #1910, .T. ) ;
#1843 = DIRECTION ( 'NONE',  ( 1.000000000000000000, 0.000000000000000000, 0.000000000000000000 ) ) ;
#1844 = ORIENTED_EDGE ( 'NONE', *, *, #3443, .T. ) ;
#1845 = DIRECTION ( 'NONE',  ( -0.000000000000000000, -0.000000000000000000, -1.000000000000000000 ) ) ;
#1846 = CIRCLE ( 'NONE', #607, 3.000000000000000888 ) ;
#1847 = AXIS2_PLACEMENT_3D ( 'NONE', #74, #1990, #1957 ) ;
#1848 = EDGE_CURVE ( 'NONE', #2545, #707, #1125, .T. ) ;
#1849 = DIRECTION ( 'NONE',  ( -0.000000000000000000, -0.000000000000000000, -1.000000000000000000 ) ) ;
#1850 = ORIENTED_EDGE ( 'NONE', *, *, #1348, .T. ) ;
#1851 = FACE_OUTER_BOUND ( 'NONE', #1551, .T. ) ;
#1852 = DIRECTION ( 'NONE',  ( -0.000000000000000000, -0.000000000000000000, -1.000000000000000000 ) ) ;
#1853 = CARTESIAN_POINT ( 'NONE',  ( -16.21496222574229407, 19.77870705156889031, -4.002000000000000668 ) ) ;
#1854 = VECTOR ( 'NONE', #910, 1000.000000000000000 ) ;
#1855 = CARTESIAN_POINT ( 'NONE',  ( 17.41371743069809597, -26.97129294843108838, -2.500000000000000000 ) ) ;
#1856 = ORIENTED_EDGE ( 'NONE', *, *, #1135, .F. ) ;
#1857 = DIRECTION ( 'NONE',  ( -0.000000000000000000, -0.000000000000000000, -1.000000000000000000 ) ) ;
#1858 = DIRECTION ( 'NONE',  ( -0.000000000000000000, 0.000000000000000000, 1.000000000000000000 ) ) ;
#1859 = VERTEX_POINT ( 'NONE', #2997 ) ;
#1860 = CARTESIAN_POINT ( 'NONE',  ( -16.21496222574229762, 25.27870705156888320, 3.292323440001584611 ) ) ;
#1861 = ORIENTED_EDGE ( 'NONE', *, *, #594, .T. ) ;
#1862 = DIRECTION ( 'NONE',  ( -0.000000000000000000, -0.000000000000000000, -1.000000000000000000 ) ) ;
#1863 = EDGE_CURVE ( 'NONE', #2778, #88, #663, .T. ) ;
#1864 = FACE_OUTER_BOUND ( 'NONE', #1447, .T. ) ;
#1865 = ORIENTED_EDGE ( 'NONE', *, *, #808, .F. ) ;
#1866 = EDGE_CURVE ( 'NONE', #1142, #2913, #1937, .T. ) ;
#1867 = DIRECTION ( 'NONE',  ( -1.000000000000000000, -2.703465157366452467E-16, 0.000000000000000000 ) ) ;
#1868 = DIRECTION ( 'NONE',  ( 0.000000000000000000, -0.000000000000000000, 1.000000000000000000 ) ) ;
#1869 = VECTOR ( 'NONE', #2204, 1000.000000000000000 ) ;
#1870 = EDGE_LOOP ( 'NONE', ( #911, #1480 ) ) ;
#1871 = AXIS2_PLACEMENT_3D ( 'NONE', #1002, #1054, #2382 ) ;
#1872 = DIRECTION ( 'NONE',  ( -1.734723475976806848E-16, 1.000000000000000000, 1.232595164407830946E-32 ) ) ;
#1873 = CARTESIAN_POINT ( 'NONE',  ( -16.21496222574226564, -22.47129294843110969, 3.292323440001584611 ) ) ;
#1874 = AXIS2_PLACEMENT_3D ( 'NONE', #2978, #597, #2728 ) ;
#1875 = PLANE ( 'NONE',  #2693 ) ;
#1876 = ORIENTED_EDGE ( 'NONE', *, *, #2075, .F. ) ;
#1877 = CARTESIAN_POINT ( 'NONE',  ( -17.96496222574226564, 26.27870705156888320, -4.000000000000000000 ) ) ;
#1878 = ORIENTED_EDGE ( 'NONE', *, *, #3182, .T. ) ;
#1879 = FACE_OUTER_BOUND ( 'NONE', #454, .T. ) ;
#1880 = AXIS2_PLACEMENT_3D ( 'NONE', #1976, #1355, #1660 ) ;
#1881 = ORIENTED_EDGE ( 'NONE', *, *, #3226, .F. ) ;
#1882 = DIRECTION ( 'NONE',  ( -1.000000000000000000, 0.000000000000000000, 0.000000000000000000 ) ) ;
#1883 = VERTEX_POINT ( 'NONE', #1671 ) ;
#1884 = ADVANCED_FACE ( 'NONE', ( #1177 ), #3331, .F. ) ;
#1885 = EDGE_CURVE ( 'NONE', #2377, #515, #2021, .T. ) ;
#1886 = DIRECTION ( 'NONE',  ( 1.000000000000000000, 0.000000000000000000, 0.000000000000000000 ) ) ;
#1887 = CARTESIAN_POINT ( 'NONE',  ( 14.83503777425769599, 22.52870705156892583, 3.292323440001584611 ) ) ;
#1888 = AXIS2_PLACEMENT_3D ( 'NONE', #1637, #2910, #562 ) ;
#1889 = ADVANCED_FACE ( 'NONE', ( #1381 ), #1700, .F. ) ;
#1890 = CARTESIAN_POINT ( 'NONE',  ( -9.627525739981228625, 28.40738670800926968, -2.500000000000000000 ) ) ;
#1891 = ORIENTED_EDGE ( 'NONE', *, *, #1256, .T. ) ;
#1892 = LINE ( 'NONE', #2933, #588 ) ;
#1893 = CARTESIAN_POINT ( 'NONE',  ( 15.78503777425776100, 19.77870705156889031, -4.002000000000000668 ) ) ;
#1894 = APPLICATION_CONTEXT ( 'automotive_design' ) ;
#1895 = CARTESIAN_POINT ( 'NONE',  ( -16.21496222574226564, -22.47129294843110969, -3.000000000000002665 ) ) ;
#1896 = ORIENTED_EDGE ( 'NONE', *, *, #1022, .T. ) ;
#1897 = FACE_OUTER_BOUND ( 'NONE', #1376, .T. ) ;
#1898 = VERTEX_POINT ( 'NONE', #1128 ) ;
#1899 = PLANE ( 'NONE',  #152 ) ;
#1900 = CIRCLE ( 'NONE', #3355, 3.000000000000000888 ) ;
#1901 = ORIENTED_EDGE ( 'NONE', *, *, #634, .T. ) ;
#1902 = LINE ( 'NONE', #2943, #531 ) ;
#1903 = ORIENTED_EDGE ( 'NONE', *, *, #1885, .F. ) ;
#1904 = CARTESIAN_POINT ( 'NONE',  ( 16.53503777425773436, 25.27870705156888320, -4.002000000000000668 ) ) ;
#1905 = DIRECTION ( 'NONE',  ( -1.000000000000000000, 0.000000000000000000, 0.000000000000000000 ) ) ;
#1906 =( BOUNDED_CURVE ( )  B_SPLINE_CURVE ( 3, ( #330, #1174, #3313, #3278 ),
 .UNSPECIFIED., .F., .F. ) 
 B_SPLINE_CURVE_WITH_KNOTS ( ( 4, 4 ),
 ( 0.000000000000000000, 0.4977068327427434657 ),
 .UNSPECIFIED. ) 
 CURVE ( )  GEOMETRIC_REPRESENTATION_ITEM ( )  RATIONAL_B_SPLINE_CURVE ( ( 1.000000000000000000, 0.9794636360570635469, 0.9794636360570635469, 1.000000000000000000 ) ) 
 REPRESENTATION_ITEM ( '' )  );
#1907 = EDGE_CURVE ( 'NONE', #370, #1123, #3262, .T. ) ;
#1908 = CARTESIAN_POINT ( 'NONE',  ( 9.197601288496707994, 28.40738670800927324, -2.500000000000000000 ) ) ;
#1909 = ORIENTED_EDGE ( 'NONE', *, *, #678, .F. ) ;
#1910 = CIRCLE ( 'NONE', #3074, 3.000000000000000000 ) ;
#1911 = CARTESIAN_POINT ( 'NONE',  ( 11.40187074164450820, 28.52870705156890452, -2.378679656440367385 ) ) ;
#1912 = CARTESIAN_POINT ( 'NONE',  ( 16.03503777425773436, 27.02870705156891162, -2.500000000000000000 ) ) ;
#1913 = AXIS2_PLACEMENT_3D ( 'NONE', #3257, #328, #878 ) ;
#1914 = ADVANCED_FACE ( 'NONE', ( #2212 ), #2244, .T. ) ;
#1915 = CARTESIAN_POINT ( 'NONE',  ( -18.46496222574226564, -26.97129294843108838, -4.000000000000000000 ) ) ;
#1916 = ORIENTED_EDGE ( 'NONE', *, *, #2071, .F. ) ;
#1917 = CARTESIAN_POINT ( 'NONE',  ( -19.46496222574226920, 28.52870705156889741, -4.000000000000000000 ) ) ;
#1918 = ORIENTED_EDGE ( 'NONE', *, *, #877, .T. ) ;
#1919 = DIRECTION ( 'NONE',  ( -1.000000000000000000, 0.000000000000000000, 0.000000000000000000 ) ) ;
#1920 = CARTESIAN_POINT ( 'NONE',  ( 16.03503777425773436, 27.02870705156891162, -3.000000000000006217 ) ) ;
#1921 = DIRECTION ( 'NONE',  ( -0.000000000000000000, -0.000000000000000000, 1.000000000000000000 ) ) ;
#1922 = ORIENTED_EDGE ( 'NONE', *, *, #743, .T. ) ;
#1923 = SURFACE_STYLE_USAGE ( .BOTH. , #3264 ) ;
#1924 = DIRECTION ( 'NONE',  ( 1.204669080539449344E-16, 0.000000000000000000, -1.000000000000000000 ) ) ;
#1925 = LINE ( 'NONE', #546, #2844 ) ;
#1926 = DIRECTION ( 'NONE',  ( -1.000000000000000000, -2.703465157366452467E-16, 0.000000000000000000 ) ) ;
#1927 = ADVANCED_FACE ( 'NONE', ( #1684 ), #2521, .F. ) ;
#1928 = CONICAL_SURFACE ( 'NONE', #354, 2.000000000000005329, 0.7853981633974488341 ) ;
#1929 = DIRECTION ( 'NONE',  ( 0.000000000000000000, -0.7071067811865474617, 0.7071067811865474617 ) ) ;
#1930 = ORIENTED_EDGE ( 'NONE', *, *, #2905, .T. ) ;
#1931 = DIRECTION ( 'NONE',  ( -0.000000000000000000, -0.000000000000000000, -1.000000000000000000 ) ) ;
#1932 = VERTEX_POINT ( 'NONE', #3113 ) ;
#1933 = FACE_OUTER_BOUND ( 'NONE', #2806, .T. ) ;
#1934 = EDGE_CURVE ( 'NONE', #624, #513, #1013, .T. ) ;
#1935 = VECTOR ( 'NONE', #1385, 1000.000000000000000 ) ;
#1936 = VERTEX_POINT ( 'NONE', #3097 ) ;
#1937 = LINE ( 'NONE', #2229, #3306 ) ;
#1938 = ORIENTED_EDGE ( 'NONE', *, *, #2929, .F. ) ;
#1939 = FACE_OUTER_BOUND ( 'NONE', #258, .T. ) ;
#1940 = VECTOR ( 'NONE', #1099, 1000.000000000000000 ) ;
#1941 = LINE ( 'NONE', #3000, #302 ) ;
#1942 = CARTESIAN_POINT ( 'NONE',  ( -9.934129258355469005, -28.47129294843108482, -2.378679656440365608 ) ) ;
#1943 = DIRECTION ( 'NONE',  ( -0.000000000000000000, 0.000000000000000000, 1.000000000000000000 ) ) ;
#1944 = EDGE_CURVE ( 'NONE', #1371, #1967, #1451, .T. ) ;
#1945 = DIRECTION ( 'NONE',  ( 1.000000000000000000, 0.000000000000000000, 0.000000000000000000 ) ) ;
#1946 = ORIENTED_EDGE ( 'NONE', *, *, #480, .F. ) ;
#1947 = DIRECTION ( 'NONE',  ( -0.000000000000000000, -0.000000000000000000, -1.000000000000000000 ) ) ;
#1948 = ORIENTED_EDGE ( 'NONE', *, *, #1071, .F. ) ;
#1949 = CARTESIAN_POINT ( 'NONE',  ( -10.88296222574226668, -25.62529294843109184, 0.000000000000000000 ) ) ;
#1950 = DIRECTION ( 'NONE',  ( 1.000000000000000000, 0.000000000000000000, 0.000000000000000000 ) ) ;
#1951 = EDGE_LOOP ( 'NONE', ( #3048, #3077, #3372, #2686 ) ) ;
#1952 = DIRECTION ( 'NONE',  ( 0.000000000000000000, 0.000000000000000000, 1.000000000000000000 ) ) ;
#1953 = ORIENTED_EDGE ( 'NONE', *, *, #2459, .F. ) ;
#1954 = FACE_OUTER_BOUND ( 'NONE', #260, .T. ) ;
#1955 = EDGE_CURVE ( 'NONE', #203, #733, #1234, .T. ) ;
#1956 = DIRECTION ( 'NONE',  ( 1.000000000000000000, 0.000000000000000000, 0.000000000000000000 ) ) ;
#1957 = DIRECTION ( 'NONE',  ( 1.000000000000000000, 0.000000000000000000, 0.000000000000000000 ) ) ;
#1958 = AXIS2_PLACEMENT_3D ( 'NONE', #508, #2985, #1603 ) ;
#1959 = DIRECTION ( 'NONE',  ( -1.000000000000000000, 0.000000000000000000, 0.000000000000000000 ) ) ;
#1960 = FACE_OUTER_BOUND ( 'NONE', #3192, .T. ) ;
#1961 = ORIENTED_EDGE ( 'NONE', *, *, #2921, .T. ) ;
#1962 = CARTESIAN_POINT ( 'NONE',  ( -7.714959791634051989, -11.83278339979662874, -0.3076765599984150334 ) ) ;
#1963 = VERTEX_POINT ( 'NONE', #2327 ) ;
#1964 = DIRECTION ( 'NONE',  ( 0.000000000000000000, -0.000000000000000000, 1.000000000000000000 ) ) ;
#1965 = VECTOR ( 'NONE', #3076, 1000.000000000000000 ) ;
#1966 = FACE_BOUND ( 'NONE', #3282, .T. ) ;
#1967 = VERTEX_POINT ( 'NONE', #3148 ) ;
#1968 = DIRECTION ( 'NONE',  ( -0.000000000000000000, 0.000000000000000000, 1.000000000000000000 ) ) ;
#1969 = ORIENTED_EDGE ( 'NONE', *, *, #1794, .F. ) ;
#1970 = CARTESIAN_POINT ( 'NONE',  ( -11.83296222574226597, 25.68270705156890443, 0.000000000000000000 ) ) ;
#1971 = EDGE_CURVE ( 'NONE', #1109, #2416, #556, .T. ) ;
#1972 = CARTESIAN_POINT ( 'NONE',  ( -10.88296222574226668, 25.68270705156890443, 0.000000000000000000 ) ) ;
#1973 = DIRECTION ( 'NONE',  ( 0.000000000000000000, 0.000000000000000000, 1.000000000000000000 ) ) ;
#1974 = ORIENTED_EDGE ( 'NONE', *, *, #923, .T. ) ;
#1975 = EDGE_CURVE ( 'NONE', #2551, #262, #3352, .T. ) ;
#1976 = CARTESIAN_POINT ( 'NONE',  ( 17.97437760247791161, 30.02870705156891162, -1.939339828220185691 ) ) ;
#1977 = ORIENTED_EDGE ( 'NONE', *, *, #708, .F. ) ;
#1978 = DIRECTION ( 'NONE',  ( -1.000000000000000000, 0.000000000000000000, -0.000000000000000000 ) ) ;
#1979 = ORIENTED_EDGE ( 'NONE', *, *, #436, .F. ) ;
#1980 = CARTESIAN_POINT ( 'NONE',  ( -9.627525739981228625, 28.40738670800926968, -2.500000000000000000 ) ) ;
#1981 = CIRCLE ( 'NONE', #1528, 0.9499999999999995115 ) ;
#1982 = CARTESIAN_POINT ( 'NONE',  ( 17.53503777425773791, -18.72129294843107772, -2.378679656440367385 ) ) ;
#1983 = CARTESIAN_POINT ( 'NONE',  ( 16.03503777425773436, 27.02870705156891162, 3.292323440001584611 ) ) ;
#1984 = ORIENTED_EDGE ( 'NONE', *, *, #2097, .T. ) ;
#1985 = CARTESIAN_POINT ( 'NONE',  ( -11.83179519312906791, -28.47129294843108482, -2.378679656440365608 ) ) ;
#1986 = CIRCLE ( 'NONE', #2762, 1.000000000000000888 ) ;
#1987 = DIRECTION ( 'NONE',  ( -0.000000000000000000, -0.7071067811865475727, -0.7071067811865475727 ) ) ;
#1988 = AXIS2_PLACEMENT_3D ( 'NONE', #1397, #628, #1950 ) ;
#1989 = EDGE_CURVE ( 'NONE', #3474, #1558, #217, .T. ) ;
#1990 = DIRECTION ( 'NONE',  ( -0.000000000000000000, 0.000000000000000000, 1.000000000000000000 ) ) ;
#1991 = VERTEX_POINT ( 'NONE', #1209 ) ;
#1992 = ADVANCED_FACE ( 'NONE', ( #2307 ), #979, .T. ) ;
#1993 = AXIS2_PLACEMENT_3D ( 'NONE', #113, #392, #3058 ) ;
#1994 = CARTESIAN_POINT ( 'NONE',  ( -17.84364188218263436, 19.25611888778353986, -2.500000000000000000 ) ) ;
#1995 = EDGE_CURVE ( 'NONE', #375, #1758, #1536, .T. ) ;
#1996 = VECTOR ( 'NONE', #1852, 1000.000000000000000 ) ;
#1997 = ORIENTED_EDGE ( 'NONE', *, *, #1574, .F. ) ;
#1998 = LINE ( 'NONE', #2846, #2072 ) ;
#1999 = VERTEX_POINT ( 'NONE', #2275 ) ;
#2000 = VECTOR ( 'NONE', #1924, 1000.000000000000000 ) ;
#2001 = VECTOR ( 'NONE', #1540, 1000.000000000000000 ) ;
#2002 = FACE_OUTER_BOUND ( 'NONE', #2802, .T. ) ;
#2003 = ORIENTED_EDGE ( 'NONE', *, *, #2087, .T. ) ;
#2004 = CARTESIAN_POINT ( 'NONE',  ( 10.45303777425773362, 25.68270705156890443, -2.500000000000000000 ) ) ;
#2005 = ORIENTED_EDGE ( 'NONE', *, *, #1022, .F. ) ;
#2006 = PLANE ( 'NONE',  #982 ) ;
#2007 = CARTESIAN_POINT ( 'NONE',  ( -12.03847372585133435, 28.45342862436083209, -2.453958083648437594 ) ) ;
#2008 = DIRECTION ( 'NONE',  ( 0.000000000000000000, 1.000000000000000000, -0.000000000000000000 ) ) ;
#2009 = ORIENTED_EDGE ( 'NONE', *, *, #596, .T. ) ;
#2010 = VECTOR ( 'NONE', #2614, 1000.000000000000114 ) ;
#2011 = CARTESIAN_POINT ( 'NONE',  ( -10.88296222574226668, 25.68270705156890443, 0.000000000000000000 ) ) ;
#2012 = EDGE_CURVE ( 'NONE', #1088, #2655, #995, .T. ) ;
#2013 = VERTEX_POINT ( 'NONE', #2065 ) ;
#2014 = DIRECTION ( 'NONE',  ( -0.000000000000000000, 0.000000000000000000, 1.000000000000000000 ) ) ;
#2015 = ORIENTED_EDGE ( 'NONE', *, *, #320, .F. ) ;
#2016 = ADVANCED_FACE ( 'NONE', ( #734 ), #1466, .T. ) ;
#2017 = CARTESIAN_POINT ( 'NONE',  ( -17.96496222574226564, 30.02870705156890097, -2.378679656440365608 ) ) ;
#2018 = VERTEX_POINT ( 'NONE', #1227 ) ;
#2019 = DIRECTION ( 'NONE',  ( -0.000000000000000000, -0.000000000000000000, -1.000000000000000000 ) ) ;
#2020 = ORIENTED_EDGE ( 'NONE', *, *, #1934, .F. ) ;
#2021 = CIRCLE ( 'NONE', #1683, 1.000000000000000888 ) ;
#2022 = CARTESIAN_POINT ( 'NONE',  ( 7.285040208365945347, -28.47129294843108482, -0.3076765599984150334 ) ) ;
#2023 = CARTESIAN_POINT ( 'NONE',  ( 16.73503777425770522, 22.52870705156892583, 3.292323440001584611 ) ) ;
#2024 = FACE_OUTER_BOUND ( 'NONE', #1459, .T. ) ;
#2025 = VERTEX_POINT ( 'NONE', #2814 ) ;
#2026 = DIRECTION ( 'NONE',  ( 1.000000000000000000, 0.000000000000000000, 0.000000000000000000 ) ) ;
#2027 = ORIENTED_EDGE ( 'NONE', *, *, #156, .F. ) ;
#2028 = ADVANCED_FACE ( 'NONE', ( #1499 ), #167, .T. ) ;
#2029 = DIRECTION ( 'NONE',  ( 0.000000000000000000, -1.000000000000000000, 0.000000000000000000 ) ) ;
#2030 = EDGE_LOOP ( 'NONE', ( #662, #2140, #2151, #2313 ) ) ;
#2031 = AXIS2_PLACEMENT_3D ( 'NONE', #2753, #1471, #355 ) ;
#2032 = ADVANCED_FACE ( 'NONE', ( #204, #2050 ), #1483, .F. ) ;
#2033 = ORIENTED_EDGE ( 'NONE', *, *, #3438, .F. ) ;
#2034 = CARTESIAN_POINT ( 'NONE',  ( 19.03503777425774146, -26.97129294843108482, 3.292323440001584611 ) ) ;
#2035 =( BOUNDED_CURVE ( )  B_SPLINE_CURVE ( 3, ( #3044, #643, #1714, #1764 ),
 .UNSPECIFIED., .F., .F. ) 
 B_SPLINE_CURVE_WITH_KNOTS ( ( 4, 4 ),
 ( 2.643885820847052592, 3.141592653589793116 ),
 .UNSPECIFIED. ) 
 CURVE ( )  GEOMETRIC_REPRESENTATION_ITEM ( )  RATIONAL_B_SPLINE_CURVE ( ( 1.000000000000000000, 0.9794636360570636580, 0.9794636360570636580, 1.000000000000000000 ) ) 
 REPRESENTATION_ITEM ( '' )  );
#2036 = ORIENTED_EDGE ( 'NONE', *, *, #2183, .F. ) ;
#2037 = CYLINDRICAL_SURFACE ( 'NONE', #993, 0.9500000000000029532 ) ;
#2038 = AXIS2_PLACEMENT_3D ( 'NONE', #493, #2561, #975 ) ;
#2039 = DIRECTION ( 'NONE',  ( 1.000000000000000000, 0.000000000000000000, 0.000000000000000000 ) ) ;
#2040 = ORIENTED_EDGE ( 'NONE', *, *, #2502, .T. ) ;
#2041 = VECTOR ( 'NONE', #3242, 1000.000000000000000 ) ;
#2042 = CARTESIAN_POINT ( 'NONE',  ( 17.97437760247791161, 30.02870705156891162, -1.939339828220185691 ) ) ;
#2043 = DIRECTION ( 'NONE',  ( 0.000000000000000000, 0.000000000000000000, 1.000000000000000000 ) ) ;
#2044 = ORIENTED_EDGE ( 'NONE', *, *, #2591, .F. ) ;
#2045 = AXIS2_PLACEMENT_3D ( 'NONE', #665, #2536, #2507 ) ;
#2046 = CARTESIAN_POINT ( 'NONE',  ( 9.503037774257734327, 25.68270705156890443, 0.000000000000000000 ) ) ;
#2047 = CARTESIAN_POINT ( 'NONE',  ( -10.88296222574226668, 25.68270705156890443, 0.000000000000000000 ) ) ;
#2048 = EDGE_CURVE ( 'NONE', #1594, #804, #2801, .T. ) ;
#2049 = EDGE_LOOP ( 'NONE', ( #2670, #2346, #1799, #1547 ) ) ;
#2050 = FACE_OUTER_BOUND ( 'NONE', #2288, .T. ) ;
#2051 = VERTEX_POINT ( 'NONE', #945 ) ;
#2052 = FACE_OUTER_BOUND ( 'NONE', #3096, .T. ) ;
#2053 = EDGE_CURVE ( 'NONE', #2411, #2602, #2513, .T. ) ;
#2054 = DIRECTION ( 'NONE',  ( -1.156482317317871971E-16, 1.000000000000000000, 0.000000000000000000 ) ) ;
#2055 = VERTEX_POINT ( 'NONE', #2034 ) ;
#2056 = ADVANCED_FACE ( 'NONE', ( #2550 ), #1309, .T. ) ;
#2057 = LINE ( 'NONE', #3122, #691 ) ;
#2058 = CARTESIAN_POINT ( 'NONE',  ( 11.40303777425773468, -25.62529294843109540, 0.000000000000000000 ) ) ;
#2059 = CARTESIAN_POINT ( 'NONE',  ( -16.21496222574229407, 19.77870705156889031, -2.500000000000000000 ) ) ;
#2060 = AXIS2_PLACEMENT_3D ( 'NONE', #807, #261, #1105 ) ;
#2061 = CARTESIAN_POINT ( 'NONE',  ( 19.03503777425773080, 27.02870705156891162, -3.000000000000006217 ) ) ;
#2062 = DIRECTION ( 'NONE',  ( -0.000000000000000000, -0.000000000000000000, -1.000000000000000000 ) ) ;
#2063 = DIRECTION ( 'NONE',  ( -0.000000000000000000, -0.000000000000000000, -1.000000000000000000 ) ) ;
#2064 = ORIENTED_EDGE ( 'NONE', *, *, #1798, .F. ) ;
#2065 = CARTESIAN_POINT ( 'NONE',  ( 16.53503777425773791, -19.72129294843107417, 3.292323440001584611 ) ) ;
#2066 = ORIENTED_EDGE ( 'NONE', *, *, #360, .T. ) ;
#2067 = CARTESIAN_POINT ( 'NONE',  ( -16.46496222574226209, -28.97129294843109193, -4.000000000000000000 ) ) ;
#2068 = VECTOR ( 'NONE', #2019, 1000.000000000000000 ) ;
#2069 = DIRECTION ( 'NONE',  ( 0.000000000000000000, 0.000000000000000000, 1.000000000000000000 ) ) ;
#2070 = ORIENTED_EDGE ( 'NONE', *, *, #1388, .T. ) ;
#2071 = EDGE_CURVE ( 'NONE', #2416, #2556, #6, .T. ) ;
#2072 = VECTOR ( 'NONE', #1205, 1000.000000000000000 ) ;
#2073 = CARTESIAN_POINT ( 'NONE',  ( 13.45303777425773539, 25.68270705156890443, 0.000000000000000000 ) ) ;
#2074 = DIRECTION ( 'NONE',  ( 1.000000000000000000, 2.703465157366452467E-16, 0.000000000000000000 ) ) ;
#2075 = EDGE_CURVE ( 'NONE', #1472, #2506, #2938, .T. ) ;
#2076 = EDGE_LOOP ( 'NONE', ( #2122, #1084, #2397, #2563 ) ) ;
#2077 = LINE ( 'NONE', #765, #2215 ) ;
#2078 = CARTESIAN_POINT ( 'NONE',  ( -19.46496222574226920, 28.96804687978907822, -1.939339828220185691 ) ) ;
#2079 = CARTESIAN_POINT ( 'NONE',  ( 19.03503777425773080, 30.02870705156891162, 3.292323440001584611 ) ) ;
#2080 = VERTEX_POINT ( 'NONE', #1328 ) ;
#2081 = DIRECTION ( 'NONE',  ( 1.000000000000000000, 0.000000000000000000, -0.000000000000000000 ) ) ;
#2082 = ORIENTED_EDGE ( 'NONE', *, *, #2861, .F. ) ;
#2083 = DIRECTION ( 'NONE',  ( -0.000000000000000000, -0.000000000000000000, -1.000000000000000000 ) ) ;
#2084 = AXIS2_PLACEMENT_3D ( 'NONE', #3287, #374, #2250 ) ;
#2085 = DIRECTION ( 'NONE',  ( -1.000000000000000000, 0.000000000000000000, -2.409338161078898687E-16 ) ) ;
#2086 = ORIENTED_EDGE ( 'NONE', *, *, #3250, .F. ) ;
#2087 = EDGE_CURVE ( 'NONE', #3080, #2230, #481, .T. ) ;
#2088 = DIRECTION ( 'NONE',  ( 0.000000000000000000, 0.000000000000000000, 1.000000000000000000 ) ) ;
#2089 = VECTOR ( 'NONE', #840, 1000.000000000000000 ) ;
#2090 = DIRECTION ( 'NONE',  ( 1.000000000000000000, 0.000000000000000000, 0.000000000000000000 ) ) ;
#2091 = DIRECTION ( 'NONE',  ( 1.000000000000000000, 0.000000000000000000, 0.000000000000000000 ) ) ;
#2092 = ADVANCED_FACE ( 'NONE', ( #1083 ), #1030, .F. ) ;
#2093 = AXIS2_PLACEMENT_3D ( 'NONE', #403, #1165, #1956 ) ;
#2094 = ADVANCED_FACE ( 'NONE', ( #1897 ), #291, .T. ) ;
#2095 = DIRECTION ( 'NONE',  ( 1.000000000000000000, 0.000000000000000000, 0.000000000000000000 ) ) ;
#2096 = DIRECTION ( 'NONE',  ( 1.000000000000000000, 2.703465157366452467E-16, 0.000000000000000000 ) ) ;
#2097 = EDGE_CURVE ( 'NONE', #1594, #2642, #2463, .T. ) ;
#2098 = VECTOR ( 'NONE', #474, 1000.000000000000000 ) ;
#2099 = DIRECTION ( 'NONE',  ( 1.000000000000000000, 0.000000000000000000, 0.000000000000000000 ) ) ;
#2100 = ORIENTED_EDGE ( 'NONE', *, *, #1815, .T. ) ;
#2101 = FACE_OUTER_BOUND ( 'NONE', #1302, .T. ) ;
#2102 = EDGE_LOOP ( 'NONE', ( #2020, #2437, #1277, #1275 ) ) ;
#2103 = AXIS2_PLACEMENT_3D ( 'NONE', #1511, #2825, #420 ) ;
#2104 = CARTESIAN_POINT ( 'NONE',  ( 17.53503777425773080, 26.27870705156888320, -4.000000000000000000 ) ) ;
#2105 = CARTESIAN_POINT ( 'NONE',  ( -19.46496222574226209, -29.97129294843108838, -4.000000000000000000 ) ) ;
#2106 = ORIENTED_EDGE ( 'NONE', *, *, #2464, .T. ) ;
#2107 = PLANE ( 'NONE',  #582 ) ;
#2108 = CARTESIAN_POINT ( 'NONE',  ( 16.53503777425773436, 18.77870705156889031, 3.292323440001584611 ) ) ;
#2109 = DIRECTION ( 'NONE',  ( -0.000000000000000000, -0.000000000000000000, -1.000000000000000000 ) ) ;
#2110 = DIRECTION ( 'NONE',  ( -0.000000000000000000, -0.000000000000000000, -1.000000000000000000 ) ) ;
#2111 = ORIENTED_EDGE ( 'NONE', *, *, #2436, .T. ) ;
#2112 = CARTESIAN_POINT ( 'NONE',  ( 19.03503777425773080, 27.02870705156891162, -3.000000000000006217 ) ) ;
#2113 = ORIENTED_EDGE ( 'NONE', *, *, #3073, .F. ) ;
#2114 = EDGE_CURVE ( 'NONE', #1898, #3261, #2136, .T. ) ;
#2115 = DIRECTION ( 'NONE',  ( 1.734723475976807341E-16, -1.000000000000000000, 0.000000000000000000 ) ) ;
#2116 = ORIENTED_EDGE ( 'NONE', *, *, #1279, .F. ) ;
#2117 = CARTESIAN_POINT ( 'NONE',  ( -17.96496222574226564, 26.27870705156888320, -2.378679656440365608 ) ) ;
#2118 = ORIENTED_EDGE ( 'NONE', *, *, #3117, .T. ) ;
#2119 = DIRECTION ( 'NONE',  ( 1.000000000000000000, 1.040834085586083310E-14, 0.000000000000000000 ) ) ;
#2120 = ADVANCED_FACE ( 'NONE', ( #2101 ), #1611, .T. ) ;
#2121 = FACE_OUTER_BOUND ( 'NONE', #2237, .T. ) ;
#2122 = ORIENTED_EDGE ( 'NONE', *, *, #2752, .T. ) ;
#2123 = PRODUCT_DEFINITION ( 'UNKNOWN', '', #3463, #193 ) ;
#2124 = DIRECTION ( 'NONE',  ( 0.000000000000000000, 0.000000000000000000, 1.000000000000000000 ) ) ;
#2125 = CARTESIAN_POINT ( 'NONE',  ( -17.92367420541036438, -19.05140476201649591, -2.419967676772262877 ) ) ;
#2126 = DIRECTION ( 'NONE',  ( -1.889896820699138217E-15, 1.000000000000000000, 0.000000000000000000 ) ) ;
#2127 = VECTOR ( 'NONE', #399, 1000.000000000000000 ) ;
#2128 = DIRECTION ( 'NONE',  ( 0.000000000000000000, 0.000000000000000000, -1.000000000000000000 ) ) ;
#2129 = ORIENTED_EDGE ( 'NONE', *, *, #2925, .T. ) ;
#2130 = DIRECTION ( 'NONE',  ( -1.000000000000000000, 0.000000000000000000, 0.000000000000000000 ) ) ;
#2131 = DIRECTION ( 'NONE',  ( 0.000000000000000000, 0.000000000000000000, -1.000000000000000000 ) ) ;
#2132 = VECTOR ( 'NONE', #2069, 1000.000000000000000 ) ;
#2133 = EDGE_CURVE ( 'NONE', #2813, #2176, #2356, .T. ) ;
#2134 = DIRECTION ( 'NONE',  ( 1.000000000000000000, 0.000000000000000000, 0.000000000000000000 ) ) ;
#2135 = EDGE_LOOP ( 'NONE', ( #461, #3415, #3050, #1139 ) ) ;
#2136 = LINE ( 'NONE', #2413, #3362 ) ;
#2137 = ORIENTED_EDGE ( 'NONE', *, *, #3322, .F. ) ;
#2138 = CYLINDRICAL_SURFACE ( 'NONE', #889, 3.000000000000000888 ) ;
#2139 = EDGE_CURVE ( 'NONE', #1701, #2473, #2376, .T. ) ;
#2140 = ORIENTED_EDGE ( 'NONE', *, *, #2133, .T. ) ;
#2141 = CARTESIAN_POINT ( 'NONE',  ( 15.78503777425770060, 22.52870705156892583, -4.002000000000000668 ) ) ;
#2142 = ORIENTED_EDGE ( 'NONE', *, *, #297, .T. ) ;
#2143 = DIRECTION ( 'NONE',  ( -0.000000000000000000, -0.000000000000000000, -1.000000000000000000 ) ) ;
#2144 = FACE_OUTER_BOUND ( 'NONE', #1713, .T. ) ;
#2145 = VECTOR ( 'NONE', #1643, 1000.000000000000000 ) ;
#2146 = ORIENTED_EDGE ( 'NONE', *, *, #3254, .T. ) ;
#2147 = LINE ( 'NONE', #2679, #3334 ) ;
#2148 = DIRECTION ( 'NONE',  ( 1.000000000000000000, 0.000000000000000000, 0.000000000000000000 ) ) ;
#2149 = AXIS2_PLACEMENT_3D ( 'NONE', #524, #1636, #2420 ) ;
#2150 = CARTESIAN_POINT ( 'NONE',  ( -10.88296222574226668, 25.68270705156890443, -2.500000000000000000 ) ) ;
#2151 = ORIENTED_EDGE ( 'NONE', *, *, #357, .F. ) ;
#2152 = DIRECTION ( 'NONE',  ( -0.000000000000000000, -0.000000000000000000, -1.000000000000000000 ) ) ;
#2153 = ORIENTED_EDGE ( 'NONE', *, *, #2524, .T. ) ;
#2154 = CARTESIAN_POINT ( 'NONE',  ( 16.53503777425774146, -26.22129294843106706, 3.292323440001584611 ) ) ;
#2155 = VECTOR ( 'NONE', #1078, 1000.000000000000000 ) ;
#2156 = VERTEX_POINT ( 'NONE', #1103 ) ;
#2157 = CARTESIAN_POINT ( 'NONE',  ( -13.46496222574230295, 22.52870705156889031, -4.002000000000000668 ) ) ;
#2158 = ORIENTED_EDGE ( 'NONE', *, *, #156, .T. ) ;
#2159 = VECTOR ( 'NONE', #3354, 1000.000000000000000 ) ;
#2160 = ADVANCED_FACE ( 'NONE', ( #1824 ), #3200, .F. ) ;
#2161 = CARTESIAN_POINT ( 'NONE',  ( 9.504204806870928834, -28.47129294843108482, 0.000000000000000000 ) ) ;
#2162 = CARTESIAN_POINT ( 'NONE',  ( -16.21496222574229762, 25.27870705156888320, -2.500000000000000000 ) ) ;
#2163 = EDGE_CURVE ( 'NONE', #1727, #83, #3451, .T. ) ;
#2164 = ORIENTED_EDGE ( 'NONE', *, *, #127, .F. ) ;
#2165 = CARTESIAN_POINT ( 'NONE',  ( -16.46496222574226209, -28.47129294843108482, -2.378679656440364276 ) ) ;
#2166 = CARTESIAN_POINT ( 'NONE',  ( 7.285040208365947123, -29.97129294843108838, -0.3076765599984150334 ) ) ;
#2167 = VECTOR ( 'NONE', #520, 1000.000000000000000 ) ;
#2168 = CARTESIAN_POINT ( 'NONE',  ( 16.53503777425774501, -25.22129294843106706, -4.002000000000000668 ) ) ;
#2169 = ORIENTED_EDGE ( 'NONE', *, *, #2385, .T. ) ;
#2170 = DIRECTION ( 'NONE',  ( 0.000000000000000000, 0.000000000000000000, 1.000000000000000000 ) ) ;
#2171 = ORIENTED_EDGE ( 'NONE', *, *, #1885, .T. ) ;
#2172 = DIRECTION ( 'NONE',  ( 1.000000000000000000, 2.703465157366452467E-16, 0.000000000000000000 ) ) ;
#2173 = VECTOR ( 'NONE', #1562, 1000.000000000000000 ) ;
#2174 = VECTOR ( 'NONE', #1769, 1000.000000000000000 ) ;
#2175 = DIRECTION ( 'NONE',  ( 1.000000000000000000, 0.000000000000000000, 0.000000000000000000 ) ) ;
#2176 = VERTEX_POINT ( 'NONE', #2117 ) ;
#2177 = DIRECTION ( 'NONE',  ( 0.000000000000000000, 0.000000000000000000, -1.000000000000000000 ) ) ;
#2178 = ORIENTED_EDGE ( 'NONE', *, *, #3038, .F. ) ;
#2179 = DIRECTION ( 'NONE',  ( -2.409338161078898687E-16, 0.000000000000000000, 1.000000000000000000 ) ) ;
#2180 = EDGE_CURVE ( 'NONE', #2642, #2579, #2956, .T. ) ;
#2181 = DIRECTION ( 'NONE',  ( -0.000000000000000000, -0.000000000000000000, -1.000000000000000000 ) ) ;
#2182 = VECTOR ( 'NONE', #2054, 1000.000000000000000 ) ;
#2183 = EDGE_CURVE ( 'NONE', #1751, #1023, #3021, .T. ) ;
#2184 = ORIENTED_EDGE ( 'NONE', *, *, #1934, .T. ) ;
#2185 = AXIS2_PLACEMENT_3D ( 'NONE', #2004, #1717, #2490 ) ;
#2186 = CARTESIAN_POINT ( 'NONE',  ( -16.21496222574229762, 25.27870705156888320, -2.500000000000000000 ) ) ;
#2187 = LINE ( 'NONE', #533, #2423 ) ;
#2188 = CARTESIAN_POINT ( 'NONE',  ( -16.46496222574226209, -28.97129294843109193, -4.000000000000000000 ) ) ;
#2189 = VERTEX_POINT ( 'NONE', #1860 ) ;
#2190 = CARTESIAN_POINT ( 'NONE',  ( 14.83503777425773151, -22.47129294843107417, -3.000000000000002665 ) ) ;
#2191 = VERTEX_POINT ( 'NONE', #514 ) ;
#2192 = PLANE ( 'NONE',  #2335 ) ;
#2193 = EDGE_LOOP ( 'NONE', ( #3295, #1346, #2653, #680 ) ) ;
#2194 = CARTESIAN_POINT ( 'NONE',  ( 10.45303777425773362, 25.68270705156890443, 0.000000000000000000 ) ) ;
#2195 = ORIENTED_EDGE ( 'NONE', *, *, #2597, .T. ) ;
#2196 = FILL_AREA_STYLE_COLOUR ( '', #2824 ) ;
#2197 = DIRECTION ( 'NONE',  ( -0.000000000000000000, -0.000000000000000000, -1.000000000000000000 ) ) ;
#2198 = CARTESIAN_POINT ( 'NONE',  ( -17.96496222574225143, -18.88893086009724342, -2.378679656440366941 ) ) ;
#2199 = ADVANCED_FACE ( 'NONE', ( #1630 ), #2648, .F. ) ;
#2200 = EDGE_CURVE ( 'NONE', #1859, #2760, #346, .T. ) ;
#2201 = PLANE ( 'NONE',  #1880 ) ;
#2202 = CIRCLE ( 'NONE', #3039, 1.000000000000000888 ) ;
#2203 = CIRCLE ( 'NONE', #1703, 3.000000000000000888 ) ;
#2204 = DIRECTION ( 'NONE',  ( -0.000000000000000000, -0.000000000000000000, -1.000000000000000000 ) ) ;
#2205 = ORIENTED_EDGE ( 'NONE', *, *, #247, .F. ) ;
#2206 = LINE ( 'NONE', #48, #2737 ) ;
#2207 = ORIENTED_EDGE ( 'NONE', *, *, #1687, .F. ) ;
#2208 = CARTESIAN_POINT ( 'NONE',  ( -17.84364188218263436, 30.02870705156890097, -2.500000000000000000 ) ) ;
#2209 = EDGE_CURVE ( 'NONE', #2377, #1999, #592, .T. ) ;
#2210 = AXIS2_PLACEMENT_3D ( 'NONE', #2787, #2493, #387 ) ;
#2211 = ORIENTED_EDGE ( 'NONE', *, *, #2053, .T. ) ;
#2212 = FACE_OUTER_BOUND ( 'NONE', #940, .T. ) ;
#2213 = EDGE_LOOP ( 'NONE', ( #2036, #813, #227, #626 ) ) ;
#2214 = CARTESIAN_POINT ( 'NONE',  ( -17.16496222574226493, -22.47129294843110969, -3.000000000000002665 ) ) ;
#2215 = VECTOR ( 'NONE', #2408, 1000.000000000000000 ) ;
#2216 = DIRECTION ( 'NONE',  ( -2.703465157366452467E-16, 1.000000000000000000, 0.000000000000000000 ) ) ;
#2217 = DIRECTION ( 'NONE',  ( 0.000000000000000000, 0.000000000000000000, 1.000000000000000000 ) ) ;
#2218 = VECTOR ( 'NONE', #1849, 1000.000000000000000 ) ;
#2219 = VECTOR ( 'NONE', #1795, 1000.000000000000000 ) ;
#2220 = CARTESIAN_POINT ( 'NONE',  ( -10.88296222574226668, 25.68270705156890443, 0.000000000000000000 ) ) ;
#2221 = CARTESIAN_POINT ( 'NONE',  ( 16.03503777425773791, 30.02870705156891162, -4.000000000000000000 ) ) ;
#2222 = ORIENTED_EDGE ( 'NONE', *, *, #2597, .F. ) ;
#2223 = EDGE_CURVE ( 'NONE', #1265, #2080, #66, .T. ) ;
#2224 = CARTESIAN_POINT ( 'NONE',  ( 14.83503777425773151, -22.47129294843107417, 3.292323440001584611 ) ) ;
#2225 = VERTEX_POINT ( 'NONE', #3007 ) ;
#2226 = DIRECTION ( 'NONE',  ( -1.000000000000000000, 0.000000000000000000, 0.000000000000000000 ) ) ;
#2227 = ORIENTED_EDGE ( 'NONE', *, *, #2708, .T. ) ;
#2228 = EDGE_CURVE ( 'NONE', #449, #444, #1138, .T. ) ;
#2229 = CARTESIAN_POINT ( 'NONE',  ( 9.503037774257734327, -25.62529294843109540, 0.000000000000000000 ) ) ;
#2230 = VERTEX_POINT ( 'NONE', #2468 ) ;
#2231 = CARTESIAN_POINT ( 'NONE',  ( 16.03503777425773436, 27.02870705156891162, -2.939339828220178141 ) ) ;
#2232 = VECTOR ( 'NONE', #1311, 1000.000000000000000 ) ;
#2233 = DIRECTION ( 'NONE',  ( 1.000000000000000000, 0.000000000000000000, 0.000000000000000000 ) ) ;
#2234 = LINE ( 'NONE', #1437, #2381 ) ;
#2235 = CARTESIAN_POINT ( 'NONE',  ( 11.70847426001875924, 28.40738670800927324, -2.500000000000000000 ) ) ;
#2236 = AXIS2_PLACEMENT_3D ( 'NONE', #1783, #3416, #1261 ) ;
#2237 = EDGE_LOOP ( 'NONE', ( #2967, #3168, #1414, #1679 ) ) ;
#2238 = PLANE ( 'NONE',  #2241 ) ;
#2239 = ORIENTED_EDGE ( 'NONE', *, *, #1599, .F. ) ;
#2240 = FACE_OUTER_BOUND ( 'NONE', #221, .T. ) ;
#2241 = AXIS2_PLACEMENT_3D ( 'NONE', #3311, #2255, #1978 ) ;
#2242 = EDGE_CURVE ( 'NONE', #2661, #3261, #82, .T. ) ;
#2243 = ORIENTED_EDGE ( 'NONE', *, *, #1424, .F. ) ;
#2244 = PLANE ( 'NONE',  #952 ) ;
#2245 = EDGE_CURVE ( 'NONE', #2230, #2485, #2974, .T. ) ;
#2246 = ORIENTED_EDGE ( 'NONE', *, *, #3366, .T. ) ;
#2247 = FACE_OUTER_BOUND ( 'NONE', #914, .T. ) ;
#2248 = EDGE_CURVE ( 'NONE', #2955, #1519, #2206, .T. ) ;
#2249 = FACE_OUTER_BOUND ( 'NONE', #2782, .T. ) ;
#2250 = DIRECTION ( 'NONE',  ( 1.000000000000000000, 0.000000000000000000, 0.000000000000000000 ) ) ;
#2251 = ORIENTED_EDGE ( 'NONE', *, *, #2248, .T. ) ;
#2252 = ADVANCED_FACE ( 'NONE', ( #2759 ), #610, .T. ) ;
#2253 = CARTESIAN_POINT ( 'NONE',  ( 15.78503777425773613, -22.47129294843107417, -2.500000000000000000 ) ) ;
#2254 = ORIENTED_EDGE ( 'NONE', *, *, #3116, .F. ) ;
#2255 = DIRECTION ( 'NONE',  ( 0.000000000000000000, 0.000000000000000000, -1.000000000000000000 ) ) ;
#2256 = EDGE_LOOP ( 'NONE', ( #936, #1612, #2239, #1916 ) ) ;
#2257 = AXIS2_PLACEMENT_3D ( 'NONE', #3447, #1026, #2829 ) ;
#2258 = ORIENTED_EDGE ( 'NONE', *, *, #2385, .F. ) ;
#2259 = DIRECTION ( 'NONE',  ( -1.000000000000000000, -1.156482317317871971E-16, 0.000000000000000000 ) ) ;
#2260 = ORIENTED_EDGE ( 'NONE', *, *, #2139, .T. ) ;
#2261 = LINE ( 'NONE', #3333, #2508 ) ;
#2262 = CIRCLE ( 'NONE', #3269, 2.999999999999999112 ) ;
#2263 = CARTESIAN_POINT ( 'NONE',  ( -12.13839871150330652, 28.40738670800926968, -2.500000000000000000 ) ) ;
#2264 = VECTOR ( 'NONE', #715, 1000.000000000000000 ) ;
#2265 = DIRECTION ( 'NONE',  ( 0.7071067811865474617, 8.177564888977997868E-17, -0.7071067811865474617 ) ) ;
#2266 = ORIENTED_EDGE ( 'NONE', *, *, #473, .T. ) ;
#2267 = EDGE_CURVE ( 'NONE', #1208, #2290, #1443, .T. ) ;
#2268 = AXIS2_PLACEMENT_3D ( 'NONE', #925, #2299, #3394 ) ;
#2269 = ADVANCED_FACE ( 'NONE', ( #115 ), #1680, .F. ) ;
#2270 = DIRECTION ( 'NONE',  ( 0.000000000000000000, 0.000000000000000000, 1.000000000000000000 ) ) ;
#2271 = EDGE_LOOP ( 'NONE', ( #362, #2607, #1865, #3223 ) ) ;
#2272 = LINE ( 'NONE', #3348, #728 ) ;
#2273 = ORIENTED_EDGE ( 'NONE', *, *, #3, .F. ) ;
#2274 = CARTESIAN_POINT ( 'NONE',  ( -18.40430205396244645, 30.02870705156890097, -1.939339828220185025 ) ) ;
#2275 = CARTESIAN_POINT ( 'NONE',  ( -17.84364188218263436, 27.02870705156890097, -2.500000000000000000 ) ) ;
#2276 = VERTEX_POINT ( 'NONE', #1646 ) ;
#2277 = DIRECTION ( 'NONE',  ( 0.000000000000000000, 0.000000000000000000, 1.000000000000000000 ) ) ;
#2278 = DIRECTION ( 'NONE',  ( 1.000000000000000000, 0.000000000000000000, 0.000000000000000000 ) ) ;
#2279 = DIRECTION ( 'NONE',  ( 1.734723475976807094E-16, -1.000000000000000000, 0.000000000000000000 ) ) ;
#2280 = ORIENTED_EDGE ( 'NONE', *, *, #1348, .F. ) ;
#2281 = AXIS2_PLACEMENT_3D ( 'NONE', #836, #3232, #2462 ) ;
#2282 = EDGE_CURVE ( 'NONE', #1073, #1727, #2742, .T. ) ;
#2283 = PLANE ( 'NONE',  #2389 ) ;
#2284 = CYLINDRICAL_SURFACE ( 'NONE', #1993, 1.000000000000000888 ) ;
#2285 = EDGE_CURVE ( 'NONE', #788, #3143, #1409, .T. ) ;
#2286 = VERTEX_POINT ( 'NONE', #3026 ) ;
#2287 = DIRECTION ( 'NONE',  ( 0.000000000000000000, 0.000000000000000000, 1.000000000000000000 ) ) ;
#2288 = EDGE_LOOP ( 'NONE', ( #1715, #657, #1523, #2207 ) ) ;
#2289 = DIRECTION ( 'NONE',  ( 1.000000000000000000, 0.000000000000000000, 0.000000000000000000 ) ) ;
#2290 = VERTEX_POINT ( 'NONE', #2224 ) ;
#2291 = CARTESIAN_POINT ( 'NONE',  ( 10.45303777425773362, 25.68270705156890443, 0.000000000000000000 ) ) ;
#2292 = EDGE_LOOP ( 'NONE', ( #1262, #2171, #746, #3238, #539, #2040, #3452, #926, #859, #1012, #150, #978, #239, #1565, #893, #496, #2845, #176, #1394, #2684, #2575, #2306, #1953, #1058, #2522, #52, #1144, #3125, #3006, #1288, #3195, #2158, #2618, #304, #963, #1281, #2995, #2491, #1979, #130, #2433, #2044, #1290, #3204, #825, #3098, #961, #198, #2919, #232 ) ) ;
#2293 = AXIS2_PLACEMENT_3D ( 'NONE', #28, #2884, #3469 ) ;
#2294 = PLANE ( 'NONE',  #2786 ) ;
#2295 = CARTESIAN_POINT ( 'NONE',  ( -16.21496222574229051, -25.22129294843106706, -2.500000000000000000 ) ) ;
#2296 = CARTESIAN_POINT ( 'NONE',  ( 11.50624503331336790, 28.49390952209488503, -2.413477185914384648 ) ) ;
#2297 = ORIENTED_EDGE ( 'NONE', *, *, #3271, .T. ) ;
#2298 = DIRECTION ( 'NONE',  ( -0.000000000000000000, -0.000000000000000000, -1.000000000000000000 ) ) ;
#2299 = DIRECTION ( 'NONE',  ( 0.000000000000000000, -0.000000000000000000, -1.000000000000000000 ) ) ;
#2300 = ADVANCED_FACE ( 'NONE', ( #99 ), #3294, .F. ) ;
#2301 = EDGE_LOOP ( 'NONE', ( #1617, #2399, #1569, #565 ) ) ;
#2302 = LINE ( 'NONE', #3326, #1965 ) ;
#2303 = CARTESIAN_POINT ( 'NONE',  ( 15.78503777425770060, 22.52870705156892583, 3.292323440001584611 ) ) ;
#2304 = EDGE_CURVE ( 'NONE', #1825, #1576, #2724, .T. ) ;
#2305 = FACE_OUTER_BOUND ( 'NONE', #2102, .T. ) ;
#2306 = ORIENTED_EDGE ( 'NONE', *, *, #1403, .F. ) ;
#2307 = FACE_OUTER_BOUND ( 'NONE', #1382, .T. ) ;
#2308 = ORIENTED_EDGE ( 'NONE', *, *, #1514, .F. ) ;
#2309 = DIRECTION ( 'NONE',  ( 1.000000000000000000, 0.000000000000000000, 0.000000000000000000 ) ) ;
#2310 = ADVANCED_FACE ( 'NONE', ( #2450, #625 ), #2238, .F. ) ;
#2311 = CIRCLE ( 'NONE', #638, 1.000000000000000888 ) ;
#2312 = FACE_OUTER_BOUND ( 'NONE', #3399, .T. ) ;
#2313 = ORIENTED_EDGE ( 'NONE', *, *, #3179, .F. ) ;
#2314 = VECTOR ( 'NONE', #1335, 1000.000000000000000 ) ;
#2315 = LINE ( 'NONE', #195, #1705 ) ;
#2316 = PRODUCT ( 'Bottom_Enclosure', 'Bottom_Enclosure', '', ( #3480 ) ) ;
#2317 = DIRECTION ( 'NONE',  ( -0.000000000000000000, -0.000000000000000000, -1.000000000000000000 ) ) ;
#2318 = CYLINDRICAL_SURFACE ( 'NONE', #2319, 1.500000000000001332 ) ;
#2319 = AXIS2_PLACEMENT_3D ( 'NONE', #2512, #2043, #1186 ) ;
#2320 = ORIENTED_EDGE ( 'NONE', *, *, #3182, .F. ) ;
#2321 = AXIS2_PLACEMENT_3D ( 'NONE', #581, #1130, #3425 ) ;
#2322 = LINE ( 'NONE', #2061, #1792 ) ;
#2323 = LINE ( 'NONE', #3127, #869 ) ;
#2324 = VECTOR ( 'NONE', #2074, 1000.000000000000000 ) ;
#2325 = EDGE_CURVE ( 'NONE', #3430, #1233, #2035, .T. ) ;
#2326 = ORIENTED_EDGE ( 'NONE', *, *, #863, .T. ) ;
#2327 = CARTESIAN_POINT ( 'NONE',  ( -16.96496222574225854, -19.72129294843107417, -2.500000000000000000 ) ) ;
#2328 = VERTEX_POINT ( 'NONE', #571 ) ;
#2329 = CARTESIAN_POINT ( 'NONE',  ( 10.45303777425773362, -25.62529294843109540, 0.000000000000000000 ) ) ;
#2330 = EDGE_CURVE ( 'NONE', #572, #771, #199, .T. ) ;
#2331 = CARTESIAN_POINT ( 'NONE',  ( 16.03503777425773436, 27.02870705156891162, 3.292323440001584611 ) ) ;
#2332 = EDGE_LOOP ( 'NONE', ( #2129, #1226 ) ) ;
#2333 = DIRECTION ( 'NONE',  ( 1.000000000000000000, 0.000000000000000000, 0.000000000000000000 ) ) ;
#2334 = DIRECTION ( 'NONE',  ( -1.000000000000000000, 0.000000000000000000, 0.000000000000000000 ) ) ;
#2335 = AXIS2_PLACEMENT_3D ( 'NONE', #2470, #1140, #1964 ) ;
#2336 = ORIENTED_EDGE ( 'NONE', *, *, #290, .F. ) ;
#2337 = CARTESIAN_POINT ( 'NONE',  ( -19.46496222574226920, 27.02870705156890097, -3.000000000000006217 ) ) ;
#2338 = DIRECTION ( 'NONE',  ( 1.000000000000000000, 0.000000000000000000, 0.000000000000000000 ) ) ;
#2339 = DIRECTION ( 'NONE',  ( -0.000000000000000000, 0.000000000000000000, 1.000000000000000000 ) ) ;
#2340 = ORIENTED_EDGE ( 'NONE', *, *, #98, .T. ) ;
#2341 = CARTESIAN_POINT ( 'NONE',  ( -15.26496222574230011, 22.52870705156889031, -3.000000000000002665 ) ) ;
#2342 = ORIENTED_EDGE ( 'NONE', *, *, #2285, .F. ) ;
#2343 = DIRECTION ( 'NONE',  ( 0.000000000000000000, 0.000000000000000000, 1.000000000000000000 ) ) ;
#2344 = EDGE_CURVE ( 'NONE', #2668, #2506, #2797, .T. ) ;
#2345 = VECTOR ( 'NONE', #1947, 1000.000000000000000 ) ;
#2346 = ORIENTED_EDGE ( 'NONE', *, *, #1325, .T. ) ;
#2347 = EDGE_CURVE ( 'NONE', #429, #2520, #3126, .T. ) ;
#2348 = FACE_BOUND ( 'NONE', #351, .T. ) ;
#2349 = CARTESIAN_POINT ( 'NONE',  ( 16.03503777425773436, 27.02870705156891162, -4.000000000000000000 ) ) ;
#2350 = DIRECTION ( 'NONE',  ( 1.000000000000000000, 0.000000000000000000, 0.000000000000000000 ) ) ;
#2351 = ADVANCED_FACE ( 'NONE', ( #2592 ), #442, .F. ) ;
#2352 = CARTESIAN_POINT ( 'NONE',  ( -17.16496222574230046, 22.52870705156889031, 3.292323440001584611 ) ) ;
#2353 = CARTESIAN_POINT ( 'NONE',  ( -17.96496222574225854, -26.22129294843106706, -2.378679656440365608 ) ) ;
#2354 = CARTESIAN_POINT ( 'NONE',  ( 10.45303777425773362, -25.62529294843109540, -2.500000000000000000 ) ) ;
#2355 = ORIENTED_EDGE ( 'NONE', *, *, #342, .T. ) ;
#2356 = LINE ( 'NONE', #1877, #2616 ) ;
#2357 = ORIENTED_EDGE ( 'NONE', *, *, #3084, .F. ) ;
#2358 = DIRECTION ( 'NONE',  ( -0.000000000000000000, -0.000000000000000000, -1.000000000000000000 ) ) ;
#2359 = LINE ( 'NONE', #2922, #2941 ) ;
#2360 = ORIENTED_EDGE ( 'NONE', *, *, #2459, .T. ) ;
#2361 = AXIS2_PLACEMENT_3D ( 'NONE', #787, #2899, #2665 ) ;
#2362 = DIRECTION ( 'NONE',  ( 1.000000000000000000, 0.000000000000000000, 0.000000000000000000 ) ) ;
#2363 = CIRCLE ( 'NONE', #1086, 2.749999999999995559 ) ;
#2364 = ADVANCED_FACE ( 'NONE', ( #991 ), #694, .F. ) ;
#2365 = DIRECTION ( 'NONE',  ( 1.000000000000000000, 2.703465157366452467E-16, 0.000000000000000000 ) ) ;
#2366 = CYLINDRICAL_SURFACE ( 'NONE', #1095, 0.9499999999999995115 ) ;
#2367 = AXIS2_PLACEMENT_3D ( 'NONE', #321, #1093, #3478 ) ;
#2368 = EDGE_CURVE ( 'NONE', #1023, #537, #1271, .T. ) ;
#2369 = ORIENTED_EDGE ( 'NONE', *, *, #1866, .F. ) ;
#2370 = DIRECTION ( 'NONE',  ( 1.000000000000000000, 0.000000000000000000, 0.000000000000000000 ) ) ;
#2371 = DIRECTION ( 'NONE',  ( -1.000000000000000000, 0.000000000000000000, 0.000000000000000000 ) ) ;
#2372 = VECTOR ( 'NONE', #3124, 1000.000000000000000 ) ;
#2373 = VECTOR ( 'NONE', #3157, 1000.000000000000000 ) ;
#2374 = FACE_OUTER_BOUND ( 'NONE', #2301, .T. ) ;
#2375 = EDGE_LOOP ( 'NONE', ( #1938, #3060, #2342, #7, #3025, #2611, #1681, #2425, #2498, #1729, #3437, #530 ) ) ;
#2376 = LINE ( 'NONE', #2667, #1504 ) ;
#2377 = VERTEX_POINT ( 'NONE', #1257 ) ;
#2378 = CARTESIAN_POINT ( 'NONE',  ( 17.53503777425773791, -26.97129294843108482, -2.378679656440365164 ) ) ;
#2379 = FACE_OUTER_BOUND ( 'NONE', #2725, .T. ) ;
#2380 = ORIENTED_EDGE ( 'NONE', *, *, #476, .F. ) ;
#2381 = VECTOR ( 'NONE', #2788, 1000.000000000000000 ) ;
#2382 = DIRECTION ( 'NONE',  ( 1.000000000000000000, 0.000000000000000000, 0.000000000000000000 ) ) ;
#2383 = DIRECTION ( 'NONE',  ( 0.000000000000000000, 0.000000000000000000, 1.000000000000000000 ) ) ;
#2384 = DIRECTION ( 'NONE',  ( 0.000000000000000000, 0.000000000000000000, 1.000000000000000000 ) ) ;
#2385 = EDGE_CURVE ( 'NONE', #2290, #2856, #222, .T. ) ;
#2386 = DIRECTION ( 'NONE',  ( -0.000000000000000000, -0.000000000000000000, -1.000000000000000000 ) ) ;
#2387 = EDGE_CURVE ( 'NONE', #572, #3292, #2853, .T. ) ;
#2388 = VERTEX_POINT ( 'NONE', #1239 ) ;
#2389 = AXIS2_PLACEMENT_3D ( 'NONE', #288, #1358, #2365 ) ;
#2390 = LINE ( 'NONE', #1118, #1150 ) ;
#2391 = CARTESIAN_POINT ( 'NONE',  ( -16.21496222574229051, -25.22129294843106706, 3.292323440001584611 ) ) ;
#2392 = EDGE_CURVE ( 'NONE', #2975, #1883, #1454, .T. ) ;
#2393 = VECTOR ( 'NONE', #2343, 1000.000000000000000 ) ;
#2394 = DIRECTION ( 'NONE',  ( 0.000000000000000000, 0.000000000000000000, 1.000000000000000000 ) ) ;
#2395 = EDGE_LOOP ( 'NONE', ( #1517, #292, #71, #1444, #593 ) ) ;
#2396 = DIRECTION ( 'NONE',  ( 1.889896820699131511E-15, -1.000000000000000000, 0.000000000000000000 ) ) ;
#2397 = ORIENTED_EDGE ( 'NONE', *, *, #2711, .F. ) ;
#2398 = CARTESIAN_POINT ( 'NONE',  ( 9.504204806870962585, 28.52870705156890452, 0.000000000000000000 ) ) ;
#2399 = ORIENTED_EDGE ( 'NONE', *, *, #1509, .F. ) ;
#2400 = DIRECTION ( 'NONE',  ( -1.000000000000000000, 0.000000000000000000, 0.000000000000000000 ) ) ;
#2401 = VERTEX_POINT ( 'NONE', #3092 ) ;
#2402 = VECTOR ( 'NONE', #1393, 1000.000000000000000 ) ;
#2403 = CARTESIAN_POINT ( 'NONE',  ( -9.932962225742267393, 25.68270705156890443, 0.000000000000000000 ) ) ;
#2404 = CARTESIAN_POINT ( 'NONE',  ( -17.96496222574226564, 18.77870705156889031, -2.378679656440365608 ) ) ;
#2405 = AXIS2_PLACEMENT_3D ( 'NONE', #730, #3364, #2546 ) ;
#2406 = ORIENTED_EDGE ( 'NONE', *, *, #40, .F. ) ;
#2407 = EDGE_CURVE ( 'NONE', #1258, #3037, #2302, .T. ) ;
#2408 = DIRECTION ( 'NONE',  ( 0.000000000000000000, 0.000000000000000000, 1.000000000000000000 ) ) ;
#2409 = DIRECTION ( 'NONE',  ( 1.000000000000000000, 0.000000000000000000, 0.000000000000000000 ) ) ;
#2410 = DIRECTION ( 'NONE',  ( -0.000000000000000000, 0.000000000000000000, 1.000000000000000000 ) ) ;
#2411 = VERTEX_POINT ( 'NONE', #3378 ) ;
#2412 = ADVANCED_FACE ( 'NONE', ( #1515 ), #974, .F. ) ;
#2413 = CARTESIAN_POINT ( 'NONE',  ( 15.78503777425776100, 19.77870705156889031, 3.292323440001584611 ) ) ;
#2414 = ORIENTED_EDGE ( 'NONE', *, *, #1532, .T. ) ;
#2415 = DIRECTION ( 'NONE',  ( -0.000000000000000000, -0.000000000000000000, -1.000000000000000000 ) ) ;
#2416 = VERTEX_POINT ( 'NONE', #2046 ) ;
#2417 = EDGE_CURVE ( 'NONE', #2013, #2577, #3110, .T. ) ;
#2418 = CARTESIAN_POINT ( 'NONE',  ( -17.96496222574225854, -26.97129294843108838, -2.378679656440364720 ) ) ;
#2419 = EDGE_LOOP ( 'NONE', ( #2064, #2195, #631, #3161 ) ) ;
#2420 = DIRECTION ( 'NONE',  ( -1.156482317317871971E-16, 1.000000000000000000, -0.000000000000000000 ) ) ;
#2421 = VECTOR ( 'NONE', #2646, 1000.000000000000000 ) ;
#2422 = CARTESIAN_POINT ( 'NONE',  ( -19.46496222574226209, -29.97129294843108838, 3.292323440001584611 ) ) ;
#2423 = VECTOR ( 'NONE', #3253, 1000.000000000000000 ) ;
#2424 = DIRECTION ( 'NONE',  ( 0.000000000000000000, 0.000000000000000000, 1.000000000000000000 ) ) ;
#2425 = ORIENTED_EDGE ( 'NONE', *, *, #160, .T. ) ;
#2426 = VECTOR ( 'NONE', #137, 1000.000000000000000 ) ;
#2427 = CARTESIAN_POINT ( 'NONE',  ( 16.53503777425773080, 26.27870705156888320, -2.500000000000000000 ) ) ;
#2428 = CARTESIAN_POINT ( 'NONE',  ( 7.285040208365947123, -11.83278339979662874, -0.3076765599984150334 ) ) ;
#2429 = CIRCLE ( 'NONE', #1201, 3.000000000000000888 ) ;
#2430 = CARTESIAN_POINT ( 'NONE',  ( -19.46496222574226209, -28.47129294843108482, -2.378679656440365608 ) ) ;
#2431 = ORIENTED_EDGE ( 'NONE', *, *, #1420, .T. ) ;
#2432 = DIRECTION ( 'NONE',  ( 1.000000000000000000, 1.889896820699131511E-15, 0.000000000000000000 ) ) ;
#2433 = ORIENTED_EDGE ( 'NONE', *, *, #2733, .F. ) ;
#2434 = CARTESIAN_POINT ( 'NONE',  ( -10.88296222574226668, 25.68270705156890443, 0.000000000000000000 ) ) ;
#2435 = CIRCLE ( 'NONE', #1312, 1.000000000000000888 ) ;
#2436 = EDGE_CURVE ( 'NONE', #2668, #368, #1998, .T. ) ;
#2437 = ORIENTED_EDGE ( 'NONE', *, *, #656, .T. ) ;
#2438 = DIRECTION ( 'NONE',  ( -1.734723475976807094E-16, 1.000000000000000000, 0.000000000000000000 ) ) ;
#2439 = VERTEX_POINT ( 'NONE', #659 ) ;
#2440 = EDGE_CURVE ( 'NONE', #3455, #2013, #3061, .T. ) ;
#2441 = CARTESIAN_POINT ( 'NONE',  ( 17.49374975392584020, -25.89118113484563466, -2.419967676772263765 ) ) ;
#2442 = DIRECTION ( 'NONE',  ( 0.000000000000000000, 0.000000000000000000, 1.000000000000000000 ) ) ;
#2443 = EDGE_CURVE ( 'NONE', #2599, #2551, #2322, .T. ) ;
#2444 =( NAMED_UNIT ( * ) SI_UNIT ( $, .STERADIAN. ) SOLID_ANGLE_UNIT ( ) );
#2445 = EDGE_LOOP ( 'NONE', ( #35, #1733, #2360, #381 ) ) ;
#2446 = DIRECTION ( 'NONE',  ( 0.7071067811865482389, 1.226634733346700543E-16, -0.7071067811865469066 ) ) ;
#2447 = CARTESIAN_POINT ( 'NONE',  ( 17.53503777425773080, 27.02870705156891162, -2.378679656440365608 ) ) ;
#2448 = CARTESIAN_POINT ( 'NONE',  ( 16.03503777425773791, -26.97129294843108838, -2.939339828220178141 ) ) ;
#2449 = ORIENTED_EDGE ( 'NONE', *, *, #225, .T. ) ;
#2450 = FACE_BOUND ( 'NONE', #41, .T. ) ;
#2451 = VERTEX_POINT ( 'NONE', #2530 ) ;
#2452 = AXIS2_PLACEMENT_3D ( 'NONE', #2486, #1159, #2226 ) ;
#2453 = ORIENTED_EDGE ( 'NONE', *, *, #877, .F. ) ;
#2454 = CARTESIAN_POINT ( 'NONE',  ( -17.96496222574226564, 30.02870705156890097, -4.000000000000000000 ) ) ;
#2455 = ORIENTED_EDGE ( 'NONE', *, *, #402, .T. ) ;
#2456 = CIRCLE ( 'NONE', #1958, 1.499999999999999556 ) ;
#2457 = FACE_OUTER_BOUND ( 'NONE', #518, .T. ) ;
#2458 = EDGE_CURVE ( 'NONE', #677, #3455, #2272, .T. ) ;
#2459 = EDGE_CURVE ( 'NONE', #3136, #750, #1181, .T. ) ;
#2460 = FACE_OUTER_BOUND ( 'NONE', #3309, .T. ) ;
#2461 = CARTESIAN_POINT ( 'NONE',  ( -9.627525739981221520, -28.34997260487145354, -2.500000000000000000 ) ) ;
#2462 = DIRECTION ( 'NONE',  ( 1.000000000000000000, 0.000000000000000000, 0.000000000000000000 ) ) ;
#2463 = CIRCLE ( 'NONE', #3189, 0.9499999999999995115 ) ;
#2464 = EDGE_CURVE ( 'NONE', #2473, #2655, #1009, .T. ) ;
#2465 = PLANE ( 'NONE',  #3104 ) ;
#2466 = DIRECTION ( 'NONE',  ( 0.000000000000000000, 0.000000000000000000, 1.000000000000000000 ) ) ;
#2467 = ORIENTED_EDGE ( 'NONE', *, *, #1838, .T. ) ;
#2468 = CARTESIAN_POINT ( 'NONE',  ( -7.714959791634051989, -28.47129294843108482, -0.3076765599984150334 ) ) ;
#2469 = ORIENTED_EDGE ( 'NONE', *, *, #231, .T. ) ;
#2470 = CARTESIAN_POINT ( 'NONE',  ( 15.78503777425775390, -19.72129294843107417, -4.002000000000000668 ) ) ;
#2471 = ORIENTED_EDGE ( 'NONE', *, *, #3159, .F. ) ;
#2472 = DIRECTION ( 'NONE',  ( -1.000000000000000000, 0.000000000000000000, 0.000000000000000000 ) ) ;
#2473 = VERTEX_POINT ( 'NONE', #1625 ) ;
#2474 = DIRECTION ( 'NONE',  ( 0.000000000000000000, 0.000000000000000000, -1.000000000000000000 ) ) ;
#2475 = FACE_OUTER_BOUND ( 'NONE', #2547, .T. ) ;
#2476 = PLANE ( 'NONE',  #3018 ) ;
#2477 = EDGE_CURVE ( 'NONE', #1208, #2401, #112, .T. ) ;
#2478 = FACE_OUTER_BOUND ( 'NONE', #1484, .T. ) ;
#2479 = AXIS2_PLACEMENT_3D ( 'NONE', #1045, #768, #272 ) ;
#2480 = EDGE_CURVE ( 'NONE', #2813, #916, #548, .T. ) ;
#2481 = CIRCLE ( 'NONE', #129, 0.9499999999999995115 ) ;
#2482 = CARTESIAN_POINT ( 'NONE',  ( -19.46496222574226920, 30.02870705156890097, 3.292323440001584611 ) ) ;
#2483 = ORIENTED_EDGE ( 'NONE', *, *, #1599, .T. ) ;
#2484 = CARTESIAN_POINT ( 'NONE',  ( -19.46496222574226920, 28.52870705156889741, -2.378679656440367385 ) ) ;
#2485 = VERTEX_POINT ( 'NONE', #3162 ) ;
#2486 = CARTESIAN_POINT ( 'NONE',  ( -19.46496222574226209, -28.91063277665126563, -1.939339828220185025 ) ) ;
#2487 = AXIS2_PLACEMENT_3D ( 'NONE', #2781, #51, #1126 ) ;
#2488 = DIRECTION ( 'NONE',  ( -0.000000000000000000, -0.000000000000000000, -1.000000000000000000 ) ) ;
#2489 = ORIENTED_EDGE ( 'NONE', *, *, #2538, .F. ) ;
#2490 = DIRECTION ( 'NONE',  ( 1.000000000000000000, 0.000000000000000000, 0.000000000000000000 ) ) ;
#2491 = ORIENTED_EDGE ( 'NONE', *, *, #2702, .T. ) ;
#2492 = DIRECTION ( 'NONE',  ( 1.000000000000000000, 0.000000000000000000, 0.000000000000000000 ) ) ;
#2493 = DIRECTION ( 'NONE',  ( 0.000000000000000000, 0.000000000000000000, 1.000000000000000000 ) ) ;
#2494 = CARTESIAN_POINT ( 'NONE',  ( -18.46496222574227275, 27.02870705156890097, -4.000000000000000000 ) ) ;
#2495 = EDGE_CURVE ( 'NONE', #413, #2485, #3180, .T. ) ;
#2496 = EDGE_CURVE ( 'NONE', #1109, #2018, #3196, .T. ) ;
#2497 = CARTESIAN_POINT ( 'NONE',  ( 13.45303777425773539, -25.62529294843109540, 0.000000000000000000 ) ) ;
#2498 = ORIENTED_EDGE ( 'NONE', *, *, #2594, .F. ) ;
#2499 = CARTESIAN_POINT ( 'NONE',  ( 16.53503777425773080, 26.27870705156888320, -4.002000000000000668 ) ) ;
#2500 = ORIENTED_EDGE ( 'NONE', *, *, #747, .F. ) ;
#2501 = CARTESIAN_POINT ( 'NONE',  ( 15.78503777425775390, -25.22129294843106706, -2.500000000000000000 ) ) ;
#2502 = EDGE_CURVE ( 'NONE', #2799, #1203, #532, .T. ) ;
#2503 = ORIENTED_EDGE ( 'NONE', *, *, #320, .T. ) ;
#2504 = EDGE_CURVE ( 'NONE', #1623, #203, #2147, .T. ) ;
#2505 = CARTESIAN_POINT ( 'NONE',  ( 17.53503777425773791, -18.72129294843107772, -2.378679656440367385 ) ) ;
#2506 = VERTEX_POINT ( 'NONE', #286 ) ;
#2507 = DIRECTION ( 'NONE',  ( 1.000000000000000000, 2.703465157366452467E-16, 0.000000000000000000 ) ) ;
#2508 = VECTOR ( 'NONE', #933, 1000.000000000000000 ) ;
#2509 = FACE_OUTER_BOUND ( 'NONE', #2827, .T. ) ;
#2510 = CARTESIAN_POINT ( 'NONE',  ( 16.03503777425773791, -28.97129294843109193, -4.000000000000000000 ) ) ;
#2511 = ORIENTED_EDGE ( 'NONE', *, *, #480, .T. ) ;
#2512 = CARTESIAN_POINT ( 'NONE',  ( 16.03503777425773791, -26.97129294843108838, -4.000000000000000000 ) ) ;
#2513 = CIRCLE ( 'NONE', #1338, 3.000000000000000888 ) ;
#2514 = ORIENTED_EDGE ( 'NONE', *, *, #3138, .T. ) ;
#2515 = DIRECTION ( 'NONE',  ( -2.703465157366452467E-16, 1.000000000000000000, 0.000000000000000000 ) ) ;
#2516 = ORIENTED_EDGE ( 'NONE', *, *, #3376, .F. ) ;
#2517 = AXIS2_PLACEMENT_3D ( 'NONE', #1495, #2560, #2828 ) ;
#2518 = EDGE_CURVE ( 'NONE', #1233, #88, #1061, .T. ) ;
#2519 = DIRECTION ( 'NONE',  ( -0.000000000000000000, -0.000000000000000000, -1.000000000000000000 ) ) ;
#2520 = VERTEX_POINT ( 'NONE', #3446 ) ;
#2521 = PLANE ( 'NONE',  #56 ) ;
#2522 = ORIENTED_EDGE ( 'NONE', *, *, #60, .F. ) ;
#2523 = FACE_OUTER_BOUND ( 'NONE', #1461, .T. ) ;
#2524 = EDGE_CURVE ( 'NONE', #1365, #670, #1892, .T. ) ;
#2525 = DIRECTION ( 'NONE',  ( -1.000000000000000000, 0.000000000000000000, 0.000000000000000000 ) ) ;
#2526 = FACE_OUTER_BOUND ( 'NONE', #2193, .T. ) ;
#2527 = ORIENTED_EDGE ( 'NONE', *, *, #160, .F. ) ;
#2528 = CARTESIAN_POINT ( 'NONE',  ( 15.78503777425770060, 22.52870705156892583, 3.292323440001584611 ) ) ;
#2529 = ORIENTED_EDGE ( 'NONE', *, *, #1724, .T. ) ;
#2530 = CARTESIAN_POINT ( 'NONE',  ( -16.46496222574226920, 29.02870705156890452, -4.000000000000000000 ) ) ;
#2531 = ORIENTED_EDGE ( 'NONE', *, *, #2285, .T. ) ;
#2532 = AXIS2_PLACEMENT_3D ( 'NONE', #1317, #435, #1018 ) ;
#2533 = CARTESIAN_POINT ( 'NONE',  ( -16.96496222574226209, -25.22129294843106706, 3.292323440001584611 ) ) ;
#2534 = CARTESIAN_POINT ( 'NONE',  ( -10.88296222574226668, 25.68270705156890443, -2.500000000000000000 ) ) ;
#2535 = ORIENTED_EDGE ( 'NONE', *, *, #3190, .T. ) ;
#2536 = DIRECTION ( 'NONE',  ( -1.911638545475377396E-16, 0.7071067811865482389, -0.7071067811865469066 ) ) ;
#2537 = CIRCLE ( 'NONE', #3387, 2.999999999999999112 ) ;
#2538 = EDGE_CURVE ( 'NONE', #578, #116, #2077, .T. ) ;
#2539 = LINE ( 'NONE', #1417, #1759 ) ;
#2540 = CARTESIAN_POINT ( 'NONE',  ( -9.934129258355469005, -28.47129294843108482, -2.378679656440365608 ) ) ;
#2541 = EDGE_LOOP ( 'NONE', ( #1778, #2455, #1158, #2511 ) ) ;
#2542 = EDGE_CURVE ( 'NONE', #2661, #2955, #467, .T. ) ;
#2543 = VECTOR ( 'NONE', #2987, 1000.000000000000000 ) ;
#2544 = LINE ( 'NONE', #2558, #2372 ) ;
#2545 = VERTEX_POINT ( 'NONE', #1042 ) ;
#2546 = DIRECTION ( 'NONE',  ( -1.000000000000000000, 0.000000000000000000, 0.000000000000000000 ) ) ;
#2547 = EDGE_LOOP ( 'NONE', ( #498, #2414, #1017, #2973 ) ) ;
#2548 = AXIS2_PLACEMENT_3D ( 'NONE', #2703, #1155, #875 ) ;
#2549 = EDGE_LOOP ( 'NONE', ( #1861, #648, #509, #3332 ) ) ;
#2550 = FACE_OUTER_BOUND ( 'NONE', #2076, .T. ) ;
#2551 = VERTEX_POINT ( 'NONE', #2112 ) ;
#2552 = CARTESIAN_POINT ( 'NONE',  ( 7.285040208365947123, -11.83278339979662874, 3.292323440001584611 ) ) ;
#2553 = CARTESIAN_POINT ( 'NONE',  ( -16.96496222574226920, 25.27870705156888320, -2.500000000000000000 ) ) ;
#2554 = EDGE_CURVE ( 'NONE', #980, #3136, #1606, .T. ) ;
#2555 = CARTESIAN_POINT ( 'NONE',  ( -17.96496222574225854, -26.05365503676488359, -2.378679656440366497 ) ) ;
#2556 = VERTEX_POINT ( 'NONE', #1287 ) ;
#2557 = CARTESIAN_POINT ( 'NONE',  ( 13.45303777425773539, 25.68270705156890443, -2.500000000000000000 ) ) ;
#2558 = CARTESIAN_POINT ( 'NONE',  ( 17.53503777425773080, 30.02870705156891162, 3.292323440001584611 ) ) ;
#2559 = EDGE_CURVE ( 'NONE', #2760, #2609, #2608, .T. ) ;
#2560 = DIRECTION ( 'NONE',  ( -0.000000000000000000, -0.000000000000000000, -1.000000000000000000 ) ) ;
#2561 = DIRECTION ( 'NONE',  ( 0.000000000000000000, 0.000000000000000000, 1.000000000000000000 ) ) ;
#2562 = CARTESIAN_POINT ( 'NONE',  ( -19.46496222574226209, -28.47129294843108482, -2.378679656440365608 ) ) ;
#2563 = ORIENTED_EDGE ( 'NONE', *, *, #2538, .T. ) ;
#2564 = CARTESIAN_POINT ( 'NONE',  ( -16.21496222574229762, 22.52870705156889031, -2.500000000000000000 ) ) ;
#2565 = ORIENTED_EDGE ( 'NONE', *, *, #2733, .T. ) ;
#2566 = AXIS2_PLACEMENT_3D ( 'NONE', #1750, #428, #717 ) ;
#2567 = FACE_OUTER_BOUND ( 'NONE', #2900, .T. ) ;
#2568 = CARTESIAN_POINT ( 'NONE',  ( 17.97437760247791161, 30.02870705156891162, -1.939339828220185691 ) ) ;
#2569 = VERTEX_POINT ( 'NONE', #215 ) ;
#2570 = CARTESIAN_POINT ( 'NONE',  ( -16.46496222574226209, -26.97129294843108838, -4.000000000000000000 ) ) ;
#2571 = CARTESIAN_POINT ( 'NONE',  ( -19.46496222574226209, -29.97129294843108838, -3.000000000000006217 ) ) ;
#2572 = CARTESIAN_POINT ( 'NONE',  ( -16.21496222574229762, 22.52870705156889031, -3.000000000000002665 ) ) ;
#2573 = ADVANCED_FACE ( 'NONE', ( #2914 ), #254, .T. ) ;
#2574 = DIRECTION ( 'NONE',  ( 1.000000000000000000, 0.000000000000000000, 0.000000000000000000 ) ) ;
#2575 = ORIENTED_EDGE ( 'NONE', *, *, #1388, .F. ) ;
#2576 = ADVANCED_FACE ( 'NONE', ( #270 ), #745, .F. ) ;
#2577 = VERTEX_POINT ( 'NONE', #3213 ) ;
#2578 = CARTESIAN_POINT ( 'NONE',  ( -16.46496222574226209, -29.97129294843108838, -4.000000000000000000 ) ) ;
#2579 = VERTEX_POINT ( 'NONE', #2352 ) ;
#2580 = CARTESIAN_POINT ( 'NONE',  ( 15.78503777425773613, -22.47129294843107417, -3.000000000000002665 ) ) ;
#2581 = CIRCLE ( 'NONE', #2361, 1.000000000000000888 ) ;
#2582 = DIRECTION ( 'NONE',  ( -0.000000000000000000, -0.000000000000000000, -1.000000000000000000 ) ) ;
#2583 = EDGE_LOOP ( 'NONE', ( #427, #3178, #2613, #899 ) ) ;
#2584 = AXIS2_PLACEMENT_3D ( 'NONE', #1972, #1704, #2769 ) ;
#2585 = FACE_BOUND ( 'NONE', #1651, .T. ) ;
#2586 = DIRECTION ( 'NONE',  ( 0.000000000000000000, -0.000000000000000000, -1.000000000000000000 ) ) ;
#2587 =( NAMED_UNIT ( * ) SI_UNIT ( $, .STERADIAN. ) SOLID_ANGLE_UNIT ( ) );
#2588 = CIRCLE ( 'NONE', #2768, 1.000000000000000888 ) ;
#2589 = AXIS2_PLACEMENT_3D ( 'NONE', #2572, #1252, #970 ) ;
#2590 = CIRCLE ( 'NONE', #1777, 2.999999999999999112 ) ;
#2591 = EDGE_CURVE ( 'NONE', #1198, #2666, #1476, .T. ) ;
#2592 = FACE_OUTER_BOUND ( 'NONE', #1238, .T. ) ;
#2593 = CARTESIAN_POINT ( 'NONE',  ( -16.21496222574229762, 22.52870705156889031, -3.000000000000002665 ) ) ;
#2594 = EDGE_CURVE ( 'NONE', #1088, #3292, #2390, .T. ) ;
#2595 = LINE ( 'NONE', #2017, #2264 ) ;
#2596 = ORIENTED_EDGE ( 'NONE', *, *, #921, .T. ) ;
#2597 = EDGE_CURVE ( 'NONE', #3103, #2506, #2755, .T. ) ;
#2598 = DIRECTION ( 'NONE',  ( 0.000000000000000000, -0.000000000000000000, -1.000000000000000000 ) ) ;
#2599 = VERTEX_POINT ( 'NONE', #1422 ) ;
#2600 = LINE ( 'NONE', #2817, #2606 ) ;
#2601 = DIRECTION ( 'NONE',  ( 1.000000000000000000, 2.703465157366452467E-16, 0.000000000000000000 ) ) ;
#2602 = VERTEX_POINT ( 'NONE', #1639 ) ;
#2603 = DIRECTION ( 'NONE',  ( 1.000000000000000000, 0.000000000000000000, 0.000000000000000000 ) ) ;
#2604 = FACE_OUTER_BOUND ( 'NONE', #600, .T. ) ;
#2605 = DIRECTION ( 'NONE',  ( -0.000000000000000000, -0.000000000000000000, -1.000000000000000000 ) ) ;
#2606 = VECTOR ( 'NONE', #1263, 1000.000000000000114 ) ;
#2607 = ORIENTED_EDGE ( 'NONE', *, *, #2228, .T. ) ;
#2608 = LINE ( 'NONE', #2337, #2822 ) ;
#2609 = VERTEX_POINT ( 'NONE', #2494 ) ;
#2610 = PLANE ( 'NONE',  #2809 ) ;
#2611 = ORIENTED_EDGE ( 'NONE', *, *, #1574, .T. ) ;
#2612 = CARTESIAN_POINT ( 'NONE',  ( 10.45303777425773362, 25.68270705156890443, 0.000000000000000000 ) ) ;
#2613 = ORIENTED_EDGE ( 'NONE', *, *, #2209, .T. ) ;
#2614 = DIRECTION ( 'NONE',  ( 0.000000000000000000, -0.7071067811865474617, -0.7071067811865474617 ) ) ;
#2615 = ADVANCED_FACE ( 'NONE', ( #1406 ), #2465, .T. ) ;
#2616 = VECTOR ( 'NONE', #3431, 1000.000000000000000 ) ;
#2617 = DIRECTION ( 'NONE',  ( 0.000000000000000000, -0.000000000000000000, -1.000000000000000000 ) ) ;
#2618 = ORIENTED_EDGE ( 'NONE', *, *, #550, .F. ) ;
#2619 = AXIS2_PLACEMENT_3D ( 'NONE', #1917, #2515, #1172 ) ;
#2620 = ADVANCED_FACE ( 'NONE', ( #1692 ), #890, .F. ) ;
#2621 = PLANE ( 'NONE',  #2532 ) ;
#2622 = DIRECTION ( 'NONE',  ( -1.000000000000000000, 0.000000000000000000, 0.000000000000000000 ) ) ;
#2623 = FACE_OUTER_BOUND ( 'NONE', #2256, .T. ) ;
#2624 = ORIENTED_EDGE ( 'NONE', *, *, #568, .T. ) ;
#2625 = CARTESIAN_POINT ( 'NONE',  ( 11.40303777425773468, 25.68270705156890443, 0.000000000000000000 ) ) ;
#2626 = ORIENTED_EDGE ( 'NONE', *, *, #3138, .F. ) ;
#2627 = CARTESIAN_POINT ( 'NONE',  ( 16.53503777425773436, 25.27870705156888320, 3.292323440001584611 ) ) ;
#2628 = VERTEX_POINT ( 'NONE', #2165 ) ;
#2629 = DIRECTION ( 'NONE',  ( -1.000000000000000000, 0.000000000000000000, 0.000000000000000000 ) ) ;
#2630 = ORIENTED_EDGE ( 'NONE', *, *, #142, .T. ) ;
#2631 = CARTESIAN_POINT ( 'NONE',  ( -10.88296222574226668, 25.68270705156890443, 0.000000000000000000 ) ) ;
#2632 = PLANE ( 'NONE',  #984 ) ;
#2633 = VERTEX_POINT ( 'NONE', #2774 ) ;
#2634 = EDGE_CURVE ( 'NONE', #2975, #2569, #641, .T. ) ;
#2635 = EDGE_CURVE ( 'NONE', #3411, #3325, #3335, .T. ) ;
#2636 = CARTESIAN_POINT ( 'NONE',  ( 16.03503777425773791, -28.47129294843108482, -2.378679656440364720 ) ) ;
#2637 = VECTOR ( 'NONE', #3457, 1000.000000000000000 ) ;
#2638 = LINE ( 'NONE', #322, #595 ) ;
#2639 = ADVANCED_FACE ( 'NONE', ( #587 ), #94, .T. ) ;
#2640 = VECTOR ( 'NONE', #1830, 1000.000000000000000 ) ;
#2641 =( LENGTH_UNIT ( ) NAMED_UNIT ( * ) SI_UNIT ( .MILLI., .METRE. ) );
#2642 = VERTEX_POINT ( 'NONE', #622 ) ;
#2643 = CARTESIAN_POINT ( 'NONE',  ( -7.714959791634051989, -29.97129294843108838, -0.3076765599984150334 ) ) ;
#2644 = DIRECTION ( 'NONE',  ( -0.000000000000000000, -1.000000000000000000, -0.000000000000000000 ) ) ;
#2645 = VECTOR ( 'NONE', #1857, 1000.000000000000000 ) ;
#2646 = DIRECTION ( 'NONE',  ( 1.000000000000000000, -0.000000000000000000, 0.000000000000000000 ) ) ;
#2647 = ORIENTED_EDGE ( 'NONE', *, *, #2133, .F. ) ;
#2648 = CYLINDRICAL_SURFACE ( 'NONE', #2792, 0.9499999999999995115 ) ;
#2649 = VERTEX_POINT ( 'NONE', #874 ) ;
#2650 = CIRCLE ( 'NONE', #2103, 0.9499999999999995115 ) ;
#2651 = DIRECTION ( 'NONE',  ( -1.000000000000000000, 0.000000000000000000, 0.000000000000000000 ) ) ;
#2652 = CIRCLE ( 'NONE', #3341, 2.749999999999995559 ) ;
#2653 = ORIENTED_EDGE ( 'NONE', *, *, #201, .T. ) ;
#2654 = CARTESIAN_POINT ( 'NONE',  ( 15.78503777425770060, 22.52870705156892583, -3.000000000000002665 ) ) ;
#2655 = VERTEX_POINT ( 'NONE', #1911 ) ;
#2656 = EDGE_CURVE ( 'NONE', #1014, #2609, #856, .T. ) ;
#2657 = CARTESIAN_POINT ( 'NONE',  ( -12.13839871150331540, -28.34997260487145354, -2.500000000000000000 ) ) ;
#2658 = DIRECTION ( 'NONE',  ( 0.7071067811865479058, -8.659560562354937789E-17, -0.7071067811865472397 ) ) ;
#2659 = EDGE_CURVE ( 'NONE', #2602, #3468, #3390, .T. ) ;
#2660 = LINE ( 'NONE', #1321, #45 ) ;
#2661 = VERTEX_POINT ( 'NONE', #908 ) ;
#2662 = DIRECTION ( 'NONE',  ( 1.000000000000000000, 0.000000000000000000, 0.000000000000000000 ) ) ;
#2663 = CARTESIAN_POINT ( 'NONE',  ( -17.96496222574226564, 30.02870705156890097, -4.000000000000000000 ) ) ;
#2664 = EDGE_CURVE ( 'NONE', #515, #1371, #343, .T. ) ;
#2665 = DIRECTION ( 'NONE',  ( 1.000000000000000000, 0.000000000000000000, 0.000000000000000000 ) ) ;
#2666 = VERTEX_POINT ( 'NONE', #2235 ) ;
#2667 = CARTESIAN_POINT ( 'NONE',  ( 16.03503777425773791, 28.52870705156890807, -4.000000000000000000 ) ) ;
#2668 = VERTEX_POINT ( 'NONE', #3003 ) ;
#2669 = CARTESIAN_POINT ( 'NONE',  ( -19.46496222574226920, 28.96804687978907822, -1.939339828220185691 ) ) ;
#2670 = ORIENTED_EDGE ( 'NONE', *, *, #2223, .F. ) ;
#2671 = CARTESIAN_POINT ( 'NONE',  ( 10.45303777425773362, -25.62529294843109540, 0.000000000000000000 ) ) ;
#2672 = VERTEX_POINT ( 'NONE', #3308 ) ;
#2673 = AXIS2_PLACEMENT_3D ( 'NONE', #460, #412, #2598 ) ;
#2674 = CARTESIAN_POINT ( 'NONE',  ( -17.96496222574226564, 18.77870705156889031, -4.000000000000000000 ) ) ;
#2675 = CARTESIAN_POINT ( 'NONE',  ( 16.03503777425773791, 30.02870705156891162, -3.000000000000006217 ) ) ;
#2676 = VECTOR ( 'NONE', #1728, 1000.000000000000000 ) ;
#2677 = APPLICATION_PROTOCOL_DEFINITION ( 'draft international standard', 'automotive_design', 1998, #1894 ) ;
#2678 = EDGE_LOOP ( 'NONE', ( #1488, #1243, #3114, #349 ) ) ;
#2679 = CARTESIAN_POINT ( 'NONE',  ( -17.96496222574226564, 30.02870705156890097, 3.292323440001584611 ) ) ;
#2680 = DIRECTION ( 'NONE',  ( -0.000000000000000000, -0.000000000000000000, -1.000000000000000000 ) ) ;
#2681 = ADVANCED_FACE ( 'NONE', ( #2478 ), #2201, .F. ) ;
#2682 = AXIS2_PLACEMENT_3D ( 'NONE', #2730, #3283, #350 ) ;
#2683 = CARTESIAN_POINT ( 'NONE',  ( -16.46496222574226920, 30.02870705156890097, -3.000000000000006217 ) ) ;
#2684 = ORIENTED_EDGE ( 'NONE', *, *, #2921, .F. ) ;
#2685 = DIRECTION ( 'NONE',  ( 1.000000000000000000, 0.000000000000000000, 0.000000000000000000 ) ) ;
#2686 = ORIENTED_EDGE ( 'NONE', *, *, #2242, .F. ) ;
#2687 = CARTESIAN_POINT ( 'NONE',  ( 15.78503777425776988, 25.27870705156888320, -2.500000000000000000 ) ) ;
#2688 = EDGE_CURVE ( 'NONE', #1605, #699, #1708, .T. ) ;
#2689 = EDGE_LOOP ( 'NONE', ( #3219, #2280, #1571, #3065, #2697 ) ) ;
#2690 = DIRECTION ( 'NONE',  ( 0.000000000000000000, -1.000000000000000000, 0.000000000000000000 ) ) ;
#2691 = ORIENTED_EDGE ( 'NONE', *, *, #1863, .F. ) ;
#2692 = CARTESIAN_POINT ( 'NONE',  ( -7.714959791634051989, -28.47129294843108482, -0.3076765599984150334 ) ) ;
#2693 = AXIS2_PLACEMENT_3D ( 'NONE', #1011, #1858, #2882 ) ;
#2694 = LINE ( 'NONE', #1318, #3001 ) ;
#2695 = AXIS2_PLACEMENT_3D ( 'NONE', #1765, #1010, #443 ) ;
#2696 = SHAPE_DEFINITION_REPRESENTATION ( #1786, #1602 ) ;
#2697 = ORIENTED_EDGE ( 'NONE', *, *, #1060, .F. ) ;
#2698 = AXIS2_PLACEMENT_3D ( 'NONE', #1351, #833, #1886 ) ;
#2699 = DIRECTION ( 'NONE',  ( -0.000000000000000000, -0.000000000000000000, 1.000000000000000000 ) ) ;
#2700 = DIRECTION ( 'NONE',  ( 1.156482317317871971E-16, -1.000000000000000000, 0.000000000000000000 ) ) ;
#2701 = CIRCLE ( 'NONE', #1641, 0.9499999999999995115 ) ;
#2702 = EDGE_CURVE ( 'NONE', #1457, #3430, #2435, .T. ) ;
#2703 = CARTESIAN_POINT ( 'NONE',  ( -16.21496222574226564, -22.47129294843110969, -2.500000000000000000 ) ) ;
#2704 = EDGE_LOOP ( 'NONE', ( #1742, #1881, #928, #205, #3206 ) ) ;
#2705 = CARTESIAN_POINT ( 'NONE',  ( -9.932962225742267393, 25.68270705156890443, 0.000000000000000000 ) ) ;
#2706 = ORIENTED_EDGE ( 'NONE', *, *, #336, .T. ) ;
#2707 = DIRECTION ( 'NONE',  ( 1.000000000000000000, 0.000000000000000000, 0.000000000000000000 ) ) ;
#2708 = EDGE_CURVE ( 'NONE', #2416, #1109, #3440, .T. ) ;
#2709 = AXIS2_PLACEMENT_3D ( 'NONE', #1983, #866, #1413 ) ;
#2710 = AXIS2_PLACEMENT_3D ( 'NONE', #2528, #3089, #1761 ) ;
#2711 = EDGE_CURVE ( 'NONE', #578, #1662, #3270, .T. ) ;
#2712 = ORIENTED_EDGE ( 'NONE', *, *, #2708, .F. ) ;
#2713 = VECTOR ( 'NONE', #1033, 1000.000000000000000 ) ;
#2714 = FACE_OUTER_BOUND ( 'NONE', #3263, .T. ) ;
#2715 = EDGE_LOOP ( 'NONE', ( #2146, #1327, #795, #973, #1567 ) ) ;
#2716 = PRESENTATION_STYLE_ASSIGNMENT (( #1923 ) ) ;
#2717 = ADVANCED_FACE ( 'NONE', ( #438 ), #938, .T. ) ;
#2718 = CARTESIAN_POINT ( 'NONE',  ( -16.96496222574226564, 18.77870705156889031, 3.292323440001584611 ) ) ;
#2719 = LINE ( 'NONE', #1352, #2000 ) ;
#2720 = PLANE ( 'NONE',  #2281 ) ;
#2721 = DIRECTION ( 'NONE',  ( -0.000000000000000000, 0.000000000000000000, 1.000000000000000000 ) ) ;
#2722 = LINE ( 'NONE', #2221, #1044 ) ;
#2723 = EDGE_LOOP ( 'NONE', ( #799, #3358 ) ) ;
#2724 = LINE ( 'NONE', #1188, #439 ) ;
#2725 = EDGE_LOOP ( 'NONE', ( #3256, #2821, #3395, #930 ) ) ;
#2726 = CARTESIAN_POINT ( 'NONE',  ( 9.399830515202063808, -28.43649541895706889, -2.413477185914385981 ) ) ;
#2727 = VECTOR ( 'NONE', #414, 1000.000000000000000 ) ;
#2728 = DIRECTION ( 'NONE',  ( 1.000000000000000000, 0.000000000000000000, 0.000000000000000000 ) ) ;
#2729 = ORIENTED_EDGE ( 'NONE', *, *, #998, .F. ) ;
#2730 = CARTESIAN_POINT ( 'NONE',  ( -16.46496222574226920, 27.02870705156890097, -2.378679656440363388 ) ) ;
#2731 = ORIENTED_EDGE ( 'NONE', *, *, #1573, .T. ) ;
#2732 = DIRECTION ( 'NONE',  ( 0.000000000000000000, 0.000000000000000000, 1.000000000000000000 ) ) ;
#2733 = EDGE_CURVE ( 'NONE', #2666, #1991, #1796, .T. ) ;
#2734 = DIRECTION ( 'NONE',  ( 0.000000000000000000, 0.000000000000000000, 1.000000000000000000 ) ) ;
#2735 = FACE_OUTER_BOUND ( 'NONE', #744, .T. ) ;
#2736 = ADVANCED_FACE ( 'NONE', ( #1512 ), #2318, .F. ) ;
#2737 = VECTOR ( 'NONE', #3276, 1000.000000000000000 ) ;
#2738 = DIRECTION ( 'NONE',  ( -0.000000000000000000, -0.000000000000000000, -1.000000000000000000 ) ) ;
#2739 = AXIS2_PLACEMENT_3D ( 'NONE', #209, #2085, #1487 ) ;
#2740 = CARTESIAN_POINT ( 'NONE',  ( -16.96496222574225854, -18.72129294843107417, -2.500000000000000000 ) ) ;
#2741 = EDGE_LOOP ( 'NONE', ( #2357, #1102, #1107, #3382 ) ) ;
#2742 = LINE ( 'NONE', #2991, #1286 ) ;
#2743 = ORIENTED_EDGE ( 'NONE', *, *, #1581, .T. ) ;
#2744 = PLANE ( 'NONE',  #2452 ) ;
#2745 = CARTESIAN_POINT ( 'NONE',  ( -16.46496222574226209, -29.97129294843108838, 3.292323440001584611 ) ) ;
#2746 = ORIENTED_EDGE ( 'NONE', *, *, #2495, .T. ) ;
#2747 = DIRECTION ( 'NONE',  ( 0.000000000000000000, 0.000000000000000000, -1.000000000000000000 ) ) ;
#2748 = ORIENTED_EDGE ( 'NONE', *, *, #452, .F. ) ;
#2749 = CARTESIAN_POINT ( 'NONE',  ( 10.45303777425773362, -25.62529294843109540, 0.000000000000000000 ) ) ;
#2750 = EDGE_CURVE ( 'NONE', #3132, #1782, #673, .T. ) ;
#2751 = FACE_OUTER_BOUND ( 'NONE', #2852, .T. ) ;
#2752 = EDGE_CURVE ( 'NONE', #116, #733, #3344, .T. ) ;
#2753 = CARTESIAN_POINT ( 'NONE',  ( 16.03503777425773791, -26.97129294843108838, -3.000000000000006217 ) ) ;
#2754 = EDGE_CURVE ( 'NONE', #613, #3462, #1219, .T. ) ;
#2755 = LINE ( 'NONE', #566, #2543 ) ;
#2756 = AXIS2_PLACEMENT_3D ( 'NONE', #306, #1324, #2148 ) ;
#2757 = DIRECTION ( 'NONE',  ( -0.000000000000000000, -0.000000000000000000, -1.000000000000000000 ) ) ;
#2758 = ORIENTED_EDGE ( 'NONE', *, *, #484, .F. ) ;
#2759 = FACE_OUTER_BOUND ( 'NONE', #2715, .T. ) ;
#2760 = VERTEX_POINT ( 'NONE', #710 ) ;
#2761 = DIRECTION ( 'NONE',  ( 0.000000000000000000, 0.000000000000000000, -1.000000000000000000 ) ) ;
#2762 = AXIS2_PLACEMENT_3D ( 'NONE', #1412, #2488, #1497 ) ;
#2763 = VERTEX_POINT ( 'NONE', #3072 ) ;
#2764 = DIRECTION ( 'NONE',  ( -0.000000000000000000, -0.000000000000000000, -1.000000000000000000 ) ) ;
#2765 = ORIENTED_EDGE ( 'NONE', *, *, #550, .T. ) ;
#2766 = DIRECTION ( 'NONE',  ( 1.000000000000000000, 0.000000000000000000, 0.000000000000000000 ) ) ;
#2767 = VECTOR ( 'NONE', #1236, 1000.000000000000000 ) ;
#2768 = AXIS2_PLACEMENT_3D ( 'NONE', #2108, #1284, #2090 ) ;
#2769 = DIRECTION ( 'NONE',  ( -1.000000000000000000, 0.000000000000000000, 0.000000000000000000 ) ) ;
#2770 = AXIS2_PLACEMENT_3D ( 'NONE', #601, #1180, #885 ) ;
#2771 = LINE ( 'NONE', #906, #1503 ) ;
#2772 = ORIENTED_EDGE ( 'NONE', *, *, #2440, .F. ) ;
#2773 = VECTOR ( 'NONE', #544, 1000.000000000000000 ) ;
#2774 = CARTESIAN_POINT ( 'NONE',  ( -9.932962225742267393, -25.62529294843109184, -2.500000000000000000 ) ) ;
#2775 = ADVANCED_FACE ( 'NONE', ( #376 ), #1475, .T. ) ;
#2776 = ORIENTED_EDGE ( 'NONE', *, *, #341, .T. ) ;
#2777 = CARTESIAN_POINT ( 'NONE',  ( 17.53503777425773080, 30.02870705156891162, 3.292323440001584611 ) ) ;
#2778 = VERTEX_POINT ( 'NONE', #1776 ) ;
#2779 = EDGE_CURVE ( 'NONE', #3347, #677, #191, .T. ) ;
#2780 = AXIS2_PLACEMENT_3D ( 'NONE', #1678, #344, #3237 ) ;
#2781 = CARTESIAN_POINT ( 'NONE',  ( -10.88296222574226668, 25.68270705156890443, 0.000000000000000000 ) ) ;
#2782 = EDGE_LOOP ( 'NONE', ( #185, #2871, #2406, #990 ) ) ;
#2783 = DIRECTION ( 'NONE',  ( 0.000000000000000000, 0.000000000000000000, -1.000000000000000000 ) ) ;
#2784 = ORIENTED_EDGE ( 'NONE', *, *, #123, .F. ) ;
#2785 = CARTESIAN_POINT ( 'NONE',  ( -12.03847372585134679, -28.39601452122301950, -2.453958083648436261 ) ) ;
#2786 = AXIS2_PLACEMENT_3D ( 'NONE', #3134, #3099, #483 ) ;
#2787 = CARTESIAN_POINT ( 'NONE',  ( 16.03503777425773436, 27.02870705156891162, -4.000000000000000000 ) ) ;
#2788 = DIRECTION ( 'NONE',  ( -1.000000000000000000, 1.889896820699124017E-15, -0.000000000000000000 ) ) ;
#2789 = ORIENTED_EDGE ( 'NONE', *, *, #2659, .T. ) ;
#2790 = AXIS2_PLACEMENT_3D ( 'NONE', #2805, #1973, #340 ) ;
#2791 = FACE_OUTER_BOUND ( 'NONE', #718, .T. ) ;
#2792 = AXIS2_PLACEMENT_3D ( 'NONE', #274, #1345, #2685 ) ;
#2793 = ORIENTED_EDGE ( 'NONE', *, *, #207, .F. ) ;
#2794 = EDGE_CURVE ( 'NONE', #2520, #1638, #1821, .T. ) ;
#2795 = DIRECTION ( 'NONE',  ( -1.734723475976807094E-16, 1.000000000000000000, 0.000000000000000000 ) ) ;
#2796 = ORIENTED_EDGE ( 'NONE', *, *, #3342, .F. ) ;
#2797 = CIRCLE ( 'NONE', #2405, 3.000000000000000888 ) ;
#2798 = DIRECTION ( 'NONE',  ( 1.911638545475373945E-16, -0.7071067811865469066, -0.7071067811865482389 ) ) ;
#2799 = VERTEX_POINT ( 'NONE', #2059 ) ;
#2800 = ADVANCED_FACE ( 'NONE', ( #2791 ), #3374, .F. ) ;
#2801 = LINE ( 'NONE', #2341, #2127 ) ;
#2802 = EDGE_LOOP ( 'NONE', ( #1803, #3450, #1635, #1329 ) ) ;
#2803 = LINE ( 'NONE', #2552, #3067 ) ;
#2804 = CARTESIAN_POINT ( 'NONE',  ( -16.46496222574226209, -29.97129294843108838, -3.000000000000006217 ) ) ;
#2805 = CARTESIAN_POINT ( 'NONE',  ( 15.78503777425773613, -22.47129294843107417, -4.002000000000000668 ) ) ;
#2806 = EDGE_LOOP ( 'NONE', ( #2917, #879, #2529, #664 ) ) ;
#2807 = CARTESIAN_POINT ( 'NONE',  ( 10.45303777425773362, -25.62529294843109540, 0.000000000000000000 ) ) ;
#2808 = ORIENTED_EDGE ( 'NONE', *, *, #503, .F. ) ;
#2809 = AXIS2_PLACEMENT_3D ( 'NONE', #2916, #1588, #1822 ) ;
#2810 = CARTESIAN_POINT ( 'NONE',  ( 16.53503777425773791, -19.72129294843107417, -4.002000000000000668 ) ) ;
#2811 = ORIENTED_EDGE ( 'NONE', *, *, #3322, .T. ) ;
#2812 = EDGE_CURVE ( 'NONE', #810, #407, #2544, .T. ) ;
#2813 = VERTEX_POINT ( 'NONE', #143 ) ;
#2814 = CARTESIAN_POINT ( 'NONE',  ( 7.453037774257734505, -25.62529294843109540, 0.000000000000000000 ) ) ;
#2815 = EDGE_CURVE ( 'NONE', #449, #3008, #2876, .T. ) ;
#2816 = ORIENTED_EDGE ( 'NONE', *, *, #3017, .T. ) ;
#2817 = CARTESIAN_POINT ( 'NONE',  ( 18.03503777425773791, 27.02870705156891162, -4.000000000000000000 ) ) ;
#2818 = VECTOR ( 'NONE', #265, 1000.000000000000000 ) ;
#2819 = CARTESIAN_POINT ( 'NONE',  ( 11.40187074164453129, -28.47129294843108482, -2.378679656440365608 ) ) ;
#2820 = LINE ( 'NONE', #189, #1560 ) ;
#2821 = ORIENTED_EDGE ( 'NONE', *, *, #2656, .F. ) ;
#2822 = VECTOR ( 'NONE', #821, 1000.000000000000114 ) ;
#2823 = ADVANCED_FACE ( 'NONE', ( #726 ), #2284, .F. ) ;
#2824 = COLOUR_RGB ( '',0.7921568627450980005, 0.8196078431372548767, 0.9333333333333333481 ) ;
#2825 = DIRECTION ( 'NONE',  ( -0.000000000000000000, 0.000000000000000000, 1.000000000000000000 ) ) ;
#2826 = DIRECTION ( 'NONE',  ( -1.000000000000000000, -1.889896820699131511E-15, 0.000000000000000000 ) ) ;
#2827 = EDGE_LOOP ( 'NONE', ( #1891, #2923, #3093, #1029 ) ) ;
#2828 = DIRECTION ( 'NONE',  ( -1.000000000000000000, 0.000000000000000000, 0.000000000000000000 ) ) ;
#2829 = DIRECTION ( 'NONE',  ( 1.000000000000000000, 0.000000000000000000, 0.000000000000000000 ) ) ;
#2830 = ORIENTED_EDGE ( 'NONE', *, *, #1424, .T. ) ;
#2831 = DIRECTION ( 'NONE',  ( -0.000000000000000000, -0.000000000000000000, -1.000000000000000000 ) ) ;
#2832 = ORIENTED_EDGE ( 'NONE', *, *, #1448, .T. ) ;
#2833 = CARTESIAN_POINT ( 'NONE',  ( -16.46496222574226920, 27.96804687978908532, -2.939339828220178141 ) ) ;
#2834 = AXIS2_PLACEMENT_3D ( 'NONE', #2349, #1298, #451 ) ;
#2835 = CARTESIAN_POINT ( 'NONE',  ( 16.03503777425773791, -28.34997260487145354, -2.500000000000000000 ) ) ;
#2836 = ORIENTED_EDGE ( 'NONE', *, *, #1087, .F. ) ;
#2837 = AXIS2_PLACEMENT_3D ( 'NONE', #2940, #1085, #2707 ) ;
#2838 = EDGE_CURVE ( 'NONE', #479, #1221, #3216, .T. ) ;
#2839 =( GEOMETRIC_REPRESENTATION_CONTEXT ( 3 ) GLOBAL_UNCERTAINTY_ASSIGNED_CONTEXT ( ( #1816 ) ) GLOBAL_UNIT_ASSIGNED_CONTEXT ( ( #2641, #1353, #2444 ) ) REPRESENTATION_CONTEXT ( 'NONE', 'WORKASPACE' ) );
#2840 = CARTESIAN_POINT ( 'NONE',  ( 19.03503777425773080, 27.02870705156891162, 3.292323440001584611 ) ) ;
#2841 = CARTESIAN_POINT ( 'NONE',  ( -10.88296222574226668, -25.62529294843109184, 0.000000000000000000 ) ) ;
#2842 = EDGE_CURVE ( 'NONE', #1228, #537, #1533, .T. ) ;
#2843 = DIRECTION ( 'NONE',  ( 0.000000000000000000, -0.000000000000000000, -1.000000000000000000 ) ) ;
#2844 = VECTOR ( 'NONE', #2386, 1000.000000000000000 ) ;
#2845 = ORIENTED_EDGE ( 'NONE', *, *, #2347, .F. ) ;
#2846 = CARTESIAN_POINT ( 'NONE',  ( -7.882962225742265794, -25.62529294843109184, 0.000000000000000000 ) ) ;
#2847 = ORIENTED_EDGE ( 'NONE', *, *, #3014, .F. ) ;
#2848 = AXIS2_PLACEMENT_3D ( 'NONE', #2612, #3220, #220 ) ;
#2849 = DIRECTION ( 'NONE',  ( 0.000000000000000000, 0.000000000000000000, 1.000000000000000000 ) ) ;
#2850 = EDGE_LOOP ( 'NONE', ( #1156, #615, #701, #2355 ) ) ;
#2851 = DIRECTION ( 'NONE',  ( 0.000000000000000000, -0.000000000000000000, -1.000000000000000000 ) ) ;
#2852 = EDGE_LOOP ( 'NONE', ( #144, #847, #1974, #347 ) ) ;
#2853 = CIRCLE ( 'NONE', #3475, 3.000000000000000000 ) ;
#2854 = DIRECTION ( 'NONE',  ( -4.329780281177468894E-17, -0.7071067811865479058, -0.7071067811865472397 ) ) ;
#2855 = CARTESIAN_POINT ( 'NONE',  ( 9.504204806870919953, -28.47129294843108482, -2.378679656440365608 ) ) ;
#2856 = VERTEX_POINT ( 'NONE', #491 ) ;
#2857 =( BOUNDED_CURVE ( )  B_SPLINE_CURVE ( 3, ( #3118, #2296, #720, #2888 ),
 .UNSPECIFIED., .F., .F. ) 
 B_SPLINE_CURVE_WITH_KNOTS ( ( 4, 4 ),
 ( 3.463395796891665768, 3.573362445082382433 ),
 .UNSPECIFIED. ) 
 CURVE ( )  GEOMETRIC_REPRESENTATION_ITEM ( )  RATIONAL_B_SPLINE_CURVE ( ( 1.000000000000000000, 0.9989925318741212923, 0.9989925318741212923, 1.000000000000000000 ) ) 
 REPRESENTATION_ITEM ( '' )  );
#2858 = ADVANCED_FACE ( 'NONE', ( #1319 ), #2911, .T. ) ;
#2859 = DIRECTION ( 'NONE',  ( 0.000000000000000000, 0.000000000000000000, 1.000000000000000000 ) ) ;
#2860 = CARTESIAN_POINT ( 'NONE',  ( -16.21496222574229762, 22.52870705156889031, -2.500000000000000000 ) ) ;
#2861 = EDGE_CURVE ( 'NONE', #2799, #699, #1268, .T. ) ;
#2862 = ORIENTED_EDGE ( 'NONE', *, *, #337, .T. ) ;
#2863 = CARTESIAN_POINT ( 'NONE',  ( -19.46496222574226209, -28.47129294843108482, -4.000000000000000000 ) ) ;
#2864 = DIRECTION ( 'NONE',  ( -0.000000000000000000, -0.000000000000000000, -1.000000000000000000 ) ) ;
#2865 = ORIENTED_EDGE ( 'NONE', *, *, #1282, .T. ) ;
#2866 = CARTESIAN_POINT ( 'NONE',  ( 10.45303777425773362, 25.68270705156890443, 0.000000000000000000 ) ) ;
#2867 = EDGE_LOOP ( 'NONE', ( #2483, #2467 ) ) ;
#2868 = CARTESIAN_POINT ( 'NONE',  ( -17.96496222574226564, 27.02870705156890097, -4.000000000000000000 ) ) ;
#2869 = AXIS2_PLACEMENT_3D ( 'NONE', #1225, #2063, #1534 ) ;
#2870 = DIRECTION ( 'NONE',  ( 1.000000000000000000, -1.156482317317871725E-15, 0.000000000000000000 ) ) ;
#2871 = ORIENTED_EDGE ( 'NONE', *, *, #1153, .T. ) ;
#2872 = VECTOR ( 'NONE', #960, 1000.000000000000000 ) ;
#2873 = CARTESIAN_POINT ( 'NONE',  ( 16.03503777425773436, 27.02870705156891162, -2.378679656440363388 ) ) ;
#2874 = CARTESIAN_POINT ( 'NONE',  ( -16.96496222574225854, -18.72129294843107417, 3.292323440001584611 ) ) ;
#2875 = CARTESIAN_POINT ( 'NONE',  ( -16.46496222574226209, -26.97129294843108838, -2.939339828220178141 ) ) ;
#2876 = CIRCLE ( 'NONE', #758, 0.9499999999999995115 ) ;
#2877 = VERTEX_POINT ( 'NONE', #3246 ) ;
#2878 = AXIS2_PLACEMENT_3D ( 'NONE', #1634, #2177, #2400 ) ;
#2879 = CARTESIAN_POINT ( 'NONE',  ( -17.96496222574226564, 30.02870705156890097, 3.292323440001584611 ) ) ;
#2880 = CARTESIAN_POINT ( 'NONE',  ( 17.41371743069809952, 19.25611888778353631, -2.500000000000000000 ) ) ;
#2881 = EDGE_CURVE ( 'NONE', #3251, #2877, #507, .T. ) ;
#2882 = DIRECTION ( 'NONE',  ( 1.000000000000000000, 0.000000000000000000, 0.000000000000000000 ) ) ;
#2883 = ORIENTED_EDGE ( 'NONE', *, *, #3226, .T. ) ;
#2884 = DIRECTION ( 'NONE',  ( 0.000000000000000000, 0.000000000000000000, 1.000000000000000000 ) ) ;
#2885 = EDGE_LOOP ( 'NONE', ( #1922, #1161, #2793, #2178, #289, #1270, #2184, #2066 ) ) ;
#2886 = LINE ( 'NONE', #2067, #2727 ) ;
#2887 = ADVANCED_FACE ( 'NONE', ( #1300 ), #528, .F. ) ;
#2888 = CARTESIAN_POINT ( 'NONE',  ( 11.70847426001875924, 28.40738670800927324, -2.500000000000000000 ) ) ;
#2889 = ORIENTED_EDGE ( 'NONE', *, *, #1071, .T. ) ;
#2890 = DIRECTION ( 'NONE',  ( -0.000000000000000000, -0.7071067811865474617, 0.7071067811865474617 ) ) ;
#2891 = CARTESIAN_POINT ( 'NONE',  ( -16.21496222574229051, -19.72129294843107417, -2.500000000000000000 ) ) ;
#2892 = CARTESIAN_POINT ( 'NONE',  ( -16.21496222574226564, -22.47129294843110969, 3.292323440001584611 ) ) ;
#2893 = VECTOR ( 'NONE', #753, 1000.000000000000000 ) ;
#2894 = ORIENTED_EDGE ( 'NONE', *, *, #2881, .F. ) ;
#2895 = CARTESIAN_POINT ( 'NONE',  ( 15.78503777425773613, -22.47129294843107417, -3.000000000000002665 ) ) ;
#2896 = DIRECTION ( 'NONE',  ( 1.000000000000000000, 0.000000000000000000, 0.000000000000000000 ) ) ;
#2897 = ADVANCED_FACE ( 'NONE', ( #55 ), #1527, .F. ) ;
#2898 = ADVANCED_FACE ( 'NONE', ( #2457 ), #2366, .F. ) ;
#2899 = DIRECTION ( 'NONE',  ( -0.000000000000000000, -0.000000000000000000, -1.000000000000000000 ) ) ;
#2900 = EDGE_LOOP ( 'NONE', ( #1361, #2830, #2254, #1856, #2009 ) ) ;
#2901 = CARTESIAN_POINT ( 'NONE',  ( -19.46496222574226920, 30.02870705156890097, 3.292323440001584611 ) ) ;
#2902 = EDGE_LOOP ( 'NONE', ( #1790, #2706 ) ) ;
#2903 = CARTESIAN_POINT ( 'NONE',  ( -7.882962225742265794, 25.68270705156890443, 0.000000000000000000 ) ) ;
#2904 = ADVANCED_FACE ( 'NONE', ( #2623 ), #471, .F. ) ;
#2905 = EDGE_CURVE ( 'NONE', #2545, #2411, #318, .T. ) ;
#2906 = VECTOR ( 'NONE', #1047, 1000.000000000000000 ) ;
#2907 = DIRECTION ( 'NONE',  ( 1.000000000000000000, 1.734723475976807094E-16, -0.000000000000000000 ) ) ;
#2908 = ORIENTED_EDGE ( 'NONE', *, *, #3254, .F. ) ;
#2909 = CARTESIAN_POINT ( 'NONE',  ( -16.96496222574226920, 25.27870705156888320, -4.002000000000000668 ) ) ;
#2910 = DIRECTION ( 'NONE',  ( 0.000000000000000000, 0.000000000000000000, 1.000000000000000000 ) ) ;
#2911 = PLANE ( 'NONE',  #1204 ) ;
#2912 = MANIFOLD_SOLID_BREP ( 'Fillet1', #3042 ) ;
#2913 = VERTEX_POINT ( 'NONE', #3409 ) ;
#2914 = FACE_OUTER_BOUND ( 'NONE', #1248, .T. ) ;
#2915 = CARTESIAN_POINT ( 'NONE',  ( -17.96496222574226209, 26.11106913990270684, -2.378679656440366497 ) ) ;
#2916 = CARTESIAN_POINT ( 'NONE',  ( -19.46496222574226209, -28.91063277665126563, -1.939339828220185025 ) ) ;
#2917 = ORIENTED_EDGE ( 'NONE', *, *, #3338, .T. ) ;
#2918 = DIRECTION ( 'NONE',  ( 1.000000000000000000, 0.000000000000000000, 0.000000000000000000 ) ) ;
#2919 = ORIENTED_EDGE ( 'NONE', *, *, #1652, .F. ) ;
#2920 = CARTESIAN_POINT ( 'NONE',  ( 16.03503777425773791, -29.97129294843108838, 3.292323440001584611 ) ) ;
#2921 = EDGE_CURVE ( 'NONE', #1322, #368, #3106, .T. ) ;
#2922 = CARTESIAN_POINT ( 'NONE',  ( -19.46496222574226209, -26.97129294843108838, -3.000000000000006217 ) ) ;
#2923 = ORIENTED_EDGE ( 'NONE', *, *, #2996, .T. ) ;
#2924 = CIRCLE ( 'NONE', #1301, 0.9499999999999995115 ) ;
#2925 = EDGE_CURVE ( 'NONE', #2156, #2569, #86, .T. ) ;
#2926 = CARTESIAN_POINT ( 'NONE',  ( -7.714959791634052877, -29.97129294843108838, 3.292323440001584611 ) ) ;
#2927 = AXIS2_PLACEMENT_3D ( 'NONE', #3193, #1297, #2362 ) ;
#2928 = CARTESIAN_POINT ( 'NONE',  ( 17.53503777425773436, 18.77870705156889031, -4.000000000000000000 ) ) ;
#2929 = EDGE_CURVE ( 'NONE', #3027, #1701, #850, .T. ) ;
#2930 = VECTOR ( 'NONE', #2179, 1000.000000000000000 ) ;
#2931 = CARTESIAN_POINT ( 'NONE',  ( 0.000000000000000000, 0.000000000000000000, 0.000000000000000000 ) ) ;
#2932 = VERTEX_POINT ( 'NONE', #761 ) ;
#2933 = CARTESIAN_POINT ( 'NONE',  ( 16.03503777425773791, 30.02870705156891162, -3.000000000000006217 ) ) ;
#2934 = CARTESIAN_POINT ( 'NONE',  ( -17.96496222574226564, 26.27870705156888320, -2.378679656440365608 ) ) ;
#2935 = VECTOR ( 'NONE', #2699, 1000.000000000000000 ) ;
#2936 = DIRECTION ( 'NONE',  ( 1.000000000000000000, 0.000000000000000000, 0.000000000000000000 ) ) ;
#2937 = ORIENTED_EDGE ( 'NONE', *, *, #337, .F. ) ;
#2938 = LINE ( 'NONE', #1590, #1005 ) ;
#2939 = ORIENTED_EDGE ( 'NONE', *, *, #1111, .T. ) ;
#2940 = CARTESIAN_POINT ( 'NONE',  ( 0.000000000000000000, 0.000000000000000000, -2.500000000000000000 ) ) ;
#2941 = VECTOR ( 'NONE', #3205, 1000.000000000000114 ) ;
#2942 = ORIENTED_EDGE ( 'NONE', *, *, #2200, .F. ) ;
#2943 = CARTESIAN_POINT ( 'NONE',  ( -17.96496222574226564, 30.02870705156890097, -2.378679656440365608 ) ) ;
#2944 = ORIENTED_EDGE ( 'NONE', *, *, #3017, .F. ) ;
#2945 = CARTESIAN_POINT ( 'NONE',  ( 15.78503777425775390, -25.22129294843106706, -4.002000000000000668 ) ) ;
#2946 = ADVANCED_FACE ( 'NONE', ( #2999 ), #2006, .T. ) ;
#2947 = AXIS2_PLACEMENT_3D ( 'NONE', #3088, #2466, #3291 ) ;
#2948 = CARTESIAN_POINT ( 'NONE',  ( 9.504204806870928834, -28.47129294843108482, 0.000000000000000000 ) ) ;
#2949 = ADVANCED_FACE ( 'NONE', ( #2523 ), #335, .T. ) ;
#2950 = ORIENTED_EDGE ( 'NONE', *, *, #1539, .T. ) ;
#2951 = CARTESIAN_POINT ( 'NONE',  ( 17.53503777425773080, 30.02870705156891162, -2.378679656440367385 ) ) ;
#2952 = LINE ( 'NONE', #2166, #2089 ) ;
#2953 = VECTOR ( 'NONE', #1845, 1000.000000000000000 ) ;
#2954 = FACE_OUTER_BOUND ( 'NONE', #1185, .T. ) ;
#2955 = VERTEX_POINT ( 'NONE', #1211 ) ;
#2956 = LINE ( 'NONE', #553, #1059 ) ;
#2957 = ORIENTED_EDGE ( 'NONE', *, *, #939, .T. ) ;
#2958 = CARTESIAN_POINT ( 'NONE',  ( -16.46496222574226209, -28.47129294843108482, -4.000000000000000000 ) ) ;
#2959 = CYLINDRICAL_SURFACE ( 'NONE', #3109, 2.749999999999995559 ) ;
#2960 = VERTEX_POINT ( 'NONE', #903 ) ;
#2961 = CARTESIAN_POINT ( 'NONE',  ( 15.78503777425773613, -22.47129294843107417, 3.292323440001584611 ) ) ;
#2962 = LINE ( 'NONE', #1658, #1996 ) ;
#2963 = VECTOR ( 'NONE', #1223, 1000.000000000000000 ) ;
#2964 = ADVANCED_FACE ( 'NONE', ( #1954 ), #1145, .F. ) ;
#2965 = LINE ( 'NONE', #251, #3010 ) ;
#2966 = ADVANCED_FACE ( 'NONE', ( #3033 ), #1469, .F. ) ;
#2967 = ORIENTED_EDGE ( 'NONE', *, *, #1384, .F. ) ;
#2968 = DIRECTION ( 'NONE',  ( 1.000000000000000000, 0.000000000000000000, 0.000000000000000000 ) ) ;
#2969 = CARTESIAN_POINT ( 'NONE',  ( -17.92367420541037148, 25.94859523798345080, -2.419967676772262877 ) ) ;
#2970 = EDGE_CURVE ( 'NONE', #47, #203, #136, .T. ) ;
#2971 =( BOUNDED_CURVE ( )  B_SPLINE_CURVE ( 3, ( #1985, #3285, #2785, #616 ),
 .UNSPECIFIED., .F., .F. ) 
 B_SPLINE_CURVE_WITH_KNOTS ( ( 4, 4 ),
 ( 3.463395796891675094, 3.573362445082390870 ),
 .UNSPECIFIED. ) 
 CURVE ( )  GEOMETRIC_REPRESENTATION_ITEM ( )  RATIONAL_B_SPLINE_CURVE ( ( 1.000000000000000000, 0.9989925318741212923, 0.9989925318741212923, 1.000000000000000000 ) ) 
 REPRESENTATION_ITEM ( '' )  );
#2972 = DIRECTION ( 'NONE',  ( 0.000000000000000000, 0.000000000000000000, 1.000000000000000000 ) ) ;
#2973 = ORIENTED_EDGE ( 'NONE', *, *, #1341, .T. ) ;
#2974 = LINE ( 'NONE', #1962, #2402 ) ;
#2975 = VERTEX_POINT ( 'NONE', #2214 ) ;
#2976 = DIRECTION ( 'NONE',  ( -0.000000000000000000, -0.000000000000000000, -1.000000000000000000 ) ) ;
#2977 = ADVANCED_FACE ( 'NONE', ( #1939 ), #401, .T. ) ;
#2978 = CARTESIAN_POINT ( 'NONE',  ( -16.96496222574226564, 18.77870705156889031, -2.500000000000000000 ) ) ;
#2979 = ORIENTED_EDGE ( 'NONE', *, *, #3014, .T. ) ;
#2980 = DIRECTION ( 'NONE',  ( 1.000000000000000000, 0.000000000000000000, 0.000000000000000000 ) ) ;
#2981 = ORIENTED_EDGE ( 'NONE', *, *, #3094, .T. ) ;
#2982 = CARTESIAN_POINT ( 'NONE',  ( 16.03503777425773791, -29.97129294843108838, -3.000000000000006217 ) ) ;
#2983 = DIRECTION ( 'NONE',  ( -0.000000000000000000, -0.000000000000000000, -1.000000000000000000 ) ) ;
#2984 = VECTOR ( 'NONE', #2859, 1000.000000000000000 ) ;
#2985 = DIRECTION ( 'NONE',  ( -0.000000000000000000, -0.000000000000000000, -1.000000000000000000 ) ) ;
#2986 = CIRCLE ( 'NONE', #2698, 3.000000000000000888 ) ;
#2987 = DIRECTION ( 'NONE',  ( 1.000000000000000000, 0.000000000000000000, 0.000000000000000000 ) ) ;
#2988 = CARTESIAN_POINT ( 'NONE',  ( -16.21496222574229762, 22.52870705156889031, 3.292323440001584611 ) ) ;
#2989 = VERTEX_POINT ( 'NONE', #917 ) ;
#2990 = ADVANCED_FACE ( 'NONE', ( #2247 ), #1673, .F. ) ;
#2991 = CARTESIAN_POINT ( 'NONE',  ( -16.46496222574226920, 30.02870705156890097, -4.000000000000000000 ) ) ;
#2992 = ORIENTED_EDGE ( 'NONE', *, *, #2996, .F. ) ;
#2993 = DIRECTION ( 'NONE',  ( 1.000000000000000000, 0.000000000000000000, 0.000000000000000000 ) ) ;
#2994 = VECTOR ( 'NONE', #1872, 1000.000000000000000 ) ;
#2995 = ORIENTED_EDGE ( 'NONE', *, *, #3250, .T. ) ;
#2996 = EDGE_CURVE ( 'NONE', #1932, #429, #2971, .T. ) ;
#2997 = CARTESIAN_POINT ( 'NONE',  ( -19.46496222574226920, 27.02870705156890097, 3.292323440001584611 ) ) ;
#2998 = EDGE_LOOP ( 'NONE', ( #920, #1121, #992, #1434 ) ) ;
#2999 = FACE_OUTER_BOUND ( 'NONE', #2292, .T. ) ;
#3000 = CARTESIAN_POINT ( 'NONE',  ( 16.97437760247792227, -26.97129294843108838, -2.939339828220178141 ) ) ;
#3001 = VECTOR ( 'NONE', #2383, 1000.000000000000000 ) ;
#3002 = DIRECTION ( 'NONE',  ( -0.000000000000000000, 0.000000000000000000, 1.000000000000000000 ) ) ;
#3003 = CARTESIAN_POINT ( 'NONE',  ( -7.882962225742265794, -25.62529294843109184, 0.000000000000000000 ) ) ;
#3004 = CIRCLE ( 'NONE', #2834, 2.000000000000005329 ) ;
#3005 = DIRECTION ( 'NONE',  ( -0.000000000000000000, 0.000000000000000000, 1.000000000000000000 ) ) ;
#3006 = ORIENTED_EDGE ( 'NONE', *, *, #1384, .T. ) ;
#3007 = CARTESIAN_POINT ( 'NONE',  ( 9.197601288496674243, -28.34997260487145354, -2.500000000000000000 ) ) ;
#3008 = VERTEX_POINT ( 'NONE', #1970 ) ;
#3009 = CARTESIAN_POINT ( 'NONE',  ( 9.197601288496674243, -28.34997260487145354, -2.500000000000000000 ) ) ;
#3010 = VECTOR ( 'NONE', #586, 1000.000000000000114 ) ;
#3011 = ADVANCED_FACE ( 'NONE', ( #632 ), #3016, .F. ) ;
#3012 = EDGE_LOOP ( 'NONE', ( #2796, #126, #1255, #2205, #162 ) ) ;
#3013 = DIRECTION ( 'NONE',  ( 0.000000000000000000, 0.000000000000000000, 1.000000000000000000 ) ) ;
#3014 = EDGE_CURVE ( 'NONE', #281, #1258, #1452, .T. ) ;
#3015 = ORIENTED_EDGE ( 'NONE', *, *, #3164, .T. ) ;
#3016 = CYLINDRICAL_SURFACE ( 'NONE', #1711, 0.9499999999999995115 ) ;
#3017 = EDGE_CURVE ( 'NONE', #1073, #2760, #2590, .T. ) ;
#3018 = AXIS2_PLACEMENT_3D ( 'NONE', #1706, #604, #1197 ) ;
#3019 = DIRECTION ( 'NONE',  ( 0.000000000000000000, -0.000000000000000000, -1.000000000000000000 ) ) ;
#3020 = CARTESIAN_POINT ( 'NONE',  ( 16.53503777425773436, 19.77870705156889031, -2.500000000000000000 ) ) ;
#3021 = CIRCLE ( 'NONE', #390, 0.9500000000000029532 ) ;
#3022 = AXIS2_PLACEMENT_3D ( 'NONE', #536, #238, #1843 ) ;
#3023 = DIRECTION ( 'NONE',  ( 1.734723475976807094E-16, -1.000000000000000000, 0.000000000000000000 ) ) ;
#3024 = CARTESIAN_POINT ( 'NONE',  ( 15.78503777425770060, 22.52870705156892583, -3.000000000000002665 ) ) ;
#3025 = ORIENTED_EDGE ( 'NONE', *, *, #1241, .F. ) ;
#3026 = CARTESIAN_POINT ( 'NONE',  ( 16.03503777425773791, -29.97129294843108838, -3.000000000000006217 ) ) ;
#3027 = VERTEX_POINT ( 'NONE', #1164 ) ;
#3028 = CARTESIAN_POINT ( 'NONE',  ( -10.88296222574226668, -25.62529294843109184, 0.000000000000000000 ) ) ;
#3029 = CYLINDRICAL_SURFACE ( 'NONE', #1988, 1.000000000000000888 ) ;
#3030 = ORIENTED_EDGE ( 'NONE', *, *, #2282, .F. ) ;
#3031 = DIRECTION ( 'NONE',  ( -1.000000000000000000, -1.156482317317871971E-16, 0.000000000000000000 ) ) ;
#3032 = EDGE_LOOP ( 'NONE', ( #446, #2266, #1718, #383 ) ) ;
#3033 = FACE_OUTER_BOUND ( 'NONE', #1104, .T. ) ;
#3034 = ADVANCED_FACE ( 'NONE', ( #3051 ), #606, .F. ) ;
#3035 = LINE ( 'NONE', #934, #242 ) ;
#3036 = DIRECTION ( 'NONE',  ( -1.000000000000000000, 0.000000000000000000, 0.000000000000000000 ) ) ;
#3037 = VERTEX_POINT ( 'NONE', #1193 ) ;
#3038 = EDGE_CURVE ( 'NONE', #2485, #693, #2261, .T. ) ;
#3039 = AXIS2_PLACEMENT_3D ( 'NONE', #1550, #3429, #1028 ) ;
#3040 = EDGE_CURVE ( 'NONE', #3037, #2051, #2803, .T. ) ;
#3041 = CARTESIAN_POINT ( 'NONE',  ( 9.399830515202099335, 28.49390952209488859, -2.413477185914385537 ) ) ;
#3042 = CLOSED_SHELL ( 'NONE', ( #2364, #75, #2639, #2904, #2094, #705, #2898, #2717, #2252, #522, #3346, #3272, #818, #36, #1884, #2199, #2412, #2800, #1725, #78, #3059, #3142, #2016, #314, #3279, #1772, #1442, #1754, #175, #1927, #2576, #2351, #1889, #2300, #855, #2897, #2736, #2160, #1549, #1117, #589, #1691, #1259, #396, #1019, #575, #2949, #786, #180, #1712, #2858, #1405, #3343, #1788, #1462, #2775, #2056, #2120, #2028, #1914, #1622, #1199, #3318, #767, #3297, #85, #882, #3383, #2946, #3034, #2681, #2964, #1040, #1467, #545, #382, #2887, #2092, #793, #955, #2615, #1092, #837, #1820, #1110, #1771, #1220, #2310, #2573, #3121, #252, #3169, #3011, #2032, #2977, #1357, #639, #3228, #617, #3403, #3207, #1992, #1645, #228, #2966, #2620, #2269, #62, #2990, #1316, #681, #2823 ) ) ;
#3043 = ORIENTED_EDGE ( 'NONE', *, *, #1115, .T. ) ;
#3044 = CARTESIAN_POINT ( 'NONE',  ( 17.41371743069809597, 25.80129521535424075, -2.500000000000000000 ) ) ;
#3045 = ORIENTED_EDGE ( 'NONE', *, *, #656, .F. ) ;
#3046 = DIRECTION ( 'NONE',  ( -1.156482317317871971E-16, 1.000000000000000000, -0.000000000000000000 ) ) ;
#3047 = CIRCLE ( 'NONE', #1874, 1.000000000000000888 ) ;
#3048 = ORIENTED_EDGE ( 'NONE', *, *, #563, .F. ) ;
#3049 = CARTESIAN_POINT ( 'NONE',  ( -10.88296222574226668, -25.62529294843109184, 0.000000000000000000 ) ) ;
#3050 = ORIENTED_EDGE ( 'NONE', *, *, #1866, .T. ) ;
#3051 = FACE_OUTER_BOUND ( 'NONE', #2850, .T. ) ;
#3052 = VECTOR ( 'NONE', #159, 1000.000000000000000 ) ;
#3053 = FACE_OUTER_BOUND ( 'NONE', #611, .T. ) ;
#3054 = AXIS2_PLACEMENT_3D ( 'NONE', #170, #263, #1313 ) ;
#3055 = DIRECTION ( 'NONE',  ( 0.000000000000000000, 0.000000000000000000, -1.000000000000000000 ) ) ;
#3056 = ORIENTED_EDGE ( 'NONE', *, *, #2392, .F. ) ;
#3057 = EDGE_CURVE ( 'NONE', #1936, #29, #2886, .T. ) ;
#3058 = DIRECTION ( 'NONE',  ( -1.000000000000000000, 0.000000000000000000, 0.000000000000000000 ) ) ;
#3059 = ADVANCED_FACE ( 'NONE', ( #2052 ), #2294, .T. ) ;
#3060 = ORIENTED_EDGE ( 'NONE', *, *, #1555, .F. ) ;
#3061 = LINE ( 'NONE', #676, #279 ) ;
#3062 = ORIENTED_EDGE ( 'NONE', *, *, #3231, .T. ) ;
#3063 = EDGE_LOOP ( 'NONE', ( #2227, #1334 ) ) ;
#3064 = DIRECTION ( 'NONE',  ( 1.000000000000000000, -1.889896820699124017E-15, 0.000000000000000000 ) ) ;
#3065 = ORIENTED_EDGE ( 'NONE', *, *, #1299, .F. ) ;
#3066 = AXIS2_PLACEMENT_3D ( 'NONE', #3441, #1267, #988 ) ;
#3067 = VECTOR ( 'NONE', #1229, 1000.000000000000000 ) ;
#3068 = LINE ( 'NONE', #416, #2426 ) ;
#3069 = CARTESIAN_POINT ( 'NONE',  ( -13.46496222574226920, -22.47129294843110969, -2.500000000000000000 ) ) ;
#3070 = VERTEX_POINT ( 'NONE', #1538 ) ;
#3071 = AXIS2_PLACEMENT_3D ( 'NONE', #418, #1522, #1000 ) ;
#3072 = CARTESIAN_POINT ( 'NONE',  ( -9.932962225742267393, -25.62529294843109184, 0.000000000000000000 ) ) ;
#3073 = EDGE_CURVE ( 'NONE', #1751, #1228, #1554, .T. ) ;
#3074 = AXIS2_PLACEMENT_3D ( 'NONE', #2194, #2783, #3300 ) ;
#3075 = ORIENTED_EDGE ( 'NONE', *, *, #1989, .T. ) ;
#3076 = DIRECTION ( 'NONE',  ( -1.000000000000000000, 0.000000000000000000, 0.000000000000000000 ) ) ;
#3077 = ORIENTED_EDGE ( 'NONE', *, *, #247, .T. ) ;
#3078 = EDGE_CURVE ( 'NONE', #1073, #2451, #3115, .T. ) ;
#3079 = LINE ( 'NONE', #2562, #3328 ) ;
#3080 = VERTEX_POINT ( 'NONE', #2022 ) ;
#3081 = DIRECTION ( 'NONE',  ( -1.000000000000000000, 0.000000000000000000, -0.000000000000000000 ) ) ;
#3082 = ORIENTED_EDGE ( 'NONE', *, *, #1835, .T. ) ;
#3083 = LINE ( 'NONE', #684, #2174 ) ;
#3084 = EDGE_CURVE ( 'NONE', #2520, #2628, #719, .T. ) ;
#3085 = CARTESIAN_POINT ( 'NONE',  ( -13.88296222574226668, -25.62529294843109184, -2.500000000000000000 ) ) ;
#3086 = CARTESIAN_POINT ( 'NONE',  ( 10.45303777425773362, 25.68270705156890443, -2.500000000000000000 ) ) ;
#3087 = ORIENTED_EDGE ( 'NONE', *, *, #2245, .T. ) ;
#3088 = CARTESIAN_POINT ( 'NONE',  ( -16.46496222574226920, 27.02870705156890097, -4.000000000000000000 ) ) ;
#3089 = DIRECTION ( 'NONE',  ( -0.000000000000000000, -0.000000000000000000, -1.000000000000000000 ) ) ;
#3090 = ORIENTED_EDGE ( 'NONE', *, *, #2417, .T. ) ;
#3091 = AXIS2_PLACEMENT_3D ( 'NONE', #2150, #2339, #2936 ) ;
#3092 = CARTESIAN_POINT ( 'NONE',  ( 16.73503777425774075, -22.47129294843107417, -3.000000000000002665 ) ) ;
#3093 = ORIENTED_EDGE ( 'NONE', *, *, #2347, .T. ) ;
#3094 = EDGE_CURVE ( 'NONE', #299, #2191, #1485, .T. ) ;
#3095 = FACE_OUTER_BOUND ( 'NONE', #2583, .T. ) ;
#3096 = EDGE_LOOP ( 'NONE', ( #1137, #1046 ) ) ;
#3097 = CARTESIAN_POINT ( 'NONE',  ( 16.03503777425773791, -28.97129294843109193, -4.000000000000000000 ) ) ;
#3098 = ORIENTED_EDGE ( 'NONE', *, *, #2659, .F. ) ;
#3099 = DIRECTION ( 'NONE',  ( 0.000000000000000000, 0.000000000000000000, 1.000000000000000000 ) ) ;
#3100 = VECTOR ( 'NONE', #1455, 1000.000000000000000 ) ;
#3101 = EDGE_CURVE ( 'NONE', #3245, #2989, #3083, .T. ) ;
#3102 = DIRECTION ( 'NONE',  ( 1.000000000000000000, 0.000000000000000000, 0.000000000000000000 ) ) ;
#3103 = VERTEX_POINT ( 'NONE', #964 ) ;
#3104 = AXIS2_PLACEMENT_3D ( 'NONE', #3288, #2446, #3023 ) ;
#3105 =( BOUNDED_CURVE ( )  B_SPLINE_CURVE ( 3, ( #1147, #3208, #2441, #815 ),
 .UNSPECIFIED., .F., .F. ) 
 B_SPLINE_CURVE_WITH_KNOTS ( ( 4, 4 ),
 ( 0.000000000000000000, 0.4977068327427403016 ),
 .UNSPECIFIED. ) 
 CURVE ( )  GEOMETRIC_REPRESENTATION_ITEM ( )  RATIONAL_B_SPLINE_CURVE ( ( 1.000000000000000000, 0.9794636360570636580, 0.9794636360570636580, 1.000000000000000000 ) ) 
 REPRESENTATION_ITEM ( '' )  );
#3106 = CIRCLE ( 'NONE', #366, 3.000000000000000888 ) ;
#3107 = DIRECTION ( 'NONE',  ( -0.000000000000000000, -0.7071067811865475727, -0.7071067811865475727 ) ) ;
#3108 = CARTESIAN_POINT ( 'NONE',  ( -16.21496222574229051, -25.22129294843106706, 3.292323440001584611 ) ) ;
#3109 = AXIS2_PLACEMENT_3D ( 'NONE', #2141, #1090, #3244 ) ;
#3110 = LINE ( 'NONE', #2810, #672 ) ;
#3111 = FACE_OUTER_BOUND ( 'NONE', #1589, .T. ) ;
#3112 = ORIENTED_EDGE ( 'NONE', *, *, #743, .F. ) ;
#3113 = CARTESIAN_POINT ( 'NONE',  ( -11.83179519312906791, -28.47129294843108482, -2.378679656440365608 ) ) ;
#3114 = ORIENTED_EDGE ( 'NONE', *, *, #127, .T. ) ;
#3115 = LINE ( 'NONE', #206, #2010 ) ;
#3116 = EDGE_CURVE ( 'NONE', #502, #1506, #1785, .T. ) ;
#3117 = EDGE_CURVE ( 'NONE', #1123, #1936, #431, .T. ) ;
#3118 = CARTESIAN_POINT ( 'NONE',  ( 11.40187074164450820, 28.52870705156890452, -2.378679656440367385 ) ) ;
#3119 = ORIENTED_EDGE ( 'NONE', *, *, #2815, .T. ) ;
#3120 = VECTOR ( 'NONE', #1015, 1000.000000000000000 ) ;
#3121 = ADVANCED_FACE ( 'NONE', ( #3150 ), #447, .F. ) ;
#3122 = CARTESIAN_POINT ( 'NONE',  ( 16.03503777425773791, -28.91063277665126563, -1.939339828220185025 ) ) ;
#3123 = DIRECTION ( 'NONE',  ( 0.7071067811865482389, 1.226634733346700543E-16, -0.7071067811865469066 ) ) ;
#3124 = DIRECTION ( 'NONE',  ( 1.734723475976807341E-16, -1.000000000000000000, 0.000000000000000000 ) ) ;
#3125 = ORIENTED_EDGE ( 'NONE', *, *, #15, .T. ) ;
#3126 = LINE ( 'NONE', #1800, #2963 ) ;
#3127 = CARTESIAN_POINT ( 'NONE',  ( -19.46496222574226209, -28.34997260487145354, -2.500000000000000000 ) ) ;
#3128 = CIRCLE ( 'NONE', #2185, 0.9499999999999995115 ) ;
#3129 = CARTESIAN_POINT ( 'NONE',  ( -11.83179519312905903, 28.52870705156890097, 0.000000000000000000 ) ) ;
#3130 = EDGE_LOOP ( 'NONE', ( #3401, #769, #2789, #2137, #1997 ) ) ;
#3131 = DIRECTION ( 'NONE',  ( 0.000000000000000000, 0.000000000000000000, -1.000000000000000000 ) ) ;
#3132 = VERTEX_POINT ( 'NONE', #1520 ) ;
#3133 = AXIS2_PLACEMENT_3D ( 'NONE', #1745, #2014, #2662 ) ;
#3134 = CARTESIAN_POINT ( 'NONE',  ( 15.78503777425773613, -22.47129294843107417, -3.000000000000002665 ) ) ;
#3135 = FACE_OUTER_BOUND ( 'NONE', #547, .T. ) ;
#3136 = VERTEX_POINT ( 'NONE', #3386 ) ;
#3137 = FACE_OUTER_BOUND ( 'NONE', #967, .T. ) ;
#3138 = EDGE_CURVE ( 'NONE', #370, #2551, #2600, .T. ) ;
#3139 = FACE_OUTER_BOUND ( 'NONE', #2541, .T. ) ;
#3140 = DIRECTION ( 'NONE',  ( -0.000000000000000000, 0.000000000000000000, 1.000000000000000000 ) ) ;
#3141 = UNCERTAINTY_MEASURE_WITH_UNIT (LENGTH_MEASURE( 1.000000000000000082E-05 ), #868, 'distance_accuracy_value', 'NONE');
#3142 = ADVANCED_FACE ( 'NONE', ( #169 ), #2037, .F. ) ;
#3143 = VERTEX_POINT ( 'NONE', #430 ) ;
#3144 = DIRECTION ( 'NONE',  ( -1.000000000000000000, 0.000000000000000000, 0.000000000000000000 ) ) ;
#3145 = DIRECTION ( 'NONE',  ( -1.911638545475377396E-16, 0.7071067811865482389, -0.7071067811865469066 ) ) ;
#3146 = LINE ( 'NONE', #1628, #2421 ) ;
#3147 = ORIENTED_EDGE ( 'NONE', *, *, #2970, .T. ) ;
#3148 = CARTESIAN_POINT ( 'NONE',  ( -13.46496222574230295, 22.52870705156889031, -2.500000000000000000 ) ) ;
#3149 = ORIENTED_EDGE ( 'NONE', *, *, #1730, .T. ) ;
#3150 = FACE_OUTER_BOUND ( 'NONE', #738, .T. ) ;
#3151 = AXIS2_PLACEMENT_3D ( 'NONE', #1100, #801, #3235 ) ;
#3152 = CARTESIAN_POINT ( 'NONE',  ( -16.96496222574225854, -26.22129294843106706, -2.500000000000000000 ) ) ;
#3153 = ORIENTED_EDGE ( 'NONE', *, *, #1320, .F. ) ;
#3154 = VECTOR ( 'NONE', #397, 1000.000000000000000 ) ;
#3155 = LINE ( 'NONE', #759, #2640 ) ;
#3156 = DIRECTION ( 'NONE',  ( 1.000000000000000000, 0.000000000000000000, 0.000000000000000000 ) ) ;
#3157 = DIRECTION ( 'NONE',  ( -0.000000000000000000, -0.000000000000000000, -1.000000000000000000 ) ) ;
#3158 = VECTOR ( 'NONE', #197, 1000.000000000000000 ) ;
#3159 = EDGE_CURVE ( 'NONE', #3143, #1043, #462, .T. ) ;
#3160 = CIRCLE ( 'NONE', #1481, 0.9499999999999995115 ) ;
#3161 = ORIENTED_EDGE ( 'NONE', *, *, #1182, .F. ) ;
#3162 = CARTESIAN_POINT ( 'NONE',  ( -7.714959791634051989, -29.97129294843108838, -0.3076765599984150334 ) ) ;
#3163 = DIRECTION ( 'NONE',  ( -0.000000000000000000, 0.000000000000000000, 1.000000000000000000 ) ) ;
#3164 = EDGE_CURVE ( 'NONE', #570, #429, #1494, .T. ) ;
#3165 = LINE ( 'NONE', #236, #1869 ) ;
#3166 = ORIENTED_EDGE ( 'NONE', *, *, #2071, .T. ) ;
#3167 = DIRECTION ( 'NONE',  ( 0.000000000000000000, 0.000000000000000000, 1.000000000000000000 ) ) ;
#3168 = ORIENTED_EDGE ( 'NONE', *, *, #977, .T. ) ;
#3169 = ADVANCED_FACE ( 'NONE', ( #2567 ), #186, .T. ) ;
#3170 = FACE_OUTER_BOUND ( 'NONE', #400, .T. ) ;
#3171 = CARTESIAN_POINT ( 'NONE',  ( -17.84364188218262726, -19.19870478464571306, -2.500000000000000000 ) ) ;
#3172 = ORIENTED_EDGE ( 'NONE', *, *, #1995, .F. ) ;
#3173 = DIRECTION ( 'NONE',  ( 0.000000000000000000, 0.000000000000000000, 1.000000000000000000 ) ) ;
#3174 = CARTESIAN_POINT ( 'NONE',  ( -16.46496222574226209, -28.47129294843108482, 3.292323440001584611 ) ) ;
#3175 = CARTESIAN_POINT ( 'NONE',  ( -13.88296222574226668, 25.68270705156890443, 0.000000000000000000 ) ) ;
#3176 = AXIS2_PLACEMENT_3D ( 'NONE', #854, #323, #1621 ) ;
#3177 = FACE_OUTER_BOUND ( 'NONE', #2867, .T. ) ;
#3178 = ORIENTED_EDGE ( 'NONE', *, *, #117, .T. ) ;
#3179 = EDGE_CURVE ( 'NONE', #916, #329, #997, .T. ) ;
#3180 = LINE ( 'NONE', #2643, #1593 ) ;
#3181 = LINE ( 'NONE', #1607, #3209 ) ;
#3182 = EDGE_CURVE ( 'NONE', #1163, #2628, #516, .T. ) ;
#3183 = CARTESIAN_POINT ( 'NONE',  ( -19.46496222574226209, -28.47129294843108482, 0.000000000000000000 ) ) ;
#3184 = ORIENTED_EDGE ( 'NONE', *, *, #3203, .F. ) ;
#3185 = EDGE_CURVE ( 'NONE', #3008, #449, #543, .T. ) ;
#3186 = DIRECTION ( 'NONE',  ( -0.000000000000000000, -0.000000000000000000, 1.000000000000000000 ) ) ;
#3187 = VERTEX_POINT ( 'NONE', #555 ) ;
#3188 = LINE ( 'NONE', #2104, #2232 ) ;
#3189 = AXIS2_PLACEMENT_3D ( 'NONE', #259, #2170, #3239 ) ;
#3190 = EDGE_CURVE ( 'NONE', #2672, #570, #499, .T. ) ;
#3191 = CARTESIAN_POINT ( 'NONE',  ( 17.53503777425773080, 30.02870705156891162, -4.000000000000000000 ) ) ;
#3192 = EDGE_LOOP ( 'NONE', ( #2942, #309, #3030, #2816 ) ) ;
#3193 = CARTESIAN_POINT ( 'NONE',  ( 16.03503777425773791, -26.97129294843108838, -2.378679656440363388 ) ) ;
#3194 = LINE ( 'NONE', #798, #141 ) ;
#3195 = ORIENTED_EDGE ( 'NONE', *, *, #814, .T. ) ;
#3196 = LINE ( 'NONE', #2625, #2098 ) ;
#3197 = DIRECTION ( 'NONE',  ( 0.000000000000000000, 0.000000000000000000, -1.000000000000000000 ) ) ;
#3198 = FACE_OUTER_BOUND ( 'NONE', #273, .T. ) ;
#3199 = ORIENTED_EDGE ( 'NONE', *, *, #2477, .F. ) ;
#3200 = CYLINDRICAL_SURFACE ( 'NONE', #3022, 1.499999999999999556 ) ;
#3201 = VERTEX_POINT ( 'NONE', #1592 ) ;
#3202 = CYLINDRICAL_SURFACE ( 'NONE', #97, 3.000000000000000888 ) ;
#3203 = EDGE_CURVE ( 'NONE', #959, #2602, #3433, .T. ) ;
#3204 = ORIENTED_EDGE ( 'NONE', *, *, #187, .F. ) ;
#3205 = DIRECTION ( 'NONE',  ( 0.7071067811865474617, 0.000000000000000000, -0.7071067811865474617 ) ) ;
#3206 = ORIENTED_EDGE ( 'NONE', *, *, #458, .F. ) ;
#3207 = ADVANCED_FACE ( 'NONE', ( #294 ), #1572, .T. ) ;
#3208 = CARTESIAN_POINT ( 'NONE',  ( 17.53503777425774146, -26.05365503676489070, -2.378679656440367385 ) ) ;
#3209 = VECTOR ( 'NONE', #3214, 1000.000000000000000 ) ;
#3210 = CARTESIAN_POINT ( 'NONE',  ( 10.45303777425773362, 25.68270705156890443, 0.000000000000000000 ) ) ;
#3211 = AXIS2_PLACEMENT_3D ( 'NONE', #2718, #2143, #3286 ) ;
#3212 = ORIENTED_EDGE ( 'NONE', *, *, #2180, .T. ) ;
#3213 = CARTESIAN_POINT ( 'NONE',  ( 16.53503777425773791, -19.72129294843107417, -2.500000000000000000 ) ) ;
#3214 = DIRECTION ( 'NONE',  ( 0.000000000000000000, 0.000000000000000000, 1.000000000000000000 ) ) ;
#3215 = VECTOR ( 'NONE', #1492, 1000.000000000000000 ) ;
#3216 =( BOUNDED_CURVE ( )  B_SPLINE_CURVE ( 3, ( #1994, #655, #1723, #1458 ),
 .UNSPECIFIED., .F., .F. ) 
 B_SPLINE_CURVE_WITH_KNOTS ( ( 4, 4 ),
 ( 2.643885820847045043, 3.141592653589793116 ),
 .UNSPECIFIED. ) 
 CURVE ( )  GEOMETRIC_REPRESENTATION_ITEM ( )  RATIONAL_B_SPLINE_CURVE ( ( 1.000000000000000000, 0.9794636360570631028, 0.9794636360570631028, 1.000000000000000000 ) ) 
 REPRESENTATION_ITEM ( '' )  );
#3217 = VECTOR ( 'NONE', #1737, 1000.000000000000000 ) ;
#3218 = CYLINDRICAL_SURFACE ( 'NONE', #3377, 1.499999999999999556 ) ;
#3219 = ORIENTED_EDGE ( 'NONE', *, *, #1237, .F. ) ;
#3220 = DIRECTION ( 'NONE',  ( -0.000000000000000000, -0.000000000000000000, -1.000000000000000000 ) ) ;
#3221 = ORIENTED_EDGE ( 'NONE', *, *, #1175, .T. ) ;
#3222 = FACE_OUTER_BOUND ( 'NONE', #842, .T. ) ;
#3223 = ORIENTED_EDGE ( 'NONE', *, *, #923, .F. ) ;
#3224 = PLANE ( 'NONE',  #1667 ) ;
#3225 = VERTEX_POINT ( 'NONE', #2920 ) ;
#3226 = EDGE_CURVE ( 'NONE', #1233, #2191, #3188, .T. ) ;
#3227 = CIRCLE ( 'NONE', #38, 0.9500000000000029532 ) ;
#3228 = ADVANCED_FACE ( 'NONE', ( #574 ), #2138, .T. ) ;
#3229 = DIRECTION ( 'NONE',  ( -0.000000000000000000, -0.000000000000000000, 1.000000000000000000 ) ) ;
#3230 = LINE ( 'NONE', #526, #312 ) ;
#3231 = EDGE_CURVE ( 'NONE', #2609, #2451, #658, .T. ) ;
#3232 = DIRECTION ( 'NONE',  ( -0.000000000000000000, 0.000000000000000000, 1.000000000000000000 ) ) ;
#3233 = ORIENTED_EDGE ( 'NONE', *, *, #224, .T. ) ;
#3234 = DIRECTION ( 'NONE',  ( -1.000000000000000000, 0.000000000000000000, 0.000000000000000000 ) ) ;
#3235 = DIRECTION ( 'NONE',  ( 1.000000000000000000, 0.000000000000000000, 0.000000000000000000 ) ) ;
#3236 = VECTOR ( 'NONE', #240, 1000.000000000000000 ) ;
#3237 = DIRECTION ( 'NONE',  ( 1.000000000000000000, 0.000000000000000000, 0.000000000000000000 ) ) ;
#3238 = ORIENTED_EDGE ( 'NONE', *, *, #1944, .T. ) ;
#3239 = DIRECTION ( 'NONE',  ( 1.000000000000000000, 0.000000000000000000, 0.000000000000000000 ) ) ;
#3240 = EDGE_LOOP ( 'NONE', ( #2113, #2005, #3363, #132 ) ) ;
#3241 = DIRECTION ( 'NONE',  ( -1.000000000000000000, -2.703465157366452467E-16, 1.743152798421053874E-32 ) ) ;
#3242 = DIRECTION ( 'NONE',  ( -0.000000000000000000, -0.000000000000000000, -1.000000000000000000 ) ) ;
#3243 = EDGE_LOOP ( 'NONE', ( #1946, #3075, #2449, #2503 ) ) ;
#3244 = DIRECTION ( 'NONE',  ( 1.000000000000000000, 0.000000000000000000, 0.000000000000000000 ) ) ;
#3245 = VERTEX_POINT ( 'NONE', #30 ) ;
#3246 = CARTESIAN_POINT ( 'NONE',  ( 17.53503777425774146, -26.22129294843107061, -2.378679656440367385 ) ) ;
#3247 = AXIS2_PLACEMENT_3D ( 'NONE', #2291, #1244, #3081 ) ;
#3248 = CARTESIAN_POINT ( 'NONE',  ( -17.84364188218263436, 19.25611888778353986, -2.500000000000000000 ) ) ;
#3249 = DIRECTION ( 'NONE',  ( -0.000000000000000000, -0.000000000000000000, -1.000000000000000000 ) ) ;
#3250 = EDGE_CURVE ( 'NONE', #2955, #1457, #1632, .T. ) ;
#3251 = VERTEX_POINT ( 'NONE', #2378 ) ;
#3252 = DIRECTION ( 'NONE',  ( 1.000000000000000000, 0.000000000000000000, 0.000000000000000000 ) ) ;
#3253 = DIRECTION ( 'NONE',  ( 1.000000000000000000, 2.703465157366452467E-16, 0.000000000000000000 ) ) ;
#3254 = EDGE_CURVE ( 'NONE', #378, #2025, #1222, .T. ) ;
#3255 = DIRECTION ( 'NONE',  ( 0.000000000000000000, 0.000000000000000000, 1.000000000000000000 ) ) ;
#3256 = ORIENTED_EDGE ( 'NONE', *, *, #2559, .T. ) ;
#3257 = CARTESIAN_POINT ( 'NONE',  ( 10.45303777425773362, -25.62529294843109540, 0.000000000000000000 ) ) ;
#3258 = VERTEX_POINT ( 'NONE', #1362 ) ;
#3259 = DIRECTION ( 'NONE',  ( -0.000000000000000000, 0.000000000000000000, 1.000000000000000000 ) ) ;
#3260 = CARTESIAN_POINT ( 'NONE',  ( -13.46496222574226920, -22.47129294843110969, 3.292323440001584611 ) ) ;
#3261 = VERTEX_POINT ( 'NONE', #1347 ) ;
#3262 = LINE ( 'NONE', #1399, #161 ) ;
#3263 = EDGE_LOOP ( 'NONE', ( #1984, #3082 ) ) ;
#3264 = SURFACE_SIDE_STYLE ('',( #1544 ) ) ;
#3265 = CARTESIAN_POINT ( 'NONE',  ( -9.932962225742267393, 25.68270705156890443, -2.500000000000000000 ) ) ;
#3266 = VECTOR ( 'NONE', #1274, 1000.000000000000000 ) ;
#3267 = CARTESIAN_POINT ( 'NONE',  ( -9.627525739981221520, -28.34997260487145354, -2.500000000000000000 ) ) ;
#3268 = AXIS2_PLACEMENT_3D ( 'NONE', #1912, #857, #549 ) ;
#3269 = AXIS2_PLACEMENT_3D ( 'NONE', #1674, #2734, #2278 ) ;
#3270 = LINE ( 'NONE', #174, #3275 ) ;
#3271 = EDGE_CURVE ( 'NONE', #3132, #810, #3405, .T. ) ;
#3272 = ADVANCED_FACE ( 'NONE', ( #3222 ), #3202, .T. ) ;
#3273 = DIRECTION ( 'NONE',  ( 1.000000000000000000, 0.000000000000000000, 0.000000000000000000 ) ) ;
#3274 = ORIENTED_EDGE ( 'NONE', *, *, #2325, .T. ) ;
#3275 = VECTOR ( 'NONE', #2826, 1000.000000000000000 ) ;
#3276 = DIRECTION ( 'NONE',  ( 0.000000000000000000, 0.000000000000000000, 1.000000000000000000 ) ) ;
#3277 = EDGE_LOOP ( 'NONE', ( #1292, #2624, #2894, #13 ) ) ;
#3278 = CARTESIAN_POINT ( 'NONE',  ( 17.41371743069809952, 19.25611888778353631, -2.500000000000000000 ) ) ;
#3279 = ADVANCED_FACE ( 'NONE', ( #3170 ), #1379, .T. ) ;
#3280 = MECHANICAL_DESIGN_GEOMETRIC_PRESENTATION_REPRESENTATION (  '', ( #194 ), #1597 ) ;
#3281 = CARTESIAN_POINT ( 'NONE',  ( 7.285040208365947123, -29.97129294843108838, -0.3076765599984150334 ) ) ;
#3282 = EDGE_LOOP ( 'NONE', ( #121, #3119 ) ) ;
#3283 = DIRECTION ( 'NONE',  ( 0.000000000000000000, 0.000000000000000000, 1.000000000000000000 ) ) ;
#3284 = ORIENTED_EDGE ( 'NONE', *, *, #1296, .T. ) ;
#3285 = CARTESIAN_POINT ( 'NONE',  ( -11.93616948479792406, -28.43649541895706889, -2.413477185914383760 ) ) ;
#3286 = DIRECTION ( 'NONE',  ( 1.000000000000000000, 0.000000000000000000, 0.000000000000000000 ) ) ;
#3287 = CARTESIAN_POINT ( 'NONE',  ( -16.46496222574226920, 27.02870705156890097, -2.939339828220178141 ) ) ;
#3288 = CARTESIAN_POINT ( 'NONE',  ( 19.03503777425773080, 30.02870705156891162, -3.000000000000006217 ) ) ;
#3289 = VECTOR ( 'NONE', #1929, 1000.000000000000114 ) ;
#3290 = EDGE_CURVE ( 'NONE', #3325, #2932, #1648, .T. ) ;
#3291 = DIRECTION ( 'NONE',  ( 1.000000000000000000, 0.000000000000000000, 0.000000000000000000 ) ) ;
#3292 = VERTEX_POINT ( 'NONE', #2398 ) ;
#3293 = VECTOR ( 'NONE', #1069, 1000.000000000000000 ) ;
#3294 = PLANE ( 'NONE',  #2619 ) ;
#3295 = ORIENTED_EDGE ( 'NONE', *, *, #1133, .F. ) ;
#3296 = DIRECTION ( 'NONE',  ( -0.7071067811865475727, -8.177564888978000334E-17, -0.7071067811865475727 ) ) ;
#3297 = ADVANCED_FACE ( 'NONE', ( #1879 ), #1899, .F. ) ;
#3298 = CARTESIAN_POINT ( 'NONE',  ( -11.83179519312906436, -28.47129294843108482, 0.000000000000000000 ) ) ;
#3299 = ORIENTED_EDGE ( 'NONE', *, *, #2183, .T. ) ;
#3300 = DIRECTION ( 'NONE',  ( -1.000000000000000000, 0.000000000000000000, 0.000000000000000000 ) ) ;
#3301 = EDGE_LOOP ( 'NONE', ( #2937, #642, #11, #3404 ) ) ;
#3302 = CARTESIAN_POINT ( 'NONE',  ( 16.03503777425773791, -26.97129294843108838, -4.000000000000000000 ) ) ;
#3303 = EDGE_CURVE ( 'NONE', #1647, #2411, #1900, .T. ) ;
#3304 = CARTESIAN_POINT ( 'NONE',  ( 7.453037774257734505, 25.68270705156890443, 0.000000000000000000 ) ) ;
#3305 = FACE_OUTER_BOUND ( 'NONE', #3032, .T. ) ;
#3306 = VECTOR ( 'NONE', #2764, 1000.000000000000000 ) ;
#3307 = AXIS2_PLACEMENT_3D ( 'NONE', #424, #1460, #163 ) ;
#3308 = CARTESIAN_POINT ( 'NONE',  ( -13.88296222574226668, -25.62529294843109184, 0.000000000000000000 ) ) ;
#3309 = EDGE_LOOP ( 'NONE', ( #1041, #1008, #1077, #2832 ) ) ;
#3310 = CIRCLE ( 'NONE', #1797, 3.000000000000000888 ) ;
#3311 = CARTESIAN_POINT ( 'NONE',  ( -10.88296222574226668, -25.62529294843109184, 0.000000000000000000 ) ) ;
#3312 = ORIENTED_EDGE ( 'NONE', *, *, #1509, .T. ) ;
#3313 = CARTESIAN_POINT ( 'NONE',  ( 17.49374975392583664, 19.10881886515432271, -2.419967676772263321 ) ) ;
#3314 = ORIENTED_EDGE ( 'NONE', *, *, #2591, .T. ) ;
#3315 = CARTESIAN_POINT ( 'NONE',  ( -16.21496222574229762, 25.27870705156888320, -4.002000000000000668 ) ) ;
#3316 = EDGE_LOOP ( 'NONE', ( #80, #27, #405, #2082 ) ) ;
#3317 = CARTESIAN_POINT ( 'NONE',  ( -16.96496222574225854, -26.22129294843106706, -4.002000000000000668 ) ) ;
#3318 = ADVANCED_FACE ( 'NONE', ( #1933 ), #912, .F. ) ;
#3319 = DIRECTION ( 'NONE',  ( -1.000000000000000000, 0.000000000000000000, 0.000000000000000000 ) ) ;
#3320 = CARTESIAN_POINT ( 'NONE',  ( 10.45303777425773362, -25.62529294843109540, 0.000000000000000000 ) ) ;
#3321 = ORIENTED_EDGE ( 'NONE', *, *, #2635, .F. ) ;
#3322 = EDGE_CURVE ( 'NONE', #2932, #3468, #477, .T. ) ;
#3323 = CARTESIAN_POINT ( 'NONE',  ( -16.21496222574226564, -22.47129294843110969, -4.002000000000000668 ) ) ;
#3324 = AXIS2_PLACEMENT_3D ( 'NONE', #2593, #1272, #2338 ) ;
#3325 = VERTEX_POINT ( 'NONE', #1697 ) ;
#3326 = CARTESIAN_POINT ( 'NONE',  ( -19.46496222574226209, -28.47129294843108482, 3.292323440001584611 ) ) ;
#3327 = ORIENTED_EDGE ( 'NONE', *, *, #2200, .T. ) ;
#3328 = VECTOR ( 'NONE', #1242, 1000.000000000000000 ) ;
#3329 = CARTESIAN_POINT ( 'NONE',  ( 16.03503777425773791, -29.97129294843108838, -4.000000000000000000 ) ) ;
#3330 = ORIENTED_EDGE ( 'NONE', *, *, #1577, .F. ) ;
#3331 = CYLINDRICAL_SURFACE ( 'NONE', #1564, 0.9500000000000029532 ) ;
#3332 = ORIENTED_EDGE ( 'NONE', *, *, #2861, .T. ) ;
#3333 = CARTESIAN_POINT ( 'NONE',  ( 7.285040208365947123, -29.97129294843108838, -0.3076765599984150334 ) ) ;
#3334 = VECTOR ( 'NONE', #1585, 1000.000000000000000 ) ;
#3335 =( BOUNDED_CURVE ( )  B_SPLINE_CURVE ( 3, ( #1710, #839, #3041, #1372 ),
 .UNSPECIFIED., .F., .F. ) 
 B_SPLINE_CURVE_WITH_KNOTS ( ( 4, 4 ),
 ( 2.709822862097204244, 2.819789510287919576 ),
 .UNSPECIFIED. ) 
 CURVE ( )  GEOMETRIC_REPRESENTATION_ITEM ( )  RATIONAL_B_SPLINE_CURVE ( ( 1.000000000000000000, 0.9989925318741212923, 0.9989925318741212923, 1.000000000000000000 ) ) 
 REPRESENTATION_ITEM ( '' )  );
#3336 = PLANE ( 'NONE',  #871 ) ;
#3337 = AXIS2_PLACEMENT_3D ( 'NONE', #2105, #2690, #1653 ) ;
#3338 = EDGE_CURVE ( 'NONE', #1707, #479, #1124, .T. ) ;
#3339 = DIRECTION ( 'NONE',  ( -1.000000000000000000, -2.703465157366452467E-16, -0.000000000000000000 ) ) ;
#3340 = ORIENTED_EDGE ( 'NONE', *, *, #3040, .T. ) ;
#3341 = AXIS2_PLACEMENT_3D ( 'NONE', #2860, #2586, #196 ) ;
#3342 = EDGE_CURVE ( 'NONE', #1576, #32, #1906, .T. ) ;
#3343 = ADVANCED_FACE ( 'NONE', ( #627 ), #2192, .T. ) ;
#3344 = LINE ( 'NONE', #3108, #1369 ) ;
#3345 = CIRCLE ( 'NONE', #1731, 3.000000000000000888 ) ;
#3346 = ADVANCED_FACE ( 'NONE', ( #2240 ), #50, .T. ) ;
#3347 = VERTEX_POINT ( 'NONE', #2501 ) ;
#3348 = CARTESIAN_POINT ( 'NONE',  ( 15.78503777425775390, -19.72129294843107417, -4.002000000000000668 ) ) ;
#3349 = ORIENTED_EDGE ( 'NONE', *, *, #3438, .T. ) ;
#3350 = DIRECTION ( 'NONE',  ( -0.7071067811865475727, -8.177564888978000334E-17, -0.7071067811865475727 ) ) ;
#3351 = ORIENTED_EDGE ( 'NONE', *, *, #3190, .F. ) ;
#3352 = LINE ( 'NONE', #134, #1736 ) ;
#3353 = ORIENTED_EDGE ( 'NONE', *, *, #1955, .T. ) ;
#3354 = DIRECTION ( 'NONE',  ( -0.000000000000000000, -0.000000000000000000, 1.000000000000000000 ) ) ;
#3355 = AXIS2_PLACEMENT_3D ( 'NONE', #844, #3259, #2993 ) ;
#3356 = CARTESIAN_POINT ( 'NONE',  ( -11.83179519312905370, 28.52870705156890097, -2.378679656440367385 ) ) ;
#3357 = CARTESIAN_POINT ( 'NONE',  ( -17.84364188218262726, -26.97129294843108838, -2.500000000000000000 ) ) ;
#3358 = ORIENTED_EDGE ( 'NONE', *, *, #2392, .T. ) ;
#3359 = LINE ( 'NONE', #2188, #3289 ) ;
#3360 = DIRECTION ( 'NONE',  ( -1.000000000000000000, -1.889896820699131511E-15, 0.000000000000000000 ) ) ;
#3361 = EDGE_CURVE ( 'NONE', #1529, #2225, #3375, .T. ) ;
#3362 = VECTOR ( 'NONE', #1291, 1000.000000000000000 ) ;
#3363 = ORIENTED_EDGE ( 'NONE', *, *, #2368, .T. ) ;
#3364 = DIRECTION ( 'NONE',  ( 0.000000000000000000, 0.000000000000000000, -1.000000000000000000 ) ) ;
#3365 = ORIENTED_EDGE ( 'NONE', *, *, #3179, .T. ) ;
#3366 = EDGE_CURVE ( 'NONE', #613, #2763, #325, .T. ) ;
#3367 = CARTESIAN_POINT ( 'NONE',  ( -10.88296222574226668, -25.62529294843109184, -2.500000000000000000 ) ) ;
#3368 = DIRECTION ( 'NONE',  ( 1.000000000000000000, 0.000000000000000000, 0.000000000000000000 ) ) ;
#3369 = ORIENTED_EDGE ( 'NONE', *, *, #2752, .F. ) ;
#3370 = DIRECTION ( 'NONE',  ( -1.000000000000000000, 0.000000000000000000, 0.000000000000000000 ) ) ;
#3371 = DIRECTION ( 'NONE',  ( 1.000000000000000000, 0.000000000000000000, 0.000000000000000000 ) ) ;
#3372 = ORIENTED_EDGE ( 'NONE', *, *, #2114, .T. ) ;
#3373 = CARTESIAN_POINT ( 'NONE',  ( -16.96496222574226564, 19.77870705156889031, -2.500000000000000000 ) ) ;
#3374 = CYLINDRICAL_SURFACE ( 'NONE', #2589, 0.9499999999999995115 ) ;
#3375 =( BOUNDED_CURVE ( )  B_SPLINE_CURVE ( 3, ( #862, #2726, #1411, #3009 ),
 .UNSPECIFIED., .F., .F. ) 
 B_SPLINE_CURVE_WITH_KNOTS ( ( 4, 4 ),
 ( 3.463395796891679979, 3.573362445082394423 ),
 .UNSPECIFIED. ) 
 CURVE ( )  GEOMETRIC_REPRESENTATION_ITEM ( )  RATIONAL_B_SPLINE_CURVE ( ( 1.000000000000000000, 0.9989925318741212923, 0.9989925318741212923, 1.000000000000000000 ) ) 
 REPRESENTATION_ITEM ( '' )  );
#3376 = EDGE_CURVE ( 'NONE', #88, #299, #880, .T. ) ;
#3377 = AXIS2_PLACEMENT_3D ( 'NONE', #1840, #2394, #2099 ) ;
#3378 = CARTESIAN_POINT ( 'NONE',  ( -13.88296222574226668, 25.68270705156890443, -2.500000000000000000 ) ) ;
#3379 = CYLINDRICAL_SURFACE ( 'NONE', #3434, 3.000000000000000888 ) ;
#3380 = AXIS2_PLACEMENT_3D ( 'NONE', #1893, #1062, #1340 ) ;
#3381 = CYLINDRICAL_SURFACE ( 'NONE', #295, 2.999999999999999112 ) ;
#3382 = ORIENTED_EDGE ( 'NONE', *, *, #956, .T. ) ;
#3383 = ADVANCED_FACE ( 'NONE', ( #1682 ), #2744, .F. ) ;
#3384 = DIRECTION ( 'NONE',  ( -1.156482317317871971E-16, 1.000000000000000000, 0.000000000000000000 ) ) ;
#3385 = ORIENTED_EDGE ( 'NONE', *, *, #268, .F. ) ;
#3386 = CARTESIAN_POINT ( 'NONE',  ( 13.45303777425773539, -25.62529294843109540, -2.500000000000000000 ) ) ;
#3387 = AXIS2_PLACEMENT_3D ( 'NONE', #1920, #1431, #864 ) ;
#3388 = CARTESIAN_POINT ( 'NONE',  ( 15.78503777425776988, 25.27870705156888320, 3.292323440001584611 ) ) ;
#3389 = ORIENTED_EDGE ( 'NONE', *, *, #1975, .T. ) ;
#3390 = CIRCLE ( 'NONE', #816, 3.000000000000000888 ) ;
#3391 = AXIS2_PLACEMENT_3D ( 'NONE', #2875, #1563, #2091 ) ;
#3392 = CARTESIAN_POINT ( 'NONE',  ( 13.45303777425773539, 25.68270705156890443, 0.000000000000000000 ) ) ;
#3393 = CARTESIAN_POINT ( 'NONE',  ( -7.714959791634052877, -11.83278339979662874, 3.292323440001584611 ) ) ;
#3394 = DIRECTION ( 'NONE',  ( 1.000000000000000000, 0.000000000000000000, 0.000000000000000000 ) ) ;
#3395 = ORIENTED_EDGE ( 'NONE', *, *, #1730, .F. ) ;
#3396 = DIRECTION ( 'NONE',  ( -0.000000000000000000, -0.000000000000000000, 1.000000000000000000 ) ) ;
#3397 = CYLINDRICAL_SURFACE ( 'NONE', #2257, 1.000000000000000888 ) ;
#3398 = AXIS2_PLACEMENT_3D ( 'NONE', #2988, #2757, #1375 ) ;
#3399 = EDGE_LOOP ( 'NONE', ( #1098, #1187, #2765, #1901 ) ) ;
#3400 = CARTESIAN_POINT ( 'NONE',  ( -16.96496222574225854, -26.22129294843106706, 3.292323440001584611 ) ) ;
#3401 = ORIENTED_EDGE ( 'NONE', *, *, #123, .T. ) ;
#3402 = DIRECTION ( 'NONE',  ( -0.000000000000000000, -0.000000000000000000, -1.000000000000000000 ) ) ;
#3403 = ADVANCED_FACE ( 'NONE', ( #3177 ), #2720, .T. ) ;
#3404 = ORIENTED_EDGE ( 'NONE', *, *, #157, .T. ) ;
#3405 = CIRCLE ( 'NONE', #714, 1.000000000000000888 ) ;
#3406 = EDGE_CURVE ( 'NONE', #3225, #2051, #1057, .T. ) ;
#3407 = FACE_BOUND ( 'NONE', #1870, .T. ) ;
#3408 = CARTESIAN_POINT ( 'NONE',  ( 18.03503777425774857, -26.97129294843108482, -4.000000000000000000 ) ) ;
#3409 = CARTESIAN_POINT ( 'NONE',  ( 9.503037774257734327, -25.62529294843109540, -2.500000000000000000 ) ) ;
#3410 = AXIS2_PLACEMENT_3D ( 'NONE', #1456, #3055, #3036 ) ;
#3411 = VERTEX_POINT ( 'NONE', #1908 ) ;
#3412 = CARTESIAN_POINT ( 'NONE',  ( -10.88296222574226668, -25.62529294843109184, 0.000000000000000000 ) ) ;
#3413 = CARTESIAN_POINT ( 'NONE',  ( 16.03503777425773791, 30.02870705156891162, 3.292323440001584611 ) ) ;
#3414 = CYLINDRICAL_SURFACE ( 'NONE', #2479, 2.749999999999995559 ) ;
#3415 = ORIENTED_EDGE ( 'NONE', *, *, #1709, .F. ) ;
#3416 = DIRECTION ( 'NONE',  ( 0.000000000000000000, -0.000000000000000000, -1.000000000000000000 ) ) ;
#3417 = ORIENTED_EDGE ( 'NONE', *, *, #1182, .T. ) ;
#3418 = AXIS2_PLACEMENT_3D ( 'NONE', #927, #2287, #1530 ) ;
#3419 = DIRECTION ( 'NONE',  ( -1.000000000000000000, 0.000000000000000000, 0.000000000000000000 ) ) ;
#3420 = CARTESIAN_POINT ( 'NONE',  ( -9.934129258355479664, 28.52870705156890097, 0.000000000000000000 ) ) ;
#3421 = ORIENTED_EDGE ( 'NONE', *, *, #3443, .F. ) ;
#3422 = EDGE_CURVE ( 'NONE', #2569, #2156, #777, .T. ) ;
#3423 = DIRECTION ( 'NONE',  ( 0.000000000000000000, 0.000000000000000000, 1.000000000000000000 ) ) ;
#3424 = EDGE_CURVE ( 'NONE', #1123, #2599, #2965, .T. ) ;
#3425 = DIRECTION ( 'NONE',  ( -1.000000000000000000, 0.000000000000000000, 0.000000000000000000 ) ) ;
#3426 = CARTESIAN_POINT ( 'NONE',  ( 10.45303777425773362, 25.68270705156890443, -2.500000000000000000 ) ) ;
#3427 = FACE_OUTER_BOUND ( 'NONE', #3012, .T. ) ;
#3428 = VECTOR ( 'NONE', #551, 1000.000000000000000 ) ;
#3429 = DIRECTION ( 'NONE',  ( -0.000000000000000000, -0.000000000000000000, -1.000000000000000000 ) ) ;
#3430 = VERTEX_POINT ( 'NONE', #3461 ) ;
#3431 = DIRECTION ( 'NONE',  ( -0.000000000000000000, -0.000000000000000000, -1.000000000000000000 ) ) ;
#3432 = ORIENTED_EDGE ( 'NONE', *, *, #2480, .T. ) ;
#3433 = LINE ( 'NONE', #2903, #2953 ) ;
#3434 = AXIS2_PLACEMENT_3D ( 'NONE', #2047, #2864, #216 ) ;
#3435 = AXIS2_PLACEMENT_3D ( 'NONE', #1561, #987, #1510 ) ;
#3436 = LINE ( 'NONE', #559, #2218 ) ;
#3437 = ORIENTED_EDGE ( 'NONE', *, *, #2464, .F. ) ;
#3438 = EDGE_CURVE ( 'NONE', #959, #2545, #1846, .T. ) ;
#3439 = CARTESIAN_POINT ( 'NONE',  ( 10.45303777425773362, -25.62529294843109540, -2.500000000000000000 ) ) ;
#3440 = CIRCLE ( 'NONE', #873, 0.9499999999999995115 ) ;
#3441 = CARTESIAN_POINT ( 'NONE',  ( 7.285040208365947123, -11.83278339979662874, -0.3076765599984150334 ) ) ;
#3442 = DIRECTION ( 'NONE',  ( 1.000000000000000000, 0.000000000000000000, 0.000000000000000000 ) ) ;
#3443 = EDGE_CURVE ( 'NONE', #2055, #2599, #1925, .T. ) ;
#3444 = VECTOR ( 'NONE', #305, 1000.000000000000000 ) ;
#3445 = ORIENTED_EDGE ( 'NONE', *, *, #602, .T. ) ;
#3446 = CARTESIAN_POINT ( 'NONE',  ( -16.46496222574226209, -28.34997260487145354, -2.500000000000000000 ) ) ;
#3447 = CARTESIAN_POINT ( 'NONE',  ( 16.53503777425773436, 18.77870705156889031, -4.002000000000000668 ) ) ;
#3448 = EDGE_CURVE ( 'NONE', #1163, #1623, #2456, .T. ) ;
#3449 = FACE_OUTER_BOUND ( 'NONE', #3316, .T. ) ;
#3450 = ORIENTED_EDGE ( 'NONE', *, *, #1687, .T. ) ;
#3451 = LINE ( 'NONE', #2901, #2906 ) ;
#3452 = ORIENTED_EDGE ( 'NONE', *, *, #678, .T. ) ;
#3453 = DIRECTION ( 'NONE',  ( 0.000000000000000000, 0.000000000000000000, -1.000000000000000000 ) ) ;
#3454 = CARTESIAN_POINT ( 'NONE',  ( -19.46496222574226920, 30.02870705156890097, -3.000000000000006217 ) ) ;
#3455 = VERTEX_POINT ( 'NONE', #1389 ) ;
#3456 = CONICAL_SURFACE ( 'NONE', #887, 0.9393398282201842475, 0.7853981633974488341 ) ;
#3457 = DIRECTION ( 'NONE',  ( -0.000000000000000000, -0.000000000000000000, 1.000000000000000000 ) ) ;
#3458 = DIRECTION ( 'NONE',  ( -1.000000000000000000, -2.703465157366452467E-16, 0.000000000000000000 ) ) ;
#3459 = CARTESIAN_POINT ( 'NONE',  ( -19.46496222574226920, 28.52870705156889741, 3.292323440001584611 ) ) ;
#3460 = AXIS2_PLACEMENT_3D ( 'NONE', #2434, #828, #1919 ) ;
#3461 = CARTESIAN_POINT ( 'NONE',  ( 17.41371743069809597, 25.80129521535424075, -2.500000000000000000 ) ) ;
#3462 = VERTEX_POINT ( 'NONE', #1582 ) ;
#3463 = PRODUCT_DEFINITION_FORMATION_WITH_SPECIFIED_SOURCE ( 'ANY', '', #2316, .NOT_KNOWN. ) ;
#3464 = DIRECTION ( 'NONE',  ( 2.409338161078898687E-16, -0.000000000000000000, -1.000000000000000000 ) ) ;
#3465 = CARTESIAN_POINT ( 'NONE',  ( -17.84364188218263436, 25.80129521535424075, -2.500000000000000000 ) ) ;
#3466 = EDGE_CURVE ( 'NONE', #378, #1529, #564, .T. ) ;
#3467 = LINE ( 'NONE', #3183, #3428 ) ;
#3468 = VERTEX_POINT ( 'NONE', #1890 ) ;
#3469 = DIRECTION ( 'NONE',  ( 1.000000000000000000, 0.000000000000000000, 0.000000000000000000 ) ) ;
#3470 = ORIENTED_EDGE ( 'NONE', *, *, #1815, .F. ) ;
#3471 = CARTESIAN_POINT ( 'NONE',  ( 10.45303777425773362, -25.62529294843109540, 0.000000000000000000 ) ) ;
#3472 = EDGE_CURVE ( 'NONE', #876, #1203, #2660, .T. ) ;
#3473 = AXIS2_PLACEMENT_3D ( 'NONE', #1804, #149, #2081 ) ;
#3474 = VERTEX_POINT ( 'NONE', #1855 ) ;
#3475 = AXIS2_PLACEMENT_3D ( 'NONE', #712, #456, #408 ) ;
#3476 = PLANE ( 'NONE',  #3337 ) ;
#3477 = ORIENTED_EDGE ( 'NONE', *, *, #1213, .F. ) ;
#3478 = DIRECTION ( 'NONE',  ( 1.000000000000000000, 0.000000000000000000, 0.000000000000000000 ) ) ;
#3479 = LINE ( 'NONE', #1075, #1770 ) ;
#3480 = PRODUCT_CONTEXT ( 'NONE', #1894, 'mechanical' ) ;
#3481 = ORIENTED_EDGE ( 'NONE', *, *, #436, .T. ) ;
ENDSEC;
END-ISO-10303-21;
