ISO-10303-21;
HEADER;
FILE_DESCRIPTION (( 'STEP AP214' ),
    '1' );
FILE_NAME ('Top_Enclosure.STEP',
    '2025-11-24T06:56:49',
    ( '' ),
    ( '' ),
    'SwSTEP 2.0',
    'SolidWorks 2025',
    '' );
FILE_SCHEMA (( 'AUTOMOTIVE_DESIGN' ));
ENDSEC;

DATA;
#1 = EDGE_CURVE ( 'NONE', #1460, #1196, #2463, .T. ) ;
#2 = EDGE_CURVE ( 'NONE', #4247, #1584, #1209, .T. ) ;
#3 = CARTESIAN_POINT ( 'NONE',  ( -17.96496222574226564, 27.02870705156890097, 3.292323440001584611 ) ) ;
#4 = ORIENTED_EDGE ( 'NONE', *, *, #4954, .T. ) ;
#5 = LINE ( 'NONE', #2310, #1945 ) ;
#6 = FACE_OUTER_BOUND ( 'NONE', #2014, .T. ) ;
#7 = ORIENTED_EDGE ( 'NONE', *, *, #2970, .T. ) ;
#8 = CARTESIAN_POINT ( 'NONE',  ( 7.285040208365946235, -28.47129294843108482, 6.892323440001584700 ) ) ;
#9 = EDGE_LOOP ( 'NONE', ( #4572, #1195, #1754, #2113, #4416, #1520, #622, #3936, #1572, #557, #1887, #1904, #2886, #4786, #1301, #4519, #4697, #2508, #2036, #3154, #565, #4429, #1414, #1628, #3692, #116, #285, #4815, #2330, #4823, #4826, #80, #3470, #3970, #2464, #4435, #1979, #3137, #474, #4796, #3099, #1580, #4505, #72, #4723, #3616, #849, #539, #4636, #4904, #360, #814, #2558, #791 ) ) ;
#10 = DIRECTION ( 'NONE',  ( -0.000000000000000000, -0.000000000000000000, 1.000000000000000000 ) ) ;
#11 = DIRECTION ( 'NONE',  ( -0.000000000000000000, -0.000000000000000000, 1.000000000000000000 ) ) ;
#12 = VECTOR ( 'NONE', #1759, 1000.000000000000000 ) ;
#13 = DIRECTION ( 'NONE',  ( -0.000000000000000000, -0.000000000000000000, 1.000000000000000000 ) ) ;
#14 = EDGE_CURVE ( 'NONE', #4550, #324, #2082, .T. ) ;
#15 = DIRECTION ( 'NONE',  ( 0.000000000000000000, -0.000000000000000000, -1.000000000000000000 ) ) ;
#16 = VERTEX_POINT ( 'NONE', #239 ) ;
#17 = DIRECTION ( 'NONE',  ( 0.000000000000000000, 0.000000000000000000, 1.000000000000000000 ) ) ;
#18 = VECTOR ( 'NONE', #959, 1000.000000000000000 ) ;
#19 = CARTESIAN_POINT ( 'NONE',  ( -18.42952312750760413, -22.01050008896486077, 9.928455951977436911 ) ) ;
#20 = EDGE_LOOP ( 'NONE', ( #2666, #1826, #839, #1761 ) ) ;
#21 = CARTESIAN_POINT ( 'NONE',  ( 2.015431251695973813, 12.66714344531767900, 9.999999999999998224 ) ) ;
#22 = DIRECTION ( 'NONE',  ( -0.000000000000000000, -0.000000000000000000, 1.000000000000000000 ) ) ;
#23 = EDGE_CURVE ( 'NONE', #4261, #1264, #3691, .T. ) ;
#24 = EDGE_LOOP ( 'NONE', ( #3870, #4491, #3122, #3588 ) ) ;
#25 = CARTESIAN_POINT ( 'NONE',  ( 0.000000000000000000, 0.000000000000000000, 0.000000000000000000 ) ) ;
#26 = ADVANCED_FACE ( 'NONE', ( #4120 ), #4540, .F. ) ;
#27 = ORIENTED_EDGE ( 'NONE', *, *, #2265, .F. ) ;
#28 = DIRECTION ( 'NONE',  ( 1.000000000000000000, 0.000000000000000000, 0.000000000000000000 ) ) ;
#29 = VERTEX_POINT ( 'NONE', #2500 ) ;
#30 = CARTESIAN_POINT ( 'NONE',  ( 2.452039483241733375, 19.84070686846390430, 9.999999999999998224 ) ) ;
#31 = DIRECTION ( 'NONE',  ( 1.156482317317871971E-16, -1.000000000000000000, 0.000000000000000000 ) ) ;
#32 = ORIENTED_EDGE ( 'NONE', *, *, #3363, .T. ) ;
#33 = CARTESIAN_POINT ( 'NONE',  ( 18.03503777425769883, 22.52870705156892583, -1.363961030678932040 ) ) ;
#34 = EDGE_LOOP ( 'NONE', ( #1774, #797 ) ) ;
#35 = VERTEX_POINT ( 'NONE', #611 ) ;
#36 = DIRECTION ( 'NONE',  ( -0.000000000000000000, -0.000000000000000000, 1.000000000000000000 ) ) ;
#37 = CARTESIAN_POINT ( 'NONE',  ( -10.66696076089826661, 21.25670570879590571, -4.001000000000001222 ) ) ;
#38 = ADVANCED_FACE ( 'NONE', ( #3283 ), #1445, .F. ) ;
#39 = DIRECTION ( 'NONE',  ( 0.000000000000000000, 0.000000000000000000, -1.000000000000000000 ) ) ;
#40 = ADVANCED_FACE ( 'NONE', ( #582 ), #4951, .F. ) ;
#41 = EDGE_LOOP ( 'NONE', ( #4959, #4687, #3139, #2548 ) ) ;
#42 = DIRECTION ( 'NONE',  ( 1.000000000000000000, 0.000000000000000000, 0.000000000000000000 ) ) ;
#43 = DIRECTION ( 'NONE',  ( 0.000000000000000000, 0.000000000000000000, 1.000000000000000000 ) ) ;
#44 = ORIENTED_EDGE ( 'NONE', *, *, #689, .F. ) ;
#45 = DIRECTION ( 'NONE',  ( -1.000000000000000000, 0.000000000000000000, 0.000000000000000000 ) ) ;
#46 = CARTESIAN_POINT ( 'NONE',  ( -10.88296222574226668, 25.68270705156890443, -0.1000000000000002554 ) ) ;
#47 = DIRECTION ( 'NONE',  ( 0.000000000000000000, 0.000000000000000000, -1.000000000000000000 ) ) ;
#48 = CARTESIAN_POINT ( 'NONE',  ( -10.88296222574226668, -25.62529294843109540, 1.699999999999999289 ) ) ;
#49 = CIRCLE ( 'NONE', #4719, 2.749999999999995559 ) ;
#50 = ORIENTED_EDGE ( 'NONE', *, *, #4098, .T. ) ;
#51 = DIRECTION ( 'NONE',  ( 0.000000000000000000, 0.000000000000000000, -1.000000000000000000 ) ) ;
#52 = DIRECTION ( 'NONE',  ( -0.000000000000000000, -0.000000000000000000, -1.000000000000000000 ) ) ;
#53 = AXIS2_PLACEMENT_3D ( 'NONE', #2078, #4827, #3945 ) ;
#54 = PLANE ( 'NONE',  #3733 ) ;
#55 = VERTEX_POINT ( 'NONE', #2159 ) ;
#56 = CARTESIAN_POINT ( 'NONE',  ( 16.53503777425773436, 25.27870705156888320, 3.292323440001584611 ) ) ;
#57 = CARTESIAN_POINT ( 'NONE',  ( 10.45303777425773362, -25.62529294843109540, 8.499999999999998224 ) ) ;
#58 = VERTEX_POINT ( 'NONE', #1346 ) ;
#59 = VECTOR ( 'NONE', #2130, 1000.000000000000000 ) ;
#60 = CYLINDRICAL_SURFACE ( 'NONE', #2904, 1.074999999999999512 ) ;
#61 = VERTEX_POINT ( 'NONE', #2572 ) ;
#62 = FACE_OUTER_BOUND ( 'NONE', #2580, .T. ) ;
#63 = CARTESIAN_POINT ( 'NONE',  ( -18.42920127014953380, -22.93328003776419521, 9.928573596065877638 ) ) ;
#64 = AXIS2_PLACEMENT_3D ( 'NONE', #2567, #1279, #575 ) ;
#65 = CARTESIAN_POINT ( 'NONE',  ( 18.02590785247986815, 22.29573410110978671, 9.914482539271778805 ) ) ;
#66 = CIRCLE ( 'NONE', #2943, 3.000000000000000000 ) ;
#67 = EDGE_CURVE ( 'NONE', #1425, #4677, #3362, .T. ) ;
#68 = AXIS2_PLACEMENT_3D ( 'NONE', #1359, #4423, #3705 ) ;
#69 = EDGE_CURVE ( 'NONE', #4576, #4102, #2958, .T. ) ;
#70 = CARTESIAN_POINT ( 'NONE',  ( 17.53503777425773436, 18.77870705156889031, -4.000000000000000000 ) ) ;
#71 = EDGE_CURVE ( 'NONE', #4204, #1264, #1877, .T. ) ;
#72 = ORIENTED_EDGE ( 'NONE', *, *, #4811, .F. ) ;
#73 = CARTESIAN_POINT ( 'NONE',  ( 9.378037774257734327, 25.68270705156890443, -0.1000000000000002554 ) ) ;
#74 = PLANE ( 'NONE',  #1966 ) ;
#75 = AXIS2_PLACEMENT_3D ( 'NONE', #3848, #47, #3871 ) ;
#76 = VECTOR ( 'NONE', #871, 1000.000000000000000 ) ;
#77 = EDGE_CURVE ( 'NONE', #3285, #4204, #2207, .T. ) ;
#78 = DIRECTION ( 'NONE',  ( 0.000000000000000000, 0.000000000000000000, 1.000000000000000000 ) ) ;
#79 = VECTOR ( 'NONE', #4737, 1000.000000000000000 ) ;
#80 = ORIENTED_EDGE ( 'NONE', *, *, #781, .T. ) ;
#81 = ORIENTED_EDGE ( 'NONE', *, *, #716, .F. ) ;
#82 = ADVANCED_FACE ( 'NONE', ( #3383 ), #3003, .T. ) ;
#83 = FACE_OUTER_BOUND ( 'NONE', #2737, .T. ) ;
#84 = ORIENTED_EDGE ( 'NONE', *, *, #4128, .F. ) ;
#85 = CARTESIAN_POINT ( 'NONE',  ( -3.389963385410266206, 19.84070686846390430, -4.001000000000001222 ) ) ;
#86 = PLANE ( 'NONE',  #3476 ) ;
#87 = ORIENTED_EDGE ( 'NONE', *, *, #1321, .T. ) ;
#88 = AXIS2_PLACEMENT_3D ( 'NONE', #4424, #4507, #1013 ) ;
#89 = EDGE_CURVE ( 'NONE', #4080, #2309, #4564, .T. ) ;
#90 = EDGE_CURVE ( 'NONE', #55, #1574, #4339, .T. ) ;
#91 = CARTESIAN_POINT ( 'NONE',  ( 17.53503777425773436, 18.94634496323507733, 8.378679656440354506 ) ) ;
#92 = ORIENTED_EDGE ( 'NONE', *, *, #4997, .F. ) ;
#93 = DIRECTION ( 'NONE',  ( 1.156482317317871725E-16, -1.000000000000000000, -4.357881996052697634E-33 ) ) ;
#94 = LINE ( 'NONE', #854, #1884 ) ;
#95 = EDGE_CURVE ( 'NONE', #2990, #5004, #3104, .T. ) ;
#96 = PLANE ( 'NONE',  #1828 ) ;
#97 = CARTESIAN_POINT ( 'NONE',  ( -18.75785544455572307, 27.02870705156890097, 9.707106781186540800 ) ) ;
#98 = LINE ( 'NONE', #1614, #2368 ) ;
#99 = VERTEX_POINT ( 'NONE', #3332 ) ;
#100 = CARTESIAN_POINT ( 'NONE',  ( 16.03503777425773791, -29.67839972961763451, 9.292893218813444989 ) ) ;
#101 = EDGE_CURVE ( 'NONE', #955, #2967, #3038, .T. ) ;
#102 = CARTESIAN_POINT ( 'NONE',  ( 9.378037774257734327, 25.68270705156890443, 1.699999999999999289 ) ) ;
#103 = CIRCLE ( 'NONE', #4606, 2.292893218813452538 ) ;
#104 = ORIENTED_EDGE ( 'NONE', *, *, #4626, .F. ) ;
#105 = ADVANCED_FACE ( 'NONE', ( #4518 ), #1023, .F. ) ;
#106 = VERTEX_POINT ( 'NONE', #3091 ) ;
#107 = CARTESIAN_POINT ( 'NONE',  ( 11.40187074164450998, 28.52870705156890452, 8.378679656440352730 ) ) ;
#108 = VECTOR ( 'NONE', #4420, 1000.000000000000000 ) ;
#109 = EDGE_LOOP ( 'NONE', ( #3159, #2165, #4785, #2651 ) ) ;
#110 = CARTESIAN_POINT ( 'NONE',  ( -18.05074866336917339, 23.82962524862250930, 9.999999999999998224 ) ) ;
#111 = DIRECTION ( 'NONE',  ( 1.000000000000000000, 2.703465157366452467E-16, -0.000000000000000000 ) ) ;
#112 = ORIENTED_EDGE ( 'NONE', *, *, #449, .F. ) ;
#113 = LINE ( 'NONE', #1499, #4331 ) ;
#114 = DIRECTION ( 'NONE',  ( 0.000000000000000000, 0.000000000000000000, -1.000000000000000000 ) ) ;
#115 = VERTEX_POINT ( 'NONE', #1511 ) ;
#116 = ORIENTED_EDGE ( 'NONE', *, *, #4641, .T. ) ;
#117 = PLANE ( 'NONE',  #2775 ) ;
#118 = FACE_BOUND ( 'NONE', #1973, .T. ) ;
#119 = CARTESIAN_POINT ( 'NONE',  ( -16.21496222574229762, 25.27870705156888320, 3.292323440001584611 ) ) ;
#120 = ORIENTED_EDGE ( 'NONE', *, *, #4207, .F. ) ;
#121 = CARTESIAN_POINT ( 'NONE',  ( -12.64106361317946003, 13.48838797301254111, 8.499999999999998224 ) ) ;
#122 = FACE_OUTER_BOUND ( 'NONE', #1564, .T. ) ;
#123 = ORIENTED_EDGE ( 'NONE', *, *, #2426, .F. ) ;
#124 = EDGE_CURVE ( 'NONE', #58, #3289, #3977, .T. ) ;
#125 = DIRECTION ( 'NONE',  ( 1.000000000000000000, 0.000000000000000000, 0.000000000000000000 ) ) ;
#126 = CARTESIAN_POINT ( 'NONE',  ( -19.17206900692880822, -26.97129294843108838, 9.292893218813444989 ) ) ;
#127 = CARTESIAN_POINT ( 'NONE',  ( -19.46496222574226920, 28.52870705156889741, -4.000000000000000000 ) ) ;
#128 = CARTESIAN_POINT ( 'NONE',  ( 17.41371743069809241, -25.74388111221639974, 8.499999999999998224 ) ) ;
#129 = EDGE_LOOP ( 'NONE', ( #3270, #1067, #4578, #1994 ) ) ;
#130 = DIRECTION ( 'NONE',  ( 1.000000000000000000, 0.000000000000000000, 0.000000000000000000 ) ) ;
#131 = CARTESIAN_POINT ( 'NONE',  ( -13.96496222574229762, 22.52870705156889031, 5.000000000000001776 ) ) ;
#132 = CARTESIAN_POINT ( 'NONE',  ( -16.96496222574226920, 25.27870705156888320, -4.002000000000000668 ) ) ;
#133 = ORIENTED_EDGE ( 'NONE', *, *, #4259, .T. ) ;
#134 = CIRCLE ( 'NONE', #3979, 3.000000000000000000 ) ;
#135 = DIRECTION ( 'NONE',  ( 1.000000000000000000, 0.000000000000000000, 0.000000000000000000 ) ) ;
#136 = CARTESIAN_POINT ( 'NONE',  ( -9.727450725633168815, -28.39601452122300884, 8.453958083648430488 ) ) ;
#137 = EDGE_LOOP ( 'NONE', ( #1054, #2742, #4315, #249 ) ) ;
#138 = EDGE_CURVE ( 'NONE', #3786, #1329, #2301, .T. ) ;
#139 = AXIS2_PLACEMENT_3D ( 'NONE', #2281, #5065, #2326 ) ;
#140 = DIRECTION ( 'NONE',  ( -1.000000000000000000, 0.000000000000000000, 0.000000000000000000 ) ) ;
#141 = LINE ( 'NONE', #3678, #3213 ) ;
#142 = EDGE_LOOP ( 'NONE', ( #2006, #3559, #215, #3880 ) ) ;
#143 = ORIENTED_EDGE ( 'NONE', *, *, #3102, .T. ) ;
#144 = FACE_OUTER_BOUND ( 'NONE', #2347, .T. ) ;
#145 = DIRECTION ( 'NONE',  ( 0.000000000000000000, 0.000000000000000000, -1.000000000000000000 ) ) ;
#146 = CARTESIAN_POINT ( 'NONE',  ( 10.45303777425773362, 25.68270705156890443, 1.699999999999999289 ) ) ;
#147 = CIRCLE ( 'NONE', #1388, 1.402036092185268590 ) ;
#148 = CARTESIAN_POINT ( 'NONE',  ( 0.000000000000000000, -28.47129294843108482, 8.378679656440352730 ) ) ;
#149 = CIRCLE ( 'NONE', #817, 1.074999999999999512 ) ;
#150 = ORIENTED_EDGE ( 'NONE', *, *, #2059, .T. ) ;
#151 = LINE ( 'NONE', #3630, #1622 ) ;
#152 = DIRECTION ( 'NONE',  ( 1.156482317317871725E-16, -1.000000000000000000, 1.232595164407830946E-32 ) ) ;
#153 = DIRECTION ( 'NONE',  ( -1.734723475976806848E-16, 1.000000000000000000, -1.232595164407830946E-32 ) ) ;
#154 = VECTOR ( 'NONE', #2149, 1000.000000000000000 ) ;
#155 = CARTESIAN_POINT ( 'NONE',  ( -17.96496222574226564, 18.94634496323507022, 8.378679656440352730 ) ) ;
#156 = CIRCLE ( 'NONE', #2538, 1.000000000000000888 ) ;
#157 = CARTESIAN_POINT ( 'NONE',  ( 17.53503777425774146, -26.22129294843106706, 8.378679656440352730 ) ) ;
#158 = ORIENTED_EDGE ( 'NONE', *, *, #1002, .F. ) ;
#159 = FACE_OUTER_BOUND ( 'NONE', #2160, .T. ) ;
#160 = CIRCLE ( 'NONE', #2694, 3.000000000000000000 ) ;
#161 = VECTOR ( 'NONE', #530, 1000.000000000000000 ) ;
#162 = CARTESIAN_POINT ( 'NONE',  ( 7.453037774257734505, -25.62529294843109540, 1.699999999999999289 ) ) ;
#163 = VECTOR ( 'NONE', #2385, 1000.000000000000000 ) ;
#164 = VECTOR ( 'NONE', #4863, 1000.000000000000000 ) ;
#165 = ORIENTED_EDGE ( 'NONE', *, *, #3473, .T. ) ;
#166 = CARTESIAN_POINT ( 'NONE',  ( 9.378037774257734327, -25.62529294843109540, -0.1000000000000002554 ) ) ;
#167 = CARTESIAN_POINT ( 'NONE',  ( -19.46496222574226920, 28.52870705156889741, 3.292323440001584611 ) ) ;
#168 = ORIENTED_EDGE ( 'NONE', *, *, #4021, .F. ) ;
#169 = EDGE_CURVE ( 'NONE', #2077, #1425, #4209, .T. ) ;
#170 = VECTOR ( 'NONE', #4630, 1000.000000000000000 ) ;
#171 = EDGE_CURVE ( 'NONE', #4465, #4057, #3864, .T. ) ;
#172 = DIRECTION ( 'NONE',  ( 0.000000000000000000, -0.000000000000000000, -1.000000000000000000 ) ) ;
#173 = CYLINDRICAL_SURFACE ( 'NONE', #773, 3.000000000000000888 ) ;
#174 = ORIENTED_EDGE ( 'NONE', *, *, #1296, .F. ) ;
#175 = VERTEX_POINT ( 'NONE', #1566 ) ;
#176 = DIRECTION ( 'NONE',  ( -1.000000000000000000, 0.000000000000000000, 0.000000000000000000 ) ) ;
#177 = CARTESIAN_POINT ( 'NONE',  ( 19.03503777425773791, 30.03870705156891319, 3.292323440001584611 ) ) ;
#178 = AXIS2_PLACEMENT_3D ( 'NONE', #3908, #2039, #3518 ) ;
#179 = CARTESIAN_POINT ( 'NONE',  ( -19.46496222574226920, 28.52870705156889741, -4.000000000000000000 ) ) ;
#180 = CARTESIAN_POINT ( 'NONE',  ( -11.95796222574226597, -25.62529294843109540, -0.1000000000000002554 ) ) ;
#181 = VERTEX_POINT ( 'NONE', #1492 ) ;
#182 = CARTESIAN_POINT ( 'NONE',  ( -12.64106361317945293, -22.11161202698745498, 8.499999999999998224 ) ) ;
#183 = PLANE ( 'NONE',  #4511 ) ;
#184 = CARTESIAN_POINT ( 'NONE',  ( 16.03503777425773791, -29.97129294843108838, -4.000000000000000000 ) ) ;
#185 = CARTESIAN_POINT ( 'NONE',  ( -16.21496222574226564, -22.47129294843110969, 3.292323440001584611 ) ) ;
#186 = ORIENTED_EDGE ( 'NONE', *, *, #2965, .T. ) ;
#187 = DIRECTION ( 'NONE',  ( 1.000000000000000000, 0.000000000000000000, 0.000000000000000000 ) ) ;
#188 = CARTESIAN_POINT ( 'NONE',  ( -16.96496222574225854, -18.72129294843107417, -4.002000000000000668 ) ) ;
#189 = CIRCLE ( 'NONE', #4036, 2.707106781186548350 ) ;
#190 = DIRECTION ( 'NONE',  ( 1.000000000000000000, 0.000000000000000000, 0.000000000000000000 ) ) ;
#191 = ORIENTED_EDGE ( 'NONE', *, *, #655, .T. ) ;
#192 = DIRECTION ( 'NONE',  ( -0.000000000000000000, -0.000000000000000000, -1.000000000000000000 ) ) ;
#193 = EDGE_CURVE ( 'NONE', #99, #3457, #3274, .T. ) ;
#194 = DIRECTION ( 'NONE',  ( 1.000000000000000000, 0.000000000000000000, 0.000000000000000000 ) ) ;
#195 = ORIENTED_EDGE ( 'NONE', *, *, #1211, .T. ) ;
#196 = FACE_OUTER_BOUND ( 'NONE', #4286, .T. ) ;
#197 = VECTOR ( 'NONE', #851, 1000.000000000000000 ) ;
#198 = DIRECTION ( 'NONE',  ( -1.000000000000000000, 0.000000000000000000, 0.000000000000000000 ) ) ;
#199 = ORIENTED_EDGE ( 'NONE', *, *, #715, .F. ) ;
#200 = VERTEX_POINT ( 'NONE', #4280 ) ;
#201 = DIRECTION ( 'NONE',  ( -0.000000000000000000, -0.000000000000000000, 1.000000000000000000 ) ) ;
#202 = DIRECTION ( 'NONE',  ( -0.000000000000000000, -0.000000000000000000, 1.000000000000000000 ) ) ;
#203 = CYLINDRICAL_SURFACE ( 'NONE', #3676, 3.000000000000000888 ) ;
#204 = CARTESIAN_POINT ( 'NONE',  ( 16.53503777425773436, 19.77870705156889031, -4.002000000000000668 ) ) ;
#205 = VERTEX_POINT ( 'NONE', #359 ) ;
#206 = DIRECTION ( 'NONE',  ( 1.000000000000000000, 0.000000000000000000, 0.000000000000000000 ) ) ;
#207 = FACE_OUTER_BOUND ( 'NONE', #3777, .T. ) ;
#208 = CARTESIAN_POINT ( 'NONE',  ( 11.40187074164454017, -28.47129294843108482, 8.378679656440352730 ) ) ;
#209 = EDGE_CURVE ( 'NONE', #2074, #1030, #917, .T. ) ;
#210 = DIRECTION ( 'NONE',  ( 0.000000000000000000, 0.000000000000000000, 1.000000000000000000 ) ) ;
#211 = DIRECTION ( 'NONE',  ( 1.000000000000000000, 0.000000000000000000, 0.000000000000000000 ) ) ;
#212 = EDGE_LOOP ( 'NONE', ( #2803, #1176, #3046, #4318 ) ) ;
#213 = LINE ( 'NONE', #2931, #1122 ) ;
#214 = DIRECTION ( 'NONE',  ( -0.000000000000000000, -0.000000000000000000, -1.000000000000000000 ) ) ;
#215 = ORIENTED_EDGE ( 'NONE', *, *, #2179, .T. ) ;
#216 = DIRECTION ( 'NONE',  ( 0.000000000000000000, -1.000000000000000000, 0.000000000000000000 ) ) ;
#217 = FACE_OUTER_BOUND ( 'NONE', #546, .T. ) ;
#218 = VERTEX_POINT ( 'NONE', #1537 ) ;
#219 = CARTESIAN_POINT ( 'NONE',  ( -19.46496222574226920, 30.02870705156890097, 8.585786437626900636 ) ) ;
#220 = CARTESIAN_POINT ( 'NONE',  ( -9.627525739981200203, 28.40738670800925547, 8.499999999999998224 ) ) ;
#221 = EDGE_LOOP ( 'NONE', ( #2569, #645, #2502, #693 ) ) ;
#222 = ORIENTED_EDGE ( 'NONE', *, *, #1891, .T. ) ;
#223 = FACE_OUTER_BOUND ( 'NONE', #2915, .T. ) ;
#224 = LINE ( 'NONE', #2917, #2963 ) ;
#225 = VECTOR ( 'NONE', #4930, 1000.000000000000000 ) ;
#226 = DIRECTION ( 'NONE',  ( 0.000000000000000000, 0.000000000000000000, 1.000000000000000000 ) ) ;
#227 = LINE ( 'NONE', #3790, #3622 ) ;
#228 = VERTEX_POINT ( 'NONE', #3124 ) ;
#229 = VECTOR ( 'NONE', #914, 1000.000000000000000 ) ;
#230 = DIRECTION ( 'NONE',  ( 0.000000000000000000, -0.000000000000000000, 1.000000000000000000 ) ) ;
#231 = DIRECTION ( 'NONE',  ( -1.734723475976807094E-16, 1.000000000000000000, 0.000000000000000000 ) ) ;
#232 = VERTEX_POINT ( 'NONE', #3814 ) ;
#233 = CARTESIAN_POINT ( 'NONE',  ( 2.452039483241733375, 19.84070686846390430, 8.499999999999998224 ) ) ;
#234 = EDGE_CURVE ( 'NONE', #1119, #2031, #1724, .T. ) ;
#235 = EDGE_CURVE ( 'NONE', #4362, #707, #3497, .T. ) ;
#236 = AXIS2_PLACEMENT_3D ( 'NONE', #711, #214, #757 ) ;
#237 = EDGE_CURVE ( 'NONE', #228, #4655, #3430, .T. ) ;
#238 = B_SPLINE_CURVE_WITH_KNOTS ( 'NONE', 3,
 ( #2095, #4450, #3650, #957, #2514, #567 ),
 .UNSPECIFIED., .F., .F.,
 ( 4, 2, 4 ),
 ( 0.006395155811735563772, 0.007087331231990118621, 0.007779506652244672603 ),
 .UNSPECIFIED. ) ;
#239 = CARTESIAN_POINT ( 'NONE',  ( -18.46496222574226564, -22.47129294843110969, 9.910179721124452001 ) ) ;
#240 = EDGE_CURVE ( 'NONE', #232, #3868, #339, .T. ) ;
#241 = VECTOR ( 'NONE', #264, 1000.000000000000000 ) ;
#242 = ORIENTED_EDGE ( 'NONE', *, *, #3570, .F. ) ;
#243 = DIRECTION ( 'NONE',  ( 0.7071067811865500152, 8.177564888978027451E-17, -0.7071067811865451302 ) ) ;
#244 = CIRCLE ( 'NONE', #1627, 1.402036092185268590 ) ;
#245 = AXIS2_PLACEMENT_3D ( 'NONE', #1625, #4624, #1649 ) ;
#246 = VERTEX_POINT ( 'NONE', #3795 ) ;
#247 = LINE ( 'NONE', #3725, #4914 ) ;
#248 = AXIS2_PLACEMENT_3D ( 'NONE', #2158, #2925, #1772 ) ;
#249 = ORIENTED_EDGE ( 'NONE', *, *, #2384, .F. ) ;
#250 = EDGE_CURVE ( 'NONE', #1898, #3959, #289, .T. ) ;
#251 = VECTOR ( 'NONE', #4480, 1000.000000000000000 ) ;
#252 = LINE ( 'NONE', #1095, #1179 ) ;
#253 = EDGE_LOOP ( 'NONE', ( #1846, #5044, #3037, #4383 ) ) ;
#254 = EDGE_LOOP ( 'NONE', ( #3841, #275, #2544, #1821, #2356 ) ) ;
#255 = CARTESIAN_POINT ( 'NONE',  ( 12.21093530270483996, -22.11161202698745853, -4.001000000000001222 ) ) ;
#256 = DIRECTION ( 'NONE',  ( 1.000000000000000000, 0.000000000000000000, 0.000000000000000000 ) ) ;
#257 = ADVANCED_FACE ( 'NONE', ( #1466 ), #4999, .T. ) ;
#258 = DIRECTION ( 'NONE',  ( 0.000000000000000000, 0.000000000000000000, 1.000000000000000000 ) ) ;
#259 = VECTOR ( 'NONE', #1752, 1000.000000000000000 ) ;
#260 = ADVANCED_FACE ( 'NONE', ( #3053 ), #4612, .F. ) ;
#261 = CARTESIAN_POINT ( 'NONE',  ( -16.46496222574226920, 28.61449348919580160, 9.999999999999998224 ) ) ;
#262 = CIRCLE ( 'NONE', #4592, 1.378679656440354062 ) ;
#263 = ORIENTED_EDGE ( 'NONE', *, *, #1210, .F. ) ;
#264 = DIRECTION ( 'NONE',  ( -1.000000000000000000, 0.000000000000000000, 0.000000000000000000 ) ) ;
#265 = DIRECTION ( 'NONE',  ( 0.000000000000000000, 0.000000000000000000, -1.000000000000000000 ) ) ;
#266 = ADVANCED_FACE ( 'NONE', ( #1894 ), #4254, .T. ) ;
#267 = VECTOR ( 'NONE', #11, 1000.000000000000000 ) ;
#268 = DIRECTION ( 'NONE',  ( 1.156482317317871971E-16, -1.000000000000000000, 0.000000000000000000 ) ) ;
#269 = EDGE_CURVE ( 'NONE', #4401, #1168, #4026, .T. ) ;
#270 = ORIENTED_EDGE ( 'NONE', *, *, #3538, .T. ) ;
#271 = CARTESIAN_POINT ( 'NONE',  ( 17.53503777425773080, 30.02870705156891162, -4.000000000000000000 ) ) ;
#272 = CYLINDRICAL_SURFACE ( 'NONE', #829, 1.000000000000000888 ) ;
#273 = DIRECTION ( 'NONE',  ( 1.000000000000000000, 0.000000000000000000, 0.000000000000000000 ) ) ;
#274 = AXIS2_PLACEMENT_3D ( 'NONE', #3668, #869, #2885 ) ;
#275 = ORIENTED_EDGE ( 'NONE', *, *, #1344, .F. ) ;
#276 = EDGE_CURVE ( 'NONE', #1197, #1006, #2047, .T. ) ;
#277 = ORIENTED_EDGE ( 'NONE', *, *, #2350, .F. ) ;
#278 = AXIS2_PLACEMENT_3D ( 'NONE', #1902, #392, #1547 ) ;
#279 = PLANE ( 'NONE',  #1427 ) ;
#280 = ORIENTED_EDGE ( 'NONE', *, *, #90, .F. ) ;
#281 = ORIENTED_EDGE ( 'NONE', *, *, #1380, .F. ) ;
#282 = PLANE ( 'NONE',  #4982 ) ;
#283 = CARTESIAN_POINT ( 'NONE',  ( -18.05074866336916628, -26.97129294843108838, 9.999999999999998224 ) ) ;
#284 = DIRECTION ( 'NONE',  ( -0.000000000000000000, -0.000000000000000000, 1.000000000000000000 ) ) ;
#285 = ORIENTED_EDGE ( 'NONE', *, *, #4997, .T. ) ;
#286 = CARTESIAN_POINT ( 'NONE',  ( 15.78503777425776988, 25.27870705156888320, 8.499999999999998224 ) ) ;
#287 = DIRECTION ( 'NONE',  ( -0.000000000000000000, -0.000000000000000000, 1.000000000000000000 ) ) ;
#288 = CARTESIAN_POINT ( 'NONE',  ( 17.75547640613019595, 21.41780285582046162, 10.00000000000000000 ) ) ;
#289 = LINE ( 'NONE', #1842, #1476 ) ;
#290 = ADVANCED_FACE ( 'NONE', ( #122 ), #414, .T. ) ;
#291 = ORIENTED_EDGE ( 'NONE', *, *, #4531, .F. ) ;
#292 = CARTESIAN_POINT ( 'NONE',  ( -10.66696076089826661, 21.25670570879590571, 8.499999999999998224 ) ) ;
#293 = VERTEX_POINT ( 'NONE', #4301 ) ;
#294 = CARTESIAN_POINT ( 'NONE',  ( -16.46496222574226209, -28.34997260487144288, 8.499999999999998224 ) ) ;
#295 = VERTEX_POINT ( 'NONE', #3914 ) ;
#296 = EDGE_CURVE ( 'NONE', #2610, #1168, #883, .T. ) ;
#297 = EDGE_CURVE ( 'NONE', #1273, #506, #2467, .T. ) ;
#298 = DIRECTION ( 'NONE',  ( 0.000000000000000000, -0.000000000000000000, -1.000000000000000000 ) ) ;
#299 = DIRECTION ( 'NONE',  ( 0.7071067811865444641, 1.226634733346693887E-16, -0.7071067811865505703 ) ) ;
#300 = ORIENTED_EDGE ( 'NONE', *, *, #4215, .T. ) ;
#301 = ORIENTED_EDGE ( 'NONE', *, *, #1114, .F. ) ;
#302 = DIRECTION ( 'NONE',  ( 0.000000000000000000, 0.000000000000000000, -1.000000000000000000 ) ) ;
#303 = CARTESIAN_POINT ( 'NONE',  ( 17.62082421188464210, 3.056725742641680849E-15, 9.999999999999998224 ) ) ;
#304 = EDGE_CURVE ( 'NONE', #2363, #4693, #1882, .T. ) ;
#305 = CYLINDRICAL_SURFACE ( 'NONE', #2308, 3.000000000000000888 ) ;
#306 = ORIENTED_EDGE ( 'NONE', *, *, #2466, .F. ) ;
#307 = DIRECTION ( 'NONE',  ( 1.000000000000000000, 0.000000000000000000, 0.000000000000000000 ) ) ;
#308 = DIRECTION ( 'NONE',  ( 1.000000000000000000, 0.000000000000000000, 0.000000000000000000 ) ) ;
#309 = AXIS2_PLACEMENT_3D ( 'NONE', #3852, #3416, #3440 ) ;
#310 = EDGE_CURVE ( 'NONE', #1832, #852, #1958, .T. ) ;
#311 = AXIS2_PLACEMENT_3D ( 'NONE', #4877, #1700, #4034 ) ;
#312 = CARTESIAN_POINT ( 'NONE',  ( 0.000000000000000000, 0.000000000000000000, 9.999999999999998224 ) ) ;
#313 = DIRECTION ( 'NONE',  ( -1.156482317317871971E-16, 1.000000000000000000, -7.439369907072153891E-33 ) ) ;
#314 = ORIENTED_EDGE ( 'NONE', *, *, #3238, .T. ) ;
#315 = CARTESIAN_POINT ( 'NONE',  ( -17.96496222574226564, 30.02870705156890097, -4.000000000000000000 ) ) ;
#316 = CIRCLE ( 'NONE', #3011, 2.249999999999998668 ) ;
#317 = VECTOR ( 'NONE', #2617, 1000.000000000000000 ) ;
#318 = EDGE_LOOP ( 'NONE', ( #2674, #2900, #3014, #2603 ) ) ;
#319 = DIRECTION ( 'NONE',  ( 1.000000000000000000, 0.000000000000000000, 0.000000000000000000 ) ) ;
#320 = VERTEX_POINT ( 'NONE', #1280 ) ;
#321 = AXIS2_PLACEMENT_3D ( 'NONE', #4670, #52, #1249 ) ;
#322 = CIRCLE ( 'NONE', #68, 3.000000000000000000 ) ;
#323 = DIRECTION ( 'NONE',  ( 1.000000000000000000, 0.000000000000000000, 0.000000000000000000 ) ) ;
#324 = VERTEX_POINT ( 'NONE', #3966 ) ;
#325 = VECTOR ( 'NONE', #2516, 1000.000000000000000 ) ;
#326 = ORIENTED_EDGE ( 'NONE', *, *, #1940, .F. ) ;
#327 = DIRECTION ( 'NONE',  ( 1.000000000000000000, 0.000000000000000000, 0.000000000000000000 ) ) ;
#328 = CYLINDRICAL_SURFACE ( 'NONE', #4754, 1.000000000000000888 ) ;
#329 = EDGE_CURVE ( 'NONE', #1574, #1699, #1692, .T. ) ;
#330 = EDGE_CURVE ( 'NONE', #1704, #16, #4562, .T. ) ;
#331 = VECTOR ( 'NONE', #2128, 1000.000000000000000 ) ;
#332 = DIRECTION ( 'NONE',  ( -1.000000000000000000, 0.000000000000000000, 0.000000000000000000 ) ) ;
#333 = EDGE_LOOP ( 'NONE', ( #3542, #3132, #3533, #2599 ) ) ;
#334 = CYLINDRICAL_SURFACE ( 'NONE', #4169, 1.000000000000000888 ) ;
#335 = CARTESIAN_POINT ( 'NONE',  ( -11.95796222574226597, -25.62529294843109540, -0.1000000000000002554 ) ) ;
#336 = AXIS2_PLACEMENT_3D ( 'NONE', #48, #501, #4746 ) ;
#337 = VECTOR ( 'NONE', #710, 1000.000000000000000 ) ;
#338 = FACE_BOUND ( 'NONE', #642, .T. ) ;
#339 = LINE ( 'NONE', #2230, #4010 ) ;
#340 = VECTOR ( 'NONE', #3984, 1000.000000000000000 ) ;
#341 = ORIENTED_EDGE ( 'NONE', *, *, #935, .T. ) ;
#342 = FACE_OUTER_BOUND ( 'NONE', #3101, .T. ) ;
#343 = DIRECTION ( 'NONE',  ( 0.000000000000000000, 0.000000000000000000, 1.000000000000000000 ) ) ;
#344 = ORIENTED_EDGE ( 'NONE', *, *, #3353, .F. ) ;
#345 = ORIENTED_EDGE ( 'NONE', *, *, #689, .T. ) ;
#346 = DIRECTION ( 'NONE',  ( -1.734723475976807094E-16, 1.000000000000000000, 0.000000000000000000 ) ) ;
#347 = DIRECTION ( 'NONE',  ( -1.000000000000000000, 0.000000000000000000, 0.000000000000000000 ) ) ;
#348 = ORIENTED_EDGE ( 'NONE', *, *, #4570, .T. ) ;
#349 = DIRECTION ( 'NONE',  ( -0.000000000000000000, -0.000000000000000000, 1.000000000000000000 ) ) ;
#350 = FACE_BOUND ( 'NONE', #2214, .T. ) ;
#351 = ORIENTED_EDGE ( 'NONE', *, *, #2059, .F. ) ;
#352 = CYLINDRICAL_SURFACE ( 'NONE', #3058, 2.749999999999995559 ) ;
#353 = ORIENTED_EDGE ( 'NONE', *, *, #1138, .F. ) ;
#354 = CARTESIAN_POINT ( 'NONE',  ( 16.03503777425773436, 27.02870705156891162, 3.292323440001584611 ) ) ;
#355 = CARTESIAN_POINT ( 'NONE',  ( -10.88296222574226668, -25.62529294843109540, 3.292323440001584611 ) ) ;
#356 = AXIS2_PLACEMENT_3D ( 'NONE', #1014, #2565, #4922 ) ;
#357 = CYLINDRICAL_SURFACE ( 'NONE', #4100, 1.000000000000000888 ) ;
#358 = PLANE ( 'NONE',  #4085 ) ;
#359 = CARTESIAN_POINT ( 'NONE',  ( 16.03503777425773791, 28.61449348919581226, 9.999999999999998224 ) ) ;
#360 = ORIENTED_EDGE ( 'NONE', *, *, #4386, .F. ) ;
#361 = DIRECTION ( 'NONE',  ( 1.000000000000000000, 0.000000000000000000, 0.000000000000000000 ) ) ;
#362 = EDGE_CURVE ( 'NONE', #3167, #3475, #98, .T. ) ;
#363 = DIRECTION ( 'NONE',  ( 1.204669080539449344E-16, 0.000000000000000000, -1.000000000000000000 ) ) ;
#364 = EDGE_LOOP ( 'NONE', ( #1816, #345, #2833, #2877 ) ) ;
#365 = ORIENTED_EDGE ( 'NONE', *, *, #269, .T. ) ;
#366 = CARTESIAN_POINT ( 'NONE',  ( 15.78503777425773613, -22.47129294843107417, 9.999999999999998224 ) ) ;
#367 = ORIENTED_EDGE ( 'NONE', *, *, #3420, .F. ) ;
#368 = DIRECTION ( 'NONE',  ( -1.000000000000000000, 0.000000000000000000, 0.000000000000000000 ) ) ;
#369 = DIRECTION ( 'NONE',  ( 0.000000000000000000, 0.000000000000000000, 1.000000000000000000 ) ) ;
#370 = LINE ( 'NONE', #4627, #1100 ) ;
#371 = ORIENTED_EDGE ( 'NONE', *, *, #639, .F. ) ;
#372 = VERTEX_POINT ( 'NONE', #2431 ) ;
#373 = DIRECTION ( 'NONE',  ( 1.000000000000000000, 0.000000000000000000, 0.000000000000000000 ) ) ;
#374 = CARTESIAN_POINT ( 'NONE',  ( -18.46496222574226564, -22.47129294843110969, -1.363961030678932040 ) ) ;
#375 = DIRECTION ( 'NONE',  ( -0.000000000000000000, -0.000000000000000000, 1.000000000000000000 ) ) ;
#376 = DIRECTION ( 'NONE',  ( 1.000000000000000000, 0.000000000000000000, 0.000000000000000000 ) ) ;
#377 = ORIENTED_EDGE ( 'NONE', *, *, #4950, .T. ) ;
#378 = AXIS2_PLACEMENT_3D ( 'NONE', #1757, #4008, #2937 ) ;
#379 = LINE ( 'NONE', #2822, #4567 ) ;
#380 = CARTESIAN_POINT ( 'NONE',  ( 9.297526274148635750, -28.39601452122300884, 8.453958083648430488 ) ) ;
#381 = EDGE_CURVE ( 'NONE', #4504, #2148, #4713, .T. ) ;
#382 = EDGE_CURVE ( 'NONE', #4844, #3783, #462, .T. ) ;
#383 = VERTEX_POINT ( 'NONE', #494 ) ;
#384 = DIRECTION ( 'NONE',  ( 1.000000000000000000, 0.000000000000000000, 0.000000000000000000 ) ) ;
#385 = EDGE_CURVE ( 'NONE', #3075, #4602, #4996, .T. ) ;
#386 = CIRCLE ( 'NONE', #731, 1.000000000000000888 ) ;
#387 = ORIENTED_EDGE ( 'NONE', *, *, #1824, .F. ) ;
#388 = VECTOR ( 'NONE', #2303, 1000.000000000000000 ) ;
#389 = CIRCLE ( 'NONE', #3573, 1.074999999999999512 ) ;
#390 = VERTEX_POINT ( 'NONE', #1240 ) ;
#391 = CIRCLE ( 'NONE', #3257, 1.500000000000001332 ) ;
#392 = DIRECTION ( 'NONE',  ( -0.000000000000000000, -0.000000000000000000, -1.000000000000000000 ) ) ;
#393 = EDGE_LOOP ( 'NONE', ( #1190, #496, #2539, #2909 ) ) ;
#394 = FACE_OUTER_BOUND ( 'NONE', #5048, .T. ) ;
#395 = DIRECTION ( 'NONE',  ( 1.000000000000000000, 0.000000000000000000, 0.000000000000000000 ) ) ;
#396 = EDGE_LOOP ( 'NONE', ( #3580, #4527, #728, #1251 ) ) ;
#397 = VECTOR ( 'NONE', #1055, 1000.000000000000000 ) ;
#398 = EDGE_CURVE ( 'NONE', #4844, #61, #2797, .T. ) ;
#399 = VECTOR ( 'NONE', #2103, 1000.000000000000000 ) ;
#400 = FACE_OUTER_BOUND ( 'NONE', #1049, .T. ) ;
#401 = EDGE_LOOP ( 'NONE', ( #3023, #3515, #1605, #3516 ) ) ;
#402 = ORIENTED_EDGE ( 'NONE', *, *, #23, .T. ) ;
#403 = CARTESIAN_POINT ( 'NONE',  ( -13.46496222574226920, -22.47129294843110969, 8.499999999999998224 ) ) ;
#404 = LINE ( 'NONE', #3939, #601 ) ;
#405 = ADVANCED_FACE ( 'NONE', ( #3576 ), #74, .F. ) ;
#406 = VECTOR ( 'NONE', #4821, 1000.000000000000000 ) ;
#407 = AXIS2_PLACEMENT_3D ( 'NONE', #2380, #3245, #570 ) ;
#408 = DIRECTION ( 'NONE',  ( -0.000000000000000000, -0.000000000000000000, -1.000000000000000000 ) ) ;
#409 = VECTOR ( 'NONE', #1424, 1000.000000000000000 ) ;
#410 = ORIENTED_EDGE ( 'NONE', *, *, #451, .T. ) ;
#411 = VECTOR ( 'NONE', #4884, 1000.000000000000000 ) ;
#412 = CARTESIAN_POINT ( 'NONE',  ( -16.96496222574225854, -19.72129294843107417, 3.292323440001584611 ) ) ;
#413 = ADVANCED_FACE ( 'NONE', ( #1663 ), #2823, .F. ) ;
#414 = CYLINDRICAL_SURFACE ( 'NONE', #3507, 1.000000000000000000 ) ;
#415 = ORIENTED_EDGE ( 'NONE', *, *, #1295, .F. ) ;
#416 = CARTESIAN_POINT ( 'NONE',  ( 15.78503777425773613, -22.47129294843107417, -1.363961030678932040 ) ) ;
#417 = VECTOR ( 'NONE', #4968, 1000.000000000000000 ) ;
#418 = ORIENTED_EDGE ( 'NONE', *, *, #240, .F. ) ;
#419 = VECTOR ( 'NONE', #287, 1000.000000000000000 ) ;
#420 = ORIENTED_EDGE ( 'NONE', *, *, #3674, .F. ) ;
#421 = ADVANCED_FACE ( 'NONE', ( #1750 ), #4926, .F. ) ;
#422 = CARTESIAN_POINT ( 'NONE',  ( -16.21496222574229407, 19.77870705156889031, 3.292323440001584611 ) ) ;
#423 = ORIENTED_EDGE ( 'NONE', *, *, #2390, .F. ) ;
#424 = DIRECTION ( 'NONE',  ( -1.000000000000000000, 0.000000000000000000, 0.000000000000000000 ) ) ;
#425 = CARTESIAN_POINT ( 'NONE',  ( 16.03503777425773791, -26.97129294843108838, 9.999999999999998224 ) ) ;
#426 = ORIENTED_EDGE ( 'NONE', *, *, #4965, .F. ) ;
#427 = DIRECTION ( 'NONE',  ( 1.000000000000000000, 0.000000000000000000, 0.000000000000000000 ) ) ;
#428 = LINE ( 'NONE', #3485, #3221 ) ;
#429 = ORIENTED_EDGE ( 'NONE', *, *, #4256, .T. ) ;
#430 = FACE_OUTER_BOUND ( 'NONE', #1755, .T. ) ;
#431 = DIRECTION ( 'NONE',  ( 1.000000000000000000, -2.312964634635740689E-15, 0.000000000000000000 ) ) ;
#432 = CARTESIAN_POINT ( 'NONE',  ( -10.88296222574226668, -25.62529294843109540, -0.1000000000000002554 ) ) ;
#433 = AXIS2_PLACEMENT_3D ( 'NONE', #3928, #4673, #1978 ) ;
#434 = CARTESIAN_POINT ( 'NONE',  ( 10.45303777425773362, -25.62529294843109540, 1.699999999999999289 ) ) ;
#435 = VERTEX_POINT ( 'NONE', #4825 ) ;
#436 = CARTESIAN_POINT ( 'NONE',  ( -16.21496222574229762, 25.27870705156888320, 8.499999999999998224 ) ) ;
#437 = DIRECTION ( 'NONE',  ( 1.000000000000000000, 2.703465157366452467E-16, -0.000000000000000000 ) ) ;
#438 = ORIENTED_EDGE ( 'NONE', *, *, #2964, .F. ) ;
#439 = LINE ( 'NONE', #3149, #2360 ) ;
#440 = FACE_BOUND ( 'NONE', #713, .T. ) ;
#441 = ORIENTED_EDGE ( 'NONE', *, *, #4489, .F. ) ;
#442 = EDGE_LOOP ( 'NONE', ( #2389, #2398, #4843, #2726 ) ) ;
#443 = CARTESIAN_POINT ( 'NONE',  ( 19.03503777425773080, 27.02870705156891162, -4.000000000000000000 ) ) ;
#444 = CARTESIAN_POINT ( 'NONE',  ( 18.03503777425774146, -26.97129294843108482, 8.585786437626897083 ) ) ;
#445 = ORIENTED_EDGE ( 'NONE', *, *, #1401, .F. ) ;
#446 = CARTESIAN_POINT ( 'NONE',  ( 16.03503777425773791, -26.97129294843108838, 8.378679656440350954 ) ) ;
#447 = CARTESIAN_POINT ( 'NONE',  ( -16.46496222574226209, -28.55707938605798901, 9.999999999999998224 ) ) ;
#448 = ORIENTED_EDGE ( 'NONE', *, *, #4804, .F. ) ;
#449 = EDGE_CURVE ( 'NONE', #4255, #1583, #2704, .T. ) ;
#450 = ADVANCED_FACE ( 'NONE', ( #4432 ), #2177, .F. ) ;
#451 = EDGE_CURVE ( 'NONE', #1583, #4255, #2881, .T. ) ;
#452 = CARTESIAN_POINT ( 'NONE',  ( 13.45303777425773539, 25.68270705156890443, 8.499999999999998224 ) ) ;
#453 = ORIENTED_EDGE ( 'NONE', *, *, #776, .T. ) ;
#454 = VERTEX_POINT ( 'NONE', #2879 ) ;
#455 = FACE_OUTER_BOUND ( 'NONE', #1553, .T. ) ;
#456 = DIRECTION ( 'NONE',  ( -1.734723475976806848E-16, 1.000000000000000000, -1.232595164407830946E-32 ) ) ;
#457 = EDGE_CURVE ( 'NONE', #3241, #3355, #3741, .T. ) ;
#458 = CARTESIAN_POINT ( 'NONE',  ( 17.96403200988506299, 21.95612556311090202, 9.939983050895385475 ) ) ;
#459 = DIRECTION ( 'NONE',  ( -1.000000000000000000, 0.000000000000000000, 0.000000000000000000 ) ) ;
#460 = VERTEX_POINT ( 'NONE', #4059 ) ;
#461 = DIRECTION ( 'NONE',  ( 0.000000000000000000, -0.000000000000000000, -1.000000000000000000 ) ) ;
#462 = LINE ( 'NONE', #3943, #3034 ) ;
#463 = FACE_OUTER_BOUND ( 'NONE', #1728, .T. ) ;
#464 = DIRECTION ( 'NONE',  ( 0.000000000000000000, 0.000000000000000000, 1.000000000000000000 ) ) ;
#465 = EDGE_CURVE ( 'NONE', #1035, #1097, #4588, .T. ) ;
#466 = DIRECTION ( 'NONE',  ( -1.000000000000000000, 0.000000000000000000, 0.000000000000000000 ) ) ;
#467 = ORIENTED_EDGE ( 'NONE', *, *, #4089, .T. ) ;
#468 = AXIS2_PLACEMENT_3D ( 'NONE', #4088, #584, #187 ) ;
#469 = EDGE_CURVE ( 'NONE', #4051, #592, #2959, .T. ) ;
#470 = ORIENTED_EDGE ( 'NONE', *, *, #3330, .T. ) ;
#471 = DIRECTION ( 'NONE',  ( 0.000000000000000000, -0.000000000000000000, -1.000000000000000000 ) ) ;
#472 = VECTOR ( 'NONE', #1858, 1000.000000000000000 ) ;
#473 = FACE_BOUND ( 'NONE', #4598, .T. ) ;
#474 = ORIENTED_EDGE ( 'NONE', *, *, #1164, .T. ) ;
#475 = CYLINDRICAL_SURFACE ( 'NONE', #1400, 1.000000000000000888 ) ;
#476 = EDGE_CURVE ( 'NONE', #3635, #3403, #5068, .T. ) ;
#477 = LINE ( 'NONE', #4725, #3158 ) ;
#478 = ORIENTED_EDGE ( 'NONE', *, *, #234, .F. ) ;
#479 = AXIS2_PLACEMENT_3D ( 'NONE', #2176, #2545, #3740 ) ;
#480 = CARTESIAN_POINT ( 'NONE',  ( 18.32793099307119178, 3.179389215976351372E-15, 9.707106781186542577 ) ) ;
#481 = ADVANCED_FACE ( 'NONE', ( #659 ), #3658, .T. ) ;
#482 = ORIENTED_EDGE ( 'NONE', *, *, #4614, .T. ) ;
#483 = ORIENTED_EDGE ( 'NONE', *, *, #4037, .T. ) ;
#484 = DIRECTION ( 'NONE',  ( -1.000000000000000000, -2.703465157366452467E-16, -0.000000000000000000 ) ) ;
#485 = CARTESIAN_POINT ( 'NONE',  ( 16.53503777425773436, 25.27870705156888320, 8.499999999999998224 ) ) ;
#486 = VECTOR ( 'NONE', #937, 1000.000000000000000 ) ;
#487 = EDGE_CURVE ( 'NONE', #2302, #554, #989, .T. ) ;
#488 = AXIS2_PLACEMENT_3D ( 'NONE', #1723, #863, #1343 ) ;
#489 = CIRCLE ( 'NONE', #245, 2.749999999999995559 ) ;
#490 = LINE ( 'NONE', #1308, #251 ) ;
#491 = ORIENTED_EDGE ( 'NONE', *, *, #4217, .T. ) ;
#492 = DIRECTION ( 'NONE',  ( 1.000000000000000000, 0.000000000000000000, 0.000000000000000000 ) ) ;
#493 = ADVANCED_FACE ( 'NONE', ( #207 ), #1721, .T. ) ;
#494 = CARTESIAN_POINT ( 'NONE',  ( -14.96496222574226564, -22.47129294843110969, 5.000000000000001776 ) ) ;
#495 = CYLINDRICAL_SURFACE ( 'NONE', #4185, 1.402036092185269034 ) ;
#496 = ORIENTED_EDGE ( 'NONE', *, *, #1021, .F. ) ;
#497 = AXIS2_PLACEMENT_3D ( 'NONE', #4035, #944, #4466 ) ;
#498 = CIRCLE ( 'NONE', #3352, 3.000000000000000888 ) ;
#499 = DIRECTION ( 'NONE',  ( 0.000000000000000000, 0.000000000000000000, -1.000000000000000000 ) ) ;
#500 = AXIS2_PLACEMENT_3D ( 'NONE', #2962, #1448, #4493 ) ;
#501 = DIRECTION ( 'NONE',  ( 0.000000000000000000, 0.000000000000000000, -1.000000000000000000 ) ) ;
#502 = VERTEX_POINT ( 'NONE', #2591 ) ;
#503 = CARTESIAN_POINT ( 'NONE',  ( 12.21093530270484706, 13.48838797301253933, 8.499999999999994671 ) ) ;
#504 = VECTOR ( 'NONE', #308, 1000.000000000000000 ) ;
#505 = CARTESIAN_POINT ( 'NONE',  ( -16.21496222574229051, -25.22129294843106706, 8.499999999999998224 ) ) ;
#506 = VERTEX_POINT ( 'NONE', #3280 ) ;
#507 = CARTESIAN_POINT ( 'NONE',  ( -18.05074866336917339, 21.22778885451527131, 9.999999999999998224 ) ) ;
#508 = ORIENTED_EDGE ( 'NONE', *, *, #2801, .T. ) ;
#509 = VECTOR ( 'NONE', #3220, 1000.000000000000000 ) ;
#510 = DIRECTION ( 'NONE',  ( -0.000000000000000000, -0.000000000000000000, 1.000000000000000000 ) ) ;
#511 = DIRECTION ( 'NONE',  ( 1.000000000000000000, 0.000000000000000000, 0.000000000000000000 ) ) ;
#512 = ORIENTED_EDGE ( 'NONE', *, *, #381, .F. ) ;
#513 = ORIENTED_EDGE ( 'NONE', *, *, #4772, .F. ) ;
#514 = PLANE ( 'NONE',  #3762 ) ;
#515 = CYLINDRICAL_SURFACE ( 'NONE', #5000, 1.000000000000000888 ) ;
#516 = CYLINDRICAL_SURFACE ( 'NONE', #2449, 3.000000000000000888 ) ;
#517 = ADVANCED_FACE ( 'NONE', ( #4896 ), #183, .T. ) ;
#518 = CARTESIAN_POINT ( 'NONE',  ( 10.45303777425773362, -25.62529294843109540, -0.1000000000000002554 ) ) ;
#519 = ORIENTED_EDGE ( 'NONE', *, *, #1138, .T. ) ;
#520 = LINE ( 'NONE', #121, #661 ) ;
#521 = CARTESIAN_POINT ( 'NONE',  ( -16.46496222574226209, -28.97129294843108482, 8.585786437626900636 ) ) ;
#522 = ORIENTED_EDGE ( 'NONE', *, *, #4702, .F. ) ;
#523 = CARTESIAN_POINT ( 'NONE',  ( 9.710935302704854166, -22.11161202698745853, -4.001000000000001222 ) ) ;
#524 = DIRECTION ( 'NONE',  ( 1.000000000000000000, 0.000000000000000000, 0.000000000000000000 ) ) ;
#525 = FACE_OUTER_BOUND ( 'NONE', #2168, .T. ) ;
#526 = AXIS2_PLACEMENT_3D ( 'NONE', #4938, #2629, #648 ) ;
#527 = ORIENTED_EDGE ( 'NONE', *, *, #1744, .F. ) ;
#528 = ADVANCED_FACE ( 'NONE', ( #1394 ), #1771, .T. ) ;
#529 = ORIENTED_EDGE ( 'NONE', *, *, #2864, .T. ) ;
#530 = DIRECTION ( 'NONE',  ( -1.734723475976806848E-16, 1.000000000000000000, -1.232595164407830946E-32 ) ) ;
#531 = AXIS2_PLACEMENT_3D ( 'NONE', #1835, #5012, #3377 ) ;
#532 = CARTESIAN_POINT ( 'NONE',  ( -16.46496222574226920, 27.02870705156890097, -4.000000000000000000 ) ) ;
#533 = ORIENTED_EDGE ( 'NONE', *, *, #3105, .F. ) ;
#534 = CARTESIAN_POINT ( 'NONE',  ( 9.378037774257734327, 25.68270705156890443, -0.1000000000000002554 ) ) ;
#535 = CARTESIAN_POINT ( 'NONE',  ( -9.829754966686593320, -28.43649541895706534, 8.413477185914377543 ) ) ;
#536 = VERTEX_POINT ( 'NONE', #2902 ) ;
#537 = CARTESIAN_POINT ( 'NONE',  ( -19.46496222574226209, -28.47129294843108482, -4.000000000000000000 ) ) ;
#538 = CARTESIAN_POINT ( 'NONE',  ( 12.21093530270484706, 13.48838797301253933, 8.499999999999998224 ) ) ;
#539 = ORIENTED_EDGE ( 'NONE', *, *, #2292, .T. ) ;
#540 = ORIENTED_EDGE ( 'NONE', *, *, #4093, .T. ) ;
#541 = DIRECTION ( 'NONE',  ( 0.7071067811865500152, 8.177564888978027451E-17, -0.7071067811865451302 ) ) ;
#542 = DIRECTION ( 'NONE',  ( 1.000000000000000000, 0.000000000000000000, 0.000000000000000000 ) ) ;
#543 = ADVANCED_FACE ( 'NONE', ( #962 ), #2628, .T. ) ;
#544 = PLANE ( 'NONE',  #4838 ) ;
#545 = DIRECTION ( 'NONE',  ( 1.000000000000000000, 0.000000000000000000, 0.000000000000000000 ) ) ;
#546 = EDGE_LOOP ( 'NONE', ( #1711, #377, #4984, #2709, #4195 ) ) ;
#547 = FACE_OUTER_BOUND ( 'NONE', #2906, .T. ) ;
#548 = CARTESIAN_POINT ( 'NONE',  ( -16.46496222574226209, -26.97129294843108838, 9.999999999999998224 ) ) ;
#549 = LINE ( 'NONE', #2102, #2760 ) ;
#550 = DIRECTION ( 'NONE',  ( 0.000000000000000000, 0.000000000000000000, 1.000000000000000000 ) ) ;
#551 = DIRECTION ( 'NONE',  ( 0.000000000000000000, -1.000000000000000000, 0.000000000000000000 ) ) ;
#552 = EDGE_CURVE ( 'NONE', #4924, #99, #4140, .T. ) ;
#553 = EDGE_CURVE ( 'NONE', #3378, #460, #3836, .T. ) ;
#554 = VERTEX_POINT ( 'NONE', #3464 ) ;
#555 = DIRECTION ( 'NONE',  ( 1.000000000000000000, 0.000000000000000000, 0.000000000000000000 ) ) ;
#556 = CARTESIAN_POINT ( 'NONE',  ( -11.93616948479792050, 28.49390952209487793, 8.413477185914375767 ) ) ;
#557 = ORIENTED_EDGE ( 'NONE', *, *, #4243, .T. ) ;
#558 = CIRCLE ( 'NONE', #309, 2.292893218813450762 ) ;
#559 = CARTESIAN_POINT ( 'NONE',  ( -19.46496222574226209, -26.97129294843108838, 8.999999999999991118 ) ) ;
#560 = DIRECTION ( 'NONE',  ( -0.000000000000000000, -0.000000000000000000, -1.000000000000000000 ) ) ;
#561 = EDGE_LOOP ( 'NONE', ( #512, #4973, #2417, #3151 ) ) ;
#562 = CIRCLE ( 'NONE', #311, 1.378679656440354062 ) ;
#563 = CARTESIAN_POINT ( 'NONE',  ( -16.21496222574229762, 22.52870705156889031, 5.000000000000001776 ) ) ;
#564 = ORIENTED_EDGE ( 'NONE', *, *, #4811, .T. ) ;
#565 = ORIENTED_EDGE ( 'NONE', *, *, #626, .F. ) ;
#566 = DIRECTION ( 'NONE',  ( -0.000000000000000000, 1.000000000000000000, 0.000000000000000000 ) ) ;
#567 = CARTESIAN_POINT ( 'NONE',  ( 17.62082421188463854, 23.82962524862244891, 9.999999999999998224 ) ) ;
#568 = CARTESIAN_POINT ( 'NONE',  ( -14.96496222574226564, -22.47129294843110969, 3.292323440001584611 ) ) ;
#569 = AXIS2_PLACEMENT_3D ( 'NONE', #532, #2086, #2477 ) ;
#570 = DIRECTION ( 'NONE',  ( 1.000000000000000000, 0.000000000000000000, 0.000000000000000000 ) ) ;
#571 = DIRECTION ( 'NONE',  ( -0.000000000000000000, -0.000000000000000000, -1.000000000000000000 ) ) ;
#572 = VECTOR ( 'NONE', #10, 1000.000000000000000 ) ;
#573 = EDGE_LOOP ( 'NONE', ( #263, #2185 ) ) ;
#574 = EDGE_CURVE ( 'NONE', #2637, #3431, #2551, .T. ) ;
#575 = DIRECTION ( 'NONE',  ( 1.000000000000000000, 0.000000000000000000, 0.000000000000000000 ) ) ;
#576 = DIRECTION ( 'NONE',  ( 0.000000000000000000, 0.000000000000000000, 1.000000000000000000 ) ) ;
#577 = AXIS2_PLACEMENT_3D ( 'NONE', #3721, #243, #4953 ) ;
#578 = VECTOR ( 'NONE', #484, 1000.000000000000000 ) ;
#579 = EDGE_CURVE ( 'NONE', #3474, #2505, #730, .T. ) ;
#580 = CIRCLE ( 'NONE', #830, 1.250000000000001110 ) ;
#581 = CARTESIAN_POINT ( 'NONE',  ( 17.53503777425773080, 27.02870705156891162, -4.000000000000000000 ) ) ;
#582 = FACE_OUTER_BOUND ( 'NONE', #137, .T. ) ;
#583 = ORIENTED_EDGE ( 'NONE', *, *, #3189, .F. ) ;
#584 = DIRECTION ( 'NONE',  ( 0.000000000000000000, 0.000000000000000000, 1.000000000000000000 ) ) ;
#585 = AXIS2_PLACEMENT_3D ( 'NONE', #1277, #2462, #3276 ) ;
#586 = AXIS2_PLACEMENT_3D ( 'NONE', #2534, #4443, #2912 ) ;
#587 = CARTESIAN_POINT ( 'NONE',  ( 16.03503777425773791, -26.97129294843108838, 8.585786437626900636 ) ) ;
#588 = AXIS2_PLACEMENT_3D ( 'NONE', #1044, #551, #3308 ) ;
#589 = EDGE_LOOP ( 'NONE', ( #120, #4389, #4866, #2049, #2063, #1577, #2973, #3524, #4857, #1003 ) ) ;
#590 = DIRECTION ( 'NONE',  ( 1.911638545475383559E-16, -0.7071067811865505703, -0.7071067811865444641 ) ) ;
#591 = DIRECTION ( 'NONE',  ( 0.000000000000000000, 0.000000000000000000, 1.000000000000000000 ) ) ;
#592 = VERTEX_POINT ( 'NONE', #1121 ) ;
#593 = CARTESIAN_POINT ( 'NONE',  ( -19.46496222574226209, -26.97129294843108838, -4.000000000000000000 ) ) ;
#594 = EDGE_CURVE ( 'NONE', #3157, #2309, #3444, .T. ) ;
#595 = DIRECTION ( 'NONE',  ( 0.000000000000000000, 0.000000000000000000, 1.000000000000000000 ) ) ;
#596 = DIRECTION ( 'NONE',  ( -0.000000000000000000, -0.000000000000000000, 1.000000000000000000 ) ) ;
#597 = ORIENTED_EDGE ( 'NONE', *, *, #1, .T. ) ;
#598 = EDGE_LOOP ( 'NONE', ( #2537, #4043 ) ) ;
#599 = PLANE ( 'NONE',  #905 ) ;
#600 = FACE_OUTER_BOUND ( 'NONE', #4551, .T. ) ;
#601 = VECTOR ( 'NONE', #4760, 1000.000000000000000 ) ;
#602 = EDGE_CURVE ( 'NONE', #2575, #502, #1489, .T. ) ;
#603 = DIRECTION ( 'NONE',  ( 0.000000000000000000, 0.000000000000000000, 1.000000000000000000 ) ) ;
#604 = DIRECTION ( 'NONE',  ( -1.000000000000000000, -2.703465157366452467E-16, 0.000000000000000000 ) ) ;
#605 = LINE ( 'NONE', #3603, #331 ) ;
#606 = EDGE_LOOP ( 'NONE', ( #5064, #1111, #947, #2312 ) ) ;
#607 = CARTESIAN_POINT ( 'NONE',  ( -16.21496222574229051, -25.22129294843106706, 3.292323440001584611 ) ) ;
#608 = DIRECTION ( 'NONE',  ( -0.000000000000000000, 0.000000000000000000, 1.000000000000000000 ) ) ;
#609 = ORIENTED_EDGE ( 'NONE', *, *, #4135, .T. ) ;
#610 = CIRCLE ( 'NONE', #4855, 1.000000000000000000 ) ;
#611 = CARTESIAN_POINT ( 'NONE',  ( 15.78503777425775390, -19.72129294843107417, 8.499999999999998224 ) ) ;
#612 = ORIENTED_EDGE ( 'NONE', *, *, #3527, .F. ) ;
#613 = VECTOR ( 'NONE', #744, 1000.000000000000000 ) ;
#614 = CARTESIAN_POINT ( 'NONE',  ( 16.03503777425773791, -28.55707938605798901, 8.999999999999998224 ) ) ;
#615 = ORIENTED_EDGE ( 'NONE', *, *, #3885, .T. ) ;
#616 = DIRECTION ( 'NONE',  ( -1.000000000000000000, 0.000000000000000000, 0.000000000000000000 ) ) ;
#617 = CARTESIAN_POINT ( 'NONE',  ( 16.03503777425773791, -26.97129294843108838, 8.585786437626900636 ) ) ;
#618 = ORIENTED_EDGE ( 'NONE', *, *, #1730, .T. ) ;
#619 = DIRECTION ( 'NONE',  ( -0.000000000000000000, -0.000000000000000000, 1.000000000000000000 ) ) ;
#620 = CIRCLE ( 'NONE', #4779, 1.000000000000000888 ) ;
#621 = FACE_OUTER_BOUND ( 'NONE', #1204, .T. ) ;
#622 = ORIENTED_EDGE ( 'NONE', *, *, #631, .T. ) ;
#623 = ORIENTED_EDGE ( 'NONE', *, *, #469, .F. ) ;
#624 = DIRECTION ( 'NONE',  ( 0.000000000000000000, 0.000000000000000000, -1.000000000000000000 ) ) ;
#625 = DIRECTION ( 'NONE',  ( -0.000000000000000000, -0.000000000000000000, 1.000000000000000000 ) ) ;
#626 = EDGE_CURVE ( 'NONE', #3654, #3503, #4017, .T. ) ;
#627 = EDGE_CURVE ( 'NONE', #1460, #1015, #2270, .T. ) ;
#628 = CARTESIAN_POINT ( 'NONE',  ( 16.03503777425773791, -26.97129294843108838, -4.000000000000000000 ) ) ;
#629 = ADVANCED_FACE ( 'NONE', ( #3812 ), #1913, .T. ) ;
#630 = FACE_OUTER_BOUND ( 'NONE', #4346, .T. ) ;
#631 = EDGE_CURVE ( 'NONE', #2914, #2637, #1008, .T. ) ;
#632 = ORIENTED_EDGE ( 'NONE', *, *, #1581, .T. ) ;
#633 = CARTESIAN_POINT ( 'NONE',  ( -9.066960760898265193, 21.25670570879590571, 9.999999999999998224 ) ) ;
#634 = CARTESIAN_POINT ( 'NONE',  ( 16.03503777425773436, 27.02870705156891162, 8.999999999999998224 ) ) ;
#635 = EDGE_LOOP ( 'NONE', ( #3148, #2579, #3258, #418 ) ) ;
#636 = CARTESIAN_POINT ( 'NONE',  ( -17.96496222574226564, 26.27870705156888320, 8.378679656440352730 ) ) ;
#637 = PLANE ( 'NONE',  #2033 ) ;
#638 = CARTESIAN_POINT ( 'NONE',  ( -12.64106361317946003, 13.48838797301254111, -4.001000000000001222 ) ) ;
#639 = EDGE_CURVE ( 'NONE', #1069, #4748, #4610, .T. ) ;
#640 = EDGE_LOOP ( 'NONE', ( #438, #2468, #2239, #3414 ) ) ;
#641 = LINE ( 'NONE', #3365, #225 ) ;
#642 = EDGE_LOOP ( 'NONE', ( #3061, #3596 ) ) ;
#643 = EDGE_CURVE ( 'NONE', #2005, #506, #3048, .T. ) ;
#644 = LINE ( 'NONE', #1781, #3502 ) ;
#645 = ORIENTED_EDGE ( 'NONE', *, *, #4386, .T. ) ;
#646 = CARTESIAN_POINT ( 'NONE',  ( 16.53503777425774146, -26.22129294843106706, 8.499999999999998224 ) ) ;
#647 = EDGE_CURVE ( 'NONE', #1898, #1035, #4260, .T. ) ;
#648 = DIRECTION ( 'NONE',  ( 1.000000000000000000, 0.000000000000000000, 0.000000000000000000 ) ) ;
#649 = VERTEX_POINT ( 'NONE', #335 ) ;
#650 = ORIENTED_EDGE ( 'NONE', *, *, #1900, .F. ) ;
#651 = DIRECTION ( 'NONE',  ( 0.000000000000000000, 0.000000000000000000, 1.000000000000000000 ) ) ;
#652 = CARTESIAN_POINT ( 'NONE',  ( 0.000000000000000000, 0.000000000000000000, 8.499999999999998224 ) ) ;
#653 = VECTOR ( 'NONE', #31, 1000.000000000000000 ) ;
#654 = DIRECTION ( 'NONE',  ( 0.000000000000000000, 0.000000000000000000, 1.000000000000000000 ) ) ;
#655 = EDGE_CURVE ( 'NONE', #3065, #3343, #3883, .T. ) ;
#656 = EDGE_LOOP ( 'NONE', ( #3175, #4213, #242, #2358 ) ) ;
#657 = VECTOR ( 'NONE', #22, 1000.000000000000000 ) ;
#658 = DIRECTION ( 'NONE',  ( -1.000000000000000000, 0.000000000000000000, 0.000000000000000000 ) ) ;
#659 = FACE_OUTER_BOUND ( 'NONE', #4522, .T. ) ;
#660 = CIRCLE ( 'NONE', #3483, 2.749999999999995559 ) ;
#661 = VECTOR ( 'NONE', #1691, 1000.000000000000000 ) ;
#662 = EDGE_CURVE ( 'NONE', #2533, #4977, #262, .T. ) ;
#663 = DIRECTION ( 'NONE',  ( 0.000000000000000000, 0.000000000000000000, 1.000000000000000000 ) ) ;
#664 = VECTOR ( 'NONE', #3681, 1000.000000000000000 ) ;
#665 = ORIENTED_EDGE ( 'NONE', *, *, #4992, .T. ) ;
#666 = PLANE ( 'NONE',  #1780 ) ;
#667 = FACE_OUTER_BOUND ( 'NONE', #254, .T. ) ;
#668 = DIRECTION ( 'NONE',  ( 0.000000000000000000, 0.000000000000000000, 1.000000000000000000 ) ) ;
#669 = VECTOR ( 'NONE', #4709, 1000.000000000000000 ) ;
#670 = VECTOR ( 'NONE', #4529, 1000.000000000000000 ) ;
#671 = CARTESIAN_POINT ( 'NONE',  ( -7.714959791634051989, -29.97129294843108838, -0.3076765599984150334 ) ) ;
#672 = ORIENTED_EDGE ( 'NONE', *, *, #4112, .F. ) ;
#673 = VECTOR ( 'NONE', #510, 1000.000000000000000 ) ;
#674 = VERTEX_POINT ( 'NONE', #1840 ) ;
#675 = AXIS2_PLACEMENT_3D ( 'NONE', #4382, #895, #2446 ) ;
#676 = CIRCLE ( 'NONE', #3919, 1.000000000000000888 ) ;
#677 = PLANE ( 'NONE',  #2892 ) ;
#678 = ORIENTED_EDGE ( 'NONE', *, *, #329, .T. ) ;
#679 = ORIENTED_EDGE ( 'NONE', *, *, #2282, .F. ) ;
#680 = CYLINDRICAL_SURFACE ( 'NONE', #2947, 2.749999999999995559 ) ;
#681 = CARTESIAN_POINT ( 'NONE',  ( -16.46496222574226209, -26.97129294843108838, -4.000000000000000000 ) ) ;
#682 = AXIS2_PLACEMENT_3D ( 'NONE', #3718, #2105, #4856 ) ;
#683 = DIRECTION ( 'NONE',  ( -1.000000000000000000, -0.000000000000000000, -0.000000000000000000 ) ) ;
#684 = EDGE_CURVE ( 'NONE', #2914, #3895, #5015, .T. ) ;
#685 = VERTEX_POINT ( 'NONE', #4206 ) ;
#686 = CARTESIAN_POINT ( 'NONE',  ( -13.88296222574226668, -25.62529294843109540, 1.699999999999999289 ) ) ;
#687 = DIRECTION ( 'NONE',  ( 1.000000000000000000, 0.000000000000000000, 0.000000000000000000 ) ) ;
#688 = DIRECTION ( 'NONE',  ( -0.000000000000000000, -0.000000000000000000, 1.000000000000000000 ) ) ;
#689 = EDGE_CURVE ( 'NONE', #200, #3343, #3425, .T. ) ;
#690 = ORIENTED_EDGE ( 'NONE', *, *, #3266, .T. ) ;
#691 = DIRECTION ( 'NONE',  ( -1.000000000000000000, 0.000000000000000000, 0.000000000000000000 ) ) ;
#692 = EDGE_CURVE ( 'NONE', #246, #2334, #1418, .T. ) ;
#693 = ORIENTED_EDGE ( 'NONE', *, *, #5022, .T. ) ;
#694 = DIRECTION ( 'NONE',  ( 0.000000000000000000, 0.000000000000000000, -1.000000000000000000 ) ) ;
#695 = ORIENTED_EDGE ( 'NONE', *, *, #3267, .F. ) ;
#696 = CIRCLE ( 'NONE', #1498, 1.249999999999999334 ) ;
#697 = DIRECTION ( 'NONE',  ( 0.000000000000000000, -1.000000000000000000, 0.000000000000000000 ) ) ;
#698 = CARTESIAN_POINT ( 'NONE',  ( -9.829754966686612860, 28.49390952209487793, 8.413477185914375767 ) ) ;
#699 = AXIS2_PLACEMENT_3D ( 'NONE', #2636, #654, #4223 ) ;
#700 = EDGE_LOOP ( 'NONE', ( #1618, #1803, #672, #4310 ) ) ;
#701 = VERTEX_POINT ( 'NONE', #4226 ) ;
#702 = CARTESIAN_POINT ( 'NONE',  ( -17.92367420541036083, -19.05140476201651722, 8.419967676772253995 ) ) ;
#703 = FACE_BOUND ( 'NONE', #3302, .T. ) ;
#704 = PRESENTATION_LAYER_ASSIGNMENT (  '', '', ( #4054 ) ) ;
#705 = CARTESIAN_POINT ( 'NONE',  ( -16.21496222574229762, 25.27870705156888320, 3.292323440001584611 ) ) ;
#706 = FILL_AREA_STYLE ('',( #1440 ) ) ;
#707 = VERTEX_POINT ( 'NONE', #1889 ) ;
#708 = LINE ( 'NONE', #1120, #241 ) ;
#709 = AXIS2_PLACEMENT_3D ( 'NONE', #2913, #4756, #4784 ) ;
#710 = DIRECTION ( 'NONE',  ( 0.000000000000000000, 0.000000000000000000, -1.000000000000000000 ) ) ;
#711 = CARTESIAN_POINT ( 'NONE',  ( 10.45303777425773362, -25.62529294843109540, 3.292323440001584611 ) ) ;
#712 = CARTESIAN_POINT ( 'NONE',  ( -17.96496222574226564, 30.02870705156890097, 8.378679656440352730 ) ) ;
#713 = EDGE_LOOP ( 'NONE', ( #3338, #930 ) ) ;
#714 = CARTESIAN_POINT ( 'NONE',  ( 7.285040208365947123, -11.83278339979662874, -0.3076765599984150334 ) ) ;
#715 = EDGE_CURVE ( 'NONE', #1392, #2231, #1508, .T. ) ;
#716 = EDGE_CURVE ( 'NONE', #4841, #3654, #1208, .T. ) ;
#717 = EDGE_LOOP ( 'NONE', ( #2839, #104, #3134, #3695, #2853 ) ) ;
#718 = CYLINDRICAL_SURFACE ( 'NONE', #4989, 1.250000000000001110 ) ;
#719 = ORIENTED_EDGE ( 'NONE', *, *, #4771, .T. ) ;
#720 = CARTESIAN_POINT ( 'NONE',  ( -17.96496222574226564, 30.02870705156890097, 3.292323440001584611 ) ) ;
#721 = DIRECTION ( 'NONE',  ( -0.000000000000000000, -0.000000000000000000, 1.000000000000000000 ) ) ;
#722 = EDGE_LOOP ( 'NONE', ( #1141, #4542, #410, #1113 ) ) ;
#723 = EDGE_LOOP ( 'NONE', ( #4137, #3749, #751, #3625 ) ) ;
#724 = DIRECTION ( 'NONE',  ( -0.000000000000000000, -0.000000000000000000, 1.000000000000000000 ) ) ;
#725 = FACE_BOUND ( 'NONE', #3804, .T. ) ;
#726 =( BOUNDED_CURVE ( )  B_SPLINE_CURVE ( 3, ( #3314, #136, #535, #4441 ),
 .UNSPECIFIED., .F., .F. ) 
 B_SPLINE_CURVE_WITH_KNOTS ( ( 4, 4 ),
 ( 2.709822862097186480, 2.819789510287908030 ),
 .UNSPECIFIED. ) 
 CURVE ( )  GEOMETRIC_REPRESENTATION_ITEM ( )  RATIONAL_B_SPLINE_CURVE ( ( 1.000000000000000000, 0.9989925318741211813, 0.9989925318741211813, 1.000000000000000000 ) ) 
 REPRESENTATION_ITEM ( '' )  );
#727 = PLANE ( 'NONE',  #3452 ) ;
#728 = ORIENTED_EDGE ( 'NONE', *, *, #4020, .T. ) ;
#729 = DIRECTION ( 'NONE',  ( 1.734723475976807341E-16, -1.000000000000000000, 0.000000000000000000 ) ) ;
#730 = LINE ( 'NONE', #1443, #170 ) ;
#731 = AXIS2_PLACEMENT_3D ( 'NONE', #4290, #1143, #2365 ) ;
#732 = CIRCLE ( 'NONE', #2019, 1.000000000000000888 ) ;
#733 = DIRECTION ( 'NONE',  ( 0.000000000000000000, 0.000000000000000000, 1.000000000000000000 ) ) ;
#734 = DIRECTION ( 'NONE',  ( -0.000000000000000000, -0.000000000000000000, 1.000000000000000000 ) ) ;
#735 = ORIENTED_EDGE ( 'NONE', *, *, #3873, .T. ) ;
#736 = DIRECTION ( 'NONE',  ( 1.000000000000000000, 0.000000000000000000, 0.000000000000000000 ) ) ;
#737 = AXIS2_PLACEMENT_3D ( 'NONE', #3992, #860, #2714 ) ;
#738 = AXIS2_PLACEMENT_3D ( 'NONE', #4609, #1442, #1462 ) ;
#739 = ORIENTED_EDGE ( 'NONE', *, *, #2377, .T. ) ;
#740 = SHAPE_DEFINITION_REPRESENTATION ( #3716, #1447 ) ;
#741 = ORIENTED_EDGE ( 'NONE', *, *, #2355, .F. ) ;
#742 = VECTOR ( 'NONE', #920, 1000.000000000000000 ) ;
#743 = AXIS2_PLACEMENT_3D ( 'NONE', #1098, #1501, #3806 ) ;
#744 = DIRECTION ( 'NONE',  ( -1.000000000000000000, 0.000000000000000000, 0.000000000000000000 ) ) ;
#745 = CIRCLE ( 'NONE', #248, 1.074999999999999512 ) ;
#746 = CARTESIAN_POINT ( 'NONE',  ( -16.21496222574229762, 22.52870705156889031, -0.1010000000000003950 ) ) ;
#747 = LINE ( 'NONE', #4962, #3602 ) ;
#748 = AXIS2_PLACEMENT_3D ( 'NONE', #2532, #192, #3185 ) ;
#749 = VECTOR ( 'NONE', #545, 1000.000000000000000 ) ;
#750 = CARTESIAN_POINT ( 'NONE',  ( 16.03503777425773791, -28.47129294843108482, -4.000000000000000000 ) ) ;
#751 = ORIENTED_EDGE ( 'NONE', *, *, #2144, .T. ) ;
#752 = FACE_OUTER_BOUND ( 'NONE', #1059, .T. ) ;
#753 = CARTESIAN_POINT ( 'NONE',  ( -16.21496222574229407, 19.77870705156889031, 8.499999999999998224 ) ) ;
#754 = EDGE_CURVE ( 'NONE', #3982, #2285, #4297, .T. ) ;
#755 = DIRECTION ( 'NONE',  ( -0.000000000000000000, -0.000000000000000000, 1.000000000000000000 ) ) ;
#756 = DIRECTION ( 'NONE',  ( -1.734723475976807094E-16, 1.000000000000000000, 0.000000000000000000 ) ) ;
#757 = DIRECTION ( 'NONE',  ( 1.000000000000000000, 0.000000000000000000, 0.000000000000000000 ) ) ;
#758 = DIRECTION ( 'NONE',  ( 1.000000000000000000, 0.000000000000000000, 0.000000000000000000 ) ) ;
#759 = CIRCLE ( 'NONE', #2474, 1.000000000000000888 ) ;
#760 = ORIENTED_EDGE ( 'NONE', *, *, #1016, .F. ) ;
#761 = CARTESIAN_POINT ( 'NONE',  ( 15.78503777425773613, -22.47129294843107417, -0.1010000000000003950 ) ) ;
#762 = CARTESIAN_POINT ( 'NONE',  ( 15.78503777425773613, -22.47129294843107417, -0.1010000000000003950 ) ) ;
#763 = CARTESIAN_POINT ( 'NONE',  ( -9.066960760898265193, 21.25670570879590571, 8.499999999999998224 ) ) ;
#764 = ORIENTED_EDGE ( 'NONE', *, *, #3166, .F. ) ;
#765 = CARTESIAN_POINT ( 'NONE',  ( -16.96496222574225854, -26.22129294843106706, 3.292323440001584611 ) ) ;
#766 = ORIENTED_EDGE ( 'NONE', *, *, #3450, .F. ) ;
#767 = FACE_OUTER_BOUND ( 'NONE', #4353, .T. ) ;
#768 = CARTESIAN_POINT ( 'NONE',  ( -16.46496222574226920, 29.32160027038235128, 9.707106781186544353 ) ) ;
#769 = VERTEX_POINT ( 'NONE', #4351 ) ;
#770 = DIRECTION ( 'NONE',  ( -1.000000000000000000, 0.000000000000000000, -0.000000000000000000 ) ) ;
#771 = CARTESIAN_POINT ( 'NONE',  ( -16.21496222574226564, -22.47129294843110969, -0.1010000000000003950 ) ) ;
#772 = CARTESIAN_POINT ( 'NONE',  ( -19.46496222574226920, 28.52870705156889741, 8.378679656440354506 ) ) ;
#773 = AXIS2_PLACEMENT_3D ( 'NONE', #4012, #596, #511 ) ;
#774 = FACE_OUTER_BOUND ( 'NONE', #2995, .T. ) ;
#775 = EDGE_CURVE ( 'NONE', #4407, #2644, #759, .T. ) ;
#776 = EDGE_CURVE ( 'NONE', #4924, #3893, #1567, .T. ) ;
#777 = ORIENTED_EDGE ( 'NONE', *, *, #1298, .F. ) ;
#778 = EDGE_LOOP ( 'NONE', ( #739, #1793 ) ) ;
#779 = CARTESIAN_POINT ( 'NONE',  ( 17.62082421188463854, -26.97129294843108482, 9.999999999999998224 ) ) ;
#780 = CARTESIAN_POINT ( 'NONE',  ( -10.66696076089826661, 17.28171028643190610, 9.999999999999998224 ) ) ;
#781 = EDGE_CURVE ( 'NONE', #592, #2610, #3489, .T. ) ;
#782 = ADVANCED_FACE ( 'NONE', ( #4707 ), #1586, .F. ) ;
#783 =( GEOMETRIC_REPRESENTATION_CONTEXT ( 3 ) GLOBAL_UNCERTAINTY_ASSIGNED_CONTEXT ( ( #1609 ) ) GLOBAL_UNIT_ASSIGNED_CONTEXT ( ( #1485, #3045, #2755 ) ) REPRESENTATION_CONTEXT ( 'NONE', 'WORKASPACE' ) );
#784 = CARTESIAN_POINT ( 'NONE',  ( -18.46496222574230117, 22.52870705156889031, 9.910179721124437791 ) ) ;
#785 = LINE ( 'NONE', #73, #4167 ) ;
#786 = CARTESIAN_POINT ( 'NONE',  ( -19.46496222574226920, 28.52870705156889741, 8.378679656440354506 ) ) ;
#787 = VERTEX_POINT ( 'NONE', #4392 ) ;
#788 = DIRECTION ( 'NONE',  ( 1.000000000000000000, -0.000000000000000000, 1.204669080539449344E-16 ) ) ;
#789 = ADVANCED_FACE ( 'NONE', ( #3161 ), #1560, .T. ) ;
#790 = ORIENTED_EDGE ( 'NONE', *, *, #1976, .F. ) ;
#791 = ORIENTED_EDGE ( 'NONE', *, *, #1841, .F. ) ;
#792 = EDGE_CURVE ( 'NONE', #950, #4753, #94, .T. ) ;
#793 = CARTESIAN_POINT ( 'NONE',  ( 17.03503777425773791, -22.47129294843107417, 5.000000000000001776 ) ) ;
#794 = ORIENTED_EDGE ( 'NONE', *, *, #4238, .T. ) ;
#795 = CARTESIAN_POINT ( 'NONE',  ( -16.21496222574226564, -22.47129294843110969, 8.499999999999998224 ) ) ;
#796 = CARTESIAN_POINT ( 'NONE',  ( -16.21496222574229762, 25.27870705156888320, -4.002000000000000668 ) ) ;
#797 = ORIENTED_EDGE ( 'NONE', *, *, #1753, .F. ) ;
#798 = EDGE_CURVE ( 'NONE', #3075, #701, #879, .T. ) ;
#799 = DIRECTION ( 'NONE',  ( 1.000000000000000000, 0.000000000000000000, 0.000000000000000000 ) ) ;
#800 = ORIENTED_EDGE ( 'NONE', *, *, #4188, .F. ) ;
#801 = ORIENTED_EDGE ( 'NONE', *, *, #2317, .F. ) ;
#802 = DIRECTION ( 'NONE',  ( -0.000000000000000000, -0.000000000000000000, -1.000000000000000000 ) ) ;
#803 = LINE ( 'NONE', #1258, #3281 ) ;
#804 = CARTESIAN_POINT ( 'NONE',  ( -18.28841322314618267, 23.43281490372351428, 9.974174576999264019 ) ) ;
#805 = ORIENTED_EDGE ( 'NONE', *, *, #1900, .T. ) ;
#806 = AXIS2_PLACEMENT_3D ( 'NONE', #771, #3931, #872 ) ;
#807 = CARTESIAN_POINT ( 'NONE',  ( 11.52803777425773468, -25.62529294843109540, -0.1000000000000002554 ) ) ;
#808 = CARTESIAN_POINT ( 'NONE',  ( -17.96496222574225854, -26.22129294843106706, 8.378679656440352730 ) ) ;
#809 = VERTEX_POINT ( 'NONE', #3545 ) ;
#810 = LINE ( 'NONE', #292, #2344 ) ;
#811 = AXIS2_PLACEMENT_3D ( 'NONE', #1423, #4898, #4854 ) ;
#812 = EDGE_CURVE ( 'NONE', #3635, #16, #2008, .T. ) ;
#813 = ORIENTED_EDGE ( 'NONE', *, *, #2355, .T. ) ;
#814 = ORIENTED_EDGE ( 'NONE', *, *, #1241, .F. ) ;
#815 = VECTOR ( 'NONE', #4329, 1000.000000000000000 ) ;
#816 = EDGE_LOOP ( 'NONE', ( #2337, #1853, #4033, #1734 ) ) ;
#817 = AXIS2_PLACEMENT_3D ( 'NONE', #4350, #2945, #176 ) ;
#818 = CARTESIAN_POINT ( 'NONE',  ( 9.378037774257734327, -25.62529294843109540, -0.1000000000000002554 ) ) ;
#819 = VERTEX_POINT ( 'NONE', #485 ) ;
#820 = CARTESIAN_POINT ( 'NONE',  ( -9.066960760898265193, 17.28171028643190610, 9.999999999999998224 ) ) ;
#821 = DIRECTION ( 'NONE',  ( -1.000000000000000000, 0.000000000000000000, 0.000000000000000000 ) ) ;
#822 = VERTEX_POINT ( 'NONE', #4733 ) ;
#823 = AXIS2_PLACEMENT_3D ( 'NONE', #1142, #3560, #2701 ) ;
#824 = DIRECTION ( 'NONE',  ( 1.000000000000000000, 0.000000000000000000, 0.000000000000000000 ) ) ;
#825 = ORIENTED_EDGE ( 'NONE', *, *, #3798, .F. ) ;
#826 = VERTEX_POINT ( 'NONE', #4324 ) ;
#827 = CARTESIAN_POINT ( 'NONE',  ( -7.882962225742265794, 25.68270705156890443, 1.699999999999999289 ) ) ;
#828 = FACE_OUTER_BOUND ( 'NONE', #3387, .T. ) ;
#829 = AXIS2_PLACEMENT_3D ( 'NONE', #4305, #1130, #2272 ) ;
#830 = AXIS2_PLACEMENT_3D ( 'NONE', #3593, #4885, #4472 ) ;
#831 = ADVANCED_FACE ( 'NONE', ( #1276 ), #3366, .T. ) ;
#832 = CARTESIAN_POINT ( 'NONE',  ( -18.42952312750763610, 22.98949991103514989, 9.928455951977424476 ) ) ;
#833 = AXIS2_PLACEMENT_3D ( 'NONE', #4086, #211, #1773 ) ;
#834 = ORIENTED_EDGE ( 'NONE', *, *, #4238, .F. ) ;
#835 = DIRECTION ( 'NONE',  ( -0.000000000000000000, -0.000000000000000000, -1.000000000000000000 ) ) ;
#836 = EDGE_LOOP ( 'NONE', ( #1193, #3555, #4299, #344 ) ) ;
#837 = CARTESIAN_POINT ( 'NONE',  ( -16.46496222574226209, -26.97129294843108838, 8.585786437626900636 ) ) ;
#838 = FACE_OUTER_BOUND ( 'NONE', #1571, .T. ) ;
#839 = ORIENTED_EDGE ( 'NONE', *, *, #4907, .F. ) ;
#840 = EDGE_CURVE ( 'NONE', #2505, #29, #803, .T. ) ;
#841 = EDGE_CURVE ( 'NONE', #819, #4692, #404, .T. ) ;
#842 = ORIENTED_EDGE ( 'NONE', *, *, #3028, .F. ) ;
#843 = DIRECTION ( 'NONE',  ( 1.000000000000000000, -0.000000000000000000, -0.000000000000000000 ) ) ;
#844 = ADVANCED_FACE ( 'NONE', ( #828 ), #2375, .T. ) ;
#845 = DIRECTION ( 'NONE',  ( -0.000000000000000000, -0.000000000000000000, 1.000000000000000000 ) ) ;
#846 = ORIENTED_EDGE ( 'NONE', *, *, #4605, .F. ) ;
#847 = CARTESIAN_POINT ( 'NONE',  ( -16.21496222574229762, 25.27870705156888320, 8.499999999999998224 ) ) ;
#848 = FACE_OUTER_BOUND ( 'NONE', #2689, .T. ) ;
#849 = ORIENTED_EDGE ( 'NONE', *, *, #2224, .T. ) ;
#850 = CARTESIAN_POINT ( 'NONE',  ( -16.46496222574226920, 27.02870705156890097, 3.292323440001584611 ) ) ;
#851 = DIRECTION ( 'NONE',  ( 1.949127501097536200E-16, -1.000000000000000000, 0.000000000000000000 ) ) ;
#852 = VERTEX_POINT ( 'NONE', #2400 ) ;
#853 = CARTESIAN_POINT ( 'NONE',  ( -10.66696076089826661, 17.28171028643190610, 8.499999999999998224 ) ) ;
#854 = CARTESIAN_POINT ( 'NONE',  ( -16.46496222574226209, -28.47129294843108482, -4.000000000000000000 ) ) ;
#855 = EDGE_CURVE ( 'NONE', #16, #4340, #4632, .T. ) ;
#856 = AXIS2_PLACEMENT_3D ( 'NONE', #3509, #3849, #347 ) ;
#857 = DIRECTION ( 'NONE',  ( 0.000000000000000000, 0.000000000000000000, -1.000000000000000000 ) ) ;
#858 = EDGE_LOOP ( 'NONE', ( #3796, #615, #4876, #4307 ) ) ;
#859 = ADVANCED_FACE ( 'NONE', ( #3321 ), #515, .T. ) ;
#860 = DIRECTION ( 'NONE',  ( -2.703465157366452467E-16, 1.000000000000000000, 0.000000000000000000 ) ) ;
#861 = DIRECTION ( 'NONE',  ( -0.000000000000000000, 0.000000000000000000, -1.000000000000000000 ) ) ;
#862 = ADVANCED_FACE ( 'NONE', ( #1304 ), #2070, .F. ) ;
#863 = DIRECTION ( 'NONE',  ( -0.000000000000000000, -0.000000000000000000, 1.000000000000000000 ) ) ;
#864 = CARTESIAN_POINT ( 'NONE',  ( 17.49374975392583664, -25.89118113484562045, 8.419967676772255771 ) ) ;
#865 = ORIENTED_EDGE ( 'NONE', *, *, #2836, .T. ) ;
#866 = LINE ( 'NONE', #4834, #4182 ) ;
#867 = ADVANCED_FACE ( 'NONE', ( #600 ), #1644, .T. ) ;
#868 = ADVANCED_FACE ( 'NONE', ( #3299, #2563, #2946, #118, #3706 ), #4846, .F. ) ;
#869 = DIRECTION ( 'NONE',  ( 0.000000000000000000, 0.000000000000000000, 1.000000000000000000 ) ) ;
#870 = ORIENTED_EDGE ( 'NONE', *, *, #2831, .T. ) ;
#871 = DIRECTION ( 'NONE',  ( -1.000000000000000000, 0.000000000000000000, 0.000000000000000000 ) ) ;
#872 = DIRECTION ( 'NONE',  ( 1.000000000000000000, 0.000000000000000000, 0.000000000000000000 ) ) ;
#873 = ORIENTED_EDGE ( 'NONE', *, *, #4619, .T. ) ;
#874 = ADVANCED_FACE ( 'NONE', ( #4530 ), #1732, .T. ) ;
#875 = CARTESIAN_POINT ( 'NONE',  ( 17.03503777425770238, 22.52870705156892583, 3.292323440001584611 ) ) ;
#876 = ORIENTED_EDGE ( 'NONE', *, *, #330, .T. ) ;
#877 = ORIENTED_EDGE ( 'NONE', *, *, #3922, .F. ) ;
#878 = DIRECTION ( 'NONE',  ( -0.000000000000000000, -0.000000000000000000, 1.000000000000000000 ) ) ;
#879 = LINE ( 'NONE', #3194, #267 ) ;
#880 = CARTESIAN_POINT ( 'NONE',  ( 2.015431251695973813, 11.01227139059988147, 8.499999999999994671 ) ) ;
#881 = ORIENTED_EDGE ( 'NONE', *, *, #792, .F. ) ;
#882 = LINE ( 'NONE', #1969, #815 ) ;
#883 = LINE ( 'NONE', #3225, #2044 ) ;
#884 =( BOUNDED_CURVE ( )  B_SPLINE_CURVE ( 3, ( #4199, #702, #2288, #3479 ),
 .UNSPECIFIED., .F., .F. ) 
 B_SPLINE_CURVE_WITH_KNOTS ( ( 4, 4 ),
 ( 2.643885820847028612, 3.141592653589793116 ),
 .UNSPECIFIED. ) 
 CURVE ( )  GEOMETRIC_REPRESENTATION_ITEM ( )  RATIONAL_B_SPLINE_CURVE ( ( 1.000000000000000000, 0.9794636360570617706, 0.9794636360570617706, 1.000000000000000000 ) ) 
 REPRESENTATION_ITEM ( '' )  );
#885 = CARTESIAN_POINT ( 'NONE',  ( 17.41371743069808531, 19.25611888778355762, 8.499999999999998224 ) ) ;
#886 = CARTESIAN_POINT ( 'NONE',  ( -10.88296222574226668, -25.62529294843109540, 8.499999999999998224 ) ) ;
#887 = ORIENTED_EDGE ( 'NONE', *, *, #900, .T. ) ;
#888 = VECTOR ( 'NONE', #1483, 1000.000000000000000 ) ;
#889 = ORIENTED_EDGE ( 'NONE', *, *, #3950, .F. ) ;
#890 = DIRECTION ( 'NONE',  ( 0.000000000000000000, -0.000000000000000000, -1.000000000000000000 ) ) ;
#891 = CYLINDRICAL_SURFACE ( 'NONE', #3831, 1.000000000000000888 ) ;
#892 = VECTOR ( 'NONE', #2496, 1000.000000000000000 ) ;
#893 = DIRECTION ( 'NONE',  ( 0.000000000000000000, 0.000000000000000000, 1.000000000000000000 ) ) ;
#894 = ORIENTED_EDGE ( 'NONE', *, *, #4119, .F. ) ;
#895 = DIRECTION ( 'NONE',  ( -0.000000000000000000, -0.000000000000000000, -1.000000000000000000 ) ) ;
#896 = ORIENTED_EDGE ( 'NONE', *, *, #4426, .T. ) ;
#897 = EDGE_CURVE ( 'NONE', #3312, #2475, #1713, .T. ) ;
#898 = VECTOR ( 'NONE', #3466, 1000.000000000000000 ) ;
#899 = CARTESIAN_POINT ( 'NONE',  ( 13.45303777425773539, -25.62529294843109540, 8.499999999999998224 ) ) ;
#900 = EDGE_CURVE ( 'NONE', #3285, #4261, #2054, .T. ) ;
#901 = EDGE_LOOP ( 'NONE', ( #3648, #4166, #3781, #314, #876 ) ) ;
#902 = ORIENTED_EDGE ( 'NONE', *, *, #4907, .T. ) ;
#903 = PLANE ( 'NONE',  #4736 ) ;
#904 = DIRECTION ( 'NONE',  ( -0.000000000000000000, 0.000000000000000000, 1.000000000000000000 ) ) ;
#905 = AXIS2_PLACEMENT_3D ( 'NONE', #1741, #566, #2123 ) ;
#906 = CARTESIAN_POINT ( 'NONE',  ( 17.62082421188464565, -21.17037475137751201, 9.999999999999998224 ) ) ;
#907 = EDGE_CURVE ( 'NONE', #390, #4027, #3689, .T. ) ;
#908 = VERTEX_POINT ( 'NONE', #4134 ) ;
#909 = LINE ( 'NONE', #2922, #486 ) ;
#910 = CARTESIAN_POINT ( 'NONE',  ( 16.53503777425773791, -19.72129294843107417, -4.002000000000000668 ) ) ;
#911 = ORIENTED_EDGE ( 'NONE', *, *, #647, .T. ) ;
#912 = CIRCLE ( 'NONE', #2777, 2.999999999999999112 ) ;
#913 = VECTOR ( 'NONE', #1327, 1000.000000000000000 ) ;
#914 = DIRECTION ( 'NONE',  ( -0.000000000000000000, -0.000000000000000000, 1.000000000000000000 ) ) ;
#915 = CARTESIAN_POINT ( 'NONE',  ( -17.84364188218262015, 19.25611888778356118, 8.499999999999998224 ) ) ;
#916 = VECTOR ( 'NONE', #4791, 1000.000000000000000 ) ;
#917 = LINE ( 'NONE', #2250, #1638 ) ;
#918 = AXIS2_PLACEMENT_3D ( 'NONE', #3447, #5019, #758 ) ;
#919 = EDGE_LOOP ( 'NONE', ( #3413, #3318, #165, #4714, #967 ) ) ;
#920 = DIRECTION ( 'NONE',  ( 1.000000000000000000, -0.000000000000000000, -0.000000000000000000 ) ) ;
#921 = DIRECTION ( 'NONE',  ( -1.000000000000000000, -2.703465157366452467E-16, 0.000000000000000000 ) ) ;
#922 = CARTESIAN_POINT ( 'NONE',  ( 16.03503777425773436, 27.02870705156891162, -4.000000000000000000 ) ) ;
#923 = ORIENTED_EDGE ( 'NONE', *, *, #1038, .F. ) ;
#924 = PLANE ( 'NONE',  #2950 ) ;
#925 = ORIENTED_EDGE ( 'NONE', *, *, #2831, .F. ) ;
#926 = VECTOR ( 'NONE', #625, 1000.000000000000000 ) ;
#927 = CARTESIAN_POINT ( 'NONE',  ( 13.53503777425770238, 22.52870705156892583, 9.999999999999998224 ) ) ;
#928 = FACE_OUTER_BOUND ( 'NONE', #4690, .T. ) ;
#929 = ORIENTED_EDGE ( 'NONE', *, *, #3396, .F. ) ;
#930 = ORIENTED_EDGE ( 'NONE', *, *, #2873, .F. ) ;
#931 = CYLINDRICAL_SURFACE ( 'NONE', #4408, 1.249999999999999334 ) ;
#932 = FACE_OUTER_BOUND ( 'NONE', #3371, .T. ) ;
#933 = EDGE_CURVE ( 'NONE', #1848, #1010, #1486, .T. ) ;
#934 = DIRECTION ( 'NONE',  ( 0.000000000000000000, 0.000000000000000000, -1.000000000000000000 ) ) ;
#935 = EDGE_CURVE ( 'NONE', #822, #3289, #224, .T. ) ;
#936 = ORIENTED_EDGE ( 'NONE', *, *, #4531, .T. ) ;
#937 = DIRECTION ( 'NONE',  ( -0.000000000000000000, -0.000000000000000000, 1.000000000000000000 ) ) ;
#938 = DIRECTION ( 'NONE',  ( 0.000000000000000000, 0.000000000000000000, -1.000000000000000000 ) ) ;
#939 = CIRCLE ( 'NONE', #1027, 2.250000000000001776 ) ;
#940 = CARTESIAN_POINT ( 'NONE',  ( 9.504204806870960809, 28.52870705156890452, 8.378679656440354506 ) ) ;
#941 = CARTESIAN_POINT ( 'NONE',  ( -9.934129258355479664, 28.52870705156890097, 8.378679656440352730 ) ) ;
#942 = ORIENTED_EDGE ( 'NONE', *, *, #4702, .T. ) ;
#943 = VERTEX_POINT ( 'NONE', #4817 ) ;
#944 = DIRECTION ( 'NONE',  ( -0.000000000000000000, -0.000000000000000000, -1.000000000000000000 ) ) ;
#945 = ADVANCED_FACE ( 'NONE', ( #932 ), #1360, .T. ) ;
#946 = FACE_OUTER_BOUND ( 'NONE', #221, .T. ) ;
#947 = ORIENTED_EDGE ( 'NONE', *, *, #362, .F. ) ;
#948 = LINE ( 'NONE', #4840, #2125 ) ;
#949 = DIRECTION ( 'NONE',  ( 1.000000000000000000, 0.000000000000000000, 0.000000000000000000 ) ) ;
#950 = VERTEX_POINT ( 'NONE', #2976 ) ;
#951 = LINE ( 'NONE', #593, #3428 ) ;
#952 = EDGE_CURVE ( 'NONE', #3850, #246, #238, .T. ) ;
#953 = CARTESIAN_POINT ( 'NONE',  ( 10.45303777425773362, -25.62529294843109540, -0.1000000000000002554 ) ) ;
#954 = ORIENTED_EDGE ( 'NONE', *, *, #3142, .T. ) ;
#955 = VERTEX_POINT ( 'NONE', #2124 ) ;
#956 = DIRECTION ( 'NONE',  ( -1.000000000000000000, -2.703465157366452467E-16, 0.000000000000000000 ) ) ;
#957 = CARTESIAN_POINT ( 'NONE',  ( 17.85868025254314517, 23.43223819445641709, 9.974114350644992300 ) ) ;
#958 = EDGE_CURVE ( 'NONE', #320, #955, #2243, .T. ) ;
#959 = DIRECTION ( 'NONE',  ( 1.000000000000000000, -1.889896820699124412E-15, 0.000000000000000000 ) ) ;
#960 = ORIENTED_EDGE ( 'NONE', *, *, #3860, .T. ) ;
#961 = CARTESIAN_POINT ( 'NONE',  ( 9.696421766834003364, 19.84070686846390430, 8.499999999999998224 ) ) ;
#962 = FACE_OUTER_BOUND ( 'NONE', #3900, .T. ) ;
#963 = CARTESIAN_POINT ( 'NONE',  ( 11.52803777425773468, -25.62529294843109540, 1.699999999999999289 ) ) ;
#964 = CARTESIAN_POINT ( 'NONE',  ( -17.92367420541036083, 19.10881886515434047, 8.419967676772255771 ) ) ;
#965 = CARTESIAN_POINT ( 'NONE',  ( 16.53503777425773436, 18.77870705156889031, 8.499999999999998224 ) ) ;
#966 = EDGE_CURVE ( 'NONE', #295, #3110, #747, .T. ) ;
#967 = ORIENTED_EDGE ( 'NONE', *, *, #1408, .F. ) ;
#968 = ADVANCED_FACE ( 'NONE', ( #3828 ), #328, .T. ) ;
#969 = CARTESIAN_POINT ( 'NONE',  ( -17.96496222574225854, -18.72129294843107417, 8.378679656440352730 ) ) ;
#970 = ORIENTED_EDGE ( 'NONE', *, *, #3736, .T. ) ;
#971 = AXIS2_PLACEMENT_3D ( 'NONE', #2557, #3726, #949 ) ;
#972 = CARTESIAN_POINT ( 'NONE',  ( -7.679838017693791306E-15, 28.40738670800925902, 8.499999999999998224 ) ) ;
#973 = CARTESIAN_POINT ( 'NONE',  ( -10.14106361317946003, -22.11161202698745498, 8.499999999999998224 ) ) ;
#974 = ORIENTED_EDGE ( 'NONE', *, *, #2145, .T. ) ;
#975 = AXIS2_PLACEMENT_3D ( 'NONE', #416, #1616, #3609 ) ;
#976 = CARTESIAN_POINT ( 'NONE',  ( -17.96496222574225854, -26.22129294843106706, 8.378679656440352730 ) ) ;
#977 = CARTESIAN_POINT ( 'NONE',  ( 16.53503777425773080, 26.27870705156888320, 8.499999999999998224 ) ) ;
#978 = EDGE_LOOP ( 'NONE', ( #4151, #1254 ) ) ;
#979 = ORIENTED_EDGE ( 'NONE', *, *, #3508, .T. ) ;
#980 = FACE_OUTER_BOUND ( 'NONE', #1082, .T. ) ;
#981 = B_SPLINE_CURVE_WITH_KNOTS ( 'NONE', 3,
 ( #3144, #4277, #1989, #3963, #4762, #2321 ),
 .UNSPECIFIED., .F., .F.,
 ( 4, 2, 4 ),
 ( 0.001385455688800884448, 0.002078617591400257376, 0.002771779493999630088 ),
 .UNSPECIFIED. ) ;
#982 = CARTESIAN_POINT ( 'NONE',  ( 17.85879089240703621, -23.37434874086821424, 9.974069183003319239 ) ) ;
#983 = AXIS2_PLACEMENT_3D ( 'NONE', #2404, #3123, #4688 ) ;
#984 = DIRECTION ( 'NONE',  ( -2.703465157366452467E-16, 1.000000000000000000, 0.000000000000000000 ) ) ;
#985 = CARTESIAN_POINT ( 'NONE',  ( 10.45303777425773362, -25.62529294843109540, 1.699999999999999289 ) ) ;
#986 = VECTOR ( 'NONE', #36, 1000.000000000000000 ) ;
#987 = ORIENTED_EDGE ( 'NONE', *, *, #3238, .F. ) ;
#988 = DIRECTION ( 'NONE',  ( -1.734723475976806848E-16, 1.000000000000000000, -1.232595164407830946E-32 ) ) ;
#989 = LINE ( 'NONE', #1018, #1484 ) ;
#990 = EDGE_LOOP ( 'NONE', ( #4328, #2752, #4770, #954 ) ) ;
#991 = CARTESIAN_POINT ( 'NONE',  ( -13.46496222574230295, 22.52870705156889031, 3.292323440001584611 ) ) ;
#992 = DIRECTION ( 'NONE',  ( -1.000000000000000000, 0.000000000000000000, 0.000000000000000000 ) ) ;
#993 = PLANE ( 'NONE',  #3772 ) ;
#994 = VECTOR ( 'NONE', #2971, 1000.000000000000000 ) ;
#995 = CARTESIAN_POINT ( 'NONE',  ( 17.99945153239900719, -22.01006267874788236, 9.928501812798645076 ) ) ;
#996 = VECTOR ( 'NONE', #1735, 1000.000000000000000 ) ;
#997 = VERTEX_POINT ( 'NONE', #1056 ) ;
#998 = ADVANCED_FACE ( 'NONE', ( #4179 ), #2242, .T. ) ;
#999 = EDGE_CURVE ( 'NONE', #1832, #1514, #2707, .T. ) ;
#1000 = FACE_BOUND ( 'NONE', #4520, .T. ) ;
#1001 = AXIS2_PLACEMENT_3D ( 'NONE', #521, #2739, #43 ) ;
#1002 = EDGE_CURVE ( 'NONE', #1197, #4057, #1524, .T. ) ;
#1003 = ORIENTED_EDGE ( 'NONE', *, *, #2064, .T. ) ;
#1004 = DIRECTION ( 'NONE',  ( -0.000000000000000000, -0.000000000000000000, 1.000000000000000000 ) ) ;
#1005 = CARTESIAN_POINT ( 'NONE',  ( -13.88296222574226668, -25.62529294843109540, 1.699999999999999289 ) ) ;
#1006 = VERTEX_POINT ( 'NONE', #2633 ) ;
#1007 = EDGE_CURVE ( 'NONE', #295, #2843, #558, .T. ) ;
#1008 = CIRCLE ( 'NONE', #3844, 2.749999999999995559 ) ;
#1009 = CARTESIAN_POINT ( 'NONE',  ( -16.96496222574226564, 19.77870705156889031, 8.499999999999998224 ) ) ;
#1010 = VERTEX_POINT ( 'NONE', #2676 ) ;
#1011 = ORIENTED_EDGE ( 'NONE', *, *, #3537, .F. ) ;
#1012 = CARTESIAN_POINT ( 'NONE',  ( -10.88296222574226668, -25.62529294843109540, 8.499999999999998224 ) ) ;
#1013 = DIRECTION ( 'NONE',  ( 1.000000000000000000, 0.000000000000000000, 0.000000000000000000 ) ) ;
#1014 = CARTESIAN_POINT ( 'NONE',  ( -10.66696076089826661, 21.25670570879590571, -4.001000000000001222 ) ) ;
#1015 = VERTEX_POINT ( 'NONE', #4242 ) ;
#1016 = EDGE_CURVE ( 'NONE', #4302, #320, #2289, .T. ) ;
#1017 = CARTESIAN_POINT ( 'NONE',  ( 16.03503777425773436, 27.02870705156891162, 9.999999999999998224 ) ) ;
#1018 = CARTESIAN_POINT ( 'NONE',  ( -17.96496222574226564, 26.27870705156888320, -4.000000000000000000 ) ) ;
#1019 = ORIENTED_EDGE ( 'NONE', *, *, #4933, .F. ) ;
#1020 = CARTESIAN_POINT ( 'NONE',  ( 17.53503777425774146, -26.22129294843106706, 8.378679656440352730 ) ) ;
#1021 = EDGE_CURVE ( 'NONE', #943, #1010, #1834, .T. ) ;
#1022 = EDGE_CURVE ( 'NONE', #4080, #3875, #4200, .T. ) ;
#1023 = PLANE ( 'NONE',  #4509 ) ;
#1024 = ADVANCED_FACE ( 'NONE', ( #5010, #3395, #725, #703, #1437, #350, #1906, #4604 ), #1099, .F. ) ;
#1025 = ORIENTED_EDGE ( 'NONE', *, *, #3988, .F. ) ;
#1026 = EDGE_CURVE ( 'NONE', #2445, #4665, #4159, .T. ) ;
#1027 = AXIS2_PLACEMENT_3D ( 'NONE', #3803, #1851, #2238 ) ;
#1028 = ORIENTED_EDGE ( 'NONE', *, *, #1669, .T. ) ;
#1029 = DIRECTION ( 'NONE',  ( 1.000000000000000000, 0.000000000000000000, 0.000000000000000000 ) ) ;
#1030 = VERTEX_POINT ( 'NONE', #2997 ) ;
#1031 = LINE ( 'NONE', #219, #1959 ) ;
#1032 = ADVANCED_FACE ( 'NONE', ( #4553 ), #2612, .T. ) ;
#1033 = DIRECTION ( 'NONE',  ( 0.000000000000000000, 0.000000000000000000, -1.000000000000000000 ) ) ;
#1034 = EDGE_LOOP ( 'NONE', ( #4288, #2255 ) ) ;
#1035 = VERTEX_POINT ( 'NONE', #283 ) ;
#1036 = FACE_BOUND ( 'NONE', #3686, .T. ) ;
#1037 = DIRECTION ( 'NONE',  ( 1.000000000000000000, 0.000000000000000000, -0.000000000000000000 ) ) ;
#1038 = EDGE_CURVE ( 'NONE', #2295, #4039, #1531, .T. ) ;
#1039 = SURFACE_STYLE_FILL_AREA ( #706 ) ;
#1040 = EDGE_LOOP ( 'NONE', ( #3574, #1374 ) ) ;
#1041 = LINE ( 'NONE', #2246, #3997 ) ;
#1042 = CARTESIAN_POINT ( 'NONE',  ( 0.000000000000000000, -28.55707938605798546, 8.999999999999998224 ) ) ;
#1043 = CARTESIAN_POINT ( 'NONE',  ( 9.197601288496683125, 28.40738670800926258, 8.499999999999998224 ) ) ;
#1044 = CARTESIAN_POINT ( 'NONE',  ( -12.64106361317945293, -22.11161202698745498, -4.001000000000001222 ) ) ;
#1045 = ORIENTED_EDGE ( 'NONE', *, *, #4188, .T. ) ;
#1046 = FACE_OUTER_BOUND ( 'NONE', #2764, .T. ) ;
#1047 = ORIENTED_EDGE ( 'NONE', *, *, #487, .F. ) ;
#1048 = DIRECTION ( 'NONE',  ( -0.000000000000000000, -0.000000000000000000, -1.000000000000000000 ) ) ;
#1049 = EDGE_LOOP ( 'NONE', ( #3231, #1047, #3613, #3079, #1611 ) ) ;
#1050 = EDGE_CURVE ( 'NONE', #3944, #4302, #2926, .T. ) ;
#1051 = AXIS2_PLACEMENT_3D ( 'NONE', #652, #2192, #3459 ) ;
#1052 = DIRECTION ( 'NONE',  ( 1.000000000000000000, 0.000000000000000000, 0.000000000000000000 ) ) ;
#1053 = ORIENTED_EDGE ( 'NONE', *, *, #4933, .T. ) ;
#1054 = ORIENTED_EDGE ( 'NONE', *, *, #4023, .T. ) ;
#1055 = DIRECTION ( 'NONE',  ( -1.156482317317871725E-16, 1.000000000000000000, -1.232595164407830946E-32 ) ) ;
#1056 = CARTESIAN_POINT ( 'NONE',  ( -9.066960760898265193, 17.28171028643190610, 8.499999999999998224 ) ) ;
#1057 = VECTOR ( 'NONE', #499, 1000.000000000000000 ) ;
#1058 = PRESENTATION_STYLE_ASSIGNMENT (( #2244 ) ) ;
#1059 = EDGE_LOOP ( 'NONE', ( #1302, #365, #1384, #123 ) ) ;
#1060 = DIRECTION ( 'NONE',  ( -0.000000000000000000, -0.000000000000000000, -1.000000000000000000 ) ) ;
#1061 = DIRECTION ( 'NONE',  ( 0.000000000000000000, 0.000000000000000000, 1.000000000000000000 ) ) ;
#1062 = VECTOR ( 'NONE', #1157, 1000.000000000000000 ) ;
#1063 = EDGE_CURVE ( 'NONE', #3167, #61, #1612, .T. ) ;
#1064 = VECTOR ( 'NONE', #729, 1000.000000000000000 ) ;
#1065 = CARTESIAN_POINT ( 'NONE',  ( 14.53503777425770060, 22.52870705156892583, -0.1010000000000003950 ) ) ;
#1066 = VECTOR ( 'NONE', #3062, 1000.000000000000000 ) ;
#1067 = ORIENTED_EDGE ( 'NONE', *, *, #3384, .T. ) ;
#1068 = AXIS2_PLACEMENT_3D ( 'NONE', #271, #1404, #2930 ) ;
#1069 = VERTEX_POINT ( 'NONE', #4317 ) ;
#1070 = CARTESIAN_POINT ( 'NONE',  ( 17.53503777425774146, -18.72129294843107417, 8.378679656440352730 ) ) ;
#1071 = VECTOR ( 'NONE', #2728, 1000.000000000000000 ) ;
#1072 = ORIENTED_EDGE ( 'NONE', *, *, #627, .F. ) ;
#1073 = AXIS2_PLACEMENT_3D ( 'NONE', #4164, #663, #2905 ) ;
#1074 = CARTESIAN_POINT ( 'NONE',  ( -9.727450725633183026, 28.45342862436082143, 8.453958083648430488 ) ) ;
#1075 = ORIENTED_EDGE ( 'NONE', *, *, #1022, .T. ) ;
#1076 = ORIENTED_EDGE ( 'NONE', *, *, #138, .T. ) ;
#1077 = DIRECTION ( 'NONE',  ( -0.000000000000000000, -0.000000000000000000, -1.000000000000000000 ) ) ;
#1078 = DIRECTION ( 'NONE',  ( 0.000000000000000000, 0.000000000000000000, -1.000000000000000000 ) ) ;
#1079 = VECTOR ( 'NONE', #2247, 1000.000000000000000 ) ;
#1080 = LINE ( 'NONE', #4510, #2646 ) ;
#1081 = AXIS2_PLACEMENT_3D ( 'NONE', #4921, #4053, #542 ) ;
#1082 = EDGE_LOOP ( 'NONE', ( #1076, #150, #2835, #2799 ) ) ;
#1083 = CARTESIAN_POINT ( 'NONE',  ( -19.46496222574226209, -29.97129294843108838, 8.585786437626900636 ) ) ;
#1084 = CARTESIAN_POINT ( 'NONE',  ( 15.78503777425770060, 22.52870705156892583, 9.999999999999998224 ) ) ;
#1085 = DIRECTION ( 'NONE',  ( 0.000000000000000000, 0.000000000000000000, 1.000000000000000000 ) ) ;
#1086 = EDGE_CURVE ( 'NONE', #2074, #61, #2520, .T. ) ;
#1087 = EDGE_CURVE ( 'NONE', #4960, #1704, #3109, .T. ) ;
#1088 = CARTESIAN_POINT ( 'NONE',  ( 16.53503777425773791, -18.72129294843107417, -4.002000000000000668 ) ) ;
#1089 = ORIENTED_EDGE ( 'NONE', *, *, #4063, .F. ) ;
#1090 = DIRECTION ( 'NONE',  ( 0.000000000000000000, 1.000000000000000000, 0.000000000000000000 ) ) ;
#1091 = ORIENTED_EDGE ( 'NONE', *, *, #1886, .F. ) ;
#1092 = DIRECTION ( 'NONE',  ( 1.000000000000000000, -2.312964634635742267E-15, 0.000000000000000000 ) ) ;
#1093 = ORIENTED_EDGE ( 'NONE', *, *, #2420, .T. ) ;
#1094 = CIRCLE ( 'NONE', #1819, 3.000000000000000000 ) ;
#1095 = CARTESIAN_POINT ( 'NONE',  ( 16.97437760247791871, -26.97129294843108482, 8.939339828220180806 ) ) ;
#1096 = ORIENTED_EDGE ( 'NONE', *, *, #5007, .F. ) ;
#1097 = VERTEX_POINT ( 'NONE', #447 ) ;
#1098 = CARTESIAN_POINT ( 'NONE',  ( 10.45303777425773362, 25.68270705156890443, 1.699999999999999289 ) ) ;
#1099 = PLANE ( 'NONE',  #1051 ) ;
#1100 = VECTOR ( 'NONE', #3853, 1000.000000000000000 ) ;
#1101 = LINE ( 'NONE', #772, #3655 ) ;
#1102 = DIRECTION ( 'NONE',  ( 1.000000000000000000, 0.000000000000000000, 0.000000000000000000 ) ) ;
#1103 = EDGE_LOOP ( 'NONE', ( #2392, #3704, #3566, #1806, #764 ) ) ;
#1104 = CARTESIAN_POINT ( 'NONE',  ( -16.46496222574226920, 27.02870705156890097, 9.999999999999998224 ) ) ;
#1105 = DIRECTION ( 'NONE',  ( -0.000000000000000000, -0.000000000000000000, 1.000000000000000000 ) ) ;
#1106 = ADVANCED_FACE ( 'NONE', ( #1228 ), #86, .T. ) ;
#1107 = DIRECTION ( 'NONE',  ( 0.000000000000000000, 0.000000000000000000, 1.000000000000000000 ) ) ;
#1108 = CARTESIAN_POINT ( 'NONE',  ( -16.21496222574226564, -22.47129294843110969, -1.363961030678932040 ) ) ;
#1109 = EDGE_LOOP ( 'NONE', ( #3085, #813, #1506, #3499 ) ) ;
#1110 = CARTESIAN_POINT ( 'NONE',  ( 17.62082421188463854, -26.97129294843108482, 8.999999999999998224 ) ) ;
#1111 = ORIENTED_EDGE ( 'NONE', *, *, #3892, .T. ) ;
#1112 = APPLICATION_PROTOCOL_DEFINITION ( 'draft international standard', 'automotive_design', 1998, #1166 ) ;
#1113 = ORIENTED_EDGE ( 'NONE', *, *, #5017, .F. ) ;
#1114 = EDGE_CURVE ( 'NONE', #3278, #1922, #134, .T. ) ;
#1115 = CARTESIAN_POINT ( 'NONE',  ( 15.78503777425776100, 19.77870705156889031, 3.292323440001584611 ) ) ;
#1116 = CARTESIAN_POINT ( 'NONE',  ( 4.793649565339142882, 12.66714344531767900, 9.999999999999998224 ) ) ;
#1117 = DIRECTION ( 'NONE',  ( -0.000000000000000000, -0.000000000000000000, -1.000000000000000000 ) ) ;
#1118 = LINE ( 'NONE', #750, #4139 ) ;
#1119 = VERTEX_POINT ( 'NONE', #3535 ) ;
#1120 = CARTESIAN_POINT ( 'NONE',  ( 7.285040208365946235, -29.97129294843108838, 6.892323440001584700 ) ) ;
#1121 = CARTESIAN_POINT ( 'NONE',  ( 16.03503777425773791, -29.97129294843108838, 3.292323440001584611 ) ) ;
#1122 = VECTOR ( 'NONE', #4492, 1000.000000000000000 ) ;
#1123 = AXIS2_PLACEMENT_3D ( 'NONE', #3127, #4230, #1163 ) ;
#1124 = CARTESIAN_POINT ( 'NONE',  ( -17.96496222574225854, -26.97129294843108838, 3.292323440001584611 ) ) ;
#1125 = DIRECTION ( 'NONE',  ( -0.000000000000000000, -0.000000000000000000, -1.000000000000000000 ) ) ;
#1126 = ORIENTED_EDGE ( 'NONE', *, *, #2109, .T. ) ;
#1127 = CYLINDRICAL_SURFACE ( 'NONE', #4906, 1.250000000000001110 ) ;
#1128 = DIRECTION ( 'NONE',  ( 1.156482317317871971E-16, -1.000000000000000000, 0.000000000000000000 ) ) ;
#1129 = CIRCLE ( 'NONE', #4395, 1.249999999999999334 ) ;
#1130 = DIRECTION ( 'NONE',  ( 0.000000000000000000, 0.000000000000000000, 1.000000000000000000 ) ) ;
#1131 = CIRCLE ( 'NONE', #2854, 1.585786437626902190 ) ;
#1132 = ORIENTED_EDGE ( 'NONE', *, *, #2523, .T. ) ;
#1133 = ORIENTED_EDGE ( 'NONE', *, *, #4262, .T. ) ;
#1134 = VECTOR ( 'NONE', #258, 1000.000000000000000 ) ;
#1135 = EDGE_CURVE ( 'NONE', #205, #2960, #2183, .T. ) ;
#1136 = AXIS2_PLACEMENT_3D ( 'NONE', #1787, #1077, #1416 ) ;
#1137 = EDGE_CURVE ( 'NONE', #1975, #3455, #3561, .T. ) ;
#1138 = EDGE_CURVE ( 'NONE', #2302, #3982, #1202, .T. ) ;
#1139 = DIRECTION ( 'NONE',  ( 1.156482317317871971E-16, -1.000000000000000000, 0.000000000000000000 ) ) ;
#1140 = CIRCLE ( 'NONE', #2691, 2.249999999999998668 ) ;
#1141 = ORIENTED_EDGE ( 'NONE', *, *, #3488, .F. ) ;
#1142 = CARTESIAN_POINT ( 'NONE',  ( 16.03503777425773791, -26.97129294843108838, -4.000000000000000000 ) ) ;
#1143 = DIRECTION ( 'NONE',  ( 0.000000000000000000, -0.000000000000000000, -1.000000000000000000 ) ) ;
#1144 = CIRCLE ( 'NONE', #4003, 1.499999999999999556 ) ;
#1145 = VERTEX_POINT ( 'NONE', #4345 ) ;
#1146 = ADVANCED_FACE ( 'NONE', ( #3212 ), #1601, .F. ) ;
#1147 = AXIS2_PLACEMENT_3D ( 'NONE', #985, #2096, #2543 ) ;
#1148 = CARTESIAN_POINT ( 'NONE',  ( -16.96496222574226564, 26.27870705156888320, -4.002000000000000668 ) ) ;
#1149 = ORIENTED_EDGE ( 'NONE', *, *, #5016, .T. ) ;
#1150 = VERTEX_POINT ( 'NONE', #2725 ) ;
#1151 = CARTESIAN_POINT ( 'NONE',  ( -18.05074866336916628, -23.77221114548468606, 9.999999999999998224 ) ) ;
#1152 = DIRECTION ( 'NONE',  ( 1.000000000000000000, 1.734723475976807094E-16, 0.000000000000000000 ) ) ;
#1153 = VECTOR ( 'NONE', #1820, 1000.000000000000000 ) ;
#1154 = VECTOR ( 'NONE', #5033, 1000.000000000000000 ) ;
#1155 = EDGE_CURVE ( 'NONE', #2883, #2573, #386, .T. ) ;
#1156 = LINE ( 'NONE', #1637, #4005 ) ;
#1157 = DIRECTION ( 'NONE',  ( -0.000000000000000000, -0.000000000000000000, 1.000000000000000000 ) ) ;
#1158 = CARTESIAN_POINT ( 'NONE',  ( 16.03503777425773791, -27.91063277665126208, 8.939339828220180806 ) ) ;
#1159 = VECTOR ( 'NONE', #1933, 1000.000000000000000 ) ;
#1160 = ORIENTED_EDGE ( 'NONE', *, *, #2290, .F. ) ;
#1161 = LINE ( 'NONE', #3055, #3421 ) ;
#1162 = ADVANCED_FACE ( 'NONE', ( #6 ), #4752, .F. ) ;
#1163 = DIRECTION ( 'NONE',  ( 1.000000000000000000, 0.000000000000000000, 0.000000000000000000 ) ) ;
#1164 = EDGE_CURVE ( 'NONE', #4620, #3385, #3248, .T. ) ;
#1165 = VERTEX_POINT ( 'NONE', #2029 ) ;
#1166 = APPLICATION_CONTEXT ( 'automotive_design' ) ;
#1167 = EDGE_CURVE ( 'NONE', #1782, #2610, #477, .T. ) ;
#1168 = VERTEX_POINT ( 'NONE', #3512 ) ;
#1169 = AXIS2_PLACEMENT_3D ( 'NONE', #3558, #2832, #4837 ) ;
#1170 = CARTESIAN_POINT ( 'NONE',  ( 16.03503777425773791, 30.02870705156891162, 8.585786437626897083 ) ) ;
#1171 = LINE ( 'NONE', #4342, #1751 ) ;
#1172 = EDGE_LOOP ( 'NONE', ( #2838, #2776, #1911, #2828, #760, #1309, #3917, #5067, #277, #2986 ) ) ;
#1173 = DIRECTION ( 'NONE',  ( -0.000000000000000000, -0.000000000000000000, 1.000000000000000000 ) ) ;
#1174 = DIRECTION ( 'NONE',  ( -1.000000000000000000, -1.156482317317871971E-16, 0.000000000000000000 ) ) ;
#1175 = VECTOR ( 'NONE', #4287, 1000.000000000000000 ) ;
#1176 = ORIENTED_EDGE ( 'NONE', *, *, #1885, .T. ) ;
#1177 = ADVANCED_FACE ( 'NONE', ( #848 ), #5050, .T. ) ;
#1178 = CARTESIAN_POINT ( 'NONE',  ( -10.66696076089826661, 21.25670570879590571, 9.999999999999998224 ) ) ;
#1179 = VECTOR ( 'NONE', #299, 1000.000000000000000 ) ;
#1180 = CARTESIAN_POINT ( 'NONE',  ( 17.41371743069808886, 3.020798443105850681E-15, 8.499999999999998224 ) ) ;
#1181 = ORIENTED_EDGE ( 'NONE', *, *, #3553, .F. ) ;
#1182 = EDGE_LOOP ( 'NONE', ( #3324, #4272, #2000, #2511, #2813 ) ) ;
#1183 = CARTESIAN_POINT ( 'NONE',  ( 10.45303777425773362, -25.62529294843109540, -0.1000000000000002554 ) ) ;
#1184 = CARTESIAN_POINT ( 'NONE',  ( -16.46496222574226920, 27.02870705156890097, 8.999999999999998224 ) ) ;
#1185 = ADVANCED_FACE ( 'NONE', ( #2336 ), #4561, .T. ) ;
#1186 = AXIS2_PLACEMENT_3D ( 'NONE', #1459, #3832, #3737 ) ;
#1187 = FACE_OUTER_BOUND ( 'NONE', #1103, .T. ) ;
#1188 = EDGE_CURVE ( 'NONE', #4692, #3932, #1286, .T. ) ;
#1189 = LINE ( 'NONE', #5035, #2780 ) ;
#1190 = ORIENTED_EDGE ( 'NONE', *, *, #3546, .F. ) ;
#1191 = CARTESIAN_POINT ( 'NONE',  ( 10.45303777425773362, -25.62529294843109540, -0.1000000000000002554 ) ) ;
#1192 = CARTESIAN_POINT ( 'NONE',  ( -17.84364188218261305, -25.74388111221639974, 8.499999999999998224 ) ) ;
#1193 = ORIENTED_EDGE ( 'NONE', *, *, #3102, .F. ) ;
#1194 = DIRECTION ( 'NONE',  ( -0.000000000000000000, 1.000000000000000000, -0.000000000000000000 ) ) ;
#1195 = ORIENTED_EDGE ( 'NONE', *, *, #1768, .F. ) ;
#1196 = VERTEX_POINT ( 'NONE', #1005 ) ;
#1197 = VERTEX_POINT ( 'NONE', #2448 ) ;
#1198 = LINE ( 'NONE', #2746, #1398 ) ;
#1199 = DIRECTION ( 'NONE',  ( -0.000000000000000000, 0.000000000000000000, 1.000000000000000000 ) ) ;
#1200 = ORIENTED_EDGE ( 'NONE', *, *, #812, .T. ) ;
#1201 = DIRECTION ( 'NONE',  ( -1.000000000000000000, 1.889896820699131511E-15, -0.000000000000000000 ) ) ;
#1202 = LINE ( 'NONE', #2311, #3005 ) ;
#1203 = EDGE_CURVE ( 'NONE', #3868, #674, #3894, .T. ) ;
#1204 = EDGE_LOOP ( 'NONE', ( #2153, #3551, #4700, #3902 ) ) ;
#1205 = VERTEX_POINT ( 'NONE', #4124 ) ;
#1206 = DIRECTION ( 'NONE',  ( 1.000000000000000000, 0.000000000000000000, 0.000000000000000000 ) ) ;
#1207 = DIRECTION ( 'NONE',  ( -0.000000000000000000, -0.000000000000000000, 1.000000000000000000 ) ) ;
#1208 = LINE ( 'NONE', #2759, #3196 ) ;
#1209 =( BOUNDED_CURVE ( )  B_SPLINE_CURVE ( 3, ( #128, #864, #1698, #157 ),
 .UNSPECIFIED., .F., .F. ) 
 B_SPLINE_CURVE_WITH_KNOTS ( ( 4, 4 ),
 ( 2.643885820847025503, 3.141592653589793116 ),
 .UNSPECIFIED. ) 
 CURVE ( )  GEOMETRIC_REPRESENTATION_ITEM ( )  RATIONAL_B_SPLINE_CURVE ( ( 1.000000000000000000, 0.9794636360570614375, 0.9794636360570614375, 1.000000000000000000 ) ) 
 REPRESENTATION_ITEM ( '' )  );
#1210 = EDGE_CURVE ( 'NONE', #3403, #3635, #3652, .T. ) ;
#1211 = EDGE_CURVE ( 'NONE', #2575, #3115, #4387, .T. ) ;
#1212 = CARTESIAN_POINT ( 'NONE',  ( 11.40187074164451175, 28.52870705156890452, 3.292323440001584611 ) ) ;
#1213 = ORIENTED_EDGE ( 'NONE', *, *, #4574, .F. ) ;
#1214 = AXIS2_PLACEMENT_3D ( 'NONE', #2002, #1956, #2394 ) ;
#1215 = CARTESIAN_POINT ( 'NONE',  ( -16.21496222574229051, -25.22129294843106706, 8.499999999999998224 ) ) ;
#1216 = DIRECTION ( 'NONE',  ( -0.000000000000000000, -1.000000000000000000, -0.000000000000000000 ) ) ;
#1217 = ORIENTED_EDGE ( 'NONE', *, *, #296, .T. ) ;
#1218 = ADVANCED_FACE ( 'NONE', ( #2860 ), #2507, .F. ) ;
#1219 = CARTESIAN_POINT ( 'NONE',  ( 0.000000000000000000, -27.91063277665126208, 8.939339828220180806 ) ) ;
#1220 = AXIS2_PLACEMENT_3D ( 'NONE', #1972, #1993, #3633 ) ;
#1221 = EDGE_LOOP ( 'NONE', ( #597, #1126 ) ) ;
#1222 = AXIS2_PLACEMENT_3D ( 'NONE', #1918, #3030, #3445 ) ;
#1223 = ORIENTED_EDGE ( 'NONE', *, *, #4037, .F. ) ;
#1224 = CIRCLE ( 'NONE', #64, 1.249999999999999334 ) ;
#1225 = CARTESIAN_POINT ( 'NONE',  ( 17.53503777425773791, -18.72129294843107772, 3.292323440001584611 ) ) ;
#1226 = VERTEX_POINT ( 'NONE', #2888 ) ;
#1227 = DIRECTION ( 'NONE',  ( -1.000000000000000000, 0.000000000000000000, 0.000000000000000000 ) ) ;
#1228 = FACE_OUTER_BOUND ( 'NONE', #3506, .T. ) ;
#1229 = ORIENTED_EDGE ( 'NONE', *, *, #1167, .T. ) ;
#1230 = AXIS2_PLACEMENT_3D ( 'NONE', #3897, #2011, #3987 ) ;
#1231 = CARTESIAN_POINT ( 'NONE',  ( 9.710935302704847061, 13.48838797301253933, 9.999999999999998224 ) ) ;
#1232 = AXIS2_PLACEMENT_3D ( 'NONE', #4498, #3036, #1092 ) ;
#1233 = ORIENTED_EDGE ( 'NONE', *, *, #3330, .F. ) ;
#1234 = CARTESIAN_POINT ( 'NONE',  ( 7.285040208365946235, -28.47129294843108482, 6.892323440001584700 ) ) ;
#1235 = CIRCLE ( 'NONE', #4502, 0.9999999999999991118 ) ;
#1236 = DIRECTION ( 'NONE',  ( 0.000000000000000000, 0.000000000000000000, 1.000000000000000000 ) ) ;
#1237 = VECTOR ( 'NONE', #4355, 1000.000000000000000 ) ;
#1238 = VERTEX_POINT ( 'NONE', #4041 ) ;
#1239 = CARTESIAN_POINT ( 'NONE',  ( 15.78503777425770060, 22.52870705156892583, 8.499999999999998224 ) ) ;
#1240 = CARTESIAN_POINT ( 'NONE',  ( 6.892349582463465296, 19.84070686846390430, 8.499999999999998224 ) ) ;
#1241 = EDGE_CURVE ( 'NONE', #2696, #4294, #3644, .T. ) ;
#1242 = DIRECTION ( 'NONE',  ( -0.000000000000000000, -0.000000000000000000, 1.000000000000000000 ) ) ;
#1243 = CARTESIAN_POINT ( 'NONE',  ( 12.21093530270484706, 13.48838797301253933, 9.999999999999998224 ) ) ;
#1244 = EDGE_CURVE ( 'NONE', #822, #4841, #726, .T. ) ;
#1245 = CARTESIAN_POINT ( 'NONE',  ( -17.96496222574226564, 18.77870705156889031, 8.378679656440352730 ) ) ;
#1246 = CARTESIAN_POINT ( 'NONE',  ( -19.46496222574226209, -28.47129294843108482, 3.292323440001584611 ) ) ;
#1247 = AXIS2_PLACEMENT_3D ( 'NONE', #1881, #1117, #5029 ) ;
#1248 = ORIENTED_EDGE ( 'NONE', *, *, #2109, .F. ) ;
#1249 = DIRECTION ( 'NONE',  ( 1.000000000000000000, 0.000000000000000000, 0.000000000000000000 ) ) ;
#1250 = FACE_OUTER_BOUND ( 'NONE', #1785, .T. ) ;
#1251 = ORIENTED_EDGE ( 'NONE', *, *, #3504, .F. ) ;
#1252 = CARTESIAN_POINT ( 'NONE',  ( -19.46496222574226209, -29.97129294843108838, 3.292323440001584611 ) ) ;
#1253 = DIRECTION ( 'NONE',  ( -1.000000000000000000, 0.000000000000000000, 0.000000000000000000 ) ) ;
#1254 = ORIENTED_EDGE ( 'NONE', *, *, #4044, .T. ) ;
#1255 = FACE_BOUND ( 'NONE', #2116, .T. ) ;
#1256 = VERTEX_POINT ( 'NONE', #4499 ) ;
#1257 = CARTESIAN_POINT ( 'NONE',  ( -10.14106361317946003, 13.48838797301254111, -4.001000000000001222 ) ) ;
#1258 = CARTESIAN_POINT ( 'NONE',  ( 17.53503777425773791, 3.041844167914499252E-15, 8.378679656440352730 ) ) ;
#1259 = CIRCLE ( 'NONE', #4130, 2.250000000000001776 ) ;
#1260 = FACE_OUTER_BOUND ( 'NONE', #3768, .T. ) ;
#1261 = DIRECTION ( 'NONE',  ( -1.734723475976807094E-16, 1.000000000000000000, 0.000000000000000000 ) ) ;
#1262 = DIRECTION ( 'NONE',  ( -1.000000000000000000, -1.949127501097536693E-16, 0.000000000000000000 ) ) ;
#1263 = FACE_OUTER_BOUND ( 'NONE', #1040, .T. ) ;
#1264 = VERTEX_POINT ( 'NONE', #4070 ) ;
#1265 = ORIENTED_EDGE ( 'NONE', *, *, #2817, .T. ) ;
#1266 = DIRECTION ( 'NONE',  ( -1.000000000000000000, 0.000000000000000000, 0.000000000000000000 ) ) ;
#1267 = DIRECTION ( 'NONE',  ( 1.000000000000000000, 0.000000000000000000, 0.000000000000000000 ) ) ;
#1268 = ORIENTED_EDGE ( 'NONE', *, *, #2802, .F. ) ;
#1269 = DIRECTION ( 'NONE',  ( -1.000000000000000000, -2.703465157366451974E-16, -1.743152798421071938E-32 ) ) ;
#1270 = ORIENTED_EDGE ( 'NONE', *, *, #209, .T. ) ;
#1271 = ADVANCED_FACE ( 'NONE', ( #217 ), #1679, .F. ) ;
#1272 = FACE_OUTER_BOUND ( 'NONE', #3035, .T. ) ;
#1273 = VERTEX_POINT ( 'NONE', #1377 ) ;
#1274 = VERTEX_POINT ( 'NONE', #973 ) ;
#1275 = DIRECTION ( 'NONE',  ( 0.7071067811865454633, 8.659560562354906974E-17, -0.7071067811865496822 ) ) ;
#1276 = FACE_OUTER_BOUND ( 'NONE', #1831, .T. ) ;
#1277 = CARTESIAN_POINT ( 'NONE',  ( -18.46496222574225854, -26.97129294843108838, 8.585786437626900636 ) ) ;
#1278 = EDGE_LOOP ( 'NONE', ( #306, #1962, #3642, #3673 ) ) ;
#1279 = DIRECTION ( 'NONE',  ( -0.000000000000000000, -0.000000000000000000, -1.000000000000000000 ) ) ;
#1280 = CARTESIAN_POINT ( 'NONE',  ( 17.62082421188464565, -23.77221114548463632, 9.999999999999998224 ) ) ;
#1281 = DIRECTION ( 'NONE',  ( -0.000000000000000000, -0.000000000000000000, 1.000000000000000000 ) ) ;
#1282 = ORIENTED_EDGE ( 'NONE', *, *, #594, .T. ) ;
#1283 = DIRECTION ( 'NONE',  ( 1.000000000000000000, 0.000000000000000000, 0.000000000000000000 ) ) ;
#1284 = FACE_OUTER_BOUND ( 'NONE', #990, .T. ) ;
#1285 = ORIENTED_EDGE ( 'NONE', *, *, #3177, .T. ) ;
#1286 = CIRCLE ( 'NONE', #4478, 1.000000000000000888 ) ;
#1287 = ORIENTED_EDGE ( 'NONE', *, *, #3418, .T. ) ;
#1288 = CONICAL_SURFACE ( 'NONE', #4894, 1.999999999999998224, 0.7853981633974452814 ) ;
#1289 = PLANE ( 'NONE',  #3751 ) ;
#1290 = VECTOR ( 'NONE', #2430, 1000.000000000000000 ) ;
#1291 = ORIENTED_EDGE ( 'NONE', *, *, #4613, .T. ) ;
#1292 = LINE ( 'NONE', #559, #4581 ) ;
#1293 = DIRECTION ( 'NONE',  ( 1.000000000000000000, 0.000000000000000000, 0.000000000000000000 ) ) ;
#1294 = ORIENTED_EDGE ( 'NONE', *, *, #193, .T. ) ;
#1295 = EDGE_CURVE ( 'NONE', #1737, #2190, #2089, .T. ) ;
#1296 = EDGE_CURVE ( 'NONE', #5004, #4080, #49, .T. ) ;
#1297 = VECTOR ( 'NONE', #2878, 1000.000000000000114 ) ;
#1298 = EDGE_CURVE ( 'NONE', #4566, #228, #1428, .T. ) ;
#1299 = CARTESIAN_POINT ( 'NONE',  ( -13.88296222574226668, 25.68270705156890443, 1.699999999999999289 ) ) ;
#1300 = DIRECTION ( 'NONE',  ( 1.000000000000000000, 0.000000000000000000, 0.000000000000000000 ) ) ;
#1301 = ORIENTED_EDGE ( 'NONE', *, *, #1296, .T. ) ;
#1302 = ORIENTED_EDGE ( 'NONE', *, *, #3162, .T. ) ;
#1303 = CARTESIAN_POINT ( 'NONE',  ( 15.78503777425776100, 19.77870705156889031, 8.499999999999998224 ) ) ;
#1304 = FACE_OUTER_BOUND ( 'NONE', #4940, .T. ) ;
#1305 = EDGE_CURVE ( 'NONE', #809, #1119, #4231, .T. ) ;
#1306 = AXIS2_PLACEMENT_3D ( 'NONE', #3534, #4675, #1578 ) ;
#1307 = CIRCLE ( 'NONE', #2035, 2.999999999999999112 ) ;
#1308 = CARTESIAN_POINT ( 'NONE',  ( 12.21093530270484706, 13.48838797301253933, -4.001000000000001222 ) ) ;
#1309 = ORIENTED_EDGE ( 'NONE', *, *, #1401, .T. ) ;
#1310 = CARTESIAN_POINT ( 'NONE',  ( -16.46496222574226209, -28.97129294843108482, 9.999999999999998224 ) ) ;
#1311 = CARTESIAN_POINT ( 'NONE',  ( -10.88296222574226668, -25.62529294843109540, 1.699999999999999289 ) ) ;
#1312 = VECTOR ( 'NONE', #2762, 1000.000000000000000 ) ;
#1313 = CIRCLE ( 'NONE', #3838, 1.074999999999999512 ) ;
#1314 = PRODUCT_DEFINITION_FORMATION_WITH_SPECIFIED_SOURCE ( 'ANY', '', #4050, .NOT_KNOWN. ) ;
#1315 = CARTESIAN_POINT ( 'NONE',  ( 15.78503777425770060, 22.52870705156892583, 5.000000000000001776 ) ) ;
#1316 = EDGE_CURVE ( 'NONE', #3431, #460, #3310, .T. ) ;
#1317 = VECTOR ( 'NONE', #4352, 1000.000000000000000 ) ;
#1318 = LINE ( 'NONE', #581, #4337 ) ;
#1319 = ORIENTED_EDGE ( 'NONE', *, *, #4303, .T. ) ;
#1320 = VECTOR ( 'NONE', #861, 1000.000000000000000 ) ;
#1321 = EDGE_CURVE ( 'NONE', #4102, #943, #213, .T. ) ;
#1322 = ORIENTED_EDGE ( 'NONE', *, *, #1747, .T. ) ;
#1323 = LINE ( 'NONE', #3207, #742 ) ;
#1324 = CARTESIAN_POINT ( 'NONE',  ( 12.21093530270483996, -22.11161202698745853, 9.999999999999998224 ) ) ;
#1325 = DIRECTION ( 'NONE',  ( -0.000000000000000000, 1.000000000000000000, -0.000000000000000000 ) ) ;
#1326 = EDGE_LOOP ( 'NONE', ( #1538, #1923, #3957, #3013 ) ) ;
#1327 = DIRECTION ( 'NONE',  ( 1.000000000000000000, 2.703465157366452467E-16, -0.000000000000000000 ) ) ;
#1328 = EDGE_CURVE ( 'NONE', #3503, #1205, #641, .T. ) ;
#1329 = VERTEX_POINT ( 'NONE', #1426 ) ;
#1330 = DIRECTION ( 'NONE',  ( -1.156482317317871971E-16, 1.000000000000000000, -1.232595164407830946E-32 ) ) ;
#1331 = CARTESIAN_POINT ( 'NONE',  ( 17.49374975392582954, 19.10881886515433692, 8.419967676772255771 ) ) ;
#1332 = VERTEX_POINT ( 'NONE', #4543 ) ;
#1333 = ORIENTED_EDGE ( 'NONE', *, *, #3076, .T. ) ;
#1334 = DIRECTION ( 'NONE',  ( 0.000000000000000000, 0.000000000000000000, 1.000000000000000000 ) ) ;
#1335 = DIRECTION ( 'NONE',  ( 0.000000000000000000, 0.000000000000000000, -1.000000000000000000 ) ) ;
#1336 = CARTESIAN_POINT ( 'NONE',  ( -17.84364188218261660, -26.97129294843108838, 8.499999999999998224 ) ) ;
#1337 = CARTESIAN_POINT ( 'NONE',  ( -16.46496222574226209, -27.91063277665126208, 8.939339828220180806 ) ) ;
#1338 = ORIENTED_EDGE ( 'NONE', *, *, #2258, .F. ) ;
#1339 = CARTESIAN_POINT ( 'NONE',  ( 19.03503777425774146, -26.97129294843108482, 3.292323440001584611 ) ) ;
#1340 = ADVANCED_FACE ( 'NONE', ( #1046 ), #666, .F. ) ;
#1341 = DIRECTION ( 'NONE',  ( 0.000000000000000000, -0.000000000000000000, 1.000000000000000000 ) ) ;
#1342 = ADVANCED_FACE ( 'NONE', ( #5039 ), #4257, .F. ) ;
#1343 = DIRECTION ( 'NONE',  ( 1.000000000000000000, 0.000000000000000000, 0.000000000000000000 ) ) ;
#1344 = EDGE_CURVE ( 'NONE', #1584, #4620, #4637, .T. ) ;
#1345 = DIRECTION ( 'NONE',  ( -1.000000000000000000, -2.703465157366452467E-16, 0.000000000000000000 ) ) ;
#1346 = CARTESIAN_POINT ( 'NONE',  ( 9.504204806870928834, -28.47129294843108482, 8.378679656440352730 ) ) ;
#1347 = EDGE_LOOP ( 'NONE', ( #2988, #3632, #2020, #4 ) ) ;
#1348 = CARTESIAN_POINT ( 'NONE',  ( 11.52803777425773468, -25.62529294843109540, -0.1000000000000002554 ) ) ;
#1349 = AXIS2_PLACEMENT_3D ( 'NONE', #3461, #3541, #2678 ) ;
#1350 = FACE_OUTER_BOUND ( 'NONE', #1739, .T. ) ;
#1351 = AXIS2_PLACEMENT_3D ( 'NONE', #4048, #3646, #2536 ) ;
#1352 = ORIENTED_EDGE ( 'NONE', *, *, #2396, .F. ) ;
#1353 = CARTESIAN_POINT ( 'NONE',  ( -19.17206900692881533, 27.02870705156890097, 9.292893218813444989 ) ) ;
#1354 = ORIENTED_EDGE ( 'NONE', *, *, #1670, .F. ) ;
#1355 = DIRECTION ( 'NONE',  ( 1.000000000000000000, 1.513130626182850663E-15, 0.000000000000000000 ) ) ;
#1356 = CARTESIAN_POINT ( 'NONE',  ( -16.96496222574226564, 26.27870705156888320, 3.292323440001584611 ) ) ;
#1357 = ORIENTED_EDGE ( 'NONE', *, *, #3951, .F. ) ;
#1358 = ORIENTED_EDGE ( 'NONE', *, *, #2875, .T. ) ;
#1359 = CARTESIAN_POINT ( 'NONE',  ( 10.45303777425773362, 25.68270705156890443, 8.499999999999998224 ) ) ;
#1360 = PLANE ( 'NONE',  #4347 ) ;
#1361 = DIRECTION ( 'NONE',  ( -0.000000000000000000, -0.000000000000000000, -1.000000000000000000 ) ) ;
#1362 = LINE ( 'NONE', #2874, #749 ) ;
#1363 = ORIENTED_EDGE ( 'NONE', *, *, #250, .F. ) ;
#1364 = CARTESIAN_POINT ( 'NONE',  ( -18.46496222574226564, 27.02870705156890097, 8.585786437626900636 ) ) ;
#1365 = DIRECTION ( 'NONE',  ( -1.000000000000000000, 0.000000000000000000, 0.000000000000000000 ) ) ;
#1366 = CARTESIAN_POINT ( 'NONE',  ( 18.03503777425773080, 30.02870705156891162, 8.585786437626897083 ) ) ;
#1367 = EDGE_CURVE ( 'NONE', #1480, #3110, #2844, .T. ) ;
#1368 = ADVANCED_FACE ( 'NONE', ( #1920 ), #5021, .T. ) ;
#1369 = ADVANCED_FACE ( 'NONE', ( #1871 ), #2717, .T. ) ;
#1370 = DIRECTION ( 'NONE',  ( 1.000000000000000000, 0.000000000000000000, 0.000000000000000000 ) ) ;
#1371 = ADVANCED_FACE ( 'NONE', ( #1569 ), #1844, .T. ) ;
#1372 = ORIENTED_EDGE ( 'NONE', *, *, #4634, .T. ) ;
#1373 = CARTESIAN_POINT ( 'NONE',  ( 0.000000000000000000, -29.26418616724453869, 9.707106781186544353 ) ) ;
#1374 = ORIENTED_EDGE ( 'NONE', *, *, #2079, .T. ) ;
#1375 = AXIS2_PLACEMENT_3D ( 'NONE', #3016, #1078, #1650 ) ;
#1376 = CARTESIAN_POINT ( 'NONE',  ( 11.60854927436680484, 28.45342862436082854, 8.453958083648428712 ) ) ;
#1377 = CARTESIAN_POINT ( 'NONE',  ( 16.53503777425773791, -19.72129294843107417, 8.499999999999998224 ) ) ;
#1378 = EDGE_LOOP ( 'NONE', ( #2518, #2808, #896, #3974, #1655, #4718, #4308, #1149, #195, #825 ) ) ;
#1379 = PLANE ( 'NONE',  #586 ) ;
#1380 = EDGE_CURVE ( 'NONE', #3893, #4924, #2436, .T. ) ;
#1381 = AXIS2_PLACEMENT_3D ( 'NONE', #2489, #4108, #226 ) ;
#1382 = CARTESIAN_POINT ( 'NONE',  ( 15.78503777425770060, 22.52870705156892583, 9.999999999999998224 ) ) ;
#1383 = DIRECTION ( 'NONE',  ( 0.000000000000000000, 0.000000000000000000, -1.000000000000000000 ) ) ;
#1384 = ORIENTED_EDGE ( 'NONE', *, *, #4154, .T. ) ;
#1385 = ORIENTED_EDGE ( 'NONE', *, *, #841, .T. ) ;
#1386 = CARTESIAN_POINT ( 'NONE',  ( -19.46496222574226920, 30.02870705156890097, 8.585786437626897083 ) ) ;
#1387 = LINE ( 'NONE', #1764, #4176 ) ;
#1388 = AXIS2_PLACEMENT_3D ( 'NONE', #4663, #17, #1591 ) ;
#1389 = ADVANCED_FACE ( 'NONE', ( #1942 ), #2741, .F. ) ;
#1390 = CARTESIAN_POINT ( 'NONE',  ( 15.78503777425775390, -25.22129294843106706, 8.499999999999998224 ) ) ;
#1391 = CIRCLE ( 'NONE', #4244, 1.585786437626902190 ) ;
#1392 = VERTEX_POINT ( 'NONE', #4595 ) ;
#1393 = DIRECTION ( 'NONE',  ( 0.000000000000000000, 0.000000000000000000, 1.000000000000000000 ) ) ;
#1394 = FACE_OUTER_BOUND ( 'NONE', #4103, .T. ) ;
#1395 = CIRCLE ( 'NONE', #2200, 2.999999999999999112 ) ;
#1396 = AXIS2_PLACEMENT_3D ( 'NONE', #1600, #2364, #770 ) ;
#1397 = DIRECTION ( 'NONE',  ( 0.000000000000000000, 0.000000000000000000, -1.000000000000000000 ) ) ;
#1398 = VECTOR ( 'NONE', #4312, 1000.000000000000000 ) ;
#1399 = CARTESIAN_POINT ( 'NONE',  ( 17.62082421188464565, -21.17037475137751201, 9.999999999999998224 ) ) ;
#1400 = AXIS2_PLACEMENT_3D ( 'NONE', #4781, #1269, #2834 ) ;
#1401 = EDGE_CURVE ( 'NONE', #4302, #295, #732, .T. ) ;
#1402 = EDGE_CURVE ( 'NONE', #3868, #4051, #3096, .T. ) ;
#1403 = ORIENTED_EDGE ( 'NONE', *, *, #5045, .F. ) ;
#1404 = DIRECTION ( 'NONE',  ( 1.000000000000000000, 1.734723475976807094E-16, -0.000000000000000000 ) ) ;
#1405 = CIRCLE ( 'NONE', #2040, 2.749999999999995559 ) ;
#1406 = ORIENTED_EDGE ( 'NONE', *, *, #4215, .F. ) ;
#1407 = CARTESIAN_POINT ( 'NONE',  ( 17.41371743069808531, 27.02870705156891162, 8.499999999999998224 ) ) ;
#1408 = EDGE_CURVE ( 'NONE', #2397, #955, #3866, .T. ) ;
#1409 = ORIENTED_EDGE ( 'NONE', *, *, #1429, .F. ) ;
#1410 = DIRECTION ( 'NONE',  ( 0.000000000000000000, 0.000000000000000000, 1.000000000000000000 ) ) ;
#1411 =( BOUNDED_CURVE ( )  B_SPLINE_CURVE ( 3, ( #1070, #2215, #4521, #4978 ),
 .UNSPECIFIED., .F., .F. ) 
 B_SPLINE_CURVE_WITH_KNOTS ( ( 4, 4 ),
 ( 1.734723475976808080E-16, 0.4977068327427636163 ),
 .UNSPECIFIED. ) 
 CURVE ( )  GEOMETRIC_REPRESENTATION_ITEM ( )  RATIONAL_B_SPLINE_CURVE ( ( 1.000000000000000000, 0.9794636360570617706, 0.9794636360570617706, 1.000000000000000000 ) ) 
 REPRESENTATION_ITEM ( '' )  );
#1412 = AXIS2_PLACEMENT_3D ( 'NONE', #1311, #938, #1795 ) ;
#1413 = DIRECTION ( 'NONE',  ( 0.000000000000000000, -1.000000000000000000, 0.000000000000000000 ) ) ;
#1414 = ORIENTED_EDGE ( 'NONE', *, *, #237, .F. ) ;
#1415 = ORIENTED_EDGE ( 'NONE', *, *, #1768, .T. ) ;
#1416 = DIRECTION ( 'NONE',  ( 1.000000000000000000, 0.000000000000000000, 0.000000000000000000 ) ) ;
#1417 = DIRECTION ( 'NONE',  ( -1.000000000000000000, 0.000000000000000000, -0.000000000000000000 ) ) ;
#1418 = CIRCLE ( 'NONE', #4019, 2.249999999999998668 ) ;
#1419 = FACE_OUTER_BOUND ( 'NONE', #4273, .T. ) ;
#1420 = ORIENTED_EDGE ( 'NONE', *, *, #2282, .T. ) ;
#1421 = DIRECTION ( 'NONE',  ( 1.000000000000000000, 0.000000000000000000, 0.000000000000000000 ) ) ;
#1422 = DIRECTION ( 'NONE',  ( -2.409338161078898687E-16, 0.000000000000000000, 1.000000000000000000 ) ) ;
#1423 = CARTESIAN_POINT ( 'NONE',  ( -19.46496222574226209, -29.97129294843108838, -4.000000000000000000 ) ) ;
#1424 = DIRECTION ( 'NONE',  ( 0.000000000000000000, 0.000000000000000000, 1.000000000000000000 ) ) ;
#1425 = VERTEX_POINT ( 'NONE', #4666 ) ;
#1426 = CARTESIAN_POINT ( 'NONE',  ( -17.96496222574226564, 18.77870705156889031, 8.378679656440352730 ) ) ;
#1427 = AXIS2_PLACEMENT_3D ( 'NONE', #4575, #1452, #1479 ) ;
#1428 = LINE ( 'NONE', #671, #3563 ) ;
#1429 = EDGE_CURVE ( 'NONE', #685, #3895, #3898, .T. ) ;
#1430 = VERTEX_POINT ( 'NONE', #3816 ) ;
#1431 = CIRCLE ( 'NONE', #1662, 1.074999999999999512 ) ;
#1432 = ORIENTED_EDGE ( 'NONE', *, *, #3546, .T. ) ;
#1433 = LINE ( 'NONE', #2169, #2306 ) ;
#1434 = ORIENTED_EDGE ( 'NONE', *, *, #684, .F. ) ;
#1435 = ORIENTED_EDGE ( 'NONE', *, *, #3990, .F. ) ;
#1436 = DIRECTION ( 'NONE',  ( 0.000000000000000000, -0.000000000000000000, -1.000000000000000000 ) ) ;
#1437 = FACE_BOUND ( 'NONE', #4148, .T. ) ;
#1438 = EDGE_CURVE ( 'NONE', #4748, #3999, #3797, .T. ) ;
#1439 = LINE ( 'NONE', #2778, #1948 ) ;
#1440 = FILL_AREA_STYLE_COLOUR ( '', #1822 ) ;
#1441 = ORIENTED_EDGE ( 'NONE', *, *, #2217, .F. ) ;
#1442 = DIRECTION ( 'NONE',  ( -0.000000000000000000, -0.000000000000000000, 1.000000000000000000 ) ) ;
#1443 = CARTESIAN_POINT ( 'NONE',  ( 17.53503777425773791, -18.72129294843107772, -4.000000000000000000 ) ) ;
#1444 = CARTESIAN_POINT ( 'NONE',  ( 9.399830515202094006, 28.49390952209488503, 8.413477185914373990 ) ) ;
#1445 = PLANE ( 'NONE',  #833 ) ;
#1446 = ORIENTED_EDGE ( 'NONE', *, *, #775, .T. ) ;
#1447 = ADVANCED_BREP_SHAPE_REPRESENTATION ( 'Top_Enclosure', ( #3074, #1552 ), #3098 ) ;
#1448 = DIRECTION ( 'NONE',  ( -0.000000000000000000, -0.000000000000000000, 1.000000000000000000 ) ) ;
#1449 = ORIENTED_EDGE ( 'NONE', *, *, #209, .F. ) ;
#1450 =( NAMED_UNIT ( * ) SI_UNIT ( $, .STERADIAN. ) SOLID_ANGLE_UNIT ( ) );
#1451 = EDGE_LOOP ( 'NONE', ( #2210, #441, #2351, #2693 ) ) ;
#1452 = DIRECTION ( 'NONE',  ( 0.000000000000000000, 1.000000000000000000, -0.000000000000000000 ) ) ;
#1453 = ORIENTED_EDGE ( 'NONE', *, *, #77, .T. ) ;
#1454 = ORIENTED_EDGE ( 'NONE', *, *, #169, .F. ) ;
#1455 = DIRECTION ( 'NONE',  ( 0.000000000000000000, 0.000000000000000000, 1.000000000000000000 ) ) ;
#1456 = EDGE_CURVE ( 'NONE', #1392, #3991, #810, .T. ) ;
#1457 = ADVANCED_FACE ( 'NONE', ( #1469 ), #1288, .T. ) ;
#1458 = AXIS2_PLACEMENT_3D ( 'NONE', #4311, #3665, #130 ) ;
#1459 = CARTESIAN_POINT ( 'NONE',  ( -17.40430205396243935, -2.012776757066667791E-15, 8.939339828220180806 ) ) ;
#1460 = VERTEX_POINT ( 'NONE', #1495 ) ;
#1461 = ORIENTED_EDGE ( 'NONE', *, *, #1087, .F. ) ;
#1462 = DIRECTION ( 'NONE',  ( 1.000000000000000000, 0.000000000000000000, 0.000000000000000000 ) ) ;
#1463 = DIRECTION ( 'NONE',  ( 0.000000000000000000, 0.000000000000000000, 1.000000000000000000 ) ) ;
#1464 = TOROIDAL_SURFACE ( 'NONE', #1540, 2.000000000000000000, 1.000000000000000000 ) ;
#1465 = CARTESIAN_POINT ( 'NONE',  ( 17.03503777425773791, -22.47129294843107417, -0.1010000000000003950 ) ) ;
#1466 = FACE_OUTER_BOUND ( 'NONE', #2027, .T. ) ;
#1467 = VECTOR ( 'NONE', #4221, 1000.000000000000000 ) ;
#1468 = VERTEX_POINT ( 'NONE', #2018 ) ;
#1469 = FACE_OUTER_BOUND ( 'NONE', #1109, .T. ) ;
#1470 = ORIENTED_EDGE ( 'NONE', *, *, #4460, .T. ) ;
#1471 = EDGE_CURVE ( 'NONE', #3312, #2397, #4165, .T. ) ;
#1472 = DIRECTION ( 'NONE',  ( 1.000000000000000000, 0.000000000000000000, 0.000000000000000000 ) ) ;
#1473 = AXIS2_PLACEMENT_3D ( 'NONE', #4870, #934, #4371 ) ;
#1474 = AXIS2_PLACEMENT_3D ( 'NONE', #3640, #3614, #890 ) ;
#1475 = ORIENTED_EDGE ( 'NONE', *, *, #3837, .F. ) ;
#1476 = VECTOR ( 'NONE', #313, 1000.000000000000000 ) ;
#1477 = AXIS2_PLACEMENT_3D ( 'NONE', #2521, #210, #1726 ) ;
#1478 = ADVANCED_FACE ( 'NONE', ( #3918 ), #2848, .F. ) ;
#1479 = DIRECTION ( 'NONE',  ( 0.000000000000000000, 0.000000000000000000, 1.000000000000000000 ) ) ;
#1480 = VERTEX_POINT ( 'NONE', #100 ) ;
#1481 = ORIENTED_EDGE ( 'NONE', *, *, #907, .T. ) ;
#1482 = DIRECTION ( 'NONE',  ( -1.000000000000000000, -2.703465157366452467E-16, 0.000000000000000000 ) ) ;
#1483 = DIRECTION ( 'NONE',  ( 0.000000000000000000, 0.000000000000000000, 1.000000000000000000 ) ) ;
#1484 = VECTOR ( 'NONE', #2954, 1000.000000000000000 ) ;
#1485 =( LENGTH_UNIT ( ) NAMED_UNIT ( * ) SI_UNIT ( .MILLI., .METRE. ) );
#1486 = CIRCLE ( 'NONE', #2139, 3.000000000000000888 ) ;
#1487 = ORIENTED_EDGE ( 'NONE', *, *, #3612, .F. ) ;
#1488 = DIRECTION ( 'NONE',  ( -1.000000000000000000, -1.889896820699138611E-15, 0.000000000000000000 ) ) ;
#1489 = LINE ( 'NONE', #3858, #1079 ) ;
#1490 = EDGE_CURVE ( 'NONE', #4367, #58, #2434, .T. ) ;
#1491 = DIRECTION ( 'NONE',  ( -1.000000000000000000, 0.000000000000000000, 0.000000000000000000 ) ) ;
#1492 = CARTESIAN_POINT ( 'NONE',  ( 11.52803777425773468, 25.68270705156890443, 1.699999999999999289 ) ) ;
#1493 = VERTEX_POINT ( 'NONE', #126 ) ;
#1494 = EDGE_CURVE ( 'NONE', #3378, #4860, #2051, .T. ) ;
#1495 = CARTESIAN_POINT ( 'NONE',  ( -7.882962225742265794, -25.62529294843109540, 1.699999999999999289 ) ) ;
#1496 = ORIENTED_EDGE ( 'NONE', *, *, #2712, .T. ) ;
#1497 = ORIENTED_EDGE ( 'NONE', *, *, #840, .T. ) ;
#1498 = AXIS2_PLACEMENT_3D ( 'NONE', #3317, #1784, #1052 ) ;
#1499 = CARTESIAN_POINT ( 'NONE',  ( -16.21496222574229051, -19.72129294843107417, 3.292323440001584611 ) ) ;
#1500 = FACE_OUTER_BOUND ( 'NONE', #3591, .T. ) ;
#1501 = DIRECTION ( 'NONE',  ( 0.000000000000000000, 0.000000000000000000, -1.000000000000000000 ) ) ;
#1502 = DIRECTION ( 'NONE',  ( -2.703465157366443593E-16, 1.000000000000000000, 0.000000000000000000 ) ) ;
#1503 = CIRCLE ( 'NONE', #4694, 1.250000000000001110 ) ;
#1504 = LINE ( 'NONE', #2367, #2525 ) ;
#1505 = DIRECTION ( 'NONE',  ( 0.000000000000000000, 0.000000000000000000, 1.000000000000000000 ) ) ;
#1506 = ORIENTED_EDGE ( 'NONE', *, *, #5007, .T. ) ;
#1507 = CARTESIAN_POINT ( 'NONE',  ( -16.96496222574226564, 18.77870705156889031, 3.292323440001584611 ) ) ;
#1508 = LINE ( 'NONE', #37, #1159 ) ;
#1509 = DIRECTION ( 'NONE',  ( -0.000000000000000000, -0.000000000000000000, -1.000000000000000000 ) ) ;
#1510 = DIRECTION ( 'NONE',  ( -0.000000000000000000, -0.000000000000000000, 1.000000000000000000 ) ) ;
#1511 = CARTESIAN_POINT ( 'NONE',  ( 12.21093530270483996, -22.11161202698745853, 8.499999999999998224 ) ) ;
#1512 = EDGE_CURVE ( 'NONE', #4340, #3082, #2850, .T. ) ;
#1513 = EDGE_CURVE ( 'NONE', #175, #3562, #3172, .T. ) ;
#1514 = VERTEX_POINT ( 'NONE', #3202 ) ;
#1515 = DIRECTION ( 'NONE',  ( -1.000000000000000000, -1.156482317317871971E-16, 0.000000000000000000 ) ) ;
#1516 = EDGE_CURVE ( 'NONE', #997, #4748, #1594, .T. ) ;
#1517 = EDGE_CURVE ( 'NONE', #707, #3355, #1934, .T. ) ;
#1518 = ORIENTED_EDGE ( 'NONE', *, *, #4235, .T. ) ;
#1519 = APPLICATION_CONTEXT ( 'automotive_design' ) ;
#1520 = ORIENTED_EDGE ( 'NONE', *, *, #1708, .T. ) ;
#1521 = CARTESIAN_POINT ( 'NONE',  ( -13.88296222574226668, 25.68270705156890443, 1.699999999999999289 ) ) ;
#1522 = VERTEX_POINT ( 'NONE', #1243 ) ;
#1523 = FACE_OUTER_BOUND ( 'NONE', #318, .T. ) ;
#1524 = LINE ( 'NONE', #3044, #3817 ) ;
#1525 = EDGE_CURVE ( 'NONE', #115, #3971, #4356, .T. ) ;
#1526 = DIRECTION ( 'NONE',  ( 1.000000000000000000, 0.000000000000000000, 0.000000000000000000 ) ) ;
#1527 = ORIENTED_EDGE ( 'NONE', *, *, #3951, .T. ) ;
#1528 = DIRECTION ( 'NONE',  ( -1.000000000000000000, 0.000000000000000000, 0.000000000000000000 ) ) ;
#1529 = EDGE_CURVE ( 'NONE', #3385, #4123, #2407, .T. ) ;
#1530 = DIRECTION ( 'NONE',  ( 1.734723475976807094E-16, -1.000000000000000000, 0.000000000000000000 ) ) ;
#1531 = CIRCLE ( 'NONE', #1375, 3.000000000000000888 ) ;
#1532 = ADVANCED_FACE ( 'NONE', ( #4433 ), #4402, .T. ) ;
#1533 = VECTOR ( 'NONE', #78, 1000.000000000000000 ) ;
#1534 = CARTESIAN_POINT ( 'NONE',  ( 6.892349582463465296, 19.84070686846390430, 9.999999999999998224 ) ) ;
#1535 = CARTESIAN_POINT ( 'NONE',  ( -10.66696076089826661, 21.25670570879590571, 9.999999999999998224 ) ) ;
#1536 = EDGE_CURVE ( 'NONE', #3981, #2883, #2768, .T. ) ;
#1537 = CARTESIAN_POINT ( 'NONE',  ( 7.453037774257734505, -25.62529294843109540, 8.499999999999998224 ) ) ;
#1538 = ORIENTED_EDGE ( 'NONE', *, *, #5016, .F. ) ;
#1539 = DIRECTION ( 'NONE',  ( -2.703465157366452467E-16, 1.000000000000000000, 0.000000000000000000 ) ) ;
#1540 = AXIS2_PLACEMENT_3D ( 'NONE', #3260, #733, #190 ) ;
#1541 = AXIS2_PLACEMENT_3D ( 'NONE', #4368, #878, #1963 ) ;
#1542 = ADVANCED_FACE ( 'NONE', ( #4334 ), #4394, .T. ) ;
#1543 = ORIENTED_EDGE ( 'NONE', *, *, #2486, .F. ) ;
#1544 = ORIENTED_EDGE ( 'NONE', *, *, #77, .F. ) ;
#1545 = VECTOR ( 'NONE', #1275, 1000.000000000000114 ) ;
#1546 = ADVANCED_FACE ( 'NONE', ( #2387 ), #1694, .T. ) ;
#1547 = DIRECTION ( 'NONE',  ( 1.000000000000000000, 2.312964634635742267E-15, 0.000000000000000000 ) ) ;
#1548 = AXIS2_PLACEMENT_3D ( 'NONE', #3492, #1562, #3119 ) ;
#1549 = ORIENTED_EDGE ( 'NONE', *, *, #4089, .F. ) ;
#1550 = CARTESIAN_POINT ( 'NONE',  ( -14.96496222574229940, 22.52870705156889031, 3.292323440001584611 ) ) ;
#1551 = DIRECTION ( 'NONE',  ( 1.889896820699131511E-15, 1.000000000000000000, -0.000000000000000000 ) ) ;
#1552 = AXIS2_PLACEMENT_3D ( 'NONE', #25, #1974, #319 ) ;
#1553 = EDGE_LOOP ( 'NONE', ( #877, #4144, #291, #4512 ) ) ;
#1554 = CIRCLE ( 'NONE', #2621, 1.499999999999999556 ) ;
#1555 = LINE ( 'NONE', #1178, #1071 ) ;
#1556 = CARTESIAN_POINT ( 'NONE',  ( -16.96496222574226209, -25.22129294843106706, 8.499999999999998224 ) ) ;
#1557 = ORIENTED_EDGE ( 'NONE', *, *, #935, .F. ) ;
#1558 = ORIENTED_EDGE ( 'NONE', *, *, #2826, .F. ) ;
#1559 = DIRECTION ( 'NONE',  ( -0.000000000000000000, -0.000000000000000000, 1.000000000000000000 ) ) ;
#1560 = PLANE ( 'NONE',  #1813 ) ;
#1561 = VECTOR ( 'NONE', #1800, 1000.000000000000000 ) ;
#1562 = DIRECTION ( 'NONE',  ( -0.000000000000000000, -0.000000000000000000, 1.000000000000000000 ) ) ;
#1563 = LINE ( 'NONE', #2403, #1312 ) ;
#1564 = EDGE_LOOP ( 'NONE', ( #2720, #2774, #4758, #4814 ) ) ;
#1565 = DIRECTION ( 'NONE',  ( 0.000000000000000000, 0.000000000000000000, 1.000000000000000000 ) ) ;
#1566 = CARTESIAN_POINT ( 'NONE',  ( -11.95796222574226597, 25.68270705156890443, -0.1000000000000002554 ) ) ;
#1567 = CIRCLE ( 'NONE', #178, 1.250000000000001110 ) ;
#1568 = EDGE_LOOP ( 'NONE', ( #3125, #1213, #4802, #470 ) ) ;
#1569 = FACE_OUTER_BOUND ( 'NONE', #4809, .T. ) ;
#1570 = ADVANCED_FACE ( 'NONE', ( #440, #1263 ), #2825, .T. ) ;
#1571 = EDGE_LOOP ( 'NONE', ( #2942, #4366, #2473, #527 ) ) ;
#1572 = ORIENTED_EDGE ( 'NONE', *, *, #3450, .T. ) ;
#1573 = PRODUCT_CONTEXT ( 'NONE', #1166, 'mechanical' ) ;
#1574 = VERTEX_POINT ( 'NONE', #885 ) ;
#1575 = B_SPLINE_CURVE_WITH_KNOTS ( 'NONE', 3,
 ( #4711, #4298, #804, #832, #3121, #784 ),
 .UNSPECIFIED., .F., .F.,
 ( 4, 2, 4 ),
 ( 0.000000000000000000, 0.0006927278444004422242, 0.001385455688800884448 ),
 .UNSPECIFIED. ) ;
#1576 = CARTESIAN_POINT ( 'NONE',  ( -16.21496222574229762, 22.52870705156889031, 9.999999999999998224 ) ) ;
#1577 = ORIENTED_EDGE ( 'NONE', *, *, #716, .T. ) ;
#1578 = DIRECTION ( 'NONE',  ( 1.949127501097536693E-16, -1.000000000000000000, 0.000000000000000000 ) ) ;
#1579 = CARTESIAN_POINT ( 'NONE',  ( 16.53503777425773080, 26.27870705156888320, 3.292323440001584611 ) ) ;
#1580 = ORIENTED_EDGE ( 'NONE', *, *, #643, .T. ) ;
#1581 = EDGE_CURVE ( 'NONE', #592, #674, #3996, .T. ) ;
#1582 = DIRECTION ( 'NONE',  ( 1.000000000000000000, 0.000000000000000000, 0.000000000000000000 ) ) ;
#1583 = VERTEX_POINT ( 'NONE', #3717 ) ;
#1584 = VERTEX_POINT ( 'NONE', #1020 ) ;
#1585 = PLANE ( 'NONE',  #2196 ) ;
#1586 = CYLINDRICAL_SURFACE ( 'NONE', #4517, 1.000000000000000888 ) ;
#1587 = EDGE_CURVE ( 'NONE', #3460, #4381, #2187, .T. ) ;
#1588 = CARTESIAN_POINT ( 'NONE',  ( 2.015431251695973813, 12.66714344531767900, -4.001000000000001222 ) ) ;
#1589 = LINE ( 'NONE', #3886, #79 ) ;
#1590 = EDGE_LOOP ( 'NONE', ( #2087, #2437, #133, #1632 ) ) ;
#1591 = DIRECTION ( 'NONE',  ( 1.000000000000000000, 0.000000000000000000, 0.000000000000000000 ) ) ;
#1592 = CARTESIAN_POINT ( 'NONE',  ( -18.46496222574226564, -22.23776126732659364, 9.910179721124453778 ) ) ;
#1593 = EDGE_LOOP ( 'NONE', ( #4593, #2226, #491, #4220 ) ) ;
#1594 = LINE ( 'NONE', #2798, #229 ) ;
#1595 = LINE ( 'NONE', #763, #4829 ) ;
#1596 = VERTEX_POINT ( 'NONE', #2201 ) ;
#1597 = ORIENTED_EDGE ( 'NONE', *, *, #3719, .F. ) ;
#1598 = CARTESIAN_POINT ( 'NONE',  ( -17.96496222574225854, -18.72129294843107417, -4.000000000000000000 ) ) ;
#1599 = ORIENTED_EDGE ( 'NONE', *, *, #2817, .F. ) ;
#1600 = CARTESIAN_POINT ( 'NONE',  ( 10.45303777425773362, 25.68270705156890443, 1.699999999999999289 ) ) ;
#1601 = PLANE ( 'NONE',  #4810 ) ;
#1602 = ORIENTED_EDGE ( 'NONE', *, *, #639, .T. ) ;
#1603 = DIRECTION ( 'NONE',  ( -0.000000000000000000, -0.000000000000000000, 1.000000000000000000 ) ) ;
#1604 = ADVANCED_FACE ( 'NONE', ( #2157 ), #3359, .T. ) ;
#1605 = ORIENTED_EDGE ( 'NONE', *, *, #3128, .F. ) ;
#1606 = CYLINDRICAL_SURFACE ( 'NONE', #5051, 1.074999999999999512 ) ;
#1607 = CARTESIAN_POINT ( 'NONE',  ( 16.53503777425773436, 18.77870705156889031, -4.002000000000000668 ) ) ;
#1608 = EDGE_CURVE ( 'NONE', #2197, #2302, #1731, .T. ) ;
#1609 = UNCERTAINTY_MEASURE_WITH_UNIT (LENGTH_MEASURE( 1.000000000000000082E-05 ), #1485, 'distance_accuracy_value', 'NONE');
#1610 = DIRECTION ( 'NONE',  ( -1.000000000000000000, 0.000000000000000000, 0.000000000000000000 ) ) ;
#1611 = ORIENTED_EDGE ( 'NONE', *, *, #3656, .F. ) ;
#1612 = CIRCLE ( 'NONE', #4078, 1.000000000000000888 ) ;
#1613 = FACE_OUTER_BOUND ( 'NONE', #836, .T. ) ;
#1614 = CARTESIAN_POINT ( 'NONE',  ( -16.46496222574226920, 30.02870705156890097, 8.999999999999991118 ) ) ;
#1615 = ORIENTED_EDGE ( 'NONE', *, *, #715, .T. ) ;
#1616 = DIRECTION ( 'NONE',  ( -0.000000000000000000, -0.000000000000000000, 1.000000000000000000 ) ) ;
#1617 = AXIS2_PLACEMENT_3D ( 'NONE', #1219, #4744, #3228 ) ;
#1618 = ORIENTED_EDGE ( 'NONE', *, *, #3565, .T. ) ;
#1619 = AXIS2_PLACEMENT_3D ( 'NONE', #2765, #835, #206 ) ;
#1620 = ORIENTED_EDGE ( 'NONE', *, *, #4626, .T. ) ;
#1621 = DIRECTION ( 'NONE',  ( 1.000000000000000000, 2.703465157366451974E-16, 1.743152798421071938E-32 ) ) ;
#1622 = VECTOR ( 'NONE', #4138, 1000.000000000000000 ) ;
#1623 = CYLINDRICAL_SURFACE ( 'NONE', #2763, 1.500000000000001332 ) ;
#1624 = ORIENTED_EDGE ( 'NONE', *, *, #2079, .F. ) ;
#1625 = CARTESIAN_POINT ( 'NONE',  ( -16.21496222574226564, -22.47129294843110969, 8.499999999999998224 ) ) ;
#1626 = DIRECTION ( 'NONE',  ( 0.000000000000000000, 0.000000000000000000, -1.000000000000000000 ) ) ;
#1627 = AXIS2_PLACEMENT_3D ( 'NONE', #4848, #603, #2515 ) ;
#1628 = ORIENTED_EDGE ( 'NONE', *, *, #4869, .T. ) ;
#1629 = AXIS2_PLACEMENT_3D ( 'NONE', #446, #1980, #1227 ) ;
#1630 = VECTOR ( 'NONE', #1621, 1000.000000000000000 ) ;
#1631 = DIRECTION ( 'NONE',  ( -1.734723475976807094E-16, 1.000000000000000000, 0.000000000000000000 ) ) ;
#1632 = ORIENTED_EDGE ( 'NONE', *, *, #2469, .F. ) ;
#1633 = ORIENTED_EDGE ( 'NONE', *, *, #3333, .T. ) ;
#1634 = FACE_OUTER_BOUND ( 'NONE', #722, .T. ) ;
#1635 = CARTESIAN_POINT ( 'NONE',  ( -18.28840778011598900, -23.37523440092454763, 9.974162944848908197 ) ) ;
#1636 = AXIS2_PLACEMENT_3D ( 'NONE', #3861, #3547, #3572 ) ;
#1637 = CARTESIAN_POINT ( 'NONE',  ( -13.96496222574226209, -22.47129294843110969, -1.363961030678932040 ) ) ;
#1638 = VECTOR ( 'NONE', #1125, 1000.000000000000000 ) ;
#1639 = ORIENTED_EDGE ( 'NONE', *, *, #1429, .T. ) ;
#1640 = DIRECTION ( 'NONE',  ( -0.000000000000000000, 0.000000000000000000, 1.000000000000000000 ) ) ;
#1641 = CARTESIAN_POINT ( 'NONE',  ( -18.05074866336916628, -21.17037475137753333, 9.999999999999998224 ) ) ;
#1642 = FACE_OUTER_BOUND ( 'NONE', #3407, .T. ) ;
#1643 = VERTEX_POINT ( 'NONE', #2549 ) ;
#1644 = TOROIDAL_SURFACE ( 'NONE', #1081, 1.999999999999997780, 1.000000000000000000 ) ;
#1645 = ADVANCED_FACE ( 'NONE', ( #3327 ), #4117, .T. ) ;
#1646 = EDGE_LOOP ( 'NONE', ( #1372, #4628, #3720, #2022 ) ) ;
#1647 = FACE_OUTER_BOUND ( 'NONE', #2974, .T. ) ;
#1648 = ORIENTED_EDGE ( 'NONE', *, *, #2712, .F. ) ;
#1649 = DIRECTION ( 'NONE',  ( 1.000000000000000000, 0.000000000000000000, 0.000000000000000000 ) ) ;
#1650 = DIRECTION ( 'NONE',  ( -1.000000000000000000, 0.000000000000000000, 0.000000000000000000 ) ) ;
#1651 = VERTEX_POINT ( 'NONE', #3743 ) ;
#1652 = DIRECTION ( 'NONE',  ( 1.000000000000000000, 0.000000000000000000, 0.000000000000000000 ) ) ;
#1653 = DIRECTION ( 'NONE',  ( 1.000000000000000000, 0.000000000000000000, -0.000000000000000000 ) ) ;
#1654 = ORIENTED_EDGE ( 'NONE', *, *, #4613, .F. ) ;
#1655 = ORIENTED_EDGE ( 'NONE', *, *, #67, .T. ) ;
#1656 = CARTESIAN_POINT ( 'NONE',  ( -12.64106361317946003, 13.48838797301254111, 9.999999999999998224 ) ) ;
#1657 = DIRECTION ( 'NONE',  ( 0.000000000000000000, 1.000000000000000000, 0.000000000000000000 ) ) ;
#1658 = VECTOR ( 'NONE', #1808, 1000.000000000000000 ) ;
#1659 = LINE ( 'NONE', #3301, #406 ) ;
#1660 = ORIENTED_EDGE ( 'NONE', *, *, #2933, .T. ) ;
#1661 = CARTESIAN_POINT ( 'NONE',  ( -7.882962225742265794, 25.68270705156890443, 8.499999999999998224 ) ) ;
#1662 = AXIS2_PLACEMENT_3D ( 'NONE', #518, #2073, #332 ) ;
#1663 = FACE_OUTER_BOUND ( 'NONE', #442, .T. ) ;
#1664 = VERTEX_POINT ( 'NONE', #963 ) ;
#1665 = DIRECTION ( 'NONE',  ( -1.734723475976807094E-16, 1.000000000000000000, 0.000000000000000000 ) ) ;
#1666 = CARTESIAN_POINT ( 'NONE',  ( 16.53503777425774501, -25.22129294843106706, -4.002000000000000668 ) ) ;
#1667 = DIRECTION ( 'NONE',  ( 0.000000000000000000, 0.000000000000000000, -1.000000000000000000 ) ) ;
#1668 = ORIENTED_EDGE ( 'NONE', *, *, #1512, .T. ) ;
#1669 = EDGE_CURVE ( 'NONE', #4602, #3075, #2604, .T. ) ;
#1670 = EDGE_CURVE ( 'NONE', #536, #1425, #2273, .T. ) ;
#1671 = EDGE_CURVE ( 'NONE', #2148, #1975, #549, .T. ) ;
#1672 = ORIENTED_EDGE ( 'NONE', *, *, #933, .F. ) ;
#1673 = LINE ( 'NONE', #4803, #2687 ) ;
#1674 = CARTESIAN_POINT ( 'NONE',  ( -19.46496222574226920, 28.52870705156889741, 8.378679656440354506 ) ) ;
#1675 = EDGE_CURVE ( 'NONE', #3959, #4390, #1856, .T. ) ;
#1676 = DIRECTION ( 'NONE',  ( -0.7071067811865505703, -1.226634733346704487E-16, -0.7071067811865444641 ) ) ;
#1677 = ORIENTED_EDGE ( 'NONE', *, *, #169, .T. ) ;
#1678 = DIRECTION ( 'NONE',  ( 1.734723475976807341E-16, -1.000000000000000000, 0.000000000000000000 ) ) ;
#1679 = CYLINDRICAL_SURFACE ( 'NONE', #2104, 2.250000000000001776 ) ;
#1680 = ORIENTED_EDGE ( 'NONE', *, *, #4646, .F. ) ;
#1681 = FACE_OUTER_BOUND ( 'NONE', #4780, .T. ) ;
#1682 = ORIENTED_EDGE ( 'NONE', *, *, #3610, .T. ) ;
#1683 = EDGE_LOOP ( 'NONE', ( #3620, #1615, #3251, #4032 ) ) ;
#1684 = CARTESIAN_POINT ( 'NONE',  ( 12.21093530270484706, 13.48838797301253933, -4.001000000000001222 ) ) ;
#1685 = CARTESIAN_POINT ( 'NONE',  ( 8.294385674648733442, 19.84070686846390430, 8.499999999999998224 ) ) ;
#1686 = EDGE_CURVE ( 'NONE', #554, #3510, #1716, .T. ) ;
#1687 = ADVANCED_FACE ( 'NONE', ( #3684 ), #4451, .F. ) ;
#1688 = LINE ( 'NONE', #3323, #3794 ) ;
#1689 = ORIENTED_EDGE ( 'NONE', *, *, #3473, .F. ) ;
#1690 = EDGE_CURVE ( 'NONE', #3455, #4504, #1765, .T. ) ;
#1691 = DIRECTION ( 'NONE',  ( -1.949127501097536693E-16, 1.000000000000000000, 0.000000000000000000 ) ) ;
#1692 = LINE ( 'NONE', #2349, #4258 ) ;
#1693 = EDGE_LOOP ( 'NONE', ( #1091, #4073, #3845, #2566 ) ) ;
#1694 = CYLINDRICAL_SURFACE ( 'NONE', #53, 2.749999999999995559 ) ;
#1695 = DIRECTION ( 'NONE',  ( 0.000000000000000000, 0.000000000000000000, -1.000000000000000000 ) ) ;
#1696 = AXIS2_PLACEMENT_3D ( 'NONE', #3697, #3235, #194 ) ;
#1697 = EDGE_CURVE ( 'NONE', #3680, #3116, #1101, .T. ) ;
#1698 = CARTESIAN_POINT ( 'NONE',  ( 17.53503777425774146, -26.05365503676488359, 8.378679656440354506 ) ) ;
#1699 = VERTEX_POINT ( 'NONE', #3018 ) ;
#1700 = DIRECTION ( 'NONE',  ( 0.000000000000000000, -0.000000000000000000, -1.000000000000000000 ) ) ;
#1701 = FACE_OUTER_BOUND ( 'NONE', #4474, .T. ) ;
#1702 = FACE_OUTER_BOUND ( 'NONE', #4357, .T. ) ;
#1703 = AXIS2_PLACEMENT_3D ( 'NONE', #2383, #461, #3913 ) ;
#1704 = VERTEX_POINT ( 'NONE', #4582 ) ;
#1705 = DIRECTION ( 'NONE',  ( -0.000000000000000000, -0.000000000000000000, 1.000000000000000000 ) ) ;
#1706 = CARTESIAN_POINT ( 'NONE',  ( 9.710935302704847061, 13.48838797301253933, 8.499999999999998224 ) ) ;
#1707 = ORIENTED_EDGE ( 'NONE', *, *, #3709, .T. ) ;
#1708 = EDGE_CURVE ( 'NONE', #1468, #2914, #3830, .T. ) ;
#1709 = DIRECTION ( 'NONE',  ( 1.204669080539449344E-16, 0.000000000000000000, -1.000000000000000000 ) ) ;
#1710 = EDGE_LOOP ( 'NONE', ( #2744, #2382, #4150, #199 ) ) ;
#1711 = ORIENTED_EDGE ( 'NONE', *, *, #2586, .F. ) ;
#1712 = LINE ( 'NONE', #4104, #154 ) ;
#1713 = LINE ( 'NONE', #2173, #926 ) ;
#1714 = PRODUCT_DEFINITION ( 'UNKNOWN', '', #1314, #2427 ) ;
#1715 = AXIS2_PLACEMENT_3D ( 'NONE', #746, #349, #2750 ) ;
#1716 = LINE ( 'NONE', #3350, #3253 ) ;
#1717 = CIRCLE ( 'NONE', #3265, 1.074999999999999512 ) ;
#1718 = DIRECTION ( 'NONE',  ( -1.734723475976807094E-16, 1.000000000000000000, -0.000000000000000000 ) ) ;
#1719 = ORIENTED_EDGE ( 'NONE', *, *, #1675, .F. ) ;
#1720 = DIRECTION ( 'NONE',  ( -1.000000000000000000, -2.703465157366451974E-16, -4.718900761249915157E-32 ) ) ;
#1721 = CYLINDRICAL_SURFACE ( 'NONE', #2471, 1.000000000000000888 ) ;
#1722 = AXIS2_PLACEMENT_3D ( 'NONE', #4812, #172, #1355 ) ;
#1723 = CARTESIAN_POINT ( 'NONE',  ( -10.88296222574226668, -25.62529294843109540, 1.699999999999999289 ) ) ;
#1724 = CIRCLE ( 'NONE', #3843, 1.000000000000000888 ) ;
#1725 = PLANE ( 'NONE',  #1230 ) ;
#1726 = DIRECTION ( 'NONE',  ( 1.000000000000000000, 0.000000000000000000, 0.000000000000000000 ) ) ;
#1727 = CARTESIAN_POINT ( 'NONE',  ( -16.46496222574226920, 28.52870705156889741, -4.000000000000000000 ) ) ;
#1728 = EDGE_LOOP ( 'NONE', ( #4191, #2969, #2340, #1829 ) ) ;
#1729 = CARTESIAN_POINT ( 'NONE',  ( -9.807962225742267393, -25.62529294843109540, -0.1000000000000002554 ) ) ;
#1730 = EDGE_CURVE ( 'NONE', #1737, #2935, #1504, .T. ) ;
#1731 =( BOUNDED_CURVE ( )  B_SPLINE_CURVE ( 3, ( #4458, #2924, #4485, #636 ),
 .UNSPECIFIED., .F., .F. ) 
 B_SPLINE_CURVE_WITH_KNOTS ( ( 4, 4 ),
 ( 2.643885820847018842, 3.141592653589793116 ),
 .UNSPECIFIED. ) 
 CURVE ( )  GEOMETRIC_REPRESENTATION_ITEM ( )  RATIONAL_B_SPLINE_CURVE ( ( 1.000000000000000000, 0.9794636360570608824, 0.9794636360570608824, 1.000000000000000000 ) ) 
 REPRESENTATION_ITEM ( '' )  );
#1732 = CONICAL_SURFACE ( 'NONE', #3933, 1.999999999999998224, 0.7853981633974452814 ) ;
#1733 = CARTESIAN_POINT ( 'NONE',  ( 18.03503777425773791, 3.128580341713340396E-15, 9.999999999999998224 ) ) ;
#1734 = ORIENTED_EDGE ( 'NONE', *, *, #2801, .F. ) ;
#1735 = DIRECTION ( 'NONE',  ( 0.000000000000000000, -1.000000000000000000, 0.000000000000000000 ) ) ;
#1736 = CARTESIAN_POINT ( 'NONE',  ( -16.21496222574226564, -22.47129294843110969, 3.292323440001584611 ) ) ;
#1737 = VERTEX_POINT ( 'NONE', #2331 ) ;
#1738 = DIRECTION ( 'NONE',  ( 0.000000000000000000, -0.000000000000000000, -1.000000000000000000 ) ) ;
#1739 = EDGE_LOOP ( 'NONE', ( #353, #3398, #3929, #533 ) ) ;
#1740 = ORIENTED_EDGE ( 'NONE', *, *, #933, .T. ) ;
#1741 = CARTESIAN_POINT ( 'NONE',  ( 9.710935302704847061, 13.48838797301253933, -4.001000000000001222 ) ) ;
#1742 = DIRECTION ( 'NONE',  ( -1.000000000000000000, 0.000000000000000000, 0.000000000000000000 ) ) ;
#1743 = ADVANCED_FACE ( 'NONE', ( #3530 ), #3896, .F. ) ;
#1744 = EDGE_CURVE ( 'NONE', #1165, #4465, #562, .T. ) ;
#1745 = VECTOR ( 'NONE', #1325, 1000.000000000000000 ) ;
#1746 = DIRECTION ( 'NONE',  ( 0.000000000000000000, 0.000000000000000000, -1.000000000000000000 ) ) ;
#1747 = EDGE_CURVE ( 'NONE', #502, #5069, #3985, .T. ) ;
#1748 = ORIENTED_EDGE ( 'NONE', *, *, #1298, .T. ) ;
#1749 = CARTESIAN_POINT ( 'NONE',  ( 16.03503777425773791, -28.47129294843108482, 8.378679656440350954 ) ) ;
#1750 = FACE_OUTER_BOUND ( 'NONE', #1992, .T. ) ;
#1751 = VECTOR ( 'NONE', #1951, 1000.000000000000000 ) ;
#1752 = DIRECTION ( 'NONE',  ( -0.000000000000000000, -0.000000000000000000, 1.000000000000000000 ) ) ;
#1753 = EDGE_CURVE ( 'NONE', #2491, #1150, #2121, .T. ) ;
#1754 = ORIENTED_EDGE ( 'NONE', *, *, #2298, .F. ) ;
#1755 = EDGE_LOOP ( 'NONE', ( #3229, #4720, #4295, #3436, #4284 ) ) ;
#1756 = DIRECTION ( 'NONE',  ( -0.000000000000000000, -0.000000000000000000, 1.000000000000000000 ) ) ;
#1757 = CARTESIAN_POINT ( 'NONE',  ( 10.45303777425773362, 25.68270705156890443, 8.499999999999998224 ) ) ;
#1758 = ORIENTED_EDGE ( 'NONE', *, *, #966, .F. ) ;
#1759 = DIRECTION ( 'NONE',  ( -1.000000000000000000, 0.000000000000000000, 0.000000000000000000 ) ) ;
#1760 = EDGE_LOOP ( 'NONE', ( #1919, #870, #2889, #2411 ) ) ;
#1761 = ORIENTED_EDGE ( 'NONE', *, *, #3469, .T. ) ;
#1762 = CARTESIAN_POINT ( 'NONE',  ( -19.17206900692881177, -2.217215879291118662E-15, 9.292893218813444989 ) ) ;
#1763 = DIRECTION ( 'NONE',  ( 0.000000000000000000, 0.000000000000000000, 1.000000000000000000 ) ) ;
#1764 = CARTESIAN_POINT ( 'NONE',  ( 16.03503777425773791, 30.02870705156891162, 8.999999999999991118 ) ) ;
#1765 = LINE ( 'NONE', #4270, #3482 ) ;
#1766 = EDGE_CURVE ( 'NONE', #4390, #4865, #1673, .T. ) ;
#1767 = DIRECTION ( 'NONE',  ( 0.000000000000000000, 0.000000000000000000, 1.000000000000000000 ) ) ;
#1768 = EDGE_CURVE ( 'NONE', #4576, #106, #4833, .T. ) ;
#1769 = ORIENTED_EDGE ( 'NONE', *, *, #1581, .F. ) ;
#1770 = CARTESIAN_POINT ( 'NONE',  ( -9.066960760898265193, 21.25670570879590571, 8.499999999999994671 ) ) ;
#1771 = PLANE ( 'NONE',  #4923 ) ;
#1772 = DIRECTION ( 'NONE',  ( -1.000000000000000000, 0.000000000000000000, 0.000000000000000000 ) ) ;
#1773 = DIRECTION ( 'NONE',  ( 0.000000000000000000, 0.000000000000000000, -1.000000000000000000 ) ) ;
#1774 = ORIENTED_EDGE ( 'NONE', *, *, #3818, .F. ) ;
#1775 = DIRECTION ( 'NONE',  ( 0.000000000000000000, 0.000000000000000000, 1.000000000000000000 ) ) ;
#1776 = DIRECTION ( 'NONE',  ( 0.000000000000000000, 0.000000000000000000, -1.000000000000000000 ) ) ;
#1777 = DIRECTION ( 'NONE',  ( 1.000000000000000000, 0.000000000000000000, 0.000000000000000000 ) ) ;
#1778 = DIRECTION ( 'NONE',  ( -0.000000000000000000, -0.000000000000000000, 1.000000000000000000 ) ) ;
#1779 = ORIENTED_EDGE ( 'NONE', *, *, #3469, .F. ) ;
#1780 = AXIS2_PLACEMENT_3D ( 'NONE', #714, #788, #363 ) ;
#1781 = CARTESIAN_POINT ( 'NONE',  ( -19.46496222574226920, 27.02870705156890097, 8.999999999999991118 ) ) ;
#1782 = VERTEX_POINT ( 'NONE', #2057 ) ;
#1783 = AXIS2_PLACEMENT_3D ( 'NONE', #3693, #2023, #3286 ) ;
#1784 = DIRECTION ( 'NONE',  ( -0.000000000000000000, -0.000000000000000000, -1.000000000000000000 ) ) ;
#1785 = EDGE_LOOP ( 'NONE', ( #1096, #4919, #3334, #2788 ) ) ;
#1786 = ORIENTED_EDGE ( 'NONE', *, *, #235, .T. ) ;
#1787 = CARTESIAN_POINT ( 'NONE',  ( -16.21496222574229762, 22.52870705156889031, 5.000000000000001776 ) ) ;
#1788 = CARTESIAN_POINT ( 'NONE',  ( 10.45303777425773362, -25.62529294843109540, -0.1000000000000002554 ) ) ;
#1789 = DIRECTION ( 'NONE',  ( 1.000000000000000000, 0.000000000000000000, 0.000000000000000000 ) ) ;
#1790 = AXIS2_PLACEMENT_3D ( 'NONE', #2908, #2391, #4359 ) ;
#1791 = CARTESIAN_POINT ( 'NONE',  ( -17.96496222574225854, -26.22129294843106706, -4.000000000000000000 ) ) ;
#1792 = CIRCLE ( 'NONE', #4734, 1.500000000000001332 ) ;
#1793 = ORIENTED_EDGE ( 'NONE', *, *, #2050, .T. ) ;
#1794 = DIRECTION ( 'NONE',  ( 0.000000000000000000, 0.000000000000000000, 1.000000000000000000 ) ) ;
#1795 = DIRECTION ( 'NONE',  ( -1.000000000000000000, 0.000000000000000000, 0.000000000000000000 ) ) ;
#1796 = CARTESIAN_POINT ( 'NONE',  ( 11.70847426001880720, -28.34997260487144288, 8.499999999999998224 ) ) ;
#1797 = CARTESIAN_POINT ( 'NONE',  ( -10.88296222574226668, 25.68270705156890443, 1.699999999999999289 ) ) ;
#1798 = AXIS2_PLACEMENT_3D ( 'NONE', #4152, #651, #2191 ) ;
#1799 = CIRCLE ( 'NONE', #1722, 2.292893218813454315 ) ;
#1800 = DIRECTION ( 'NONE',  ( -0.000000000000000000, -0.000000000000000000, 1.000000000000000000 ) ) ;
#1801 = CONICAL_SURFACE ( 'NONE', #4742, 1.999999999999998224, 0.7853981633974452814 ) ;
#1802 = EDGE_CURVE ( 'NONE', #852, #1480, #1323, .T. ) ;
#1803 = ORIENTED_EDGE ( 'NONE', *, *, #1367, .F. ) ;
#1804 = EDGE_CURVE ( 'NONE', #1664, #2061, #4980, .T. ) ;
#1805 = ORIENTED_EDGE ( 'NONE', *, *, #776, .F. ) ;
#1806 = ORIENTED_EDGE ( 'NONE', *, *, #1915, .T. ) ;
#1807 = AXIS2_PLACEMENT_3D ( 'NONE', #4249, #2318, #1061 ) ;
#1808 = DIRECTION ( 'NONE',  ( -0.000000000000000000, -0.000000000000000000, 1.000000000000000000 ) ) ;
#1809 = VERTEX_POINT ( 'NONE', #2253 ) ;
#1810 = ORIENTED_EDGE ( 'NONE', *, *, #1050, .T. ) ;
#1811 = LINE ( 'NONE', #3375, #3498 ) ;
#1812 = CARTESIAN_POINT ( 'NONE',  ( 17.49374975392582954, 25.94859523798343659, 8.419967676772255771 ) ) ;
#1813 = AXIS2_PLACEMENT_3D ( 'NONE', #2734, #4788, #2425 ) ;
#1814 = DIRECTION ( 'NONE',  ( 1.000000000000000000, 0.000000000000000000, 0.000000000000000000 ) ) ;
#1815 = PLANE ( 'NONE',  #699 ) ;
#1816 = ORIENTED_EDGE ( 'NONE', *, *, #5037, .T. ) ;
#1817 = CARTESIAN_POINT ( 'NONE',  ( -9.807962225742267393, 25.68270705156890443, -0.1000000000000002554 ) ) ;
#1818 = CARTESIAN_POINT ( 'NONE',  ( 2.015431251695973813, 11.01227139059988147, 9.999999999999998224 ) ) ;
#1819 = AXIS2_PLACEMENT_3D ( 'NONE', #3239, #114, #2146 ) ;
#1820 = DIRECTION ( 'NONE',  ( -0.000000000000000000, -0.000000000000000000, 1.000000000000000000 ) ) ;
#1821 = ORIENTED_EDGE ( 'NONE', *, *, #2583, .F. ) ;
#1822 = COLOUR_RGB ( '',0.7921568627450980005, 0.8196078431372548767, 0.9333333333333333481 ) ;
#1823 = ADVANCED_FACE ( 'NONE', ( #4211 ), #1870, .F. ) ;
#1824 = EDGE_CURVE ( 'NONE', #1596, #701, #2619, .T. ) ;
#1825 = ADVANCED_FACE ( 'NONE', ( #2232 ), #3432, .T. ) ;
#1826 = ORIENTED_EDGE ( 'NONE', *, *, #3420, .T. ) ;
#1827 =( NAMED_UNIT ( * ) PLANE_ANGLE_UNIT ( ) SI_UNIT ( $, .RADIAN. ) );
#1828 = AXIS2_PLACEMENT_3D ( 'NONE', #2842, #1746, #4396 ) ;
#1829 = ORIENTED_EDGE ( 'NONE', *, *, #3329, .F. ) ;
#1830 = DIRECTION ( 'NONE',  ( 0.000000000000000000, 0.000000000000000000, 1.000000000000000000 ) ) ;
#1831 = EDGE_LOOP ( 'NONE', ( #2120, #3639, #3236, #800 ) ) ;
#1832 = VERTEX_POINT ( 'NONE', #2352 ) ;
#1833 = CARTESIAN_POINT ( 'NONE',  ( 17.53503777425773080, 26.27870705156888320, -4.000000000000000000 ) ) ;
#1834 = LINE ( 'NONE', #3081, #4969 ) ;
#1835 = CARTESIAN_POINT ( 'NONE',  ( -16.21496222574226564, -22.47129294843110969, 3.292323440001584611 ) ) ;
#1836 = VERTEX_POINT ( 'NONE', #21 ) ;
#1837 = EDGE_CURVE ( 'NONE', #4381, #4039, #439, .T. ) ;
#1838 = ORIENTED_EDGE ( 'NONE', *, *, #3988, .T. ) ;
#1839 = DIRECTION ( 'NONE',  ( -1.000000000000000000, 0.000000000000000000, 0.000000000000000000 ) ) ;
#1840 = CARTESIAN_POINT ( 'NONE',  ( 16.03503777425773791, -29.97129294843108838, 8.585786437626900636 ) ) ;
#1841 = EDGE_CURVE ( 'NONE', #769, #4677, #1161, .T. ) ;
#1842 = CARTESIAN_POINT ( 'NONE',  ( -18.75785544455571952, -2.169312813243346025E-15, 9.707106781186540800 ) ) ;
#1843 = ORIENTED_EDGE ( 'NONE', *, *, #1402, .F. ) ;
#1844 = PLANE ( 'NONE',  #2266 ) ;
#1845 = ADVANCED_FACE ( 'NONE', ( #342 ), #1127, .F. ) ;
#1846 = ORIENTED_EDGE ( 'NONE', *, *, #1135, .T. ) ;
#1847 = CARTESIAN_POINT ( 'NONE',  ( 4.793649565339142882, 12.66714344531767900, -4.001000000000001222 ) ) ;
#1848 = VERTEX_POINT ( 'NONE', #2101 ) ;
#1849 = AXIS2_PLACEMENT_3D ( 'NONE', #3976, #369, #395 ) ;
#1850 = LINE ( 'NONE', #3531, #3183 ) ;
#1851 = DIRECTION ( 'NONE',  ( 0.000000000000000000, 0.000000000000000000, 1.000000000000000000 ) ) ;
#1852 = EDGE_LOOP ( 'NONE', ( #5001, #1879, #1937, #341 ) ) ;
#1853 = ORIENTED_EDGE ( 'NONE', *, *, #4464, .T. ) ;
#1854 = CARTESIAN_POINT ( 'NONE',  ( -7.714959791634053765, -29.97129294843108838, 6.892323440001584700 ) ) ;
#1855 = DIRECTION ( 'NONE',  ( 0.7071067811865451302, 0.000000000000000000, -0.7071067811865500152 ) ) ;
#1856 = CIRCLE ( 'NONE', #1381, 0.9999999999999991118 ) ;
#1857 = ADVANCED_FACE ( 'NONE', ( #4375 ), #3995, .T. ) ;
#1858 = DIRECTION ( 'NONE',  ( 1.000000000000000000, -1.889896820699131511E-15, 0.000000000000000000 ) ) ;
#1859 = FACE_OUTER_BOUND ( 'NONE', #1710, .T. ) ;
#1860 = EDGE_LOOP ( 'NONE', ( #3152, #4839, #3810, #3582 ) ) ;
#1861 = CARTESIAN_POINT ( 'NONE',  ( -16.46496222574226920, 27.02870705156890097, 8.378679656440350954 ) ) ;
#1862 = CARTESIAN_POINT ( 'NONE',  ( -16.46496222574226209, -26.97129294843108838, 8.499999999999998224 ) ) ;
#1863 = VECTOR ( 'NONE', #2060, 1000.000000000000000 ) ;
#1864 = CARTESIAN_POINT ( 'NONE',  ( -18.75785544455571596, -26.97129294843108838, 9.707106781186540800 ) ) ;
#1865 = AXIS2_PLACEMENT_3D ( 'NONE', #1507, #1794, #1421 ) ;
#1866 = FACE_OUTER_BOUND ( 'NONE', #700, .T. ) ;
#1867 = CARTESIAN_POINT ( 'NONE',  ( -7.714959791634052877, -11.83278339979662874, 3.292323440001584611 ) ) ;
#1868 = VECTOR ( 'NONE', #4724, 1000.000000000000000 ) ;
#1869 = ORIENTED_EDGE ( 'NONE', *, *, #1802, .T. ) ;
#1870 = PLANE ( 'NONE',  #1068 ) ;
#1871 = FACE_OUTER_BOUND ( 'NONE', #1590, .T. ) ;
#1872 = CIRCLE ( 'NONE', #1953, 3.000000000000000888 ) ;
#1873 = AXIS2_PLACEMENT_3D ( 'NONE', #85, #3643, #135 ) ;
#1874 = ORIENTED_EDGE ( 'NONE', *, *, #2647, .F. ) ;
#1875 = AXIS2_PLACEMENT_3D ( 'NONE', #2012, #3494, #756 ) ;
#1876 = ORIENTED_EDGE ( 'NONE', *, *, #3369, .F. ) ;
#1877 = CIRCLE ( 'NONE', #1073, 1.402036092185269034 ) ;
#1878 = DIRECTION ( 'NONE',  ( 0.000000000000000000, 0.000000000000000000, 1.000000000000000000 ) ) ;
#1879 = ORIENTED_EDGE ( 'NONE', *, *, #2927, .F. ) ;
#1880 = DIRECTION ( 'NONE',  ( 0.000000000000000000, -1.000000000000000000, 0.000000000000000000 ) ) ;
#1881 = CARTESIAN_POINT ( 'NONE',  ( -16.46496222574226209, -26.97129294843108838, 8.585786437626900636 ) ) ;
#1882 =( BOUNDED_CURVE ( )  B_SPLINE_CURVE ( 3, ( #808, #2405, #4689, #1192 ),
 .UNSPECIFIED., .F., .F. ) 
 B_SPLINE_CURVE_WITH_KNOTS ( ( 4, 4 ),
 ( 1.156482317317872218E-16, 0.4977068327427679462 ),
 .UNSPECIFIED. ) 
 CURVE ( )  GEOMETRIC_REPRESENTATION_ITEM ( )  RATIONAL_B_SPLINE_CURVE ( ( 1.000000000000000000, 0.9794636360570614375, 0.9794636360570614375, 1.000000000000000000 ) ) 
 REPRESENTATION_ITEM ( '' )  );
#1883 = CARTESIAN_POINT ( 'NONE',  ( -17.84364188218261660, -2.063585631329678767E-15, 8.499999999999998224 ) ) ;
#1884 = VECTOR ( 'NONE', #3118, 1000.000000000000000 ) ;
#1885 = EDGE_CURVE ( 'NONE', #3971, #1256, #2433, .T. ) ;
#1886 = EDGE_CURVE ( 'NONE', #2615, #1643, #1395, .T. ) ;
#1887 = ORIENTED_EDGE ( 'NONE', *, *, #5003, .F. ) ;
#1888 = FACE_OUTER_BOUND ( 'NONE', #919, .T. ) ;
#1889 = CARTESIAN_POINT ( 'NONE',  ( 14.53503777425770060, 22.52870705156892583, 5.000000000000001776 ) ) ;
#1890 = ADVANCED_FACE ( 'NONE', ( #463 ), #3577, .F. ) ;
#1891 = EDGE_CURVE ( 'NONE', #1430, #4738, #4116, .T. ) ;
#1892 = LINE ( 'NONE', #1465, #4727 ) ;
#1893 = CIRCLE ( 'NONE', #274, 1.402036092185269034 ) ;
#1894 = FACE_OUTER_BOUND ( 'NONE', #858, .T. ) ;
#1895 = ORIENTED_EDGE ( 'NONE', *, *, #4932, .F. ) ;
#1896 = EDGE_CURVE ( 'NONE', #4281, #3981, #156, .T. ) ;
#1897 = EDGE_LOOP ( 'NONE', ( #174, #4952, #2561, #3345 ) ) ;
#1898 = VERTEX_POINT ( 'NONE', #1864 ) ;
#1899 = VECTOR ( 'NONE', #4314, 1000.000000000000114 ) ;
#1900 = EDGE_CURVE ( 'NONE', #4738, #1836, #4250, .T. ) ;
#1901 = DIRECTION ( 'NONE',  ( -0.000000000000000000, -0.000000000000000000, 1.000000000000000000 ) ) ;
#1902 = CARTESIAN_POINT ( 'NONE',  ( 10.45303777425773362, 25.68270705156890443, 3.292323440001584611 ) ) ;
#1903 = VECTOR ( 'NONE', #2043, 1000.000000000000000 ) ;
#1904 = ORIENTED_EDGE ( 'NONE', *, *, #1896, .T. ) ;
#1905 = LINE ( 'NONE', #3155, #1868 ) ;
#1906 = FACE_BOUND ( 'NONE', #24, .T. ) ;
#1907 = VECTOR ( 'NONE', #1603, 1000.000000000000000 ) ;
#1908 = DIRECTION ( 'NONE',  ( -0.000000000000000000, -0.000000000000000000, -1.000000000000000000 ) ) ;
#1909 = ADVANCED_FACE ( 'NONE', ( #4659 ), #2009, .T. ) ;
#1910 = CARTESIAN_POINT ( 'NONE',  ( -13.96496222574226209, -22.47129294843110969, 9.999999999999998224 ) ) ;
#1911 = ORIENTED_EDGE ( 'NONE', *, *, #101, .F. ) ;
#1912 = DIRECTION ( 'NONE',  ( 0.000000000000000000, -0.7071067811865451302, -0.7071067811865500152 ) ) ;
#1913 = CYLINDRICAL_SURFACE ( 'NONE', #3927, 1.000000000000000888 ) ;
#1914 = CARTESIAN_POINT ( 'NONE',  ( 2.015431251695973813, 12.66714344531767900, 9.999999999999998224 ) ) ;
#1915 = EDGE_CURVE ( 'NONE', #3218, #3850, #2793, .T. ) ;
#1916 = ADVANCED_FACE ( 'NONE', ( #3600 ), #516, .T. ) ;
#1917 = FACE_OUTER_BOUND ( 'NONE', #142, .T. ) ;
#1918 = CARTESIAN_POINT ( 'NONE',  ( -16.46496222574226920, 27.02870705156890097, 8.499999999999998224 ) ) ;
#1919 = ORIENTED_EDGE ( 'NONE', *, *, #1295, .T. ) ;
#1920 = FACE_OUTER_BOUND ( 'NONE', #816, .T. ) ;
#1921 = EDGE_CURVE ( 'NONE', #1119, #2960, #1387, .T. ) ;
#1922 = VERTEX_POINT ( 'NONE', #4106 ) ;
#1923 = ORIENTED_EDGE ( 'NONE', *, *, #1697, .T. ) ;
#1924 = DIRECTION ( 'NONE',  ( -0.000000000000000000, -0.000000000000000000, 1.000000000000000000 ) ) ;
#1925 = CARTESIAN_POINT ( 'NONE',  ( -16.21496222574229407, 19.77870705156889031, 3.292323440001584611 ) ) ;
#1926 = ORIENTED_EDGE ( 'NONE', *, *, #240, .T. ) ;
#1927 = CARTESIAN_POINT ( 'NONE',  ( -10.14106361317946003, 13.48838797301254111, -4.001000000000001222 ) ) ;
#1928 = CARTESIAN_POINT ( 'NONE',  ( -16.46496222574226920, 29.02870705156890097, 8.585786437626898859 ) ) ;
#1929 = DIRECTION ( 'NONE',  ( 1.000000000000000000, 1.889896820699138217E-15, -0.000000000000000000 ) ) ;
#1930 = CYLINDRICAL_SURFACE ( 'NONE', #2498, 1.499999999999999556 ) ;
#1931 = ORIENTED_EDGE ( 'NONE', *, *, #4259, .F. ) ;
#1932 = FACE_OUTER_BOUND ( 'NONE', #333, .T. ) ;
#1933 = DIRECTION ( 'NONE',  ( -0.000000000000000000, -0.000000000000000000, 1.000000000000000000 ) ) ;
#1934 = CIRCLE ( 'NONE', #4818, 1.250000000000001110 ) ;
#1935 = PLANE ( 'NONE',  #1875 ) ;
#1936 = VECTOR ( 'NONE', #1510, 1000.000000000000000 ) ;
#1937 = ORIENTED_EDGE ( 'NONE', *, *, #1244, .F. ) ;
#1938 = DIRECTION ( 'NONE',  ( -0.000000000000000000, -0.000000000000000000, 1.000000000000000000 ) ) ;
#1939 = DIRECTION ( 'NONE',  ( -1.000000000000000000, 0.000000000000000000, 0.000000000000000000 ) ) ;
#1940 = EDGE_CURVE ( 'NONE', #2716, #1809, #244, .T. ) ;
#1941 = ORIENTED_EDGE ( 'NONE', *, *, #754, .T. ) ;
#1942 = FACE_OUTER_BOUND ( 'NONE', #109, .T. ) ;
#1943 = CONICAL_SURFACE ( 'NONE', #2769, 0.9393398282201738114, 0.7853981633974452814 ) ;
#1944 = VERTEX_POINT ( 'NONE', #4077 ) ;
#1945 = VECTOR ( 'NONE', #424, 1000.000000000000000 ) ;
#1946 = ORIENTED_EDGE ( 'NONE', *, *, #124, .T. ) ;
#1947 = VERTEX_POINT ( 'NONE', #568 ) ;
#1948 = VECTOR ( 'NONE', #843, 1000.000000000000000 ) ;
#1949 = AXIS2_PLACEMENT_3D ( 'NONE', #2479, #590, #2910 ) ;
#1950 = EDGE_CURVE ( 'NONE', #2031, #3783, #2151, .T. ) ;
#1951 = DIRECTION ( 'NONE',  ( -0.000000000000000000, -0.000000000000000000, -1.000000000000000000 ) ) ;
#1952 = VECTOR ( 'NONE', #1967, 1000.000000000000000 ) ;
#1953 = AXIS2_PLACEMENT_3D ( 'NONE', #4899, #1397, #2570 ) ;
#1954 = ORIENTED_EDGE ( 'NONE', *, *, #4631, .F. ) ;
#1955 = CARTESIAN_POINT ( 'NONE',  ( -11.83179519312905370, 28.52870705156890097, 8.378679656440354506 ) ) ;
#1956 = DIRECTION ( 'NONE',  ( -1.000000000000000000, 0.000000000000000000, 0.000000000000000000 ) ) ;
#1957 = ORIENTED_EDGE ( 'NONE', *, *, #2643, .F. ) ;
#1958 = CIRCLE ( 'NONE', #1001, 1.000000000000000888 ) ;
#1959 = VECTOR ( 'NONE', #1330, 1000.000000000000000 ) ;
#1960 = CARTESIAN_POINT ( 'NONE',  ( -16.46496222574226209, -26.97129294843108838, -4.000000000000000000 ) ) ;
#1961 = EDGE_LOOP ( 'NONE', ( #4198, #4193, #1453, #2262 ) ) ;
#1962 = ORIENTED_EDGE ( 'NONE', *, *, #2420, .F. ) ;
#1963 = DIRECTION ( 'NONE',  ( 1.000000000000000000, 0.000000000000000000, 0.000000000000000000 ) ) ;
#1964 = CARTESIAN_POINT ( 'NONE',  ( 17.62082421188463854, 27.02870705156891162, 8.999999999999998224 ) ) ;
#1965 = AXIS2_PLACEMENT_3D ( 'NONE', #1108, #734, #2665 ) ;
#1966 = AXIS2_PLACEMENT_3D ( 'NONE', #4766, #1262, #3200 ) ;
#1967 = DIRECTION ( 'NONE',  ( 0.000000000000000000, 0.000000000000000000, 1.000000000000000000 ) ) ;
#1968 = EDGE_LOOP ( 'NONE', ( #889, #2454, #3978, #4695 ) ) ;
#1969 = CARTESIAN_POINT ( 'NONE',  ( -11.83179519312905370, 28.52870705156890097, 1.699999999999999289 ) ) ;
#1970 = DIRECTION ( 'NONE',  ( 1.734723475976807094E-16, -1.000000000000000000, -0.000000000000000000 ) ) ;
#1971 = EDGE_LOOP ( 'NONE', ( #1624, #3024, #2304, #522 ) ) ;
#1972 = CARTESIAN_POINT ( 'NONE',  ( 15.78503777425773613, -22.47129294843107417, 5.000000000000001776 ) ) ;
#1973 = EDGE_LOOP ( 'NONE', ( #2182, #4569 ) ) ;
#1974 = DIRECTION ( 'NONE',  ( 0.000000000000000000, 0.000000000000000000, 1.000000000000000000 ) ) ;
#1975 = VERTEX_POINT ( 'NONE', #2585 ) ;
#1976 = EDGE_CURVE ( 'NONE', #2990, #2630, #4155, .T. ) ;
#1977 = ADVANCED_FACE ( 'NONE', ( #2126 ), #2948, .T. ) ;
#1978 = DIRECTION ( 'NONE',  ( 1.000000000000000000, 3.469446951953611033E-15, 0.000000000000000000 ) ) ;
#1979 = ORIENTED_EDGE ( 'NONE', *, *, #2013, .F. ) ;
#1980 = DIRECTION ( 'NONE',  ( -0.000000000000000000, -0.000000000000000000, 1.000000000000000000 ) ) ;
#1981 = DIRECTION ( 'NONE',  ( -0.000000000000000000, 0.000000000000000000, 1.000000000000000000 ) ) ;
#1982 = CIRCLE ( 'NONE', #4685, 2.249999999999998668 ) ;
#1983 = ORIENTED_EDGE ( 'NONE', *, *, #465, .T. ) ;
#1984 = CIRCLE ( 'NONE', #531, 1.249999999999999334 ) ;
#1985 = DIRECTION ( 'NONE',  ( -0.000000000000000000, -0.000000000000000000, -1.000000000000000000 ) ) ;
#1986 = ORIENTED_EDGE ( 'NONE', *, *, #269, .F. ) ;
#1987 = VERTEX_POINT ( 'NONE', #4943 ) ;
#1988 = DIRECTION ( 'NONE',  ( -1.000000000000000000, 0.000000000000000000, -0.000000000000000000 ) ) ;
#1989 = CARTESIAN_POINT ( 'NONE',  ( -18.42920127014957643, 22.06671996223579058, 9.928573596065865203 ) ) ;
#1990 = CARTESIAN_POINT ( 'NONE',  ( 16.53503777425773436, 18.77870705156889031, 3.292323440001584611 ) ) ;
#1991 = CARTESIAN_POINT ( 'NONE',  ( 2.452039483241733375, 19.84070686846390430, 8.499999999999998224 ) ) ;
#1992 = EDGE_LOOP ( 'NONE', ( #2670, #1620, #483, #1543 ) ) ;
#1993 = DIRECTION ( 'NONE',  ( -0.000000000000000000, -0.000000000000000000, -1.000000000000000000 ) ) ;
#1994 = ORIENTED_EDGE ( 'NONE', *, *, #4262, .F. ) ;
#1995 = EDGE_CURVE ( 'NONE', #4977, #454, #1439, .T. ) ;
#1996 = ORIENTED_EDGE ( 'NONE', *, *, #4291, .F. ) ;
#1997 = LINE ( 'NONE', #1348, #3097 ) ;
#1998 = CARTESIAN_POINT ( 'NONE',  ( 15.78503777425775390, -19.72129294843107417, 3.292323440001584611 ) ) ;
#1999 = DIRECTION ( 'NONE',  ( 0.000000000000000000, -1.000000000000000000, 0.000000000000000000 ) ) ;
#2000 = ORIENTED_EDGE ( 'NONE', *, *, #1408, .T. ) ;
#2001 = DIRECTION ( 'NONE',  ( 0.000000000000000000, 0.000000000000000000, -1.000000000000000000 ) ) ;
#2002 = CARTESIAN_POINT ( 'NONE',  ( 16.03503777425773791, 28.61449348919581226, 8.999999999999998224 ) ) ;
#2003 = VERTEX_POINT ( 'NONE', #2697 ) ;
#2004 = CARTESIAN_POINT ( 'NONE',  ( -10.14106361317946003, 13.48838797301254111, 8.499999999999998224 ) ) ;
#2005 = VERTEX_POINT ( 'NONE', #1998 ) ;
#2006 = ORIENTED_EDGE ( 'NONE', *, *, #2050, .F. ) ;
#2007 = DIRECTION ( 'NONE',  ( 0.000000000000000000, 0.000000000000000000, -1.000000000000000000 ) ) ;
#2008 = LINE ( 'NONE', #374, #340 ) ;
#2009 = PLANE ( 'NONE',  #3344 ) ;
#2010 = LINE ( 'NONE', #1588, #4990 ) ;
#2011 = DIRECTION ( 'NONE',  ( 1.889896820699131511E-15, -1.000000000000000000, 0.000000000000000000 ) ) ;
#2012 = CARTESIAN_POINT ( 'NONE',  ( 17.53503777425773080, 30.02870705156891162, -4.000000000000000000 ) ) ;
#2013 = EDGE_CURVE ( 'NONE', #3528, #5027, #5052, .T. ) ;
#2014 = EDGE_LOOP ( 'NONE', ( #3664, #4806, #2661, #846 ) ) ;
#2015 = AXIS2_PLACEMENT_3D ( 'NONE', #3877, #2702, #3590 ) ;
#2016 = DIRECTION ( 'NONE',  ( -1.000000000000000000, 0.000000000000000000, 0.000000000000000000 ) ) ;
#2017 = CARTESIAN_POINT ( 'NONE',  ( -16.46496222574226920, 30.02870705156890097, -4.000000000000000000 ) ) ;
#2018 = CARTESIAN_POINT ( 'NONE',  ( -16.96496222574226920, 25.27870705156888320, 3.292323440001584611 ) ) ;
#2019 = AXIS2_PLACEMENT_3D ( 'NONE', #1110, #1090, #343 ) ;
#2020 = ORIENTED_EDGE ( 'NONE', *, *, #840, .F. ) ;
#2021 = VECTOR ( 'NONE', #988, 1000.000000000000000 ) ;
#2022 = ORIENTED_EDGE ( 'NONE', *, *, #4055, .F. ) ;
#2023 = DIRECTION ( 'NONE',  ( 0.000000000000000000, -0.000000000000000000, -1.000000000000000000 ) ) ;
#2024 = FACE_OUTER_BOUND ( 'NONE', #3073, .T. ) ;
#2025 = VECTOR ( 'NONE', #4536, 1000.000000000000000 ) ;
#2026 = CYLINDRICAL_SURFACE ( 'NONE', #569, 2.999999999999999112 ) ;
#2027 = EDGE_LOOP ( 'NONE', ( #1487, #1268, #942, #4888, #2219, #2526, #2625, #2749, #1946, #4358 ) ) ;
#2028 = CARTESIAN_POINT ( 'NONE',  ( 14.53503777425773436, -22.47129294843107417, 3.292323440001584611 ) ) ;
#2029 = CARTESIAN_POINT ( 'NONE',  ( 17.41371743069809241, -26.97129294843108482, 8.499999999999998224 ) ) ;
#2030 = CIRCLE ( 'NONE', #2278, 3.000000000000000888 ) ;
#2031 = VERTEX_POINT ( 'NONE', #1170 ) ;
#2032 = VECTOR ( 'NONE', #724, 1000.000000000000000 ) ;
#2033 = AXIS2_PLACEMENT_3D ( 'NONE', #3360, #5071, #346 ) ;
#2034 = CYLINDRICAL_SURFACE ( 'NONE', #1351, 1.000000000000000888 ) ;
#2035 = AXIS2_PLACEMENT_3D ( 'NONE', #4571, #1048, #1029 ) ;
#2036 = ORIENTED_EDGE ( 'NONE', *, *, #2771, .F. ) ;
#2037 = ORIENTED_EDGE ( 'NONE', *, *, #2042, .F. ) ;
#2038 = FACE_OUTER_BOUND ( 'NONE', #3296, .T. ) ;
#2039 = DIRECTION ( 'NONE',  ( -0.000000000000000000, -0.000000000000000000, -1.000000000000000000 ) ) ;
#2040 = AXIS2_PLACEMENT_3D ( 'NONE', #4079, #571, #2517 ) ;
#2041 = ADVANCED_FACE ( 'NONE', ( #767 ), #891, .F. ) ;
#2042 = EDGE_CURVE ( 'NONE', #3991, #997, #1595, .T. ) ;
#2043 = DIRECTION ( 'NONE',  ( -0.000000000000000000, -0.000000000000000000, 1.000000000000000000 ) ) ;
#2044 = VECTOR ( 'NONE', #3523, 1000.000000000000000 ) ;
#2045 = EDGE_CURVE ( 'NONE', #2696, #3680, #4717, .T. ) ;
#2046 = CARTESIAN_POINT ( 'NONE',  ( 16.03503777425773791, -28.55707938605798546, 9.999999999999998224 ) ) ;
#2047 = LINE ( 'NONE', #2076, #2876 ) ;
#2048 = CARTESIAN_POINT ( 'NONE',  ( 2.452039483241733375, 19.84070686846390430, -4.001000000000001222 ) ) ;
#2049 = ORIENTED_EDGE ( 'NONE', *, *, #4631, .T. ) ;
#2050 = EDGE_CURVE ( 'NONE', #175, #4156, #3019, .T. ) ;
#2051 = LINE ( 'NONE', #4029, #1057 ) ;
#2052 = AXIS2_PLACEMENT_3D ( 'NONE', #548, #608, #2099 ) ;
#2053 = ORIENTED_EDGE ( 'NONE', *, *, #4963, .T. ) ;
#2054 = CIRCLE ( 'NONE', #88, 1.402036092185269034 ) ;
#2055 = VECTOR ( 'NONE', #845, 1000.000000000000000 ) ;
#2056 = ORIENTED_EDGE ( 'NONE', *, *, #2635, .F. ) ;
#2057 = CARTESIAN_POINT ( 'NONE',  ( 7.285040208365947123, -28.47129294843108482, 3.292323440001584611 ) ) ;
#2058 = DIRECTION ( 'NONE',  ( -1.000000000000000000, 0.000000000000000000, 0.000000000000000000 ) ) ;
#2059 = EDGE_CURVE ( 'NONE', #1329, #908, #2409, .T. ) ;
#2060 = DIRECTION ( 'NONE',  ( 1.000000000000000000, 1.889896820699131511E-15, 0.000000000000000000 ) ) ;
#2061 = VERTEX_POINT ( 'NONE', #3634 ) ;
#2062 = CARTESIAN_POINT ( 'NONE',  ( -16.96496222574226564, 19.77870705156889031, 3.292323440001584611 ) ) ;
#2063 = ORIENTED_EDGE ( 'NONE', *, *, #1244, .T. ) ;
#2064 = EDGE_CURVE ( 'NONE', #454, #3805, #2030, .T. ) ;
#2065 = LINE ( 'NONE', #3700, #3672 ) ;
#2066 = DIRECTION ( 'NONE',  ( 1.000000000000000000, 0.000000000000000000, 0.000000000000000000 ) ) ;
#2067 = VERTEX_POINT ( 'NONE', #102 ) ;
#2068 = EDGE_LOOP ( 'NONE', ( #2589, #2560, #4792, #2093, #3703, #4087, #81, #3393 ) ) ;
#2069 = DIRECTION ( 'NONE',  ( 1.911638545475383559E-16, -0.7071067811865505703, -0.7071067811865444641 ) ) ;
#2070 = CYLINDRICAL_SURFACE ( 'NONE', #3847, 1.402036092185268590 ) ;
#2071 = EDGE_CURVE ( 'NONE', #3115, #3297, #66, .T. ) ;
#2072 = AXIS2_PLACEMENT_3D ( 'NONE', #2578, #1383, #198 ) ;
#2073 = DIRECTION ( 'NONE',  ( 0.000000000000000000, 0.000000000000000000, -1.000000000000000000 ) ) ;
#2074 = VERTEX_POINT ( 'NONE', #4434 ) ;
#2075 = DIRECTION ( 'NONE',  ( 1.000000000000000000, 0.000000000000000000, 0.000000000000000000 ) ) ;
#2076 = CARTESIAN_POINT ( 'NONE',  ( 11.40187074164454017, -28.47129294843108482, 1.699999999999999289 ) ) ;
#2077 = VERTEX_POINT ( 'NONE', #941 ) ;
#2078 = CARTESIAN_POINT ( 'NONE',  ( -16.21496222574229762, 22.52870705156889031, -4.002000000000000668 ) ) ;
#2079 = EDGE_CURVE ( 'NONE', #5056, #1226, #4985, .T. ) ;
#2080 = VECTOR ( 'NONE', #2119, 1000.000000000000000 ) ;
#2081 = LINE ( 'NONE', #3998, #3764 ) ;
#2082 = LINE ( 'NONE', #3748, #259 ) ;
#2083 = ADVANCED_FACE ( 'NONE', ( #1284 ), #3282, .T. ) ;
#2084 = ORIENTED_EDGE ( 'NONE', *, *, #3837, .T. ) ;
#2085 = EDGE_CURVE ( 'NONE', #4156, #3410, #4061, .T. ) ;
#2086 = DIRECTION ( 'NONE',  ( 0.000000000000000000, 0.000000000000000000, 1.000000000000000000 ) ) ;
#2087 = ORIENTED_EDGE ( 'NONE', *, *, #2202, .F. ) ;
#2088 = CYLINDRICAL_SURFACE ( 'NONE', #1873, 1.402036092185269034 ) ;
#2089 = LINE ( 'NONE', #1706, #3406 ) ;
#2090 = EDGE_LOOP ( 'NONE', ( #923, #1053, #4071, #4000, #3758, #3170, #1322, #348, #1285, #609, #735, #3727, #4585, #678, #979, #429, #1287, #186, #3000, #143, #3392, #1406, #301, #2268, #4651, #1557, #1954, #2648, #2480, #3881, #4880, #4146, #3006, #3941, #3825, #4757, #719, #2257, #3787, #1420, #4679, #270, #1639, #4955, #4172, #4468, #3256, #2280, #1672, #1233 ) ) ;
#2091 = CARTESIAN_POINT ( 'NONE',  ( -16.21496222574226564, -22.47129294843110969, 9.999999999999998224 ) ) ;
#2092 = ORIENTED_EDGE ( 'NONE', *, *, #297, .T. ) ;
#2093 = ORIENTED_EDGE ( 'NONE', *, *, #3162, .F. ) ;
#2094 = FACE_OUTER_BOUND ( 'NONE', #212, .T. ) ;
#2095 = CARTESIAN_POINT ( 'NONE',  ( 18.03503777425770238, 22.52870705156903952, 9.910179721124839247 ) ) ;
#2096 = DIRECTION ( 'NONE',  ( 0.000000000000000000, 0.000000000000000000, -1.000000000000000000 ) ) ;
#2097 = ORIENTED_EDGE ( 'NONE', *, *, #2642, .F. ) ;
#2098 = LINE ( 'NONE', #2953, #4237 ) ;
#2099 = DIRECTION ( 'NONE',  ( 1.000000000000000000, 0.000000000000000000, 0.000000000000000000 ) ) ;
#2100 = EDGE_CURVE ( 'NONE', #4913, #2003, #745, .T. ) ;
#2101 = CARTESIAN_POINT ( 'NONE',  ( -13.88296222574226668, 25.68270705156890443, 8.499999999999998224 ) ) ;
#2102 = CARTESIAN_POINT ( 'NONE',  ( -12.64106361317945293, -22.11161202698745498, 9.999999999999998224 ) ) ;
#2103 = DIRECTION ( 'NONE',  ( -0.000000000000000000, -0.000000000000000000, 1.000000000000000000 ) ) ;
#2104 = AXIS2_PLACEMENT_3D ( 'NONE', #2115, #4882, #3671 ) ;
#2105 = DIRECTION ( 'NONE',  ( -1.889896820699138217E-15, 1.000000000000000000, 0.000000000000000000 ) ) ;
#2106 = AXIS2_PLACEMENT_3D ( 'NONE', #3071, #2667, #3500 ) ;
#2107 = ORIENTED_EDGE ( 'NONE', *, *, #1950, .T. ) ;
#2108 = CARTESIAN_POINT ( 'NONE',  ( -17.84364188218262015, 25.80129521535420878, 8.499999999999998224 ) ) ;
#2109 = EDGE_CURVE ( 'NONE', #1196, #1460, #1872, .T. ) ;
#2110 = ADVANCED_FACE ( 'NONE', ( #4141 ), #637, .T. ) ;
#2111 = CARTESIAN_POINT ( 'NONE',  ( -11.95796222574226597, 25.68270705156890443, 1.699999999999999289 ) ) ;
#2112 = CIRCLE ( 'NONE', #3904, 1.000000000000000888 ) ;
#2113 = ORIENTED_EDGE ( 'NONE', *, *, #1686, .F. ) ;
#2114 = LINE ( 'NONE', #4440, #2208 ) ;
#2115 = CARTESIAN_POINT ( 'NONE',  ( -16.21496222574229762, 22.52870705156889031, -1.363961030678932040 ) ) ;
#2116 = EDGE_LOOP ( 'NONE', ( #482, #1133 ) ) ;
#2117 = EDGE_CURVE ( 'NONE', #4340, #1035, #1198, .T. ) ;
#2118 = VECTOR ( 'NONE', #3001, 1000.000000000000000 ) ;
#2119 = DIRECTION ( 'NONE',  ( 1.734723475976807094E-16, -1.000000000000000000, 3.081487911019577365E-33 ) ) ;
#2120 = ORIENTED_EDGE ( 'NONE', *, *, #4045, .T. ) ;
#2121 = CIRCLE ( 'NONE', #4577, 2.249999999999998668 ) ;
#2122 = VERTEX_POINT ( 'NONE', #1729 ) ;
#2123 = DIRECTION ( 'NONE',  ( 0.000000000000000000, -0.000000000000000000, 1.000000000000000000 ) ) ;
#2124 = CARTESIAN_POINT ( 'NONE',  ( 18.03503777425773791, -22.47129294843096048, 9.910179721124826813 ) ) ;
#2125 = VECTOR ( 'NONE', #3617, 1000.000000000000000 ) ;
#2126 = FACE_OUTER_BOUND ( 'NONE', #4094, .T. ) ;
#2127 = VECTOR ( 'NONE', #2237, 1000.000000000000000 ) ;
#2128 = DIRECTION ( 'NONE',  ( 0.000000000000000000, 1.000000000000000000, 0.000000000000000000 ) ) ;
#2129 = ORIENTED_EDGE ( 'NONE', *, *, #2875, .F. ) ;
#2130 = DIRECTION ( 'NONE',  ( -1.000000000000000000, -0.000000000000000000, -0.000000000000000000 ) ) ;
#2131 = DIRECTION ( 'NONE',  ( -0.000000000000000000, 0.000000000000000000, 1.000000000000000000 ) ) ;
#2132 = CIRCLE ( 'NONE', #1147, 1.074999999999999512 ) ;
#2133 = CONICAL_SURFACE ( 'NONE', #4415, 0.9393398282201738114, 0.7853981633974452814 ) ;
#2134 = DIRECTION ( 'NONE',  ( -1.000000000000000000, 0.000000000000000000, 0.000000000000000000 ) ) ;
#2135 = VECTOR ( 'NONE', #1216, 1000.000000000000000 ) ;
#2136 = DIRECTION ( 'NONE',  ( 1.000000000000000000, -3.469446951953611033E-15, 0.000000000000000000 ) ) ;
#2137 = ORIENTED_EDGE ( 'NONE', *, *, #381, .T. ) ;
#2138 = FACE_OUTER_BOUND ( 'NONE', #20, .T. ) ;
#2139 = AXIS2_PLACEMENT_3D ( 'NONE', #3734, #1335, #2896 ) ;
#2140 = DIRECTION ( 'NONE',  ( -0.000000000000000000, -0.000000000000000000, 1.000000000000000000 ) ) ;
#2141 = ORIENTED_EDGE ( 'NONE', *, *, #3799, .F. ) ;
#2142 = DIRECTION ( 'NONE',  ( 0.000000000000000000, -0.000000000000000000, -1.000000000000000000 ) ) ;
#2143 = ORIENTED_EDGE ( 'NONE', *, *, #3860, .F. ) ;
#2144 = EDGE_CURVE ( 'NONE', #3964, #1664, #1997, .T. ) ;
#2145 = EDGE_CURVE ( 'NONE', #3503, #4753, #866, .T. ) ;
#2146 = DIRECTION ( 'NONE',  ( -1.000000000000000000, 0.000000000000000000, 0.000000000000000000 ) ) ;
#2147 = ORIENTED_EDGE ( 'NONE', *, *, #4777, .T. ) ;
#2148 = VERTEX_POINT ( 'NONE', #4066 ) ;
#2149 = DIRECTION ( 'NONE',  ( -1.000000000000000000, 1.889896820699124017E-15, 0.000000000000000000 ) ) ;
#2150 = CARTESIAN_POINT ( 'NONE',  ( 17.99038870055302652, -22.93194726025891939, 9.929404733808759431 ) ) ;
#2151 = LINE ( 'NONE', #3322, #3092 ) ;
#2152 = LINE ( 'NONE', #3246, #4915 ) ;
#2153 = ORIENTED_EDGE ( 'NONE', *, *, #4448, .F. ) ;
#2154 = DIRECTION ( 'NONE',  ( 0.000000000000000000, -1.000000000000000000, 0.000000000000000000 ) ) ;
#2155 = CARTESIAN_POINT ( 'NONE',  ( -18.46496222574226564, 30.02870705156890097, 8.585786437626900636 ) ) ;
#2156 = VECTOR ( 'NONE', #4129, 1000.000000000000000 ) ;
#2157 = FACE_OUTER_BOUND ( 'NONE', #635, .T. ) ;
#2158 = CARTESIAN_POINT ( 'NONE',  ( 10.45303777425773362, 25.68270705156890443, -0.1000000000000002554 ) ) ;
#2159 = CARTESIAN_POINT ( 'NONE',  ( 16.53503777425773436, 19.77870705156889031, 8.499999999999998224 ) ) ;
#2160 = EDGE_LOOP ( 'NONE', ( #4224, #1677, #1354, #1019 ) ) ;
#2161 = VECTOR ( 'NONE', #2371, 1000.000000000000000 ) ;
#2162 = FACE_OUTER_BOUND ( 'NONE', #778, .T. ) ;
#2163 = DIRECTION ( 'NONE',  ( -0.000000000000000000, -0.000000000000000000, -1.000000000000000000 ) ) ;
#2164 = DIRECTION ( 'NONE',  ( -1.000000000000000000, 0.000000000000000000, 0.000000000000000000 ) ) ;
#2165 = ORIENTED_EDGE ( 'NONE', *, *, #3010, .T. ) ;
#2166 = CARTESIAN_POINT ( 'NONE',  ( 16.03503777425773791, -28.47129294843108482, 3.292323440001584611 ) ) ;
#2167 = CARTESIAN_POINT ( 'NONE',  ( -16.21496222574229762, 22.52870705156889031, -0.1010000000000003950 ) ) ;
#2168 = EDGE_LOOP ( 'NONE', ( #4936, #3198, #1895, #3129 ) ) ;
#2169 = CARTESIAN_POINT ( 'NONE',  ( 9.696421766834003364, 19.84070686846390430, -4.001000000000001222 ) ) ;
#2170 = EDGE_LOOP ( 'NONE', ( #2654, #4240, #2732, #834 ) ) ;
#2171 = EDGE_LOOP ( 'NONE', ( #1748, #2596, #4321, #2616 ) ) ;
#2172 = DIRECTION ( 'NONE',  ( 1.000000000000000000, 0.000000000000000000, 0.000000000000000000 ) ) ;
#2173 = CARTESIAN_POINT ( 'NONE',  ( 13.53503777425773791, -22.47129294843107417, -1.363961030678932040 ) ) ;
#2174 = CARTESIAN_POINT ( 'NONE',  ( -16.21496222574229051, -19.72129294843107417, 3.292323440001584611 ) ) ;
#2175 = EDGE_LOOP ( 'NONE', ( #3645, #3948, #4596, #1454 ) ) ;
#2176 = CARTESIAN_POINT ( 'NONE',  ( 10.45303777425773362, 25.68270705156890443, 1.699999999999999289 ) ) ;
#2177 = PLANE ( 'NONE',  #4190 ) ;
#2178 = ORIENTED_EDGE ( 'NONE', *, *, #4950, .F. ) ;
#2179 = EDGE_CURVE ( 'NONE', #3562, #3410, #1313, .T. ) ;
#2180 = DIRECTION ( 'NONE',  ( -0.000000000000000000, 1.000000000000000000, 0.000000000000000000 ) ) ;
#2181 = ORIENTED_EDGE ( 'NONE', *, *, #1529, .T. ) ;
#2182 = ORIENTED_EDGE ( 'NONE', *, *, #3872, .F. ) ;
#2183 = CIRCLE ( 'NONE', #1214, 1.000000000000000888 ) ;
#2184 = CARTESIAN_POINT ( 'NONE',  ( 16.53503777425773436, 19.77870705156889031, 3.292323440001584611 ) ) ;
#2185 = ORIENTED_EDGE ( 'NONE', *, *, #476, .F. ) ;
#2186 = CARTESIAN_POINT ( 'NONE',  ( 18.74214455544428759, 3.251243815048010130E-15, 9.292893218813443212 ) ) ;
#2187 = CIRCLE ( 'NONE', #4563, 3.000000000000000888 ) ;
#2188 = CARTESIAN_POINT ( 'NONE',  ( 4.793649565339142882, 11.01227139059988147, 9.999999999999998224 ) ) ;
#2189 = VERTEX_POINT ( 'NONE', #1324 ) ;
#2190 = VERTEX_POINT ( 'NONE', #503 ) ;
#2191 = DIRECTION ( 'NONE',  ( 1.000000000000000000, 0.000000000000000000, -0.000000000000000000 ) ) ;
#2192 = DIRECTION ( 'NONE',  ( -0.000000000000000000, 0.000000000000000000, 1.000000000000000000 ) ) ;
#2193 = AXIS2_PLACEMENT_3D ( 'NONE', #1990, #1565, #42 ) ;
#2194 = DIRECTION ( 'NONE',  ( 0.000000000000000000, 0.000000000000000000, 1.000000000000000000 ) ) ;
#2195 = CARTESIAN_POINT ( 'NONE',  ( 10.45303777425773362, 25.68270705156890443, -0.1000000000000002554 ) ) ;
#2196 = AXIS2_PLACEMENT_3D ( 'NONE', #3882, #3487, #2758 ) ;
#2197 = VERTEX_POINT ( 'NONE', #2108 ) ;
#2198 = LINE ( 'NONE', #1083, #2118 ) ;
#2199 = DIRECTION ( 'NONE',  ( 0.000000000000000000, -0.000000000000000000, -1.000000000000000000 ) ) ;
#2200 = AXIS2_PLACEMENT_3D ( 'NONE', #4457, #3967, #125 ) ;
#2201 = CARTESIAN_POINT ( 'NONE',  ( 3.854075575427002853, 19.84070686846390430, 9.999999999999998224 ) ) ;
#2202 = EDGE_CURVE ( 'NONE', #3783, #1145, #912, .T. ) ;
#2203 = VECTOR ( 'NONE', #1334, 1000.000000000000000 ) ;
#2204 = EDGE_CURVE ( 'NONE', #4693, #3157, #3920, .T. ) ;
#2205 = ADVANCED_FACE ( 'NONE', ( #2024 ), #3666, .F. ) ;
#2206 = AXIS2_PLACEMENT_3D ( 'NONE', #4046, #3268, #140 ) ;
#2207 = LINE ( 'NONE', #3775, #1153 ) ;
#2208 = VECTOR ( 'NONE', #3262, 1000.000000000000000 ) ;
#2209 = EDGE_CURVE ( 'NONE', #4333, #1584, #3584, .T. ) ;
#2210 = ORIENTED_EDGE ( 'NONE', *, *, #234, .T. ) ;
#2211 = CARTESIAN_POINT ( 'NONE',  ( -10.88296222574226668, 25.68270705156890443, -0.1000000000000002554 ) ) ;
#2212 = VECTOR ( 'NONE', #13, 1000.000000000000000 ) ;
#2213 = VECTOR ( 'NONE', #3402, 1000.000000000000114 ) ;
#2214 = EDGE_LOOP ( 'NONE', ( #415, #3834, #4419, #583 ) ) ;
#2215 = CARTESIAN_POINT ( 'NONE',  ( 17.53503777425773791, -18.88893086009725408, 8.378679656440356283 ) ) ;
#2216 = ORIENTED_EDGE ( 'NONE', *, *, #4605, .T. ) ;
#2217 = EDGE_CURVE ( 'NONE', #4102, #4750, #3208, .T. ) ;
#2218 = CARTESIAN_POINT ( 'NONE',  ( 13.53503777425770238, 22.52870705156892583, -1.363961030678932040 ) ) ;
#2219 = ORIENTED_EDGE ( 'NONE', *, *, #2642, .T. ) ;
#2220 = EDGE_LOOP ( 'NONE', ( #5023, #2455, #766, #2893 ) ) ;
#2221 = DIRECTION ( 'NONE',  ( 1.911638545475383559E-16, -0.7071067811865505703, -0.7071067811865444641 ) ) ;
#2222 = DIRECTION ( 'NONE',  ( 0.000000000000000000, 0.000000000000000000, 1.000000000000000000 ) ) ;
#2223 = ADVANCED_FACE ( 'NONE', ( #4412 ), #2283, .F. ) ;
#2224 = EDGE_CURVE ( 'NONE', #3449, #1238, #4002, .T. ) ;
#2225 = CARTESIAN_POINT ( 'NONE',  ( -19.46496222574226209, -28.47129294843108482, -4.000000000000000000 ) ) ;
#2226 = ORIENTED_EDGE ( 'NONE', *, *, #2771, .T. ) ;
#2227 = CYLINDRICAL_SURFACE ( 'NONE', #3909, 2.250000000000001776 ) ;
#2228 = CARTESIAN_POINT ( 'NONE',  ( -16.21496222574229762, 25.27870705156888320, -4.002000000000000668 ) ) ;
#2229 = ADVANCED_FACE ( 'NONE', ( #159 ), #3232, .T. ) ;
#2230 = CARTESIAN_POINT ( 'NONE',  ( 19.03503777425773080, 30.02870705156891162, 8.585786437626897083 ) ) ;
#2231 = VERTEX_POINT ( 'NONE', #2476 ) ;
#2232 = FACE_OUTER_BOUND ( 'NONE', #3206, .T. ) ;
#2233 = VERTEX_POINT ( 'NONE', #131 ) ;
#2234 = DIRECTION ( 'NONE',  ( 0.000000000000000000, 0.000000000000000000, -1.000000000000000000 ) ) ;
#2235 = ADVANCED_FACE ( 'NONE', ( #1701 ), #2574, .T. ) ;
#2236 = ORIENTED_EDGE ( 'NONE', *, *, #3656, .T. ) ;
#2237 = DIRECTION ( 'NONE',  ( -0.000000000000000000, -0.000000000000000000, -1.000000000000000000 ) ) ;
#2238 = DIRECTION ( 'NONE',  ( 1.000000000000000000, 0.000000000000000000, 0.000000000000000000 ) ) ;
#2239 = ORIENTED_EDGE ( 'NONE', *, *, #5017, .T. ) ;
#2240 = EDGE_LOOP ( 'NONE', ( #842, #3846, #1926, #2731 ) ) ;
#2241 = CARTESIAN_POINT ( 'NONE',  ( -17.96496222574226564, 30.02870705156890097, 8.378679656440352730 ) ) ;
#2242 = CYLINDRICAL_SURFACE ( 'NONE', #4264, 2.749999999999995559 ) ;
#2243 = B_SPLINE_CURVE_WITH_KNOTS ( 'NONE', 3,
 ( #3682, #4477, #982, #2541, #2150, #4625, #4153, #3063 ),
 .UNSPECIFIED., .F., .F.,
 ( 4, 2, 2, 4 ),
 ( 0.005012723951849119668, 0.005703939881792376848, 0.006049547846764002403, 0.006395155811735627957 ),
 .UNSPECIFIED. ) ;
#2244 = SURFACE_STYLE_USAGE ( .BOTH. , #2587 ) ;
#2245 = ORIENTED_EDGE ( 'NONE', *, *, #2830, .F. ) ;
#2246 = CARTESIAN_POINT ( 'NONE',  ( -17.96496222574225854, -26.97129294843108838, -4.000000000000000000 ) ) ;
#2247 = DIRECTION ( 'NONE',  ( 1.000000000000000000, 2.703465157366452467E-16, -0.000000000000000000 ) ) ;
#2248 = DIRECTION ( 'NONE',  ( 1.000000000000000000, 0.000000000000000000, 0.000000000000000000 ) ) ;
#2249 = CYLINDRICAL_SURFACE ( 'NONE', #4397, 1.000000000000000888 ) ;
#2250 = CARTESIAN_POINT ( 'NONE',  ( -19.46496222574226920, 27.02870705156890097, -4.000000000000000000 ) ) ;
#2251 = ADVANCED_FACE ( 'NONE', ( #2138 ), #4658, .T. ) ;
#2252 = ORIENTED_EDGE ( 'NONE', *, *, #3481, .F. ) ;
#2253 = CARTESIAN_POINT ( 'NONE',  ( 9.696421766834003364, 19.84070686846390430, 9.999999999999998224 ) ) ;
#2254 = DIRECTION ( 'NONE',  ( 1.000000000000000000, 0.000000000000000000, 0.000000000000000000 ) ) ;
#2255 = ORIENTED_EDGE ( 'NONE', *, *, #2100, .T. ) ;
#2256 = CARTESIAN_POINT ( 'NONE',  ( -17.96496222574226564, 30.02870705156890097, 3.292323440001584611 ) ) ;
#2257 = ORIENTED_EDGE ( 'NONE', *, *, #1155, .T. ) ;
#2258 = EDGE_CURVE ( 'NONE', #3991, #3999, #2081, .T. ) ;
#2259 = EDGE_CURVE ( 'NONE', #5027, #1006, #4031, .T. ) ;
#2260 = ADVANCED_FACE ( 'NONE', ( #1642 ), #1725, .T. ) ;
#2261 = CARTESIAN_POINT ( 'NONE',  ( -16.46496222574226209, -26.97129294843108838, 9.292893218813444989 ) ) ;
#2262 = ORIENTED_EDGE ( 'NONE', *, *, #71, .T. ) ;
#2263 = LINE ( 'NONE', #1833, #1066 ) ;
#2264 = DIRECTION ( 'NONE',  ( 1.000000000000000000, -0.000000000000000000, -0.000000000000000000 ) ) ;
#2265 = EDGE_CURVE ( 'NONE', #390, #2716, #4661, .T. ) ;
#2266 = AXIS2_PLACEMENT_3D ( 'NONE', #4617, #1539, #3405 ) ;
#2267 = DIRECTION ( 'NONE',  ( 0.000000000000000000, 0.000000000000000000, -1.000000000000000000 ) ) ;
#2268 = ORIENTED_EDGE ( 'NONE', *, *, #2821, .F. ) ;
#2269 = LINE ( 'NONE', #686, #317 ) ;
#2270 = LINE ( 'NONE', #3026, #1154 ) ;
#2271 = CIRCLE ( 'NONE', #3255, 1.402036092185268590 ) ;
#2272 = DIRECTION ( 'NONE',  ( 1.000000000000000000, 0.000000000000000000, 0.000000000000000000 ) ) ;
#2273 =( BOUNDED_CURVE ( )  B_SPLINE_CURVE ( 3, ( #1043, #2593, #1444, #940 ),
 .UNSPECIFIED., .F., .F. ) 
 B_SPLINE_CURVE_WITH_KNOTS ( ( 4, 4 ),
 ( 2.709822862097194918, 2.819789510287920908 ),
 .UNSPECIFIED. ) 
 CURVE ( )  GEOMETRIC_REPRESENTATION_ITEM ( )  RATIONAL_B_SPLINE_CURVE ( ( 1.000000000000000000, 0.9989925318741210702, 0.9989925318741210702, 1.000000000000000000 ) ) 
 REPRESENTATION_ITEM ( '' )  );
#2274 = CIRCLE ( 'NONE', #4325, 2.999999999999999112 ) ;
#2275 = ADVANCED_FACE ( 'NONE', ( #1187 ), #4710, .F. ) ;
#2276 = FACE_BOUND ( 'NONE', #4966, .T. ) ;
#2277 = DIRECTION ( 'NONE',  ( 0.000000000000000000, 1.000000000000000000, 0.000000000000000000 ) ) ;
#2278 = AXIS2_PLACEMENT_3D ( 'NONE', #886, #4745, #2134 ) ;
#2279 = VECTOR ( 'NONE', #93, 1000.000000000000000 ) ;
#2280 = ORIENTED_EDGE ( 'NONE', *, *, #1021, .T. ) ;
#2281 = CARTESIAN_POINT ( 'NONE',  ( 16.03503777425773436, 27.02870705156891162, -4.000000000000000000 ) ) ;
#2282 = EDGE_CURVE ( 'NONE', #908, #3378, #4413, .T. ) ;
#2283 = CONICAL_SURFACE ( 'NONE', #3426, 0.9393398282201738114, 0.7853981633974452814 ) ;
#2284 = ORIENTED_EDGE ( 'NONE', *, *, #4093, .F. ) ;
#2285 = VERTEX_POINT ( 'NONE', #4820 ) ;
#2286 = VECTOR ( 'NONE', #4664, 1000.000000000000000 ) ;
#2287 = CARTESIAN_POINT ( 'NONE',  ( 15.78503777425773613, -22.47129294843107417, 8.499999999999998224 ) ) ;
#2288 = CARTESIAN_POINT ( 'NONE',  ( -17.96496222574225499, -18.88893086009725408, 8.378679656440352730 ) ) ;
#2289 = LINE ( 'NONE', #303, #4163 ) ;
#2290 = EDGE_CURVE ( 'NONE', #2967, #2475, #1140, .T. ) ;
#2291 = AXIS2_PLACEMENT_3D ( 'NONE', #4373, #3714, #3306 ) ;
#2292 = EDGE_CURVE ( 'NONE', #1238, #4692, #3765, .T. ) ;
#2293 = CARTESIAN_POINT ( 'NONE',  ( 15.78503777425770060, 22.52870705156892583, 3.292323440001584611 ) ) ;
#2294 = AXIS2_PLACEMENT_3D ( 'NONE', #177, #1763, #1037 ) ;
#2295 = VERTEX_POINT ( 'NONE', #2370 ) ;
#2296 = CARTESIAN_POINT ( 'NONE',  ( 7.285040208365946235, -11.83278339979662874, 6.892323440001584700 ) ) ;
#2297 = CARTESIAN_POINT ( 'NONE',  ( -16.96496222574226209, -25.22129294843106706, -4.002000000000000668 ) ) ;
#2298 = EDGE_CURVE ( 'NONE', #3510, #4576, #3269, .T. ) ;
#2299 = DIRECTION ( 'NONE',  ( -1.000000000000000000, 0.000000000000000000, 0.000000000000000000 ) ) ;
#2300 = FACE_BOUND ( 'NONE', #2441, .T. ) ;
#2301 = LINE ( 'NONE', #712, #2785 ) ;
#2302 = VERTEX_POINT ( 'NONE', #4755 ) ;
#2303 = DIRECTION ( 'NONE',  ( -0.000000000000000000, -0.000000000000000000, -1.000000000000000000 ) ) ;
#2304 = ORIENTED_EDGE ( 'NONE', *, *, #2821, .T. ) ;
#2305 = ORIENTED_EDGE ( 'NONE', *, *, #4127, .T. ) ;
#2306 = VECTOR ( 'NONE', #721, 1000.000000000000000 ) ;
#2307 = CARTESIAN_POINT ( 'NONE',  ( -17.96496222574226564, 30.02870705156890097, -4.000000000000000000 ) ) ;
#2308 = AXIS2_PLACEMENT_3D ( 'NONE', #4607, #2660, #1102 ) ;
#2309 = VERTEX_POINT ( 'NONE', #3540 ) ;
#2310 = CARTESIAN_POINT ( 'NONE',  ( -16.21496222574229051, -19.72129294843107417, 8.499999999999998224 ) ) ;
#2311 = CARTESIAN_POINT ( 'NONE',  ( -17.96496222574226564, 30.02870705156890097, 8.378679656440352730 ) ) ;
#2312 = ORIENTED_EDGE ( 'NONE', *, *, #2458, .T. ) ;
#2313 = CARTESIAN_POINT ( 'NONE',  ( -10.88296222574226668, 25.68270705156890443, 1.699999999999999289 ) ) ;
#2314 = VERTEX_POINT ( 'NONE', #3484 ) ;
#2315 = ORIENTED_EDGE ( 'NONE', *, *, #1155, .F. ) ;
#2316 = CARTESIAN_POINT ( 'NONE',  ( -16.46496222574226209, -26.97129294843108838, 8.939339828220180806 ) ) ;
#2317 = EDGE_CURVE ( 'NONE', #3999, #2231, #1555, .T. ) ;
#2318 = DIRECTION ( 'NONE',  ( 0.000000000000000000, 1.000000000000000000, -0.000000000000000000 ) ) ;
#2319 = DIRECTION ( 'NONE',  ( 0.000000000000000000, 0.000000000000000000, 1.000000000000000000 ) ) ;
#2320 = CARTESIAN_POINT ( 'NONE',  ( 6.892349582463465296, 19.84070686846390430, -4.001000000000001222 ) ) ;
#2321 = CARTESIAN_POINT ( 'NONE',  ( -18.05074866336917339, 21.22778885451527131, 9.999999999999998224 ) ) ;
#2322 = CARTESIAN_POINT ( 'NONE',  ( 17.03503777425773791, -22.47129294843107417, 3.292323440001584611 ) ) ;
#2323 = CARTESIAN_POINT ( 'NONE',  ( 16.03503777425773791, 29.02870705156891162, 8.585786437626898859 ) ) ;
#2324 = ORIENTED_EDGE ( 'NONE', *, *, #4055, .T. ) ;
#2325 = EDGE_CURVE ( 'NONE', #3460, #1848, #4011, .T. ) ;
#2326 = DIRECTION ( 'NONE',  ( 1.000000000000000000, 0.000000000000000000, 0.000000000000000000 ) ) ;
#2327 = CARTESIAN_POINT ( 'NONE',  ( -17.84364188218261305, -19.19870478464573793, 8.499999999999998224 ) ) ;
#2328 = ORIENTED_EDGE ( 'NONE', *, *, #2773, .F. ) ;
#2329 = APPLICATION_PROTOCOL_DEFINITION ( 'draft international standard', 'automotive_design', 1998, #1519 ) ;
#2330 = ORIENTED_EDGE ( 'NONE', *, *, #2202, .T. ) ;
#2331 = CARTESIAN_POINT ( 'NONE',  ( 9.710935302704847061, 13.48838797301253933, 8.499999999999994671 ) ) ;
#2332 = LINE ( 'NONE', #720, #2461 ) ;
#2333 = LINE ( 'NONE', #5047, #3947 ) ;
#2334 = VERTEX_POINT ( 'NONE', #927 ) ;
#2335 = FACE_OUTER_BOUND ( 'NONE', #978, .T. ) ;
#2336 = FACE_OUTER_BOUND ( 'NONE', #3107, .T. ) ;
#2337 = ORIENTED_EDGE ( 'NONE', *, *, #2224, .F. ) ;
#2338 = EDGE_CURVE ( 'NONE', #3355, #707, #580, .T. ) ;
#2339 = CARTESIAN_POINT ( 'NONE',  ( 18.74214455544429114, -26.97129294843108482, 9.292893218813439660 ) ) ;
#2340 = ORIENTED_EDGE ( 'NONE', *, *, #1940, .T. ) ;
#2341 = ORIENTED_EDGE ( 'NONE', *, *, #1007, .T. ) ;
#2342 = DIRECTION ( 'NONE',  ( -0.000000000000000000, -0.000000000000000000, -1.000000000000000000 ) ) ;
#2343 = DIRECTION ( 'NONE',  ( 0.000000000000000000, 0.000000000000000000, -1.000000000000000000 ) ) ;
#2344 = VECTOR ( 'NONE', #2254, 1000.000000000000000 ) ;
#2345 = CYLINDRICAL_SURFACE ( 'NONE', #2872, 1.250000000000001110 ) ;
#2346 = VECTOR ( 'NONE', #3605, 1000.000000000000000 ) ;
#2347 = EDGE_LOOP ( 'NONE', ( #4608, #3923, #3240, #925 ) ) ;
#2348 = CARTESIAN_POINT ( 'NONE',  ( 18.03503777425770238, 22.52870705156903952, 9.910179721124839247 ) ) ;
#2349 = CARTESIAN_POINT ( 'NONE',  ( 17.41371743069808886, 3.020798443105850681E-15, 8.499999999999998224 ) ) ;
#2350 = EDGE_CURVE ( 'NONE', #246, #4407, #3675, .T. ) ;
#2351 = ORIENTED_EDGE ( 'NONE', *, *, #1063, .F. ) ;
#2352 = CARTESIAN_POINT ( 'NONE',  ( -16.46496222574226209, -29.97129294843108838, 8.585786437626900636 ) ) ;
#2353 = CARTESIAN_POINT ( 'NONE',  ( 10.45303777425773362, -25.62529294843109540, 1.699999999999999289 ) ) ;
#2354 = AXIS2_PLACEMENT_3D ( 'NONE', #3160, #2399, #4732 ) ;
#2355 = EDGE_CURVE ( 'NONE', #2960, #2644, #1799, .T. ) ;
#2356 = ORIENTED_EDGE ( 'NONE', *, *, #1529, .F. ) ;
#2357 = AXIS2_PLACEMENT_3D ( 'NONE', #1927, #3955, #2001 ) ;
#2358 = ORIENTED_EDGE ( 'NONE', *, *, #3709, .F. ) ;
#2359 = ORIENTED_EDGE ( 'NONE', *, *, #2598, .T. ) ;
#2360 = VECTOR ( 'NONE', #3095, 1000.000000000000000 ) ;
#2361 = CARTESIAN_POINT ( 'NONE',  ( -16.21496222574229762, 22.52870705156889031, 8.499999999999998224 ) ) ;
#2362 = AXIS2_PLACEMENT_3D ( 'NONE', #2408, #1667, #3254 ) ;
#2363 = VERTEX_POINT ( 'NONE', #976 ) ;
#2364 = DIRECTION ( 'NONE',  ( 0.000000000000000000, 0.000000000000000000, -1.000000000000000000 ) ) ;
#2365 = DIRECTION ( 'NONE',  ( 1.000000000000000000, -3.469446951953611033E-15, 0.000000000000000000 ) ) ;
#2366 = ORIENTED_EDGE ( 'NONE', *, *, #1063, .T. ) ;
#2367 = CARTESIAN_POINT ( 'NONE',  ( 9.710935302704847061, 13.48838797301253933, -4.001000000000001222 ) ) ;
#2368 = VECTOR ( 'NONE', #3147, 1000.000000000000114 ) ;
#2369 = AXIS2_PLACEMENT_3D ( 'NONE', #646, #3755, #3293 ) ;
#2370 = CARTESIAN_POINT ( 'NONE',  ( -9.627525739981200203, 28.40738670800925547, 8.499999999999998224 ) ) ;
#2371 = DIRECTION ( 'NONE',  ( -1.000000000000000000, 0.000000000000000000, 0.000000000000000000 ) ) ;
#2372 = ORIENTED_EDGE ( 'NONE', *, *, #4619, .F. ) ;
#2373 = ORIENTED_EDGE ( 'NONE', *, *, #1086, .F. ) ;
#2374 = DIRECTION ( 'NONE',  ( 1.000000000000000000, 0.000000000000000000, 0.000000000000000000 ) ) ;
#2375 = PLANE ( 'NONE',  #3039 ) ;
#2376 = AXIS2_PLACEMENT_3D ( 'NONE', #3067, #4948, #4184 ) ;
#2377 = EDGE_CURVE ( 'NONE', #4156, #175, #4096, .T. ) ;
#2378 = CARTESIAN_POINT ( 'NONE',  ( 17.85879089240701134, 21.62565125913181419, 9.974069183003321015 ) ) ;
#2379 = CARTESIAN_POINT ( 'NONE',  ( 15.78503777425776988, 25.27870705156888320, 8.499999999999998224 ) ) ;
#2380 = CARTESIAN_POINT ( 'NONE',  ( -16.96496222574226564, 18.77870705156889031, 8.499999999999998224 ) ) ;
#2381 = CARTESIAN_POINT ( 'NONE',  ( 15.78503777425770060, 22.52870705156892583, -0.1010000000000003950 ) ) ;
#2382 = ORIENTED_EDGE ( 'NONE', *, *, #2258, .T. ) ;
#2383 = CARTESIAN_POINT ( 'NONE',  ( -16.46496222574226920, 27.02870705156890097, 9.707106781186542577 ) ) ;
#2384 = EDGE_CURVE ( 'NONE', #1274, #1975, #4099, .T. ) ;
#2385 = DIRECTION ( 'NONE',  ( 1.949127501097536200E-16, -1.000000000000000000, 0.000000000000000000 ) ) ;
#2386 = ORIENTED_EDGE ( 'NONE', *, *, #69, .F. ) ;
#2387 = FACE_OUTER_BOUND ( 'NONE', #3373, .T. ) ;
#2388 = EDGE_LOOP ( 'NONE', ( #3906, #1957 ) ) ;
#2389 = ORIENTED_EDGE ( 'NONE', *, *, #798, .F. ) ;
#2390 = EDGE_CURVE ( 'NONE', #2334, #3218, #3501, .T. ) ;
#2391 = DIRECTION ( 'NONE',  ( -1.000000000000000000, -1.156482317317871971E-16, 0.000000000000000000 ) ) ;
#2392 = ORIENTED_EDGE ( 'NONE', *, *, #3818, .T. ) ;
#2393 = PLANE ( 'NONE',  #2357 ) ;
#2394 = DIRECTION ( 'NONE',  ( 0.000000000000000000, 0.000000000000000000, 1.000000000000000000 ) ) ;
#2395 = ORIENTED_EDGE ( 'NONE', *, *, #3329, .T. ) ;
#2396 = EDGE_CURVE ( 'NONE', #826, #4642, #2065, .T. ) ;
#2397 = VERTEX_POINT ( 'NONE', #3621 ) ;
#2398 = ORIENTED_EDGE ( 'NONE', *, *, #385, .T. ) ;
#2399 = DIRECTION ( 'NONE',  ( -0.000000000000000000, 0.000000000000000000, 1.000000000000000000 ) ) ;
#2400 = CARTESIAN_POINT ( 'NONE',  ( -16.46496222574226209, -29.67839972961763451, 9.292893218813444989 ) ) ;
#2401 = VECTOR ( 'NONE', #4348, 1000.000000000000000 ) ;
#2402 = DIRECTION ( 'NONE',  ( -0.000000000000000000, -0.000000000000000000, 1.000000000000000000 ) ) ;
#2403 = CARTESIAN_POINT ( 'NONE',  ( -10.66696076089826661, 17.28171028643190610, 8.499999999999998224 ) ) ;
#2404 = CARTESIAN_POINT ( 'NONE',  ( 10.45303777425773362, 25.68270705156890443, 1.699999999999999289 ) ) ;
#2405 = CARTESIAN_POINT ( 'NONE',  ( -17.96496222574225854, -26.05365503676488359, 8.378679656440352730 ) ) ;
#2406 = DIRECTION ( 'NONE',  ( 1.000000000000000000, 1.734723475976807094E-16, -0.000000000000000000 ) ) ;
#2407 = LINE ( 'NONE', #1666, #4313 ) ;
#2408 = CARTESIAN_POINT ( 'NONE',  ( 10.45303777425773362, -25.62529294843109540, 1.699999999999999289 ) ) ;
#2409 =( BOUNDED_CURVE ( )  B_SPLINE_CURVE ( 3, ( #1245, #155, #964, #915 ),
 .UNSPECIFIED., .F., .F. ) 
 B_SPLINE_CURVE_WITH_KNOTS ( ( 4, 4 ),
 ( 1.156482317317873451E-16, 0.4977068327427713879 ),
 .UNSPECIFIED. ) 
 CURVE ( )  GEOMETRIC_REPRESENTATION_ITEM ( )  RATIONAL_B_SPLINE_CURVE ( ( 1.000000000000000000, 0.9794636360570612155, 0.9794636360570612155, 1.000000000000000000 ) ) 
 REPRESENTATION_ITEM ( '' )  );
#2410 = ORIENTED_EDGE ( 'NONE', *, *, #1050, .F. ) ;
#2411 = ORIENTED_EDGE ( 'NONE', *, *, #1730, .F. ) ;
#2412 = DIRECTION ( 'NONE',  ( 0.000000000000000000, 0.000000000000000000, -1.000000000000000000 ) ) ;
#2413 = LINE ( 'NONE', #132, #5043 ) ;
#2414 = ORIENTED_EDGE ( 'NONE', *, *, #2584, .T. ) ;
#2415 = CARTESIAN_POINT ( 'NONE',  ( -16.21496222574229407, 19.77870705156889031, -4.002000000000000668 ) ) ;
#2416 = DIRECTION ( 'NONE',  ( 1.000000000000000000, 0.000000000000000000, 0.000000000000000000 ) ) ;
#2417 = ORIENTED_EDGE ( 'NONE', *, *, #1137, .F. ) ;
#2418 = EDGE_CURVE ( 'NONE', #3981, #2990, #113, .T. ) ;
#2419 = EDGE_CURVE ( 'NONE', #1832, #2615, #2992, .T. ) ;
#2420 = EDGE_CURVE ( 'NONE', #950, #1205, #4524, .T. ) ;
#2421 = CARTESIAN_POINT ( 'NONE',  ( 17.62082421188464210, 3.056725742641680849E-15, 9.999999999999998224 ) ) ;
#2422 = DIRECTION ( 'NONE',  ( 1.000000000000000000, 0.000000000000000000, 0.000000000000000000 ) ) ;
#2423 = ORIENTED_EDGE ( 'NONE', *, *, #2350, .T. ) ;
#2424 = DIRECTION ( 'NONE',  ( 1.156482317317871971E-16, -1.000000000000000000, 0.000000000000000000 ) ) ;
#2425 = DIRECTION ( 'NONE',  ( 1.000000000000000000, 0.000000000000000000, 0.000000000000000000 ) ) ;
#2426 = EDGE_CURVE ( 'NONE', #787, #4566, #3040, .T. ) ;
#2427 = PRODUCT_DEFINITION_CONTEXT ( 'detailed design', #1519, 'design' ) ;
#2428 = FACE_BOUND ( 'NONE', #3856, .T. ) ;
#2429 = ORIENTED_EDGE ( 'NONE', *, *, #2836, .F. ) ;
#2430 = DIRECTION ( 'NONE',  ( 1.000000000000000000, 2.703465157366452467E-16, 8.715763992105133893E-33 ) ) ;
#2431 = CARTESIAN_POINT ( 'NONE',  ( -17.46496222574226564, -22.47129294843110969, 3.292323440001584611 ) ) ;
#2432 = DIRECTION ( 'NONE',  ( 1.000000000000000000, 0.000000000000000000, 0.000000000000000000 ) ) ;
#2433 = LINE ( 'NONE', #523, #4735 ) ;
#2434 = LINE ( 'NONE', #2470, #3903 ) ;
#2435 = ADVANCED_FACE ( 'NONE', ( #3275 ), #2481, .F. ) ;
#2436 = CIRCLE ( 'NONE', #5042, 1.250000000000001110 ) ;
#2437 = ORIENTED_EDGE ( 'NONE', *, *, #1950, .F. ) ;
#2438 = EDGE_CURVE ( 'NONE', #1987, #1430, #2607, .T. ) ;
#2439 = VECTOR ( 'NONE', #4227, 1000.000000000000000 ) ;
#2440 = EDGE_CURVE ( 'NONE', #4602, #1596, #1850, .T. ) ;
#2441 = EDGE_LOOP ( 'NONE', ( #1025, #326 ) ) ;
#2442 = CARTESIAN_POINT ( 'NONE',  ( -10.88296222574226668, 25.68270705156890443, 1.699999999999999289 ) ) ;
#2443 = VECTOR ( 'NONE', #1488, 1000.000000000000000 ) ;
#2444 = LINE ( 'NONE', #505, #1863 ) ;
#2445 = VERTEX_POINT ( 'NONE', #4599 ) ;
#2446 = DIRECTION ( 'NONE',  ( 1.000000000000000000, 0.000000000000000000, 0.000000000000000000 ) ) ;
#2447 = EDGE_CURVE ( 'NONE', #3754, #3730, #2332, .T. ) ;
#2448 = CARTESIAN_POINT ( 'NONE',  ( 11.40187074164454017, -28.47129294843108482, 8.378679656440352730 ) ) ;
#2449 = AXIS2_PLACEMENT_3D ( 'NONE', #146, #3300, #1789 ) ;
#2450 = ORIENTED_EDGE ( 'NONE', *, *, #1087, .T. ) ;
#2451 = AXIS2_PLACEMENT_3D ( 'NONE', #4133, #4920, #327 ) ;
#2452 = AXIS2_PLACEMENT_3D ( 'NONE', #3556, #471, #555 ) ;
#2453 = CARTESIAN_POINT ( 'NONE',  ( -1.987927293224997172, 19.84070686846390430, 8.499999999999998224 ) ) ;
#2454 = ORIENTED_EDGE ( 'NONE', *, *, #4931, .T. ) ;
#2455 = ORIENTED_EDGE ( 'NONE', *, *, #1494, .T. ) ;
#2456 = DIRECTION ( 'NONE',  ( 1.000000000000000000, 0.000000000000000000, 0.000000000000000000 ) ) ;
#2457 = DIRECTION ( 'NONE',  ( 1.000000000000000000, 0.000000000000000000, 0.000000000000000000 ) ) ;
#2458 = EDGE_CURVE ( 'NONE', #3167, #4851, #2624, .T. ) ;
#2459 = CARTESIAN_POINT ( 'NONE',  ( 17.99038870055299100, 22.06805273974108772, 9.929404733808764760 ) ) ;
#2460 = AXIS2_PLACEMENT_3D ( 'NONE', #3089, #15, #4686 ) ;
#2461 = VECTOR ( 'NONE', #4142, 1000.000000000000000 ) ;
#2462 = DIRECTION ( 'NONE',  ( 0.000000000000000000, -1.000000000000000000, 0.000000000000000000 ) ) ;
#2463 = CIRCLE ( 'NONE', #336, 3.000000000000000888 ) ;
#2464 = ORIENTED_EDGE ( 'NONE', *, *, #3773, .F. ) ;
#2465 = CARTESIAN_POINT ( 'NONE',  ( 16.03503777425773791, -28.97129294843108482, 8.585786437626900636 ) ) ;
#2466 = EDGE_CURVE ( 'NONE', #1205, #454, #4516, .T. ) ;
#2467 = LINE ( 'NONE', #910, #1320 ) ;
#2468 = ORIENTED_EDGE ( 'NONE', *, *, #4404, .F. ) ;
#2469 = EDGE_CURVE ( 'NONE', #1145, #232, #3952, .T. ) ;
#2470 = CARTESIAN_POINT ( 'NONE',  ( 9.504204806870928834, -28.47129294843108482, 1.699999999999999289 ) ) ;
#2471 = AXIS2_PLACEMENT_3D ( 'NONE', #1042, #3326, #576 ) ;
#2472 = DIRECTION ( 'NONE',  ( 1.000000000000000000, 0.000000000000000000, 0.000000000000000000 ) ) ;
#2473 = ORIENTED_EDGE ( 'NONE', *, *, #171, .F. ) ;
#2474 = AXIS2_PLACEMENT_3D ( 'NONE', #1964, #1657, #5058 ) ;
#2475 = VERTEX_POINT ( 'NONE', #3557 ) ;
#2476 = CARTESIAN_POINT ( 'NONE',  ( -10.66696076089826661, 21.25670570879590571, 9.999999999999998224 ) ) ;
#2477 = DIRECTION ( 'NONE',  ( 1.000000000000000000, 0.000000000000000000, 0.000000000000000000 ) ) ;
#2478 = ORIENTED_EDGE ( 'NONE', *, *, #4236, .T. ) ;
#2479 = CARTESIAN_POINT ( 'NONE',  ( -7.561064025910129244E-15, 27.96804687978908177, 8.939339828220180806 ) ) ;
#2480 = ORIENTED_EDGE ( 'NONE', *, *, #2064, .F. ) ;
#2481 = PLANE ( 'NONE',  #4741 ) ;
#2482 = CARTESIAN_POINT ( 'NONE',  ( -16.46496222574226920, 29.73581383275544709, 9.292893218813444989 ) ) ;
#2483 = CIRCLE ( 'NONE', #278, 3.000000000000000888 ) ;
#2484 = ORIENTED_EDGE ( 'NONE', *, *, #2447, .T. ) ;
#2485 = ORIENTED_EDGE ( 'NONE', *, *, #1690, .T. ) ;
#2486 = EDGE_CURVE ( 'NONE', #293, #2882, #1318, .T. ) ;
#2487 = LINE ( 'NONE', #2916, #5054 ) ;
#2488 = DIRECTION ( 'NONE',  ( -1.000000000000000000, -1.156482317317870246E-16, 0.000000000000000000 ) ) ;
#2489 = CARTESIAN_POINT ( 'NONE',  ( -18.05074866336917339, 27.02870705156890097, 8.999999999999996447 ) ) ;
#2490 = DIRECTION ( 'NONE',  ( -2.409338161078898687E-16, 0.000000000000000000, 1.000000000000000000 ) ) ;
#2491 = VERTEX_POINT ( 'NONE', #4306 ) ;
#2492 = LINE ( 'NONE', #3279, #3663 ) ;
#2493 = AXIS2_PLACEMENT_3D ( 'NONE', #1148, #4271, #824 ) ;
#2494 = DIRECTION ( 'NONE',  ( -0.000000000000000000, -0.000000000000000000, 1.000000000000000000 ) ) ;
#2495 = DIRECTION ( 'NONE',  ( -0.000000000000000000, -0.000000000000000000, 1.000000000000000000 ) ) ;
#2496 = DIRECTION ( 'NONE',  ( 0.000000000000000000, 0.000000000000000000, 1.000000000000000000 ) ) ;
#2497 = ADVANCED_FACE ( 'NONE', ( #4768 ), #2849, .T. ) ;
#2498 = AXIS2_PLACEMENT_3D ( 'NONE', #1960, #1505, #1526 ) ;
#2499 = ADVANCED_FACE ( 'NONE', ( #838 ), #2133, .F. ) ;
#2500 = CARTESIAN_POINT ( 'NONE',  ( 17.53503777425773436, 18.77870705156889031, 8.378679656440352730 ) ) ;
#2501 = ADVANCED_FACE ( 'NONE', ( #525 ), #993, .F. ) ;
#2502 = ORIENTED_EDGE ( 'NONE', *, *, #2486, .T. ) ;
#2503 = CARTESIAN_POINT ( 'NONE',  ( 17.53503777425773791, 3.041844167914499252E-15, 8.378679656440352730 ) ) ;
#2504 = CARTESIAN_POINT ( 'NONE',  ( -12.13839871150333138, 28.40738670800925547, 8.499999999999998224 ) ) ;
#2505 = VERTEX_POINT ( 'NONE', #4461 ) ;
#2506 = FACE_OUTER_BOUND ( 'NONE', #606, .T. ) ;
#2507 = CYLINDRICAL_SURFACE ( 'NONE', #2672, 1.249999999999999334 ) ;
#2508 = ORIENTED_EDGE ( 'NONE', *, *, #2447, .F. ) ;
#2509 = DIRECTION ( 'NONE',  ( -0.000000000000000000, -0.000000000000000000, 1.000000000000000000 ) ) ;
#2510 = FACE_OUTER_BOUND ( 'NONE', #1860, .T. ) ;
#2511 = ORIENTED_EDGE ( 'NONE', *, *, #101, .T. ) ;
#2512 = ORIENTED_EDGE ( 'NONE', *, *, #2338, .F. ) ;
#2513 = DIRECTION ( 'NONE',  ( 0.000000000000000000, 0.000000000000000000, 1.000000000000000000 ) ) ;
#2514 = CARTESIAN_POINT ( 'NONE',  ( 17.75607694387861812, 23.63876380044771253, 10.00000000000000000 ) ) ;
#2515 = DIRECTION ( 'NONE',  ( 1.000000000000000000, 0.000000000000000000, 0.000000000000000000 ) ) ;
#2516 = DIRECTION ( 'NONE',  ( -0.000000000000000000, -1.000000000000000000, -0.000000000000000000 ) ) ;
#2517 = DIRECTION ( 'NONE',  ( 1.000000000000000000, 0.000000000000000000, 0.000000000000000000 ) ) ;
#2518 = ORIENTED_EDGE ( 'NONE', *, *, #4044, .F. ) ;
#2519 = LINE ( 'NONE', #4430, #2021 ) ;
#2520 = CIRCLE ( 'NONE', #2015, 2.999999999999999112 ) ;
#2521 = CARTESIAN_POINT ( 'NONE',  ( -16.46496222574226920, 27.02870705156890097, 9.292893218813444989 ) ) ;
#2522 = DIRECTION ( 'NONE',  ( 0.000000000000000000, -0.000000000000000000, -1.000000000000000000 ) ) ;
#2523 = EDGE_CURVE ( 'NONE', #4377, #1069, #3986, .T. ) ;
#2524 = EDGE_CURVE ( 'NONE', #1987, #1836, #2010, .T. ) ;
#2525 = VECTOR ( 'NONE', #1924, 1000.000000000000000 ) ;
#2526 = ORIENTED_EDGE ( 'NONE', *, *, #276, .T. ) ;
#2527 = DIRECTION ( 'NONE',  ( 1.911638545475383559E-16, -0.7071067811865505703, -0.7071067811865444641 ) ) ;
#2528 = DIRECTION ( 'NONE',  ( 2.409338161078898687E-16, -0.000000000000000000, -1.000000000000000000 ) ) ;
#2529 = CARTESIAN_POINT ( 'NONE',  ( 13.45303777425773539, 25.68270705156890443, 1.699999999999999289 ) ) ;
#2530 = VECTOR ( 'NONE', #2140, 1000.000000000000000 ) ;
#2531 = VERTEX_POINT ( 'NONE', #2379 ) ;
#2532 = CARTESIAN_POINT ( 'NONE',  ( 15.78503777425773613, -22.47129294843107417, 5.000000000000001776 ) ) ;
#2533 = VERTEX_POINT ( 'NONE', #1336 ) ;
#2534 = CARTESIAN_POINT ( 'NONE',  ( -10.66696076089826661, 21.25670570879590571, -4.001000000000001222 ) ) ;
#2535 = VECTOR ( 'NONE', #658, 1000.000000000000000 ) ;
#2536 = DIRECTION ( 'NONE',  ( -1.000000000000000000, 0.000000000000000000, 0.000000000000000000 ) ) ;
#2537 = ORIENTED_EDGE ( 'NONE', *, *, #3728, .F. ) ;
#2538 = AXIS2_PLACEMENT_3D ( 'NONE', #2683, #2319, #2248 ) ;
#2539 = ORIENTED_EDGE ( 'NONE', *, *, #1321, .F. ) ;
#2540 = DIRECTION ( 'NONE',  ( -0.000000000000000000, -0.000000000000000000, 1.000000000000000000 ) ) ;
#2541 = CARTESIAN_POINT ( 'NONE',  ( 17.96403200988508786, -23.04387443688911574, 9.939983050895378369 ) ) ;
#2542 = AXIS2_PLACEMENT_3D ( 'NONE', #3827, #302, #3015 ) ;
#2543 = DIRECTION ( 'NONE',  ( -1.000000000000000000, 0.000000000000000000, 0.000000000000000000 ) ) ;
#2544 = ORIENTED_EDGE ( 'NONE', *, *, #2, .F. ) ;
#2545 = DIRECTION ( 'NONE',  ( 0.000000000000000000, 0.000000000000000000, -1.000000000000000000 ) ) ;
#2546 = CARTESIAN_POINT ( 'NONE',  ( 17.03503777425770238, 22.52870705156892583, -0.1010000000000003950 ) ) ;
#2547 = AXIS2_PLACEMENT_3D ( 'NONE', #4374, #1281, #2432 ) ;
#2548 = ORIENTED_EDGE ( 'NONE', *, *, #4028, .T. ) ;
#2549 = CARTESIAN_POINT ( 'NONE',  ( -19.46496222574226209, -26.97129294843108838, 3.292323440001584611 ) ) ;
#2550 = CARTESIAN_POINT ( 'NONE',  ( -4.791999477595536128, 19.84070686846390430, -4.001000000000001222 ) ) ;
#2551 = CIRCLE ( 'NONE', #2376, 2.749999999999995559 ) ;
#2552 = EDGE_LOOP ( 'NONE', ( #3178, #4125, #3712, #3607 ) ) ;
#2553 = VECTOR ( 'NONE', #1463, 1000.000000000000000 ) ;
#2554 = CARTESIAN_POINT ( 'NONE',  ( 10.45303777425773362, 25.68270705156890443, 1.699999999999999289 ) ) ;
#2555 = ORIENTED_EDGE ( 'NONE', *, *, #4303, .F. ) ;
#2556 = PLANE ( 'NONE',  #2692 ) ;
#2557 = CARTESIAN_POINT ( 'NONE',  ( 16.03503777425773791, -26.97129294843108838, 8.999999999999998224 ) ) ;
#2558 = ORIENTED_EDGE ( 'NONE', *, *, #3491, .F. ) ;
#2559 = DIRECTION ( 'NONE',  ( 0.000000000000000000, 0.7071067811865500152, -0.7071067811865451302 ) ) ;
#2560 = ORIENTED_EDGE ( 'NONE', *, *, #3370, .T. ) ;
#2561 = ORIENTED_EDGE ( 'NONE', *, *, #4800, .F. ) ;
#2562 = DIRECTION ( 'NONE',  ( -0.000000000000000000, -0.000000000000000000, -1.000000000000000000 ) ) ;
#2563 = FACE_BOUND ( 'NONE', #4623, .T. ) ;
#2564 = ADVANCED_FACE ( 'NONE', ( #4427 ), #544, .T. ) ;
#2565 = DIRECTION ( 'NONE',  ( -0.000000000000000000, 1.000000000000000000, 0.000000000000000000 ) ) ;
#2566 = ORIENTED_EDGE ( 'NONE', *, *, #2598, .F. ) ;
#2567 = CARTESIAN_POINT ( 'NONE',  ( -16.21496222574226564, -22.47129294843110969, 3.292323440001584611 ) ) ;
#2568 = DIRECTION ( 'NONE',  ( 1.000000000000000000, 0.000000000000000000, 0.000000000000000000 ) ) ;
#2569 = ORIENTED_EDGE ( 'NONE', *, *, #4932, .T. ) ;
#2570 = DIRECTION ( 'NONE',  ( -1.000000000000000000, 0.000000000000000000, 0.000000000000000000 ) ) ;
#2571 = VECTOR ( 'NONE', #3441, 1000.000000000000000 ) ;
#2572 = CARTESIAN_POINT ( 'NONE',  ( -16.46496222574226920, 30.02870705156890097, 8.585786437626900636 ) ) ;
#2573 = VERTEX_POINT ( 'NONE', #2327 ) ;
#2574 = PLANE ( 'NONE',  #2622 ) ;
#2575 = VERTEX_POINT ( 'NONE', #3891 ) ;
#2576 = DIRECTION ( 'NONE',  ( -1.156482317317871971E-16, 1.000000000000000000, 0.000000000000000000 ) ) ;
#2577 = EDGE_LOOP ( 'NONE', ( #4910, #168, #84, #1874 ) ) ;
#2578 = CARTESIAN_POINT ( 'NONE',  ( -10.88296222574226668, 25.68270705156890443, 8.499999999999998224 ) ) ;
#2579 = ORIENTED_EDGE ( 'NONE', *, *, #2588, .F. ) ;
#2580 = EDGE_LOOP ( 'NONE', ( #1496, #4074, #2789, #367 ) ) ;
#2581 = FACE_OUTER_BOUND ( 'NONE', #573, .T. ) ;
#2582 = CARTESIAN_POINT ( 'NONE',  ( -16.21496222574226564, -22.47129294843110969, -4.002000000000000668 ) ) ;
#2583 = EDGE_CURVE ( 'NONE', #4123, #4247, #4186, .T. ) ;
#2584 = EDGE_CURVE ( 'NONE', #1514, #2074, #1031, .T. ) ;
#2585 = CARTESIAN_POINT ( 'NONE',  ( -10.14106361317946003, -22.11161202698745498, 9.999999999999998224 ) ) ;
#2586 = EDGE_CURVE ( 'NONE', #4731, #2314, #3339, .T. ) ;
#2587 = SURFACE_SIDE_STYLE ('',( #1039 ) ) ;
#2588 = EDGE_CURVE ( 'NONE', #3110, #809, #3316, .T. ) ;
#2589 = ORIENTED_EDGE ( 'NONE', *, *, #1490, .F. ) ;
#2590 = LINE ( 'NONE', #4629, #2684 ) ;
#2591 = CARTESIAN_POINT ( 'NONE',  ( 16.03503777425773436, 28.40738670800926613, 8.499999999999998224 ) ) ;
#2592 = CARTESIAN_POINT ( 'NONE',  ( 17.62082421188463854, 21.22778885451539921, 9.999999999999998224 ) ) ;
#2593 = CARTESIAN_POINT ( 'NONE',  ( 9.297526274148662395, 28.45342862436082854, 8.453958083648428712 ) ) ;
#2594 = CARTESIAN_POINT ( 'NONE',  ( 9.504204806870959032, 28.52870705156890452, 1.699999999999999289 ) ) ;
#2595 = ADVANCED_FACE ( 'NONE', ( #3699 ), #1379, .F. ) ;
#2596 = ORIENTED_EDGE ( 'NONE', *, *, #237, .T. ) ;
#2597 = DIRECTION ( 'NONE',  ( -1.000000000000000000, 0.000000000000000000, -0.000000000000000000 ) ) ;
#2598 = EDGE_CURVE ( 'NONE', #1643, #1514, #951, .T. ) ;
#2599 = ORIENTED_EDGE ( 'NONE', *, *, #662, .T. ) ;
#2600 = AXIS2_PLACEMENT_3D ( 'NONE', #425, #1981, #2416 ) ;
#2601 = ADVANCED_FACE ( 'NONE', ( #196 ), #2939, .F. ) ;
#2602 = CARTESIAN_POINT ( 'NONE',  ( -13.46496222574226920, -22.47129294843110969, 3.292323440001584611 ) ) ;
#2603 = ORIENTED_EDGE ( 'NONE', *, *, #4790, .T. ) ;
#2604 = CIRCLE ( 'NONE', #3571, 1.402036092185269034 ) ;
#2605 = CIRCLE ( 'NONE', #1222, 1.378679656440354062 ) ;
#2606 = ADVANCED_FACE ( 'NONE', ( #4544 ), #3750, .T. ) ;
#2607 = LINE ( 'NONE', #3784, #994 ) ;
#2608 = CARTESIAN_POINT ( 'NONE',  ( 16.53503777425774501, -25.22129294843106706, 3.292323440001584611 ) ) ;
#2609 = ORIENTED_EDGE ( 'NONE', *, *, #3859, .F. ) ;
#2610 = VERTEX_POINT ( 'NONE', #4568 ) ;
#2611 = PLANE ( 'NONE',  #1798 ) ;
#2612 = CYLINDRICAL_SURFACE ( 'NONE', #4891, 2.999999999999999112 ) ;
#2613 = PLANE ( 'NONE',  #1186 ) ;
#2614 = ADVANCED_FACE ( 'NONE', ( #2162 ), #4145, .T. ) ;
#2615 = VERTEX_POINT ( 'NONE', #4168 ) ;
#2616 = ORIENTED_EDGE ( 'NONE', *, *, #2426, .T. ) ;
#2617 = DIRECTION ( 'NONE',  ( -0.000000000000000000, -0.000000000000000000, 1.000000000000000000 ) ) ;
#2618 = DIRECTION ( 'NONE',  ( -0.000000000000000000, 0.000000000000000000, 1.000000000000000000 ) ) ;
#2619 = CIRCLE ( 'NONE', #2861, 1.402036092185269034 ) ;
#2620 = ADVANCED_FACE ( 'NONE', ( #667 ), #272, .F. ) ;
#2621 = AXIS2_PLACEMENT_3D ( 'NONE', #2713, #408, #4327 ) ;
#2622 = AXIS2_PLACEMENT_3D ( 'NONE', #3404, #4929, #4594 ) ;
#2623 = ORIENTED_EDGE ( 'NONE', *, *, #3728, .T. ) ;
#2624 = CIRCLE ( 'NONE', #1477, 2.707106781186548350 ) ;
#2625 = ORIENTED_EDGE ( 'NONE', *, *, #3773, .T. ) ;
#2626 = FACE_OUTER_BOUND ( 'NONE', #3925, .T. ) ;
#2627 = ORIENTED_EDGE ( 'NONE', *, *, #310, .T. ) ;
#2628 = TOROIDAL_SURFACE ( 'NONE', #4341, 1.585786437626902634, 1.000000000000000000 ) ;
#2629 = DIRECTION ( 'NONE',  ( 0.000000000000000000, 0.000000000000000000, 1.000000000000000000 ) ) ;
#2630 = VERTEX_POINT ( 'NONE', #3884 ) ;
#2631 = ORIENTED_EDGE ( 'NONE', *, *, #1038, .T. ) ;
#2632 = CARTESIAN_POINT ( 'NONE',  ( -7.714959791634052877, -28.47129294843108482, 3.292323440001584611 ) ) ;
#2633 = CARTESIAN_POINT ( 'NONE',  ( 11.40187074164453840, -28.47129294843108482, 3.292323440001584611 ) ) ;
#2634 = CARTESIAN_POINT ( 'NONE',  ( 15.78503777425773613, -22.47129294843107417, 9.999999999999998224 ) ) ;
#2635 = EDGE_CURVE ( 'NONE', #2309, #3730, #676, .T. ) ;
#2636 = CARTESIAN_POINT ( 'NONE',  ( 15.78503777425770060, 22.52870705156892583, 5.000000000000001776 ) ) ;
#2637 = VERTEX_POINT ( 'NONE', #991 ) ;
#2638 = FACE_OUTER_BOUND ( 'NONE', #2784, .T. ) ;
#2639 = DIRECTION ( 'NONE',  ( 0.000000000000000000, 0.000000000000000000, 1.000000000000000000 ) ) ;
#2640 = CARTESIAN_POINT ( 'NONE',  ( 7.453037774257734505, 25.68270705156890443, 1.699999999999999289 ) ) ;
#2641 = CIRCLE ( 'NONE', #433, 1.000000000000000888 ) ;
#2642 = EDGE_CURVE ( 'NONE', #1922, #1197, #2805, .T. ) ;
#2643 = EDGE_CURVE ( 'NONE', #4362, #3241, #3427, .T. ) ;
#2644 = VERTEX_POINT ( 'NONE', #2814 ) ;
#2645 = CARTESIAN_POINT ( 'NONE',  ( 16.03503777425773436, 27.02870705156891162, 9.999999999999998224 ) ) ;
#2646 = VECTOR ( 'NONE', #4203, 1000.000000000000000 ) ;
#2647 = EDGE_CURVE ( 'NONE', #1256, #2189, #4680, .T. ) ;
#2648 = ORIENTED_EDGE ( 'NONE', *, *, #4963, .F. ) ;
#2649 = DIRECTION ( 'NONE',  ( -0.000000000000000000, -0.000000000000000000, 1.000000000000000000 ) ) ;
#2650 = CIRCLE ( 'NONE', #3454, 1.074999999999999512 ) ;
#2651 = ORIENTED_EDGE ( 'NONE', *, *, #3468, .T. ) ;
#2652 = CARTESIAN_POINT ( 'NONE',  ( -7.714959791634053765, -11.83278339979662874, 6.892323440001584700 ) ) ;
#2653 = FACE_OUTER_BOUND ( 'NONE', #3233, .T. ) ;
#2654 = ORIENTED_EDGE ( 'NONE', *, *, #3105, .T. ) ;
#2655 = ORIENTED_EDGE ( 'NONE', *, *, #2706, .T. ) ;
#2656 = DIRECTION ( 'NONE',  ( 0.000000000000000000, 0.000000000000000000, 1.000000000000000000 ) ) ;
#2657 = CARTESIAN_POINT ( 'NONE',  ( -7.735828614373006620E-15, 28.61449348919580515, 8.999999999999998224 ) ) ;
#2658 = ADVANCED_FACE ( 'NONE', ( #430 ), #4322, .F. ) ;
#2659 = DIRECTION ( 'NONE',  ( 1.000000000000000000, 0.000000000000000000, 0.000000000000000000 ) ) ;
#2660 = DIRECTION ( 'NONE',  ( -0.000000000000000000, -0.000000000000000000, 1.000000000000000000 ) ) ;
#2661 = ORIENTED_EDGE ( 'NONE', *, *, #3854, .T. ) ;
#2662 = LINE ( 'NONE', #3399, #1064 ) ;
#2663 = DIRECTION ( 'NONE',  ( 1.000000000000000000, 0.000000000000000000, 0.000000000000000000 ) ) ;
#2664 = LINE ( 'NONE', #1373, #4319 ) ;
#2665 = DIRECTION ( 'NONE',  ( 1.000000000000000000, 0.000000000000000000, 0.000000000000000000 ) ) ;
#2666 = ORIENTED_EDGE ( 'NONE', *, *, #4127, .F. ) ;
#2667 = DIRECTION ( 'NONE',  ( 0.000000000000000000, 0.000000000000000000, 1.000000000000000000 ) ) ;
#2668 = ADVANCED_FACE ( 'NONE', ( #3994 ), #495, .F. ) ;
#2669 = ADVANCED_FACE ( 'NONE', ( #4479 ), #203, .T. ) ;
#2670 = ORIENTED_EDGE ( 'NONE', *, *, #4201, .T. ) ;
#2671 = ORIENTED_EDGE ( 'NONE', *, *, #4771, .F. ) ;
#2672 = AXIS2_PLACEMENT_3D ( 'NONE', #2167, #4808, #1293 ) ;
#2673 = CARTESIAN_POINT ( 'NONE',  ( -9.807962225742267393, 25.68270705156890443, 1.699999999999999289 ) ) ;
#2674 = ORIENTED_EDGE ( 'NONE', *, *, #3504, .T. ) ;
#2675 = DIRECTION ( 'NONE',  ( 1.000000000000000000, 0.000000000000000000, 0.000000000000000000 ) ) ;
#2676 = CARTESIAN_POINT ( 'NONE',  ( -12.13839871150333138, 28.40738670800925547, 8.499999999999998224 ) ) ;
#2677 = AXIS2_PLACEMENT_3D ( 'NONE', #179, #984, #604 ) ;
#2678 = DIRECTION ( 'NONE',  ( -0.000000000000000000, 0.000000000000000000, 1.000000000000000000 ) ) ;
#2679 = ORIENTED_EDGE ( 'NONE', *, *, #4404, .T. ) ;
#2680 = CYLINDRICAL_SURFACE ( 'NONE', #738, 2.249999999999998668 ) ;
#2681 = DIRECTION ( 'NONE',  ( -0.000000000000000000, -0.000000000000000000, -1.000000000000000000 ) ) ;
#2682 = CIRCLE ( 'NONE', #479, 3.000000000000000000 ) ;
#2683 = CARTESIAN_POINT ( 'NONE',  ( -16.96496222574225854, -18.72129294843107417, 3.292323440001584611 ) ) ;
#2684 = VECTOR ( 'NONE', #4248, 1000.000000000000000 ) ;
#2685 = FACE_BOUND ( 'NONE', #2577, .T. ) ;
#2686 = DIRECTION ( 'NONE',  ( 1.000000000000000000, 0.000000000000000000, 0.000000000000000000 ) ) ;
#2687 = VECTOR ( 'NONE', #4775, 1000.000000000000000 ) ;
#2688 = CIRCLE ( 'NONE', #2451, 1.249999999999999334 ) ;
#2689 = EDGE_LOOP ( 'NONE', ( #3057, #2236, #513, #1434 ) ) ;
#2690 = CARTESIAN_POINT ( 'NONE',  ( 19.03503777425774146, -26.97129294843108482, -4.000000000000000000 ) ) ;
#2691 = AXIS2_PLACEMENT_3D ( 'NONE', #2634, #2194, #2659 ) ;
#2692 = AXIS2_PLACEMENT_3D ( 'NONE', #1847, #1472, #2234 ) ;
#2693 = ORIENTED_EDGE ( 'NONE', *, *, #4028, .F. ) ;
#2694 = AXIS2_PLACEMENT_3D ( 'NONE', #434, #39, #1610 ) ;
#2695 = AXIS2_PLACEMENT_3D ( 'NONE', #2211, #1776, #2597 ) ;
#2696 = VERTEX_POINT ( 'NONE', #1212 ) ;
#2697 = CARTESIAN_POINT ( 'NONE',  ( 11.52803777425773468, 25.68270705156890443, -0.1000000000000002554 ) ) ;
#2698 = VECTOR ( 'NONE', #4927, 1000.000000000000000 ) ;
#2699 = CARTESIAN_POINT ( 'NONE',  ( -13.96496222574226209, -22.47129294843110969, 5.000000000000001776 ) ) ;
#2700 = ORIENTED_EDGE ( 'NONE', *, *, #2117, .F. ) ;
#2701 = DIRECTION ( 'NONE',  ( 1.000000000000000000, 0.000000000000000000, 0.000000000000000000 ) ) ;
#2702 = DIRECTION ( 'NONE',  ( -0.000000000000000000, -0.000000000000000000, -1.000000000000000000 ) ) ;
#2703 = ADVANCED_FACE ( 'NONE', ( #1917 ), #5060, .T. ) ;
#2704 = CIRCLE ( 'NONE', #4425, 1.074999999999999512 ) ;
#2705 = DIRECTION ( 'NONE',  ( 1.000000000000000000, 0.000000000000000000, 0.000000000000000000 ) ) ;
#2706 = EDGE_CURVE ( 'NONE', #29, #1332, #2736, .T. ) ;
#2707 = CIRCLE ( 'NONE', #1247, 2.999999999999999112 ) ;
#2708 = ORIENTED_EDGE ( 'NONE', *, *, #1885, .F. ) ;
#2709 = ORIENTED_EDGE ( 'NONE', *, *, #3341, .T. ) ;
#2710 = DIRECTION ( 'NONE',  ( -1.000000000000000000, 0.000000000000000000, 0.000000000000000000 ) ) ;
#2711 = CARTESIAN_POINT ( 'NONE',  ( 15.78503777425775390, -19.72129294843107417, 3.292323440001584611 ) ) ;
#2712 = EDGE_CURVE ( 'NONE', #3760, #1097, #1235, .T. ) ;
#2713 = CARTESIAN_POINT ( 'NONE',  ( -16.46496222574226209, -26.97129294843108838, 3.292323440001584611 ) ) ;
#2714 = DIRECTION ( 'NONE',  ( -1.000000000000000000, -2.703465157366452467E-16, 0.000000000000000000 ) ) ;
#2715 = DIRECTION ( 'NONE',  ( 1.000000000000000000, 0.000000000000000000, 0.000000000000000000 ) ) ;
#2716 = VERTEX_POINT ( 'NONE', #1534 ) ;
#2717 = CYLINDRICAL_SURFACE ( 'NONE', #139, 2.999999999999999112 ) ;
#2718 = DIRECTION ( 'NONE',  ( 0.000000000000000000, -1.000000000000000000, 0.000000000000000000 ) ) ;
#2719 = ORIENTED_EDGE ( 'NONE', *, *, #3738, .T. ) ;
#2720 = ORIENTED_EDGE ( 'NONE', *, *, #4112, .T. ) ;
#2721 = AXIS2_PLACEMENT_3D ( 'NONE', #2091, #4072, #2066 ) ;
#2722 = CARTESIAN_POINT ( 'NONE',  ( 15.78503777425776100, 19.77870705156889031, 3.292323440001584611 ) ) ;
#2723 = ORIENTED_EDGE ( 'NONE', *, *, #1438, .T. ) ;
#2724 = DIRECTION ( 'NONE',  ( 0.000000000000000000, 0.000000000000000000, 1.000000000000000000 ) ) ;
#2725 = CARTESIAN_POINT ( 'NONE',  ( 18.03503777425769883, 22.52870705156892583, 5.000000000000001776 ) ) ;
#2726 = ORIENTED_EDGE ( 'NONE', *, *, #1824, .T. ) ;
#2727 = AXIS2_PLACEMENT_3D ( 'NONE', #2891, #4864, #1631 ) ;
#2728 = DIRECTION ( 'NONE',  ( -1.000000000000000000, -0.000000000000000000, -0.000000000000000000 ) ) ;
#2729 = ADVANCED_FACE ( 'NONE', ( #3520 ), #357, .F. ) ;
#2730 = EDGE_CURVE ( 'NONE', #997, #4377, #1563, .T. ) ;
#2731 = ORIENTED_EDGE ( 'NONE', *, *, #1402, .T. ) ;
#2732 = ORIENTED_EDGE ( 'NONE', *, *, #69, .T. ) ;
#2733 = LINE ( 'NONE', #1257, #986 ) ;
#2734 = CARTESIAN_POINT ( 'NONE',  ( 0.000000000000000000, -27.91063277665126208, 8.939339828220180806 ) ) ;
#2735 = EDGE_CURVE ( 'NONE', #4261, #3285, #4835, .T. ) ;
#2736 = LINE ( 'NONE', #70, #1317 ) ;
#2737 = EDGE_LOOP ( 'NONE', ( #92, #1449, #4615, #3292 ) ) ;
#2738 = LINE ( 'NONE', #4300, #2346 ) ;
#2739 = DIRECTION ( 'NONE',  ( -1.000000000000000000, 0.000000000000000000, 0.000000000000000000 ) ) ;
#2740 = EDGE_LOOP ( 'NONE', ( #112, #4014 ) ) ;
#2741 = PLANE ( 'NONE',  #4970 ) ;
#2742 = ORIENTED_EDGE ( 'NONE', *, *, #2747, .T. ) ;
#2743 = EDGE_CURVE ( 'NONE', #908, #2573, #1189, .T. ) ;
#2744 = ORIENTED_EDGE ( 'NONE', *, *, #1456, .T. ) ;
#2745 = ORIENTED_EDGE ( 'NONE', *, *, #330, .F. ) ;
#2746 = CARTESIAN_POINT ( 'NONE',  ( -18.05074866336916983, -2.087537164353565677E-15, 9.999999999999998224 ) ) ;
#2747 = EDGE_CURVE ( 'NONE', #4232, #2148, #1589, .T. ) ;
#2748 = DIRECTION ( 'NONE',  ( 1.000000000000000000, 0.000000000000000000, 0.000000000000000000 ) ) ;
#2749 = ORIENTED_EDGE ( 'NONE', *, *, #1490, .T. ) ;
#2750 = DIRECTION ( 'NONE',  ( 1.000000000000000000, 0.000000000000000000, 0.000000000000000000 ) ) ;
#2751 = DIRECTION ( 'NONE',  ( 0.000000000000000000, -1.000000000000000000, 0.000000000000000000 ) ) ;
#2752 = ORIENTED_EDGE ( 'NONE', *, *, #2377, .F. ) ;
#2753 = VECTOR ( 'NONE', #4699, 1000.000000000000000 ) ;
#2754 = EDGE_CURVE ( 'NONE', #3403, #3082, #1156, .T. ) ;
#2755 =( NAMED_UNIT ( * ) SI_UNIT ( $, .STERADIAN. ) SOLID_ANGLE_UNIT ( ) );
#2756 = EDGE_LOOP ( 'NONE', ( #2745, #1461, #2328, #4049, #4475, #1719, #1363, #911, #2700, #3611 ) ) ;
#2757 = ORIENTED_EDGE ( 'NONE', *, *, #692, .F. ) ;
#2758 = DIRECTION ( 'NONE',  ( -1.000000000000000000, 0.000000000000000000, -0.000000000000000000 ) ) ;
#2759 = CARTESIAN_POINT ( 'NONE',  ( -9.934129258355456571, -28.47129294843108482, 1.699999999999999289 ) ) ;
#2760 = VECTOR ( 'NONE', #3735, 1000.000000000000000 ) ;
#2761 = DIRECTION ( 'NONE',  ( 1.000000000000000000, 0.000000000000000000, 0.000000000000000000 ) ) ;
#2762 = DIRECTION ( 'NONE',  ( -1.000000000000000000, 0.000000000000000000, 0.000000000000000000 ) ) ;
#2763 = AXIS2_PLACEMENT_3D ( 'NONE', #922, #2807, #4859 ) ;
#2764 = EDGE_LOOP ( 'NONE', ( #690, #1229, #1217, #1986 ) ) ;
#2765 = CARTESIAN_POINT ( 'NONE',  ( -16.21496222574229762, 22.52870705156889031, 5.000000000000001776 ) ) ;
#2766 = CARTESIAN_POINT ( 'NONE',  ( -18.28841322314616136, -21.56718509627652125, 9.974174576999267572 ) ) ;
#2767 = ORIENTED_EDGE ( 'NONE', *, *, #2747, .F. ) ;
#2768 = LINE ( 'NONE', #4797, #1533 ) ;
#2769 = AXIS2_PLACEMENT_3D ( 'NONE', #3517, #2007, #2710 ) ;
#2770 = DIRECTION ( 'NONE',  ( 1.000000000000000000, 0.000000000000000000, 0.000000000000000000 ) ) ;
#2771 = EDGE_CURVE ( 'NONE', #4753, #3754, #1554, .T. ) ;
#2772 = VECTOR ( 'NONE', #4411, 1000.000000000000000 ) ;
#2773 = EDGE_CURVE ( 'NONE', #2314, #4960, #981, .T. ) ;
#2774 = ORIENTED_EDGE ( 'NONE', *, *, #1802, .F. ) ;
#2775 = AXIS2_PLACEMENT_3D ( 'NONE', #1684, #3242, #4816 ) ;
#2776 = ORIENTED_EDGE ( 'NONE', *, *, #2933, .F. ) ;
#2777 = AXIS2_PLACEMENT_3D ( 'NONE', #2907, #4437, #4379 ) ;
#2778 = CARTESIAN_POINT ( 'NONE',  ( 0.000000000000000000, -28.34997260487144288, 8.499999999999998224 ) ) ;
#2779 = CARTESIAN_POINT ( 'NONE',  ( -11.83179519312907679, -28.47129294843108482, 3.292323440001584611 ) ) ;
#2780 = VECTOR ( 'NONE', #4662, 1000.000000000000000 ) ;
#2781 = ORIENTED_EDGE ( 'NONE', *, *, #296, .F. ) ;
#2782 = CARTESIAN_POINT ( 'NONE',  ( 13.45303777425773539, -25.62529294843109540, 1.699999999999999289 ) ) ;
#2783 = CARTESIAN_POINT ( 'NONE',  ( -10.14106361317946003, 13.48838797301254111, 9.999999999999998224 ) ) ;
#2784 = EDGE_LOOP ( 'NONE', ( #3217, #3247, #2811, #5038, #1996 ) ) ;
#2785 = VECTOR ( 'NONE', #3840, 1000.000000000000000 ) ;
#2786 = CARTESIAN_POINT ( 'NONE',  ( 15.78503777425776988, 25.27870705156888320, 3.292323440001584611 ) ) ;
#2787 = CYLINDRICAL_SURFACE ( 'NONE', #2493, 1.000000000000000888 ) ;
#2788 = ORIENTED_EDGE ( 'NONE', *, *, #2588, .T. ) ;
#2789 = ORIENTED_EDGE ( 'NONE', *, *, #647, .F. ) ;
#2790 = FACE_OUTER_BOUND ( 'NONE', #723, .T. ) ;
#2791 = DIRECTION ( 'NONE',  ( 0.000000000000000000, 0.000000000000000000, -1.000000000000000000 ) ) ;
#2792 = EDGE_CURVE ( 'NONE', #4865, #2314, #1575, .T. ) ;
#2793 = B_SPLINE_CURVE_WITH_KNOTS ( 'NONE', 3,
 ( #2592, #288, #2378, #458, #2459, #65, #4761, #4018 ),
 .UNSPECIFIED., .F., .F.,
 ( 4, 2, 2, 4 ),
 ( 0.005012723951849101453, 0.005703939881792337817, 0.006049547846763950361, 0.006395155811735563772 ),
 .UNSPECIFIED. ) ;
#2794 = CARTESIAN_POINT ( 'NONE',  ( -16.46496222574226209, -28.55707938605798901, 9.000000000000000000 ) ) ;
#2795 = EDGE_LOOP ( 'NONE', ( #2147, #618, #2994, #2708 ) ) ;
#2796 = LINE ( 'NONE', #4354, #1290 ) ;
#2797 = LINE ( 'NONE', #2017, #1237 ) ;
#2798 = CARTESIAN_POINT ( 'NONE',  ( -9.066960760898265193, 17.28171028643190610, -4.001000000000001222 ) ) ;
#2799 = ORIENTED_EDGE ( 'NONE', *, *, #4646, .T. ) ;
#2800 = ADVANCED_FACE ( 'NONE', ( #1260 ), #2345, .F. ) ;
#2801 = EDGE_CURVE ( 'NONE', #1238, #2531, #3940, .T. ) ;
#2802 = EDGE_CURVE ( 'NONE', #1226, #5056, #160, .T. ) ;
#2803 = ORIENTED_EDGE ( 'NONE', *, *, #1525, .T. ) ;
#2804 = DIRECTION ( 'NONE',  ( -0.000000000000000000, -0.000000000000000000, 1.000000000000000000 ) ) ;
#2805 =( BOUNDED_CURVE ( )  B_SPLINE_CURVE ( 3, ( #1796, #4115, #3715, #208 ),
 .UNSPECIFIED., .F., .F. ) 
 B_SPLINE_CURVE_WITH_KNOTS ( ( 4, 4 ),
 ( 2.709822862097186924, 2.819789510287909362 ),
 .UNSPECIFIED. ) 
 CURVE ( )  GEOMETRIC_REPRESENTATION_ITEM ( )  RATIONAL_B_SPLINE_CURVE ( ( 1.000000000000000000, 0.9989925318741211813, 0.9989925318741211813, 1.000000000000000000 ) ) 
 REPRESENTATION_ITEM ( '' )  );
#2806 = ADVANCED_FACE ( 'NONE', ( #3164 ), #1935, .F. ) ;
#2807 = DIRECTION ( 'NONE',  ( 0.000000000000000000, 0.000000000000000000, 1.000000000000000000 ) ) ;
#2808 = ORIENTED_EDGE ( 'NONE', *, *, #3724, .T. ) ;
#2809 = DIRECTION ( 'NONE',  ( 0.000000000000000000, -1.000000000000000000, 0.000000000000000000 ) ) ;
#2810 = DIRECTION ( 'NONE',  ( 0.000000000000000000, -0.000000000000000000, -1.000000000000000000 ) ) ;
#2811 = ORIENTED_EDGE ( 'NONE', *, *, #2773, .T. ) ;
#2812 = DIRECTION ( 'NONE',  ( 0.000000000000000000, 0.000000000000000000, 1.000000000000000000 ) ) ;
#2813 = ORIENTED_EDGE ( 'NONE', *, *, #2290, .T. ) ;
#2814 = CARTESIAN_POINT ( 'NONE',  ( 18.32793099307118823, 27.02870705156891162, 9.707106781186542577 ) ) ;
#2815 = CARTESIAN_POINT ( 'NONE',  ( -4.791999477595536128, 19.84070686846390430, 8.499999999999998224 ) ) ;
#2816 = CARTESIAN_POINT ( 'NONE',  ( -18.18533071954357183, -23.58229611928820901, 10.00000000000000000 ) ) ;
#2817 = EDGE_CURVE ( 'NONE', #2005, #35, #1659, .T. ) ;
#2818 = AXIS2_PLACEMENT_3D ( 'NONE', #563, #3594, #1653 ) ;
#2819 = DIRECTION ( 'NONE',  ( -0.000000000000000000, -0.000000000000000000, 1.000000000000000000 ) ) ;
#2820 = ORIENTED_EDGE ( 'NONE', *, *, #2292, .F. ) ;
#2821 = EDGE_CURVE ( 'NONE', #218, #3278, #3771, .T. ) ;
#2822 = CARTESIAN_POINT ( 'NONE',  ( 16.03503777425773436, 27.96804687978908532, 8.939339828220180806 ) ) ;
#2823 = CYLINDRICAL_SURFACE ( 'NONE', #2291, 1.402036092185269034 ) ;
#2824 = DIRECTION ( 'NONE',  ( 1.000000000000000000, 0.000000000000000000, 0.000000000000000000 ) ) ;
#2825 = PLANE ( 'NONE',  #4643 ) ;
#2826 = EDGE_CURVE ( 'NONE', #5070, #55, #4056, .T. ) ;
#2827 = ORIENTED_EDGE ( 'NONE', *, *, #3472, .T. ) ;
#2828 = ORIENTED_EDGE ( 'NONE', *, *, #958, .F. ) ;
#2829 = DIRECTION ( 'NONE',  ( 0.000000000000000000, 0.000000000000000000, -1.000000000000000000 ) ) ;
#2830 = EDGE_CURVE ( 'NONE', #4377, #1392, #605, .T. ) ;
#2831 = EDGE_CURVE ( 'NONE', #2190, #1522, #490, .T. ) ;
#2832 = DIRECTION ( 'NONE',  ( -0.000000000000000000, -0.000000000000000000, -1.000000000000000000 ) ) ;
#2833 = ORIENTED_EDGE ( 'NONE', *, *, #3553, .T. ) ;
#2834 = DIRECTION ( 'NONE',  ( 0.000000000000000000, -1.000000000000000000, 0.000000000000000000 ) ) ;
#2835 = ORIENTED_EDGE ( 'NONE', *, *, #2743, .T. ) ;
#2836 = EDGE_CURVE ( 'NONE', #3042, #3214, #1362, .T. ) ;
#2837 = CARTESIAN_POINT ( 'NONE',  ( -10.14106361317946003, 13.48838797301254111, 8.499999999999994671 ) ) ;
#2838 = ORIENTED_EDGE ( 'NONE', *, *, #1915, .F. ) ;
#2839 = ORIENTED_EDGE ( 'NONE', *, *, #1026, .F. ) ;
#2840 = CARTESIAN_POINT ( 'NONE',  ( -13.46496222574226920, -22.47129294843110969, -4.002000000000000668 ) ) ;
#2841 = DIRECTION ( 'NONE',  ( 0.000000000000000000, 0.000000000000000000, 1.000000000000000000 ) ) ;
#2842 = CARTESIAN_POINT ( 'NONE',  ( -10.88296222574226668, 25.68270705156890443, 1.699999999999999289 ) ) ;
#2843 = VERTEX_POINT ( 'NONE', #3628 ) ;
#2844 = CIRCLE ( 'NONE', #2106, 2.707106781186547018 ) ;
#2845 = LINE ( 'NONE', #4483, #59 ) ;
#2846 = DIRECTION ( 'NONE',  ( 1.000000000000000000, 0.000000000000000000, 0.000000000000000000 ) ) ;
#2847 = ORIENTED_EDGE ( 'NONE', *, *, #579, .T. ) ;
#2848 = CYLINDRICAL_SURFACE ( 'NONE', #975, 2.249999999999998668 ) ;
#2849 = CYLINDRICAL_SURFACE ( 'NONE', #4006, 1.074999999999999512 ) ;
#2850 = CIRCLE ( 'NONE', #3007, 2.250000000000001776 ) ;
#2851 = TOROIDAL_SURFACE ( 'NONE', #4819, 1.999999999999997780, 1.000000000000000000 ) ;
#2852 = DIRECTION ( 'NONE',  ( -0.000000000000000000, -0.000000000000000000, 1.000000000000000000 ) ) ;
#2853 = ORIENTED_EDGE ( 'NONE', *, *, #3177, .F. ) ;
#2854 = AXIS2_PLACEMENT_3D ( 'NONE', #1017, #4852, #2075 ) ;
#2855 = EDGE_LOOP ( 'NONE', ( #351, #4601, #3462, #4763, #679 ) ) ;
#2856 = AXIS2_PLACEMENT_3D ( 'NONE', #3086, #1559, #4682 ) ;
#2857 = DIRECTION ( 'NONE',  ( -0.000000000000000000, 0.000000000000000000, 1.000000000000000000 ) ) ;
#2858 = ORIENTED_EDGE ( 'NONE', *, *, #1517, .F. ) ;
#2859 = DIRECTION ( 'NONE',  ( 0.000000000000000000, 0.000000000000000000, -1.000000000000000000 ) ) ;
#2860 = FACE_OUTER_BOUND ( 'NONE', #2552, .T. ) ;
#2861 = AXIS2_PLACEMENT_3D ( 'NONE', #4905, #2961, #3386 ) ;
#2862 = EDGE_LOOP ( 'NONE', ( #3647, #1385, #2820, #508 ) ) ;
#2863 = CIRCLE ( 'NONE', #1136, 1.249999999999999334 ) ;
#2864 = EDGE_CURVE ( 'NONE', #200, #2911, #4428, .T. ) ;
#2865 = VECTOR ( 'NONE', #3294, 1000.000000000000000 ) ;
#2866 = DIRECTION ( 'NONE',  ( -0.000000000000000000, -0.000000000000000000, 1.000000000000000000 ) ) ;
#2867 = VECTOR ( 'NONE', #1705, 1000.000000000000000 ) ;
#2868 = ORIENTED_EDGE ( 'NONE', *, *, #2438, .T. ) ;
#2869 = ORIENTED_EDGE ( 'NONE', *, *, #2384, .T. ) ;
#2870 = FACE_OUTER_BOUND ( 'NONE', #1760, .T. ) ;
#2871 = CARTESIAN_POINT ( 'NONE',  ( -18.05074866336916628, -23.77221114548468606, 9.999999999999998224 ) ) ;
#2872 = AXIS2_PLACEMENT_3D ( 'NONE', #2381, #2819, #376 ) ;
#2873 = EDGE_CURVE ( 'NONE', #2061, #1664, #2132, .T. ) ;
#2874 = CARTESIAN_POINT ( 'NONE',  ( -12.64106361317946003, 13.48838797301254111, 8.499999999999998224 ) ) ;
#2875 = EDGE_CURVE ( 'NONE', #1493, #1514, #3587, .T. ) ;
#2876 = VECTOR ( 'NONE', #3549, 1000.000000000000000 ) ;
#2877 = ORIENTED_EDGE ( 'NONE', *, *, #1891, .F. ) ;
#2878 = DIRECTION ( 'NONE',  ( 0.000000000000000000, -0.7071067811865451302, -0.7071067811865500152 ) ) ;
#2879 = CARTESIAN_POINT ( 'NONE',  ( -12.13839871150334027, -28.34997260487144288, 8.499999999999998224 ) ) ;
#2880 = DIRECTION ( 'NONE',  ( -0.000000000000000000, -0.000000000000000000, 1.000000000000000000 ) ) ;
#2881 = CIRCLE ( 'NONE', #1412, 1.074999999999999512 ) ;
#2882 = VERTEX_POINT ( 'NONE', #3710 ) ;
#2883 = VERTEX_POINT ( 'NONE', #4849 ) ;
#2884 = CARTESIAN_POINT ( 'NONE',  ( -16.46496222574226920, 27.02870705156890097, 8.939339828220180806 ) ) ;
#2885 = DIRECTION ( 'NONE',  ( 1.000000000000000000, 0.000000000000000000, 0.000000000000000000 ) ) ;
#2886 = ORIENTED_EDGE ( 'NONE', *, *, #2418, .T. ) ;
#2887 = CARTESIAN_POINT ( 'NONE',  ( 2.015431251695973813, 12.66714344531767900, 9.999999999999998224 ) ) ;
#2888 = CARTESIAN_POINT ( 'NONE',  ( 13.45303777425773539, -25.62529294843109540, 1.699999999999999289 ) ) ;
#2889 = ORIENTED_EDGE ( 'NONE', *, *, #4021, .T. ) ;
#2890 = CARTESIAN_POINT ( 'NONE',  ( -10.14106361317946003, -22.11161202698745498, -4.001000000000001222 ) ) ;
#2891 = CARTESIAN_POINT ( 'NONE',  ( 16.97437760247791516, 2.944585131711334415E-15, 8.939339828220180806 ) ) ;
#2892 = AXIS2_PLACEMENT_3D ( 'NONE', #4174, #2559, #3342 ) ;
#2893 = ORIENTED_EDGE ( 'NONE', *, *, #1316, .T. ) ;
#2894 = ORIENTED_EDGE ( 'NONE', *, *, #4154, .F. ) ;
#2895 = CARTESIAN_POINT ( 'NONE',  ( -16.21496222574226564, -22.47129294843110969, -0.1010000000000003950 ) ) ;
#2896 = DIRECTION ( 'NONE',  ( -1.000000000000000000, 0.000000000000000000, 0.000000000000000000 ) ) ;
#2897 = EDGE_CURVE ( 'NONE', #4977, #950, #3653, .T. ) ;
#2898 = LINE ( 'NONE', #1390, #18 ) ;
#2899 = EDGE_CURVE ( 'NONE', #4655, #787, #2152, .T. ) ;
#2900 = ORIENTED_EDGE ( 'NONE', *, *, #2013, .T. ) ;
#2901 = LINE ( 'NONE', #286, #2443 ) ;
#2902 = CARTESIAN_POINT ( 'NONE',  ( 9.197601288496683125, 28.40738670800926258, 8.499999999999998224 ) ) ;
#2903 = CARTESIAN_POINT ( 'NONE',  ( 10.45303777425773362, 25.68270705156890443, 8.499999999999998224 ) ) ;
#2904 = AXIS2_PLACEMENT_3D ( 'NONE', #953, #2866, #4388 ) ;
#2905 = DIRECTION ( 'NONE',  ( 1.000000000000000000, 0.000000000000000000, 0.000000000000000000 ) ) ;
#2906 = EDGE_LOOP ( 'NONE', ( #2868, #222, #805, #2952 ) ) ;
#2907 = CARTESIAN_POINT ( 'NONE',  ( 16.03503777425773436, 27.02870705156891162, 3.292323440001584611 ) ) ;
#2908 = CARTESIAN_POINT ( 'NONE',  ( -17.96496222574226564, 30.02870705156890097, -4.000000000000000000 ) ) ;
#2909 = ORIENTED_EDGE ( 'NONE', *, *, #2217, .T. ) ;
#2910 = DIRECTION ( 'NONE',  ( -1.000000000000000000, -2.703465157366452467E-16, 0.000000000000000000 ) ) ;
#2911 = VERTEX_POINT ( 'NONE', #880 ) ;
#2912 = DIRECTION ( 'NONE',  ( -0.000000000000000000, 0.000000000000000000, 1.000000000000000000 ) ) ;
#2913 = CARTESIAN_POINT ( 'NONE',  ( 2.015431251695973813, 11.01227139059988147, -4.001000000000001222 ) ) ;
#2914 = VERTEX_POINT ( 'NONE', #119 ) ;
#2915 = EDGE_LOOP ( 'NONE', ( #4893, #3009, #4783, #3367 ) ) ;
#2916 = CARTESIAN_POINT ( 'NONE',  ( 15.78503777425776100, 19.77870705156889031, -4.002000000000000668 ) ) ;
#2917 = CARTESIAN_POINT ( 'NONE',  ( 0.000000000000000000, -28.34997260487144288, 8.499999999999998224 ) ) ;
#2918 = EDGE_CURVE ( 'NONE', #826, #2005, #1405, .T. ) ;
#2919 = DIRECTION ( 'NONE',  ( -1.156482317317871971E-16, 1.000000000000000000, 0.000000000000000000 ) ) ;
#2920 = CARTESIAN_POINT ( 'NONE',  ( 2.015431251695973813, 11.01227139059988147, 8.499999999999998224 ) ) ;
#2921 = ORIENTED_EDGE ( 'NONE', *, *, #1016, .T. ) ;
#2922 = CARTESIAN_POINT ( 'NONE',  ( 2.015431251695973813, 11.01227139059988147, -4.001000000000001222 ) ) ;
#2923 = CARTESIAN_POINT ( 'NONE',  ( -7.714959791634051989, -11.83278339979662874, -0.3076765599984150334 ) ) ;
#2924 = CARTESIAN_POINT ( 'NONE',  ( -17.92367420541036438, 25.94859523798343304, 8.419967676772255771 ) ) ;
#2925 = DIRECTION ( 'NONE',  ( 0.000000000000000000, 0.000000000000000000, -1.000000000000000000 ) ) ;
#2926 = CIRCLE ( 'NONE', #2600, 1.585786437626902190 ) ;
#2927 = EDGE_CURVE ( 'NONE', #4841, #58, #4022, .T. ) ;
#2928 = CARTESIAN_POINT ( 'NONE',  ( 18.03503777425773791, -22.47129294843096048, 9.910179721124826813 ) ) ;
#2929 = ORIENTED_EDGE ( 'NONE', *, *, #3022, .F. ) ;
#2930 = DIRECTION ( 'NONE',  ( -1.734723475976807094E-16, 1.000000000000000000, 0.000000000000000000 ) ) ;
#2931 = CARTESIAN_POINT ( 'NONE',  ( -16.46496222574226920, 27.96804687978907822, 8.939339828220180806 ) ) ;
#2932 = CARTESIAN_POINT ( 'NONE',  ( 8.294385674648733442, 19.84070686846390430, 8.499999999999998224 ) ) ;
#2933 = EDGE_CURVE ( 'NONE', #2967, #3218, #1688, .T. ) ;
#2934 = VECTOR ( 'NONE', #4794, 1000.000000000000000 ) ;
#2935 = VERTEX_POINT ( 'NONE', #3685 ) ;
#2936 = CARTESIAN_POINT ( 'NONE',  ( 16.03503777425773436, 27.02870705156891162, 8.378679656440350954 ) ) ;
#2937 = DIRECTION ( 'NONE',  ( -1.000000000000000000, 0.000000000000000000, 0.000000000000000000 ) ) ;
#2938 = ORIENTED_EDGE ( 'NONE', *, *, #643, .F. ) ;
#2939 = CYLINDRICAL_SURFACE ( 'NONE', #4916, 2.250000000000001776 ) ;
#2940 = CIRCLE ( 'NONE', #5046, 1.000000000000000888 ) ;
#2941 = CARTESIAN_POINT ( 'NONE',  ( 13.53503777425773791, -22.47129294843107417, 5.000000000000001776 ) ) ;
#2942 = ORIENTED_EDGE ( 'NONE', *, *, #3353, .T. ) ;
#2943 = AXIS2_PLACEMENT_3D ( 'NONE', #2903, #1695, #4462 ) ;
#2944 = ORIENTED_EDGE ( 'NONE', *, *, #999, .F. ) ;
#2945 = DIRECTION ( 'NONE',  ( 0.000000000000000000, 0.000000000000000000, -1.000000000000000000 ) ) ;
#2946 = FACE_BOUND ( 'NONE', #2388, .T. ) ;
#2947 = AXIS2_PLACEMENT_3D ( 'NONE', #3415, #2656, #4941 ) ;
#2948 = CYLINDRICAL_SURFACE ( 'NONE', #3759, 2.999999999999999112 ) ;
#2949 = VECTOR ( 'NONE', #466, 1000.000000000000000 ) ;
#2950 = AXIS2_PLACEMENT_3D ( 'NONE', #2415, #2809, #2142 ) ;
#2951 = PLANE ( 'NONE',  #356 ) ;
#2952 = ORIENTED_EDGE ( 'NONE', *, *, #2524, .F. ) ;
#2953 = CARTESIAN_POINT ( 'NONE',  ( -8.038973662278976441E-15, 29.73581383275545420, 9.292893218813443212 ) ) ;
#2954 = DIRECTION ( 'NONE',  ( -0.000000000000000000, -0.000000000000000000, -1.000000000000000000 ) ) ;
#2955 = VECTOR ( 'NONE', #1767, 1000.000000000000000 ) ;
#2956 = VECTOR ( 'NONE', #4830, 1000.000000000000000 ) ;
#2957 = VECTOR ( 'NONE', #688, 1000.000000000000000 ) ;
#2958 = LINE ( 'NONE', #1727, #409 ) ;
#2959 = CIRCLE ( 'NONE', #4110, 2.999999999999999112 ) ;
#2960 = VERTEX_POINT ( 'NONE', #4892 ) ;
#2961 = DIRECTION ( 'NONE',  ( 0.000000000000000000, 0.000000000000000000, 1.000000000000000000 ) ) ;
#2962 = CARTESIAN_POINT ( 'NONE',  ( 10.45303777425773362, -25.62529294843109540, 1.699999999999999289 ) ) ;
#2963 = VECTOR ( 'NONE', #3243, 1000.000000000000000 ) ;
#2964 = EDGE_CURVE ( 'NONE', #649, #1583, #3222, .T. ) ;
#2965 = EDGE_CURVE ( 'NONE', #4642, #4123, #2898, .T. ) ;
#2966 = ADVANCED_FACE ( 'NONE', ( #2428, #3989 ), #96, .T. ) ;
#2967 = VERTEX_POINT ( 'NONE', #906 ) ;
#2968 = DIRECTION ( 'NONE',  ( 0.000000000000000000, 0.000000000000000000, -1.000000000000000000 ) ) ;
#2969 = ORIENTED_EDGE ( 'NONE', *, *, #2265, .T. ) ;
#2970 = EDGE_CURVE ( 'NONE', #3964, #3486, #1431, .T. ) ;
#2971 = DIRECTION ( 'NONE',  ( 1.000000000000000000, 0.000000000000000000, 0.000000000000000000 ) ) ;
#2972 = CARTESIAN_POINT ( 'NONE',  ( 7.453037774257734505, 25.68270705156890443, 8.499999999999998224 ) ) ;
#2973 = ORIENTED_EDGE ( 'NONE', *, *, #626, .T. ) ;
#2974 = EDGE_LOOP ( 'NONE', ( #4621, #3223 ) ) ;
#2975 = DIRECTION ( 'NONE',  ( -1.000000000000000000, 0.000000000000000000, 0.000000000000000000 ) ) ;
#2976 = CARTESIAN_POINT ( 'NONE',  ( -16.46496222574226209, -28.47129294843108482, 8.378679656440352730 ) ) ;
#2977 = DIRECTION ( 'NONE',  ( 0.000000000000000000, -1.000000000000000000, 0.000000000000000000 ) ) ;
#2978 = ORIENTED_EDGE ( 'NONE', *, *, #297, .F. ) ;
#2979 = ADVANCED_FACE ( 'NONE', ( #3020 ), #2613, .T. ) ;
#2980 = CARTESIAN_POINT ( 'NONE',  ( -1.987927293224997172, 19.84070686846390430, 9.999999999999998224 ) ) ;
#2981 = CARTESIAN_POINT ( 'NONE',  ( -16.21496222574226564, -22.47129294843110969, 5.000000000000001776 ) ) ;
#2982 = DIRECTION ( 'NONE',  ( 1.000000000000000000, 0.000000000000000000, 0.000000000000000000 ) ) ;
#2983 = ADVANCED_FACE ( 'NONE', ( #630 ), #305, .T. ) ;
#2984 = ADVANCED_FACE ( 'NONE', ( #3354 ), #727, .T. ) ;
#2985 = DIRECTION ( 'NONE',  ( 0.7071067811865500152, 8.177564888978027451E-17, -0.7071067811865451302 ) ) ;
#2986 = ORIENTED_EDGE ( 'NONE', *, *, #952, .F. ) ;
#2987 = EDGE_CURVE ( 'NONE', #3730, #2363, #4136, .T. ) ;
#2988 = ORIENTED_EDGE ( 'NONE', *, *, #329, .F. ) ;
#2989 = CARTESIAN_POINT ( 'NONE',  ( 15.78503777425770060, 22.52870705156892583, -0.1010000000000003950 ) ) ;
#2990 = VERTEX_POINT ( 'NONE', #2174 ) ;
#2991 = ADVANCED_FACE ( 'NONE', ( #2999, #4584 ), #1815, .T. ) ;
#2992 = LINE ( 'NONE', #3390, #2127 ) ;
#2993 = CARTESIAN_POINT ( 'NONE',  ( 17.03503777425770238, 22.52870705156892583, 5.000000000000001776 ) ) ;
#2994 = ORIENTED_EDGE ( 'NONE', *, *, #3103, .T. ) ;
#2995 = EDGE_LOOP ( 'NONE', ( #4872, #3059, #4229, #1599 ) ) ;
#2996 = CARTESIAN_POINT ( 'NONE',  ( 17.41371743069808886, 3.020798443105850681E-15, 8.499999999999998224 ) ) ;
#2997 = CARTESIAN_POINT ( 'NONE',  ( -19.46496222574226920, 27.02870705156890097, 3.292323440001584611 ) ) ;
#2998 = EDGE_CURVE ( 'NONE', #4693, #2533, #3809, .T. ) ;
#2999 = FACE_BOUND ( 'NONE', #3336, .T. ) ;
#3000 = ORIENTED_EDGE ( 'NONE', *, *, #2583, .T. ) ;
#3001 = DIRECTION ( 'NONE',  ( -1.000000000000000000, -0.000000000000000000, -0.000000000000000000 ) ) ;
#3002 = CARTESIAN_POINT ( 'NONE',  ( 17.62082421188464210, 3.056725742641680849E-15, 8.999999999999998224 ) ) ;
#3003 = PLANE ( 'NONE',  #682 ) ;
#3004 = ORIENTED_EDGE ( 'NONE', *, *, #3468, .F. ) ;
#3005 = VECTOR ( 'NONE', #3186, 1000.000000000000000 ) ;
#3006 = ORIENTED_EDGE ( 'NONE', *, *, #2204, .T. ) ;
#3007 = AXIS2_PLACEMENT_3D ( 'NONE', #3525, #464, #524 ) ;
#3008 = CARTESIAN_POINT ( 'NONE',  ( 10.45303777425773362, 25.68270705156890443, -0.1000000000000002554 ) ) ;
#3009 = ORIENTED_EDGE ( 'NONE', *, *, #4063, .T. ) ;
#3010 = EDGE_CURVE ( 'NONE', #3669, #1329, #227, .T. ) ;
#3011 = AXIS2_PLACEMENT_3D ( 'NONE', #3694, #4879, #4496 ) ;
#3012 = CARTESIAN_POINT ( 'NONE',  ( -9.934129258355479664, 28.52870705156890097, 8.378679656440352730 ) ) ;
#3013 = ORIENTED_EDGE ( 'NONE', *, *, #602, .F. ) ;
#3014 = ORIENTED_EDGE ( 'NONE', *, *, #3128, .T. ) ;
#3015 = DIRECTION ( 'NONE',  ( -1.000000000000000000, 0.000000000000000000, 0.000000000000000000 ) ) ;
#3016 = CARTESIAN_POINT ( 'NONE',  ( -10.88296222574226668, 25.68270705156890443, 8.499999999999998224 ) ) ;
#3017 = CIRCLE ( 'NONE', #3419, 1.000000000000000000 ) ;
#3018 = CARTESIAN_POINT ( 'NONE',  ( 17.41371743069809241, -19.19870478464573793, 8.499999999999998224 ) ) ;
#3019 = CIRCLE ( 'NONE', #4494, 1.074999999999999512 ) ;
#3020 = FACE_OUTER_BOUND ( 'NONE', #4535, .T. ) ;
#3021 = CIRCLE ( 'NONE', #743, 1.074999999999999512 ) ;
#3022 = EDGE_CURVE ( 'NONE', #372, #1947, #1984, .T. ) ;
#3023 = ORIENTED_EDGE ( 'NONE', *, *, #276, .F. ) ;
#3024 = ORIENTED_EDGE ( 'NONE', *, *, #3612, .T. ) ;
#3025 = DIRECTION ( 'NONE',  ( -0.000000000000000000, -0.000000000000000000, 1.000000000000000000 ) ) ;
#3026 = CARTESIAN_POINT ( 'NONE',  ( -7.882962225742265794, -25.62529294843109540, 1.699999999999999289 ) ) ;
#3027 = DIRECTION ( 'NONE',  ( 1.000000000000000000, 0.000000000000000000, 0.000000000000000000 ) ) ;
#3028 = EDGE_CURVE ( 'NONE', #1145, #4051, #1080, .T. ) ;
#3029 = AXIS2_PLACEMENT_3D ( 'NONE', #850, #1908, #427 ) ;
#3030 = DIRECTION ( 'NONE',  ( 0.000000000000000000, -0.000000000000000000, -1.000000000000000000 ) ) ;
#3031 = CARTESIAN_POINT ( 'NONE',  ( 10.45303777425773362, -25.62529294843109540, 1.699999999999999289 ) ) ;
#3032 = ORIENTED_EDGE ( 'NONE', *, *, #2338, .T. ) ;
#3033 = DIRECTION ( 'NONE',  ( 0.000000000000000000, 0.000000000000000000, 1.000000000000000000 ) ) ;
#3034 = VECTOR ( 'NONE', #437, 1000.000000000000000 ) ;
#3035 = EDGE_LOOP ( 'NONE', ( #1435, #2178 ) ) ;
#3036 = DIRECTION ( 'NONE',  ( -0.000000000000000000, -0.000000000000000000, -1.000000000000000000 ) ) ;
#3037 = ORIENTED_EDGE ( 'NONE', *, *, #4045, .F. ) ;
#3038 = B_SPLINE_CURVE_WITH_KNOTS ( 'NONE', 3,
 ( #2928, #4488, #995, #4143, #4901, #1399 ),
 .UNSPECIFIED., .F., .F.,
 ( 4, 2, 4 ),
 ( 0.006395155811735627957, 0.007087331231990208827, 0.007779506652244788829 ),
 .UNSPECIFIED. ) ;
#3039 = AXIS2_PLACEMENT_3D ( 'NONE', #432, #2791, #1988 ) ;
#3040 = LINE ( 'NONE', #2652, #325 ) ;
#3041 = ORIENTED_EDGE ( 'NONE', *, *, #4207, .T. ) ;
#3042 = VERTEX_POINT ( 'NONE', #4557 ) ;
#3043 = CARTESIAN_POINT ( 'NONE',  ( -16.21496222574226564, -22.47129294843110969, 5.000000000000001776 ) ) ;
#3044 = CARTESIAN_POINT ( 'NONE',  ( 0.000000000000000000, -28.47129294843108482, 8.378679656440352730 ) ) ;
#3045 =( NAMED_UNIT ( * ) PLANE_ANGLE_UNIT ( ) SI_UNIT ( $, .RADIAN. ) );
#3046 = ORIENTED_EDGE ( 'NONE', *, *, #2647, .T. ) ;
#3047 = CARTESIAN_POINT ( 'NONE',  ( -17.46496222574226564, -22.47129294843110969, 5.000000000000001776 ) ) ;
#3048 = LINE ( 'NONE', #2711, #504 ) ;
#3049 = ADVANCED_FACE ( 'NONE', ( #1859 ), #2951, .F. ) ;
#3050 = ADVANCED_FACE ( 'NONE', ( #1419 ), #3767, .F. ) ;
#3051 = DIRECTION ( 'NONE',  ( 0.000000000000000000, -0.000000000000000000, -1.000000000000000000 ) ) ;
#3052 = CIRCLE ( 'NONE', #3446, 1.000000000000000888 ) ;
#3053 = FACE_OUTER_BOUND ( 'NONE', #901, .T. ) ;
#3054 = VERTEX_POINT ( 'NONE', #261 ) ;
#3055 = CARTESIAN_POINT ( 'NONE',  ( -19.46496222574226920, 28.52870705156889741, 3.292323440001584611 ) ) ;
#3056 = CARTESIAN_POINT ( 'NONE',  ( 15.78503777425770060, 22.52870705156892583, -4.002000000000000668 ) ) ;
#3057 = ORIENTED_EDGE ( 'NONE', *, *, #1708, .F. ) ;
#3058 = AXIS2_PLACEMENT_3D ( 'NONE', #4729, #3958, #2705 ) ;
#3059 = ORIENTED_EDGE ( 'NONE', *, *, #2396, .T. ) ;
#3060 = PLANE ( 'NONE',  #5011 ) ;
#3061 = ORIENTED_EDGE ( 'NONE', *, *, #71, .F. ) ;
#3062 = DIRECTION ( 'NONE',  ( -0.000000000000000000, -0.000000000000000000, 1.000000000000000000 ) ) ;
#3063 = CARTESIAN_POINT ( 'NONE',  ( 18.03503777425773791, -22.47129294843096048, 9.910179721124826813 ) ) ;
#3064 = LINE ( 'NONE', #1180, #2401 ) ;
#3065 = VERTEX_POINT ( 'NONE', #4534 ) ;
#3066 = LINE ( 'NONE', #4205, #2025 ) ;
#3067 = CARTESIAN_POINT ( 'NONE',  ( -16.21496222574229762, 22.52870705156889031, 3.292323440001584611 ) ) ;
#3068 = DIRECTION ( 'NONE',  ( 1.000000000000000000, 0.000000000000000000, 0.000000000000000000 ) ) ;
#3069 = CARTESIAN_POINT ( 'NONE',  ( 9.504204806870928834, -28.47129294843108482, 8.378679656440352730 ) ) ;
#3070 = ORIENTED_EDGE ( 'NONE', *, *, #3950, .T. ) ;
#3071 = CARTESIAN_POINT ( 'NONE',  ( 16.03503777425773791, -26.97129294843108838, 9.292893218813444989 ) ) ;
#3072 = DIRECTION ( 'NONE',  ( 0.000000000000000000, 0.7071067811865500152, -0.7071067811865451302 ) ) ;
#3073 = EDGE_LOOP ( 'NONE', ( #4832, #1132, #1602, #3210 ) ) ;
#3074 = MANIFOLD_SOLID_BREP ( 'Cut-Extrude2', #3361 ) ;
#3075 = VERTEX_POINT ( 'NONE', #4293 ) ;
#3076 = EDGE_CURVE ( 'NONE', #3214, #1274, #4944, .T. ) ;
#3077 = EDGE_CURVE ( 'NONE', #3241, #4362, #1503, .T. ) ;
#3078 = LINE ( 'NONE', #4647, #1899 ) ;
#3079 = ORIENTED_EDGE ( 'NONE', *, *, #3496, .F. ) ;
#3080 = CYLINDRICAL_SURFACE ( 'NONE', #823, 1.500000000000001332 ) ;
#3081 = CARTESIAN_POINT ( 'NONE',  ( -7.679838017693791306E-15, 28.40738670800925902, 8.499999999999998224 ) ) ;
#3082 = VERTEX_POINT ( 'NONE', #1910 ) ;
#3083 = VECTOR ( 'NONE', #1194, 1000.000000000000000 ) ;
#3084 = LINE ( 'NONE', #1231, #197 ) ;
#3085 = ORIENTED_EDGE ( 'NONE', *, *, #1921, .T. ) ;
#3086 = CARTESIAN_POINT ( 'NONE',  ( -10.88296222574226668, -25.62529294843109540, -0.1000000000000002554 ) ) ;
#3087 = CARTESIAN_POINT ( 'NONE',  ( -16.21496222574229762, 22.52870705156889031, 3.292323440001584611 ) ) ;
#3088 = CIRCLE ( 'NONE', #2193, 1.000000000000000888 ) ;
#3089 = CARTESIAN_POINT ( 'NONE',  ( -3.389963385410266206, 19.84070686846390430, 8.499999999999998224 ) ) ;
#3090 = CARTESIAN_POINT ( 'NONE',  ( 9.710935302704854166, -22.11161202698745853, 8.499999999999998224 ) ) ;
#3091 = CARTESIAN_POINT ( 'NONE',  ( -11.83179519312905370, 28.52870705156890097, 3.292323440001584611 ) ) ;
#3092 = VECTOR ( 'NONE', #1361, 1000.000000000000000 ) ;
#3093 = VECTOR ( 'NONE', #1678, 1000.000000000000000 ) ;
#3094 = ORIENTED_EDGE ( 'NONE', *, *, #304, .T. ) ;
#3095 = DIRECTION ( 'NONE',  ( -0.000000000000000000, -0.000000000000000000, 1.000000000000000000 ) ) ;
#3096 = LINE ( 'NONE', #2690, #388 ) ;
#3097 = VECTOR ( 'NONE', #2804, 1000.000000000000000 ) ;
#3098 =( GEOMETRIC_REPRESENTATION_CONTEXT ( 3 ) GLOBAL_UNCERTAINTY_ASSIGNED_CONTEXT ( ( #3962 ) ) GLOBAL_UNIT_ASSIGNED_CONTEXT ( ( #3368, #1827, #1450 ) ) REPRESENTATION_CONTEXT ( 'NONE', 'WORKASPACE' ) );
#3099 = ORIENTED_EDGE ( 'NONE', *, *, #2918, .T. ) ;
#3100 = VECTOR ( 'NONE', #4109, 1000.000000000000114 ) ;
#3101 = EDGE_LOOP ( 'NONE', ( #3889, #453, #1707, #4263 ) ) ;
#3102 = EDGE_CURVE ( 'NONE', #4247, #1165, #3064, .T. ) ;
#3103 = EDGE_CURVE ( 'NONE', #2935, #1256, #3084, .T. ) ;
#3104 = CIRCLE ( 'NONE', #4107, 2.749999999999995559 ) ;
#3105 = EDGE_CURVE ( 'NONE', #3982, #3510, #370, .T. ) ;
#3106 = DIRECTION ( 'NONE',  ( -1.000000000000000000, -1.156482317317871971E-16, 0.000000000000000000 ) ) ;
#3107 = EDGE_LOOP ( 'NONE', ( #1475, #4216, #445, #2410 ) ) ;
#3108 = CARTESIAN_POINT ( 'NONE',  ( 9.504204806870960809, 28.52870705156890452, 3.292323440001584611 ) ) ;
#3109 = LINE ( 'NONE', #3956, #653 ) ;
#3110 = VERTEX_POINT ( 'NONE', #2339 ) ;
#3111 = ADVANCED_FACE ( 'NONE', ( #774 ), #352, .T. ) ;
#3112 = AXIS2_PLACEMENT_3D ( 'NONE', #4874, #3688, #231 ) ;
#3113 = LINE ( 'NONE', #8, #3305 ) ;
#3114 = VECTOR ( 'NONE', #1105, 1000.000000000000000 ) ;
#3115 = VERTEX_POINT ( 'NONE', #452 ) ;
#3116 = VERTEX_POINT ( 'NONE', #3138 ) ;
#3117 = LINE ( 'NONE', #4656, #3756 ) ;
#3118 = DIRECTION ( 'NONE',  ( 0.000000000000000000, -0.000000000000000000, -1.000000000000000000 ) ) ;
#3119 = DIRECTION ( 'NONE',  ( 1.000000000000000000, 0.000000000000000000, 0.000000000000000000 ) ) ;
#3120 = ADVANCED_FACE ( 'NONE', ( #4653 ), #3905, .F. ) ;
#3121 = CARTESIAN_POINT ( 'NONE',  ( -18.46496222574230117, 22.76223873267341347, 9.910179721124439567 ) ) ;
#3122 = ORIENTED_EDGE ( 'NONE', *, *, #2438, .F. ) ;
#3123 = DIRECTION ( 'NONE',  ( 0.000000000000000000, 0.000000000000000000, -1.000000000000000000 ) ) ;
#3124 = CARTESIAN_POINT ( 'NONE',  ( -7.714959791634052877, -29.97129294843108838, 3.292323440001584611 ) ) ;
#3125 = ORIENTED_EDGE ( 'NONE', *, *, #2325, .F. ) ;
#3126 = ADVANCED_FACE ( 'NONE', ( #3564 ), #1930, .F. ) ;
#3127 = CARTESIAN_POINT ( 'NONE',  ( -16.21496222574229762, 22.52870705156889031, 8.499999999999998224 ) ) ;
#3128 = EDGE_CURVE ( 'NONE', #5027, #4057, #1118, .T. ) ;
#3129 = ORIENTED_EDGE ( 'NONE', *, *, #1697, .F. ) ;
#3130 = EDGE_LOOP ( 'NONE', ( #3319, #4007, #2723, #1338 ) ) ;
#3131 = ADVANCED_FACE ( 'NONE', ( #400 ), #2787, .F. ) ;
#3132 = ORIENTED_EDGE ( 'NONE', *, *, #4789, .F. ) ;
#3133 = DIRECTION ( 'NONE',  ( 0.000000000000000000, 0.000000000000000000, 1.000000000000000000 ) ) ;
#3134 = ORIENTED_EDGE ( 'NONE', *, *, #1188, .F. ) ;
#3135 = DIRECTION ( 'NONE',  ( 1.000000000000000000, 0.000000000000000000, 0.000000000000000000 ) ) ;
#3136 = CARTESIAN_POINT ( 'NONE',  ( -19.46496222574226920, 30.02870705156890097, -4.000000000000000000 ) ) ;
#3137 = ORIENTED_EDGE ( 'NONE', *, *, #4020, .F. ) ;
#3138 = CARTESIAN_POINT ( 'NONE',  ( 16.03503777425773791, 28.52870705156890807, 8.378679656440352730 ) ) ;
#3139 = ORIENTED_EDGE ( 'NONE', *, *, #1921, .F. ) ;
#3140 = CARTESIAN_POINT ( 'NONE',  ( 16.03503777425773791, 28.52870705156890807, 3.292323440001584611 ) ) ;
#3141 = DIRECTION ( 'NONE',  ( 1.000000000000000000, 0.000000000000000000, 0.000000000000000000 ) ) ;
#3142 = EDGE_CURVE ( 'NONE', #3410, #3562, #2650, .T. ) ;
#3143 = EDGE_CURVE ( 'NONE', #4410, #55, #428, .T. ) ;
#3144 = CARTESIAN_POINT ( 'NONE',  ( -18.46496222574230117, 22.52870705156889031, 9.910179721124437791 ) ) ;
#3145 = ORIENTED_EDGE ( 'NONE', *, *, #684, .T. ) ;
#3146 = LINE ( 'NONE', #3168, #1062 ) ;
#3147 = DIRECTION ( 'NONE',  ( 0.000000000000000000, -0.7071067811865451302, 0.7071067811865500152 ) ) ;
#3148 = ORIENTED_EDGE ( 'NONE', *, *, #3396, .T. ) ;
#3149 = CARTESIAN_POINT ( 'NONE',  ( -7.882962225742265794, 25.68270705156890443, 1.699999999999999289 ) ) ;
#3150 = CARTESIAN_POINT ( 'NONE',  ( -11.95796222574226597, 25.68270705156890443, -0.1000000000000002554 ) ) ;
#3151 = ORIENTED_EDGE ( 'NONE', *, *, #1671, .F. ) ;
#3152 = ORIENTED_EDGE ( 'NONE', *, *, #3724, .F. ) ;
#3153 = LINE ( 'NONE', #1598, #4202 ) ;
#3154 = ORIENTED_EDGE ( 'NONE', *, *, #2145, .F. ) ;
#3155 = CARTESIAN_POINT ( 'NONE',  ( 9.710935302704847061, 13.48838797301253933, 8.499999999999998224 ) ) ;
#3156 = CARTESIAN_POINT ( 'NONE',  ( -19.46496222574226209, -28.47129294843108482, -4.000000000000000000 ) ) ;
#3157 = VERTEX_POINT ( 'NONE', #1556 ) ;
#3158 = VECTOR ( 'NONE', #3480, 1000.000000000000000 ) ;
#3159 = ORIENTED_EDGE ( 'NONE', *, *, #5003, .T. ) ;
#3160 = CARTESIAN_POINT ( 'NONE',  ( -16.46496222574226209, -26.97129294843108838, 8.999999999999998224 ) ) ;
#3161 = FACE_OUTER_BOUND ( 'NONE', #3184, .T. ) ;
#3162 = EDGE_CURVE ( 'NONE', #787, #4401, #3113, .T. ) ;
#3163 = EDGE_CURVE ( 'NONE', #4655, #3654, #4701, .T. ) ;
#3164 = FACE_OUTER_BOUND ( 'NONE', #396, .T. ) ;
#3165 = CIRCLE ( 'NONE', #1703, 2.292893218813452538 ) ;
#3166 = EDGE_CURVE ( 'NONE', #1150, #3850, #3935, .T. ) ;
#3167 = VERTEX_POINT ( 'NONE', #2482 ) ;
#3168 = CARTESIAN_POINT ( 'NONE',  ( -14.96496222574226564, -22.47129294843110969, -0.1010000000000003950 ) ) ;
#3169 = CARTESIAN_POINT ( 'NONE',  ( -18.18620346118750675, -21.36152134407613445, 9.999999999999996447 ) ) ;
#3170 = ORIENTED_EDGE ( 'NONE', *, *, #602, .T. ) ;
#3171 = ADVANCED_FACE ( 'NONE', ( #1255, #1272 ), #4445, .T. ) ;
#3172 = LINE ( 'NONE', #3150, #657 ) ;
#3173 = CIRCLE ( 'NONE', #3340, 1.249999999999999334 ) ;
#3174 = CARTESIAN_POINT ( 'NONE',  ( 16.03503777425773791, -26.97129294843108838, 8.939339828220180806 ) ) ;
#3175 = ORIENTED_EDGE ( 'NONE', *, *, #1380, .T. ) ;
#3176 = AXIS2_PLACEMENT_3D ( 'NONE', #3043, #2562, #2172 ) ;
#3177 = EDGE_CURVE ( 'NONE', #4665, #819, #620, .T. ) ;
#3178 = ORIENTED_EDGE ( 'NONE', *, *, #3872, .T. ) ;
#3179 = VECTOR ( 'NONE', #4957, 1000.000000000000000 ) ;
#3180 = EDGE_CURVE ( 'NONE', #554, #1468, #4285, .T. ) ;
#3181 = DIRECTION ( 'NONE',  ( 0.000000000000000000, 0.000000000000000000, -1.000000000000000000 ) ) ;
#3182 = VECTOR ( 'NONE', #1206, 1000.000000000000000 ) ;
#3183 = VECTOR ( 'NONE', #1901, 1000.000000000000000 ) ;
#3184 = EDGE_LOOP ( 'NONE', ( #2097, #300, #4219, #158 ) ) ;
#3185 = DIRECTION ( 'NONE',  ( 1.000000000000000000, 0.000000000000000000, 0.000000000000000000 ) ) ;
#3186 = DIRECTION ( 'NONE',  ( -1.156482317317871725E-16, 1.000000000000000000, -1.232595164407830946E-32 ) ) ;
#3187 = ORIENTED_EDGE ( 'NONE', *, *, #2826, .T. ) ;
#3188 = AXIS2_PLACEMENT_3D ( 'NONE', #965, #2522, #2136 ) ;
#3189 = EDGE_CURVE ( 'NONE', #2190, #115, #4813, .T. ) ;
#3190 = FACE_OUTER_BOUND ( 'NONE', #2855, .T. ) ;
#3191 = ORIENTED_EDGE ( 'NONE', *, *, #2325, .T. ) ;
#3192 = ORIENTED_EDGE ( 'NONE', *, *, #4489, .T. ) ;
#3193 = FACE_BOUND ( 'NONE', #2740, .T. ) ;
#3194 = CARTESIAN_POINT ( 'NONE',  ( 1.050003391056464341, 19.84070686846390430, -4.001000000000001222 ) ) ;
#3195 = AXIS2_PLACEMENT_3D ( 'NONE', #355, #4275, #3400 ) ;
#3196 = VECTOR ( 'NONE', #2343, 1000.000000000000000 ) ;
#3197 = DIRECTION ( 'NONE',  ( -0.000000000000000000, -0.000000000000000000, 1.000000000000000000 ) ) ;
#3198 = ORIENTED_EDGE ( 'NONE', *, *, #1241, .T. ) ;
#3199 = DIRECTION ( 'NONE',  ( -0.7071067811865505703, -1.226634733346704487E-16, -0.7071067811865444641 ) ) ;
#3200 = DIRECTION ( 'NONE',  ( 1.949127501097536693E-16, -1.000000000000000000, 0.000000000000000000 ) ) ;
#3201 = EDGE_CURVE ( 'NONE', #2644, #295, #3295, .T. ) ;
#3202 = CARTESIAN_POINT ( 'NONE',  ( -19.46496222574226209, -26.97129294843108838, 8.585786437626900636 ) ) ;
#3203 = ADVANCED_FACE ( 'NONE', ( #1681 ), #4101, .T. ) ;
#3204 = ORIENTED_EDGE ( 'NONE', *, *, #3341, .F. ) ;
#3205 = ADVANCED_FACE ( 'NONE', ( #928 ), #3216, .F. ) ;
#3206 = EDGE_LOOP ( 'NONE', ( #873, #3094, #4801, #1011 ) ) ;
#3207 = CARTESIAN_POINT ( 'NONE',  ( 0.000000000000000000, -29.67839972961763451, 9.292893218813444989 ) ) ;
#3208 = LINE ( 'NONE', #1674, #1630 ) ;
#3209 = DIRECTION ( 'NONE',  ( 1.000000000000000000, 0.000000000000000000, -0.000000000000000000 ) ) ;
#3210 = ORIENTED_EDGE ( 'NONE', *, *, #1516, .F. ) ;
#3211 = CARTESIAN_POINT ( 'NONE',  ( 17.53503777425773080, 30.02870705156891162, 3.292323440001584611 ) ) ;
#3212 = FACE_OUTER_BOUND ( 'NONE', #2068, .T. ) ;
#3213 = VECTOR ( 'NONE', #1709, 1000.000000000000000 ) ;
#3214 = VERTEX_POINT ( 'NONE', #2837 ) ;
#3215 = DIRECTION ( 'NONE',  ( 0.000000000000000000, 0.000000000000000000, 1.000000000000000000 ) ) ;
#3216 = PLANE ( 'NONE',  #709 ) ;
#3217 = ORIENTED_EDGE ( 'NONE', *, *, #3990, .T. ) ;
#3218 = VERTEX_POINT ( 'NONE', #4473 ) ;
#3219 = CARTESIAN_POINT ( 'NONE',  ( 16.97437760247790806, 27.02870705156891162, 8.939339828220180806 ) ) ;
#3220 = DIRECTION ( 'NONE',  ( -1.000000000000000000, 0.000000000000000000, 0.000000000000000000 ) ) ;
#3221 = VECTOR ( 'NONE', #5053, 1000.000000000000000 ) ;
#3222 = LINE ( 'NONE', #180, #1903 ) ;
#3223 = ORIENTED_EDGE ( 'NONE', *, *, #1471, .F. ) ;
#3224 = CARTESIAN_POINT ( 'NONE',  ( -16.46496222574226920, 28.52870705156890097, 8.378679656440352730 ) ) ;
#3225 = CARTESIAN_POINT ( 'NONE',  ( 7.285040208365947123, -29.97129294843108838, -0.3076765599984150334 ) ) ;
#3226 = ORIENTED_EDGE ( 'NONE', *, *, #1137, .T. ) ;
#3227 = DIRECTION ( 'NONE',  ( -0.000000000000000000, -0.000000000000000000, 1.000000000000000000 ) ) ;
#3228 = DIRECTION ( 'NONE',  ( 1.000000000000000000, 0.000000000000000000, 0.000000000000000000 ) ) ;
#3229 = ORIENTED_EDGE ( 'NONE', *, *, #3349, .F. ) ;
#3230 = ADVANCED_FACE ( 'NONE', ( #3980 ), #60, .T. ) ;
#3231 = ORIENTED_EDGE ( 'NONE', *, *, #3180, .F. ) ;
#3232 = PLANE ( 'NONE',  #5059 ) ;
#3233 = EDGE_LOOP ( 'NONE', ( #5020, #3723, #2671, #790 ) ) ;
#3234 = PLANE ( 'NONE',  #1949 ) ;
#3235 = DIRECTION ( 'NONE',  ( -0.000000000000000000, -0.000000000000000000, -1.000000000000000000 ) ) ;
#3236 = ORIENTED_EDGE ( 'NONE', *, *, #1675, .T. ) ;
#3237 = ADVANCED_FACE ( 'NONE', ( #3190 ), #2034, .F. ) ;
#3238 = EDGE_CURVE ( 'NONE', #3082, #1704, #3539, .T. ) ;
#3239 = CARTESIAN_POINT ( 'NONE',  ( 10.45303777425773362, -25.62529294843109540, 8.499999999999998224 ) ) ;
#3240 = ORIENTED_EDGE ( 'NONE', *, *, #4128, .T. ) ;
#3241 = VERTEX_POINT ( 'NONE', #875 ) ;
#3242 = DIRECTION ( 'NONE',  ( 1.000000000000000000, -1.949127501097536693E-16, 0.000000000000000000 ) ) ;
#3243 = DIRECTION ( 'NONE',  ( 1.000000000000000000, -0.000000000000000000, -0.000000000000000000 ) ) ;
#3244 = AXIS2_PLACEMENT_3D ( 'NONE', #796, #1551, #4676 ) ;
#3245 = DIRECTION ( 'NONE',  ( 0.000000000000000000, -0.000000000000000000, -1.000000000000000000 ) ) ;
#3246 = CARTESIAN_POINT ( 'NONE',  ( -7.714959791634051989, -28.47129294843108482, -0.3076765599984150334 ) ) ;
#3247 = ORIENTED_EDGE ( 'NONE', *, *, #2586, .T. ) ;
#3248 = CIRCLE ( 'NONE', #1849, 1.000000000000000888 ) ;
#3249 = CARTESIAN_POINT ( 'NONE',  ( 16.53503777425774501, -25.22129294843106706, 8.499999999999998224 ) ) ;
#3250 = DIRECTION ( 'NONE',  ( -1.000000000000000000, 0.000000000000000000, -2.409338161078898687E-16 ) ) ;
#3251 = ORIENTED_EDGE ( 'NONE', *, *, #3780, .T. ) ;
#3252 = DIRECTION ( 'NONE',  ( 1.000000000000000000, 0.000000000000000000, 0.000000000000000000 ) ) ;
#3253 = VECTOR ( 'NONE', #2919, 1000.000000000000000 ) ;
#3254 = DIRECTION ( 'NONE',  ( -1.000000000000000000, 0.000000000000000000, 0.000000000000000000 ) ) ;
#3255 = AXIS2_PLACEMENT_3D ( 'NONE', #2932, #3051, #4611 ) ;
#3256 = ORIENTED_EDGE ( 'NONE', *, *, #3719, .T. ) ;
#3257 = AXIS2_PLACEMENT_3D ( 'NONE', #354, #2342, #431 ) ;
#3258 = ORIENTED_EDGE ( 'NONE', *, *, #3565, .F. ) ;
#3259 = DIRECTION ( 'NONE',  ( 1.000000000000000000, 0.000000000000000000, 0.000000000000000000 ) ) ;
#3260 = CARTESIAN_POINT ( 'NONE',  ( 16.03503777425773436, 27.02870705156891162, 8.585786437626898859 ) ) ;
#3261 = EDGE_LOOP ( 'NONE', ( #4979, #632, #1518, #4545, #3624, #777, #2894, #2781 ) ) ;
#3262 = DIRECTION ( 'NONE',  ( -0.000000000000000000, -0.000000000000000000, -1.000000000000000000 ) ) ;
#3263 = DIRECTION ( 'NONE',  ( 1.000000000000000000, 0.000000000000000000, 0.000000000000000000 ) ) ;
#3264 = ORIENTED_EDGE ( 'NONE', *, *, #1608, .T. ) ;
#3265 = AXIS2_PLACEMENT_3D ( 'NONE', #3008, #694, #4214 ) ;
#3266 = EDGE_CURVE ( 'NONE', #4401, #1782, #141, .T. ) ;
#3267 = EDGE_CURVE ( 'NONE', #1574, #29, #5025, .T. ) ;
#3268 = DIRECTION ( 'NONE',  ( 0.000000000000000000, 0.000000000000000000, -1.000000000000000000 ) ) ;
#3269 = CIRCLE ( 'NONE', #3029, 1.499999999999999556 ) ;
#3270 = ORIENTED_EDGE ( 'NONE', *, *, #14, .F. ) ;
#3271 = EDGE_LOOP ( 'NONE', ( #4378, #4528 ) ) ;
#3272 = PLANE ( 'NONE',  #3493 ) ;
#3273 = CARTESIAN_POINT ( 'NONE',  ( 8.294385674648733442, 19.84070686846390430, -4.001000000000001222 ) ) ;
#3274 = CIRCLE ( 'NONE', #5066, 1.250000000000001110 ) ;
#3275 = FACE_OUTER_BOUND ( 'NONE', #401, .T. ) ;
#3276 = DIRECTION ( 'NONE',  ( 0.000000000000000000, 0.000000000000000000, -1.000000000000000000 ) ) ;
#3277 = AXIS2_PLACEMENT_3D ( 'NONE', #2981, #3357, #4484 ) ;
#3278 = VERTEX_POINT ( 'NONE', #899 ) ;
#3279 = CARTESIAN_POINT ( 'NONE',  ( 12.21093530270484706, 13.48838797301253933, 9.999999999999998224 ) ) ;
#3280 = CARTESIAN_POINT ( 'NONE',  ( 16.53503777425773791, -19.72129294843107417, 3.292323440001584611 ) ) ;
#3281 = VECTOR ( 'NONE', #456, 1000.000000000000000 ) ;
#3282 = CYLINDRICAL_SURFACE ( 'NONE', #3585, 1.074999999999999512 ) ;
#3283 = FACE_OUTER_BOUND ( 'NONE', #3130, .T. ) ;
#3284 = ADVANCED_FACE ( 'NONE', ( #2510 ), #173, .T. ) ;
#3285 = VERTEX_POINT ( 'NONE', #2453 ) ;
#3286 = DIRECTION ( 'NONE',  ( 1.000000000000000000, 0.000000000000000000, 0.000000000000000000 ) ) ;
#3287 = CARTESIAN_POINT ( 'NONE',  ( -7.561064025910129244E-15, 27.96804687978908177, 8.939339828220180806 ) ) ;
#3288 = CARTESIAN_POINT ( 'NONE',  ( -11.83179519312905370, 28.52870705156890097, 8.378679656440354506 ) ) ;
#3289 = VERTEX_POINT ( 'NONE', #3623 ) ;
#3290 = DIRECTION ( 'NONE',  ( -1.000000000000000000, 0.000000000000000000, 0.000000000000000000 ) ) ;
#3291 = EDGE_CURVE ( 'NONE', #3289, #218, #1094, .T. ) ;
#3292 = ORIENTED_EDGE ( 'NONE', *, *, #398, .F. ) ;
#3293 = DIRECTION ( 'NONE',  ( 1.000000000000000000, 0.000000000000000000, 0.000000000000000000 ) ) ;
#3294 = DIRECTION ( 'NONE',  ( -1.734723475976807094E-16, 1.000000000000000000, -0.000000000000000000 ) ) ;
#3295 = LINE ( 'NONE', #480, #2080 ) ;
#3296 = EDGE_LOOP ( 'NONE', ( #50, #2478, #1654, #4743 ) ) ;
#3297 = VERTEX_POINT ( 'NONE', #2972 ) ;
#3298 = CARTESIAN_POINT ( 'NONE',  ( 16.03503777425773791, -28.34997260487144288, 8.499999999999998224 ) ) ;
#3299 = FACE_BOUND ( 'NONE', #4986, .T. ) ;
#3300 = DIRECTION ( 'NONE',  ( -0.000000000000000000, -0.000000000000000000, 1.000000000000000000 ) ) ;
#3301 = CARTESIAN_POINT ( 'NONE',  ( 15.78503777425775390, -19.72129294843107417, -4.002000000000000668 ) ) ;
#3302 = EDGE_LOOP ( 'NONE', ( #4177, #2245, #4862, #2037 ) ) ;
#3303 = CARTESIAN_POINT ( 'NONE',  ( -16.46496222574226920, 28.61449348919580160, 8.999999999999998224 ) ) ;
#3304 = ADVANCED_FACE ( 'NONE', ( #3785 ), #3391, .F. ) ;
#3305 = VECTOR ( 'NONE', #1582, 1000.000000000000000 ) ;
#3306 = DIRECTION ( 'NONE',  ( 1.000000000000000000, 0.000000000000000000, 0.000000000000000000 ) ) ;
#3307 = ADVANCED_FACE ( 'NONE', ( #621 ), #4196, .T. ) ;
#3308 = DIRECTION ( 'NONE',  ( 0.000000000000000000, -0.000000000000000000, -1.000000000000000000 ) ) ;
#3309 = EDGE_LOOP ( 'NONE', ( #3513, #3949 ) ) ;
#3310 = LINE ( 'NONE', #4878, #3331 ) ;
#3311 = DIRECTION ( 'NONE',  ( -0.000000000000000000, 0.000000000000000000, 1.000000000000000000 ) ) ;
#3312 = VERTEX_POINT ( 'NONE', #2941 ) ;
#3313 = CARTESIAN_POINT ( 'NONE',  ( 11.40187074164450998, 28.52870705156890452, 8.378679656440352730 ) ) ;
#3314 = CARTESIAN_POINT ( 'NONE',  ( -9.627525739981193098, -28.34997260487144288, 8.499999999999998224 ) ) ;
#3315 = ORIENTED_EDGE ( 'NONE', *, *, #1367, .T. ) ;
#3316 = LINE ( 'NONE', #2186, #164 ) ;
#3317 = CARTESIAN_POINT ( 'NONE',  ( -16.21496222574229762, 22.52870705156889031, 3.292323440001584611 ) ) ;
#3318 = ORIENTED_EDGE ( 'NONE', *, *, #897, .T. ) ;
#3319 = ORIENTED_EDGE ( 'NONE', *, *, #2042, .T. ) ;
#3320 = LINE ( 'NONE', #4075, #578 ) ;
#3321 = FACE_OUTER_BOUND ( 'NONE', #2756, .T. ) ;
#3322 = CARTESIAN_POINT ( 'NONE',  ( 16.03503777425773791, 30.02870705156891162, -4.000000000000000000 ) ) ;
#3323 = CARTESIAN_POINT ( 'NONE',  ( 17.62082421188464210, 3.056725742641680849E-15, 9.999999999999998224 ) ) ;
#3324 = ORIENTED_EDGE ( 'NONE', *, *, #897, .F. ) ;
#3325 = CARTESIAN_POINT ( 'NONE',  ( 17.53503777425773080, 30.02870705156891162, 3.292323440001584611 ) ) ;
#3326 = DIRECTION ( 'NONE',  ( -1.000000000000000000, 0.000000000000000000, 0.000000000000000000 ) ) ;
#3327 = FACE_OUTER_BOUND ( 'NONE', #3261, .T. ) ;
#3328 = ADVANCED_FACE ( 'NONE', ( #2653 ), #279, .T. ) ;
#3329 = EDGE_CURVE ( 'NONE', #4027, #1809, #1433, .T. ) ;
#3330 = EDGE_CURVE ( 'NONE', #4039, #1848, #4042, .T. ) ;
#3331 = VECTOR ( 'NONE', #1775, 1000.000000000000000 ) ;
#3332 = CARTESIAN_POINT ( 'NONE',  ( 14.53503777425773436, -22.47129294843107417, 5.000000000000001776 ) ) ;
#3333 = EDGE_CURVE ( 'NONE', #2077, #2295, #4369, .T. ) ;
#3334 = ORIENTED_EDGE ( 'NONE', *, *, #966, .T. ) ;
#3335 = LINE ( 'NONE', #3862, #898 ) ;
#3336 = EDGE_LOOP ( 'NONE', ( #3032, #4681 ) ) ;
#3337 = DIRECTION ( 'NONE',  ( 0.7071067811865451302, 0.000000000000000000, 0.7071067811865500152 ) ) ;
#3338 = ORIENTED_EDGE ( 'NONE', *, *, #1804, .F. ) ;
#3339 = LINE ( 'NONE', #4523, #411 ) ;
#3340 = AXIS2_PLACEMENT_3D ( 'NONE', #3960, #802, #373 ) ;
#3341 = EDGE_CURVE ( 'NONE', #3629, #4865, #939, .T. ) ;
#3342 = DIRECTION ( 'NONE',  ( 1.000000000000000000, 0.000000000000000000, 0.000000000000000000 ) ) ;
#3343 = VERTEX_POINT ( 'NONE', #2188 ) ;
#3344 = AXIS2_PLACEMENT_3D ( 'NONE', #3550, #2406, #1665 ) ;
#3345 = ORIENTED_EDGE ( 'NONE', *, *, #1022, .F. ) ;
#3346 = CARTESIAN_POINT ( 'NONE',  ( 7.453037774257734505, 25.68270705156890443, 1.699999999999999289 ) ) ;
#3347 = DIRECTION ( 'NONE',  ( -1.156482317317871971E-16, 1.000000000000000000, 0.000000000000000000 ) ) ;
#3348 = AXIS2_PLACEMENT_3D ( 'NONE', #1012, #624, #2975 ) ;
#3349 = EDGE_CURVE ( 'NONE', #2491, #2334, #4600, .T. ) ;
#3350 = CARTESIAN_POINT ( 'NONE',  ( -17.96496222574226564, 30.02870705156890097, 3.292323440001584611 ) ) ;
#3351 = VECTOR ( 'NONE', #2509, 1000.000000000000000 ) ;
#3352 = AXIS2_PLACEMENT_3D ( 'NONE', #4546, #2968, #3409 ) ;
#3353 = EDGE_CURVE ( 'NONE', #1165, #4333, #252, .T. ) ;
#3354 = FACE_OUTER_BOUND ( 'NONE', #1034, .T. ) ;
#3355 = VERTEX_POINT ( 'NONE', #2993 ) ;
#3356 = DIRECTION ( 'NONE',  ( 1.000000000000000000, 0.000000000000000000, -0.000000000000000000 ) ) ;
#3357 = DIRECTION ( 'NONE',  ( -0.000000000000000000, -0.000000000000000000, -1.000000000000000000 ) ) ;
#3358 = EDGE_CURVE ( 'NONE', #4705, #1651, #3412, .T. ) ;
#3359 = CYLINDRICAL_SURFACE ( 'NONE', #4081, 1.000000000000000888 ) ;
#3360 = CARTESIAN_POINT ( 'NONE',  ( 16.97437760247791516, 2.944585131711334415E-15, 8.939339828220180806 ) ) ;
#3361 = CLOSED_SHELL ( 'NONE', ( #1218, #1342, #4459, #4993, #4160, #4187, #2601, #2275, #266, #2703, #4335, #3230, #2606, #1857, #2983, #1916, #998, #4565, #2668, #1890, #4847, #789, #1532, #2564, #4871, #2229, #4618, #2435, #1146, #3050, #1687, #3855, #2501, #868, #3304, #3637, #4672, #3126, #3638, #1369, #1371, #3707, #1977, #1909, #3711, #1032, #1645, #1542, #1106, #867, #4949, #481, #290, #450, #4252, #1340, #1604, #82, #1368, #517, #2235, #2806, #3867, #2260, #3307, #4909, #1177, #3651, #2979, #1024, #1546, #4490, #1389, #1825, #3448, #3328, #3111, #2110, #1823, #3203, #421, #528, #4332, #2499, #4269, #2223, #413, #862, #3049, #2595, #2205, #38, #105, #4684, #40, #4793, #4418, #405, #4555, #4554, #3205, #4981, #4091, #3120, #1743, #2251, #874, #1457, #4850, #4532, #26, #3389, #3636, #2991, #4640, #3661, #3171, #3708, #4393, #1185, #543, #831, #968, #859, #493, #629, #3237, #3131, #4162, #782, #2620, #3746, #2041, #2729, #3284, #4747, #2669, #2966, #4471, #4364, #257, #1570, #4385, #945, #4384, #844, #2083, #2614, #2497, #2984, #2658, #260, #1478, #1271, #2800, #1162, #1845, #4773 ) ) ;
#3362 = LINE ( 'NONE', #2594, #2698 ) ;
#3363 = EDGE_CURVE ( 'NONE', #2285, #2197, #4549, .T. ) ;
#3364 = ORIENTED_EDGE ( 'NONE', *, *, #1512, .F. ) ;
#3365 = CARTESIAN_POINT ( 'NONE',  ( -11.83179519312907679, -28.47129294843108482, 1.699999999999999289 ) ) ;
#3366 = TOROIDAL_SURFACE ( 'NONE', #4671, 1.585786437626902634, 1.000000000000000000 ) ;
#3367 = ORIENTED_EDGE ( 'NONE', *, *, #1316, .F. ) ;
#3368 =( LENGTH_UNIT ( ) NAMED_UNIT ( * ) SI_UNIT ( .MILLI., .METRE. ) );
#3369 = EDGE_CURVE ( 'NONE', #506, #3474, #3863, .T. ) ;
#3370 = EDGE_CURVE ( 'NONE', #4367, #1782, #4503, .T. ) ;
#3371 = EDGE_LOOP ( 'NONE', ( #7, #3070 ) ) ;
#3372 = CARTESIAN_POINT ( 'NONE',  ( -17.84364188218261660, -2.063585631329678767E-15, 8.499999999999998224 ) ) ;
#3373 = EDGE_LOOP ( 'NONE', ( #1089, #3937, #3145, #1409 ) ) ;
#3374 = ORIENTED_EDGE ( 'NONE', *, *, #4256, .F. ) ;
#3375 = CARTESIAN_POINT ( 'NONE',  ( -19.46496222574226920, 30.02870705156890097, 3.292323440001584611 ) ) ;
#3376 = CARTESIAN_POINT ( 'NONE',  ( -16.21496222574229051, -25.22129294843106706, -4.002000000000000668 ) ) ;
#3377 = DIRECTION ( 'NONE',  ( 1.000000000000000000, 0.000000000000000000, 0.000000000000000000 ) ) ;
#3378 = VERTEX_POINT ( 'NONE', #1009 ) ;
#3379 = CARTESIAN_POINT ( 'NONE',  ( -16.21496222574229762, 22.52870705156889031, -1.363961030678932040 ) ) ;
#3380 = DIRECTION ( 'NONE',  ( 1.000000000000000000, 0.000000000000000000, 0.000000000000000000 ) ) ;
#3381 = VECTOR ( 'NONE', #4149, 1000.000000000000000 ) ;
#3382 = DIRECTION ( 'NONE',  ( 0.000000000000000000, -0.000000000000000000, -1.000000000000000000 ) ) ;
#3383 = FACE_OUTER_BOUND ( 'NONE', #2862, .T. ) ;
#3384 = EDGE_CURVE ( 'NONE', #4550, #4705, #696, .T. ) ;
#3385 = VERTEX_POINT ( 'NONE', #2608 ) ;
#3386 = DIRECTION ( 'NONE',  ( 1.000000000000000000, 0.000000000000000000, 0.000000000000000000 ) ) ;
#3387 = EDGE_LOOP ( 'NONE', ( #2679, #3698 ) ) ;
#3388 = ORIENTED_EDGE ( 'NONE', *, *, #655, .F. ) ;
#3389 = ADVANCED_FACE ( 'NONE', ( #4886 ), #677, .F. ) ;
#3390 = CARTESIAN_POINT ( 'NONE',  ( -16.46496222574226209, -29.97129294843108838, -4.000000000000000000 ) ) ;
#3391 = CYLINDRICAL_SURFACE ( 'NONE', #3619, 1.499999999999999556 ) ;
#3392 = ORIENTED_EDGE ( 'NONE', *, *, #1744, .T. ) ;
#3393 = ORIENTED_EDGE ( 'NONE', *, *, #2927, .T. ) ;
#3394 = LINE ( 'NONE', #3761, #670 ) ;
#3395 = FACE_BOUND ( 'NONE', #3271, .T. ) ;
#3396 = EDGE_CURVE ( 'NONE', #232, #809, #4526, .T. ) ;
#3397 = DIRECTION ( 'NONE',  ( -1.000000000000000000, 0.000000000000000000, -0.000000000000000000 ) ) ;
#3398 = ORIENTED_EDGE ( 'NONE', *, *, #487, .T. ) ;
#3399 = CARTESIAN_POINT ( 'NONE',  ( 17.53503777425773080, 30.02870705156891162, 3.292323440001584611 ) ) ;
#3400 = DIRECTION ( 'NONE',  ( 1.000000000000000000, 1.156482317317871133E-15, 0.000000000000000000 ) ) ;
#3401 = DIRECTION ( 'NONE',  ( 1.000000000000000000, 0.000000000000000000, 0.000000000000000000 ) ) ;
#3402 = DIRECTION ( 'NONE',  ( 1.298934084353236108E-16, -0.7071067811865454633, -0.7071067811865496822 ) ) ;
#3403 = VERTEX_POINT ( 'NONE', #2699 ) ;
#3404 = CARTESIAN_POINT ( 'NONE',  ( 15.78503777425775390, -25.22129294843106706, -4.002000000000000668 ) ) ;
#3405 = DIRECTION ( 'NONE',  ( -1.000000000000000000, -2.703465157366452467E-16, 0.000000000000000000 ) ) ;
#3406 = VECTOR ( 'NONE', #3263, 1000.000000000000000 ) ;
#3407 = EDGE_LOOP ( 'NONE', ( #420, #1282, #4446, #1075 ) ) ;
#3408 = VECTOR ( 'NONE', #3471, 1000.000000000000000 ) ;
#3409 = DIRECTION ( 'NONE',  ( -1.000000000000000000, 0.000000000000000000, 0.000000000000000000 ) ) ;
#3410 = VERTEX_POINT ( 'NONE', #2673 ) ;
#3411 = AXIS2_PLACEMENT_3D ( 'NONE', #1191, #3965, #2016 ) ;
#3412 = LINE ( 'NONE', #3729, #1658 ) ;
#3413 = ORIENTED_EDGE ( 'NONE', *, *, #4946, .T. ) ;
#3414 = ORIENTED_EDGE ( 'NONE', *, *, #449, .T. ) ;
#3415 = CARTESIAN_POINT ( 'NONE',  ( -16.21496222574229762, 22.52870705156889031, -4.002000000000000668 ) ) ;
#3416 = DIRECTION ( 'NONE',  ( 0.000000000000000000, -0.000000000000000000, -1.000000000000000000 ) ) ;
#3417 = DIRECTION ( 'NONE',  ( 1.000000000000000000, 0.000000000000000000, 0.000000000000000000 ) ) ;
#3418 = EDGE_CURVE ( 'NONE', #35, #4642, #4939, .T. ) ;
#3419 = AXIS2_PLACEMENT_3D ( 'NONE', #1364, #2154, #4873 ) ;
#3420 = EDGE_CURVE ( 'NONE', #3760, #1898, #103, .T. ) ;
#3421 = VECTOR ( 'NONE', #4616, 1000.000000000000000 ) ;
#3422 = CIRCLE ( 'NONE', #3176, 1.249999999999999334 ) ;
#3423 = ORIENTED_EDGE ( 'NONE', *, *, #3077, .T. ) ;
#3424 = DIRECTION ( 'NONE',  ( -1.000000000000000000, 0.000000000000000000, 0.000000000000000000 ) ) ;
#3425 = LINE ( 'NONE', #4587, #3114 ) ;
#3426 = AXIS2_PLACEMENT_3D ( 'NONE', #2884, #51, #4776 ) ;
#3427 = CIRCLE ( 'NONE', #4181, 1.250000000000001110 ) ;
#3428 = VECTOR ( 'NONE', #1410, 1000.000000000000000 ) ;
#3429 = DIRECTION ( 'NONE',  ( 0.000000000000000000, 0.000000000000000000, -1.000000000000000000 ) ) ;
#3430 = LINE ( 'NONE', #1867, #3592 ) ;
#3431 = VERTEX_POINT ( 'NONE', #1925 ) ;
#3432 = PLANE ( 'NONE',  #577 ) ;
#3433 = DIRECTION ( 'NONE',  ( 0.000000000000000000, 0.000000000000000000, -1.000000000000000000 ) ) ;
#3434 = AXIS2_PLACEMENT_3D ( 'NONE', #3031, #4591, #2686 ) ;
#3435 = EDGE_LOOP ( 'NONE', ( #3374, #2092, #2938, #1265 ) ) ;
#3436 = ORIENTED_EDGE ( 'NONE', *, *, #952, .T. ) ;
#3437 = DIRECTION ( 'NONE',  ( 1.000000000000000000, 0.000000000000000000, 0.000000000000000000 ) ) ;
#3438 = ORIENTED_EDGE ( 'NONE', *, *, #798, .T. ) ;
#3439 = LINE ( 'NONE', #255, #2032 ) ;
#3440 = DIRECTION ( 'NONE',  ( 1.000000000000000000, 0.000000000000000000, 0.000000000000000000 ) ) ;
#3441 = DIRECTION ( 'NONE',  ( 1.156482317317871971E-16, -1.000000000000000000, -0.000000000000000000 ) ) ;
#3442 = ORIENTED_EDGE ( 'NONE', *, *, #4431, .F. ) ;
#3443 = CARTESIAN_POINT ( 'NONE',  ( 16.53503777425773080, 26.27870705156888320, -4.002000000000000668 ) ) ;
#3444 = LINE ( 'NONE', #2297, #337 ) ;
#3445 = DIRECTION ( 'NONE',  ( 1.000000000000000000, 0.000000000000000000, 0.000000000000000000 ) ) ;
#3446 = AXIS2_PLACEMENT_3D ( 'NONE', #3456, #3824, #323 ) ;
#3447 = CARTESIAN_POINT ( 'NONE',  ( 10.45303777425773362, 25.68270705156890443, -0.1000000000000002554 ) ) ;
#3448 = ADVANCED_FACE ( 'NONE', ( #1500 ), #3060, .F. ) ;
#3449 = VERTEX_POINT ( 'NONE', #2722 ) ;
#3450 = EDGE_CURVE ( 'NONE', #3431, #4860, #4239, .T. ) ;
#3451 = DIRECTION ( 'NONE',  ( -0.000000000000000000, -0.000000000000000000, -1.000000000000000000 ) ) ;
#3452 = AXIS2_PLACEMENT_3D ( 'NONE', #2195, #2267, #3397 ) ;
#3453 = ORIENTED_EDGE ( 'NONE', *, *, #304, .F. ) ;
#3454 = AXIS2_PLACEMENT_3D ( 'NONE', #2313, #3879, #3514 ) ;
#3455 = VERTEX_POINT ( 'NONE', #3874 ) ;
#3456 = CARTESIAN_POINT ( 'NONE',  ( 16.53503777425773791, -18.72129294843107417, 8.499999999999998224 ) ) ;
#3457 = VERTEX_POINT ( 'NONE', #793 ) ;
#3458 = CYLINDRICAL_SURFACE ( 'NONE', #1715, 1.249999999999999334 ) ;
#3459 = DIRECTION ( 'NONE',  ( 1.000000000000000000, 0.000000000000000000, 0.000000000000000000 ) ) ;
#3460 = VERTEX_POINT ( 'NONE', #1521 ) ;
#3461 = CARTESIAN_POINT ( 'NONE',  ( 2.015431251695973813, 12.66714344531767900, -4.001000000000001222 ) ) ;
#3462 = ORIENTED_EDGE ( 'NONE', *, *, #4243, .F. ) ;
#3463 = DIRECTION ( 'NONE',  ( 0.000000000000000000, 0.000000000000000000, -1.000000000000000000 ) ) ;
#3464 = CARTESIAN_POINT ( 'NONE',  ( -17.96496222574226564, 26.27870705156888320, 3.292323440001584611 ) ) ;
#3465 = CARTESIAN_POINT ( 'NONE',  ( -16.96496222574225854, -26.22129294843106706, -4.002000000000000668 ) ) ;
#3466 = DIRECTION ( 'NONE',  ( -0.000000000000000000, -0.000000000000000000, 1.000000000000000000 ) ) ;
#3467 = CARTESIAN_POINT ( 'NONE',  ( 9.197601288496661809, -28.34997260487144288, 8.499999999999998224 ) ) ;
#3468 = EDGE_CURVE ( 'NONE', #3786, #4281, #3153, .T. ) ;
#3469 = EDGE_CURVE ( 'NONE', #1493, #852, #189, .T. ) ;
#3470 = ORIENTED_EDGE ( 'NONE', *, *, #1167, .F. ) ;
#3471 = DIRECTION ( 'NONE',  ( -0.000000000000000000, -0.000000000000000000, 1.000000000000000000 ) ) ;
#3472 = EDGE_CURVE ( 'NONE', #769, #2077, #2333, .T. ) ;
#3473 = EDGE_CURVE ( 'NONE', #2475, #320, #1982, .T. ) ;
#3474 = VERTEX_POINT ( 'NONE', #1225 ) ;
#3475 = VERTEX_POINT ( 'NONE', #768 ) ;
#3476 = AXIS2_PLACEMENT_3D ( 'NONE', #3136, #1174, #4268 ) ;
#3477 = DIRECTION ( 'NONE',  ( -0.000000000000000000, -0.000000000000000000, 1.000000000000000000 ) ) ;
#3478 = ORIENTED_EDGE ( 'NONE', *, *, #1135, .F. ) ;
#3479 = CARTESIAN_POINT ( 'NONE',  ( -17.96496222574225854, -18.72129294843107417, 8.378679656440352730 ) ) ;
#3480 = DIRECTION ( 'NONE',  ( -0.000000000000000000, -1.000000000000000000, 0.000000000000000000 ) ) ;
#3481 = EDGE_CURVE ( 'NONE', #5070, #3449, #3899, .T. ) ;
#3482 = VECTOR ( 'NONE', #683, 1000.000000000000000 ) ;
#3483 = AXIS2_PLACEMENT_3D ( 'NONE', #1239, #1640, #3942 ) ;
#3484 = CARTESIAN_POINT ( 'NONE',  ( -18.46496222574230117, 22.52870705156889031, 9.910179721124437791 ) ) ;
#3485 = CARTESIAN_POINT ( 'NONE',  ( 15.78503777425776100, 19.77870705156889031, 8.499999999999998224 ) ) ;
#3486 = VERTEX_POINT ( 'NONE', #818 ) ;
#3487 = DIRECTION ( 'NONE',  ( 0.000000000000000000, 0.000000000000000000, -1.000000000000000000 ) ) ;
#3488 = EDGE_CURVE ( 'NONE', #649, #2122, #4858, .T. ) ;
#3489 = LINE ( 'NONE', #3598, #509 ) ;
#3490 = AXIS2_PLACEMENT_3D ( 'NONE', #3713, #4513, #4082 ) ;
#3491 = EDGE_CURVE ( 'NONE', #4677, #2696, #2483, .T. ) ;
#3492 = CARTESIAN_POINT ( 'NONE',  ( 15.78503777425770060, 22.52870705156892583, -1.363961030678932040 ) ) ;
#3493 = AXIS2_PLACEMENT_3D ( 'NONE', #4845, #1880, #1436 ) ;
#3494 = DIRECTION ( 'NONE',  ( 1.000000000000000000, 1.734723475976807094E-16, -0.000000000000000000 ) ) ;
#3495 = DIRECTION ( 'NONE',  ( -1.055766918266864661E-15, -0.7071067811865454633, 0.7071067811865496822 ) ) ;
#3496 = EDGE_CURVE ( 'NONE', #435, #2197, #2641, .T. ) ;
#3497 = LINE ( 'NONE', #1065, #2957 ) ;
#3498 = VECTOR ( 'NONE', #4961, 1000.000000000000000 ) ;
#3499 = ORIENTED_EDGE ( 'NONE', *, *, #1305, .T. ) ;
#3500 = DIRECTION ( 'NONE',  ( 1.000000000000000000, 0.000000000000000000, 0.000000000000000000 ) ) ;
#3501 = CIRCLE ( 'NONE', #3677, 2.249999999999998668 ) ;
#3502 = VECTOR ( 'NONE', #3337, 1000.000000000000114 ) ;
#3503 = VERTEX_POINT ( 'NONE', #2779 ) ;
#3504 = EDGE_CURVE ( 'NONE', #4333, #3528, #1171, .T. ) ;
#3505 = ORIENTED_EDGE ( 'NONE', *, *, #2735, .F. ) ;
#3506 = EDGE_LOOP ( 'NONE', ( #4439, #2359, #2414, #1270 ) ) ;
#3507 = AXIS2_PLACEMENT_3D ( 'NONE', #4795, #2846, #3606 ) ;
#3508 = EDGE_CURVE ( 'NONE', #1699, #1273, #3052, .T. ) ;
#3509 = CARTESIAN_POINT ( 'NONE',  ( -10.88296222574226668, -25.62529294843109540, -0.1000000000000002554 ) ) ;
#3510 = VERTEX_POINT ( 'NONE', #3 ) ;
#3511 = CARTESIAN_POINT ( 'NONE',  ( -16.46496222574226209, -28.47129294843108482, 3.292323440001584611 ) ) ;
#3512 = CARTESIAN_POINT ( 'NONE',  ( 7.285040208365946235, -29.97129294843108838, 6.892323440001584700 ) ) ;
#3513 = ORIENTED_EDGE ( 'NONE', *, *, #4574, .T. ) ;
#3514 = DIRECTION ( 'NONE',  ( -1.000000000000000000, 0.000000000000000000, 0.000000000000000000 ) ) ;
#3515 = ORIENTED_EDGE ( 'NONE', *, *, #1002, .T. ) ;
#3516 = ORIENTED_EDGE ( 'NONE', *, *, #2259, .T. ) ;
#3517 = CARTESIAN_POINT ( 'NONE',  ( 16.03503777425773436, 27.02870705156891162, 8.939339828220180806 ) ) ;
#3518 = DIRECTION ( 'NONE',  ( 1.000000000000000000, 0.000000000000000000, 0.000000000000000000 ) ) ;
#3519 = CARTESIAN_POINT ( 'NONE',  ( 4.793649565339142882, 12.66714344531767900, -4.001000000000001222 ) ) ;
#3520 = FACE_OUTER_BOUND ( 'NONE', #4436, .T. ) ;
#3521 = CARTESIAN_POINT ( 'NONE',  ( -17.96496222574226564, 27.02870705156890097, 8.378679656440352730 ) ) ;
#3522 = AXIS2_PLACEMENT_3D ( 'NONE', #2361, #2857, #1267 ) ;
#3523 = DIRECTION ( 'NONE',  ( -1.204669080539449344E-16, 0.000000000000000000, 1.000000000000000000 ) ) ;
#3524 = ORIENTED_EDGE ( 'NONE', *, *, #1328, .T. ) ;
#3525 = CARTESIAN_POINT ( 'NONE',  ( -16.21496222574226564, -22.47129294843110969, 9.999999999999998224 ) ) ;
#3526 = AXIS2_PLACEMENT_3D ( 'NONE', #4917, #1413, #1033 ) ;
#3527 = EDGE_CURVE ( 'NONE', #4960, #3629, #1259, .T. ) ;
#3528 = VERTEX_POINT ( 'NONE', #4696 ) ;
#3529 = ORIENTED_EDGE ( 'NONE', *, *, #2965, .F. ) ;
#3530 = FACE_OUTER_BOUND ( 'NONE', #1961, .T. ) ;
#3531 = CARTESIAN_POINT ( 'NONE',  ( 3.854075575427002853, 19.84070686846390430, -4.001000000000001222 ) ) ;
#3532 = CARTESIAN_POINT ( 'NONE',  ( -16.46496222574226209, -26.97129294843108838, 9.707106781186542577 ) ) ;
#3533 = ORIENTED_EDGE ( 'NONE', *, *, #3537, .T. ) ;
#3534 = CARTESIAN_POINT ( 'NONE',  ( -12.64106361317946003, 13.48838797301254111, -4.001000000000001222 ) ) ;
#3535 = CARTESIAN_POINT ( 'NONE',  ( 16.03503777425773791, 29.73581383275546131, 9.292893218813443212 ) ) ;
#3536 = ORIENTED_EDGE ( 'NONE', *, *, #2643, .T. ) ;
#3537 = EDGE_CURVE ( 'NONE', #4292, #2533, #3078, .T. ) ;
#3538 = EDGE_CURVE ( 'NONE', #460, #685, #4769, .T. ) ;
#3539 = CIRCLE ( 'NONE', #2721, 2.250000000000001776 ) ;
#3540 = CARTESIAN_POINT ( 'NONE',  ( -16.96496222574226209, -25.22129294843106706, 3.292323440001584611 ) ) ;
#3541 = DIRECTION ( 'NONE',  ( -1.000000000000000000, 0.000000000000000000, -0.000000000000000000 ) ) ;
#3542 = ORIENTED_EDGE ( 'NONE', *, *, #2897, .T. ) ;
#3543 = EDGE_LOOP ( 'NONE', ( #2143, #1441, #2386, #1415 ) ) ;
#3544 = CARTESIAN_POINT ( 'NONE',  ( 17.53503777425774501, -26.97129294843108482, 8.378679656440349177 ) ) ;
#3545 = CARTESIAN_POINT ( 'NONE',  ( 18.74214455544428404, 27.02870705156891162, 9.292893218813443212 ) ) ;
#3546 = EDGE_CURVE ( 'NONE', #1010, #4750, #4902, .T. ) ;
#3547 = DIRECTION ( 'NONE',  ( -0.000000000000000000, -0.000000000000000000, 1.000000000000000000 ) ) ;
#3548 = DIRECTION ( 'NONE',  ( 0.000000000000000000, 0.000000000000000000, 1.000000000000000000 ) ) ;
#3549 = DIRECTION ( 'NONE',  ( 0.000000000000000000, 0.000000000000000000, -1.000000000000000000 ) ) ;
#3550 = CARTESIAN_POINT ( 'NONE',  ( 19.03503777425773080, 30.02870705156891162, -4.000000000000000000 ) ) ;
#3551 = ORIENTED_EDGE ( 'NONE', *, *, #95, .F. ) ;
#3552 = DIRECTION ( 'NONE',  ( 0.000000000000000000, 0.000000000000000000, -1.000000000000000000 ) ) ;
#3553 = EDGE_CURVE ( 'NONE', #3343, #4738, #4067, .T. ) ;
#3554 = EDGE_LOOP ( 'NONE', ( #3604, #970, #2305, #1869 ) ) ;
#3555 = ORIENTED_EDGE ( 'NONE', *, *, #2, .T. ) ;
#3556 = CARTESIAN_POINT ( 'NONE',  ( -16.96496222574225854, -26.22129294843106706, 8.499999999999998224 ) ) ;
#3557 = CARTESIAN_POINT ( 'NONE',  ( 13.53503777425773791, -22.47129294843107417, 9.999999999999998224 ) ) ;
#3558 = CARTESIAN_POINT ( 'NONE',  ( 15.78503777425773613, -22.47129294843107417, 5.000000000000001776 ) ) ;
#3559 = ORIENTED_EDGE ( 'NONE', *, *, #1513, .T. ) ;
#3560 = DIRECTION ( 'NONE',  ( 0.000000000000000000, 0.000000000000000000, 1.000000000000000000 ) ) ;
#3561 = LINE ( 'NONE', #2783, #2753 ) ;
#3562 = VERTEX_POINT ( 'NONE', #2111 ) ;
#3563 = VECTOR ( 'NONE', #2528, 1000.000000000000000 ) ;
#3564 = FACE_OUTER_BOUND ( 'NONE', #1593, .T. ) ;
#3565 = EDGE_CURVE ( 'NONE', #3868, #3110, #610, .T. ) ;
#3566 = ORIENTED_EDGE ( 'NONE', *, *, #2390, .T. ) ;
#3567 = ORIENTED_EDGE ( 'NONE', *, *, #457, .T. ) ;
#3568 = CARTESIAN_POINT ( 'NONE',  ( -17.96496222574225854, -26.97129294843108838, 8.378679656440352730 ) ) ;
#3569 = CARTESIAN_POINT ( 'NONE',  ( -18.46496222574226564, -22.70497095877836458, 9.910179721124453778 ) ) ;
#3570 = EDGE_CURVE ( 'NONE', #3457, #99, #4765, .T. ) ;
#3571 = AXIS2_PLACEMENT_3D ( 'NONE', #233, #3382, #2982 ) ;
#3572 = DIRECTION ( 'NONE',  ( 1.000000000000000000, 0.000000000000000000, 0.000000000000000000 ) ) ;
#3573 = AXIS2_PLACEMENT_3D ( 'NONE', #2554, #3429, #4590 ) ;
#3574 = ORIENTED_EDGE ( 'NONE', *, *, #2802, .T. ) ;
#3575 = DIRECTION ( 'NONE',  ( -0.000000000000000000, -0.000000000000000000, -1.000000000000000000 ) ) ;
#3576 = FACE_OUTER_BOUND ( 'NONE', #2795, .T. ) ;
#3577 = CYLINDRICAL_SURFACE ( 'NONE', #3915, 1.402036092185268590 ) ;
#3578 = DIRECTION ( 'NONE',  ( -0.000000000000000000, -0.000000000000000000, -1.000000000000000000 ) ) ;
#3579 = CIRCLE ( 'NONE', #4652, 0.9999999999999991118 ) ;
#3580 = ORIENTED_EDGE ( 'NONE', *, *, #2209, .T. ) ;
#3581 = CIRCLE ( 'NONE', #3348, 3.000000000000000888 ) ;
#3582 = ORIENTED_EDGE ( 'NONE', *, *, #2071, .T. ) ;
#3583 = CARTESIAN_POINT ( 'NONE',  ( -19.46496222574226920, 28.52870705156889741, 3.292323440001584611 ) ) ;
#3584 = LINE ( 'NONE', #2503, #161 ) ;
#3585 = AXIS2_PLACEMENT_3D ( 'NONE', #46, #3969, #2472 ) ;
#3586 = PLANE ( 'NONE',  #1790 ) ;
#3587 = CIRCLE ( 'NONE', #585, 1.000000000000000000 ) ;
#3588 = ORIENTED_EDGE ( 'NONE', *, *, #4634, .F. ) ;
#3589 = LINE ( 'NONE', #166, #2867 ) ;
#3590 = DIRECTION ( 'NONE',  ( 1.000000000000000000, 0.000000000000000000, 0.000000000000000000 ) ) ;
#3591 = EDGE_LOOP ( 'NONE', ( #2484, #4447, #2372, #4132 ) ) ;
#3592 = VECTOR ( 'NONE', #2277, 1000.000000000000000 ) ;
#3593 = CARTESIAN_POINT ( 'NONE',  ( 15.78503777425770060, 22.52870705156892583, 5.000000000000001776 ) ) ;
#3594 = DIRECTION ( 'NONE',  ( 0.000000000000000000, 0.000000000000000000, 1.000000000000000000 ) ) ;
#3595 = ORIENTED_EDGE ( 'NONE', *, *, #1026, .T. ) ;
#3596 = ORIENTED_EDGE ( 'NONE', *, *, #3610, .F. ) ;
#3597 = LINE ( 'NONE', #3219, #1545 ) ;
#3598 = CARTESIAN_POINT ( 'NONE',  ( -19.46496222574226209, -29.97129294843108838, 3.292323440001584611 ) ) ;
#3599 = VECTOR ( 'NONE', #2663, 1000.000000000000000 ) ;
#3600 = FACE_OUTER_BOUND ( 'NONE', #1378, .T. ) ;
#3601 = CARTESIAN_POINT ( 'NONE',  ( -10.66696076089826661, 17.28171028643190610, -4.001000000000001222 ) ) ;
#3602 = VECTOR ( 'NONE', #1855, 1000.000000000000114 ) ;
#3603 = CARTESIAN_POINT ( 'NONE',  ( -10.66696076089826661, 21.25670570879590571, 8.499999999999998224 ) ) ;
#3604 = ORIENTED_EDGE ( 'NONE', *, *, #4276, .F. ) ;
#3605 = DIRECTION ( 'NONE',  ( -0.000000000000000000, -0.000000000000000000, 1.000000000000000000 ) ) ;
#3606 = DIRECTION ( 'NONE',  ( 0.000000000000000000, 0.000000000000000000, -1.000000000000000000 ) ) ;
#3607 = ORIENTED_EDGE ( 'NONE', *, *, #3358, .F. ) ;
#3608 = CARTESIAN_POINT ( 'NONE',  ( 8.294385674648733442, 19.84070686846390430, -4.001000000000001222 ) ) ;
#3609 = DIRECTION ( 'NONE',  ( 1.000000000000000000, 0.000000000000000000, 0.000000000000000000 ) ) ;
#3610 = EDGE_CURVE ( 'NONE', #1264, #4204, #1893, .T. ) ;
#3611 = ORIENTED_EDGE ( 'NONE', *, *, #855, .F. ) ;
#3612 = EDGE_CURVE ( 'NONE', #5056, #218, #4438, .T. ) ;
#3613 = ORIENTED_EDGE ( 'NONE', *, *, #1608, .F. ) ;
#3614 = DIRECTION ( 'NONE',  ( 0.000000000000000000, -1.000000000000000000, 0.000000000000000000 ) ) ;
#3615 = CARTESIAN_POINT ( 'NONE',  ( -13.96496222574229762, 22.52870705156889031, 9.999999999999998224 ) ) ;
#3616 = ORIENTED_EDGE ( 'NONE', *, *, #3481, .T. ) ;
#3617 = DIRECTION ( 'NONE',  ( 1.000000000000000000, -0.000000000000000000, 0.000000000000000000 ) ) ;
#3618 = DIRECTION ( 'NONE',  ( 1.000000000000000000, 0.000000000000000000, 0.000000000000000000 ) ) ;
#3619 = AXIS2_PLACEMENT_3D ( 'NONE', #4958, #1830, #3757 ) ;
#3620 = ORIENTED_EDGE ( 'NONE', *, *, #2830, .T. ) ;
#3621 = CARTESIAN_POINT ( 'NONE',  ( 18.03503777425773436, -22.47129294843107417, 5.000000000000001776 ) ) ;
#3622 = VECTOR ( 'NONE', #284, 1000.000000000000000 ) ;
#3623 = CARTESIAN_POINT ( 'NONE',  ( 9.197601288496661809, -28.34997260487144288, 8.499999999999998224 ) ) ;
#3624 = ORIENTED_EDGE ( 'NONE', *, *, #4869, .F. ) ;
#3625 = ORIENTED_EDGE ( 'NONE', *, *, #1804, .T. ) ;
#3626 = CARTESIAN_POINT ( 'NONE',  ( -17.46496222574230117, 22.52870705156889031, 3.292323440001584611 ) ) ;
#3627 = DIRECTION ( 'NONE',  ( 1.000000000000000000, 0.000000000000000000, 0.000000000000000000 ) ) ;
#3628 = CARTESIAN_POINT ( 'NONE',  ( 16.03503777425773791, -29.26418616724453869, 9.707106781186544353 ) ) ;
#3629 = VERTEX_POINT ( 'NONE', #3615 ) ;
#3630 = CARTESIAN_POINT ( 'NONE',  ( -13.46496222574230295, 22.52870705156889031, -4.002000000000000668 ) ) ;
#3631 = CARTESIAN_POINT ( 'NONE',  ( 7.285040208365946235, -11.83278339979662874, 6.892323440001584700 ) ) ;
#3632 = ORIENTED_EDGE ( 'NONE', *, *, #3267, .T. ) ;
#3633 = DIRECTION ( 'NONE',  ( 1.000000000000000000, 0.000000000000000000, 0.000000000000000000 ) ) ;
#3634 = CARTESIAN_POINT ( 'NONE',  ( 9.378037774257734327, -25.62529294843109540, 1.699999999999999289 ) ) ;
#3635 = VERTEX_POINT ( 'NONE', #4004 ) ;
#3636 = ADVANCED_FACE ( 'NONE', ( #1250 ), #54, .F. ) ;
#3637 = ADVANCED_FACE ( 'NONE', ( #946 ), #1623, .F. ) ;
#3638 = ADVANCED_FACE ( 'NONE', ( #83 ), #2026, .T. ) ;
#3639 = ORIENTED_EDGE ( 'NONE', *, *, #3892, .F. ) ;
#3640 = CARTESIAN_POINT ( 'NONE',  ( -10.66696076089826661, 17.28171028643190610, -4.001000000000001222 ) ) ;
#3641 = DIRECTION ( 'NONE',  ( -1.734723475976807094E-16, 1.000000000000000000, 0.000000000000000000 ) ) ;
#3642 = ORIENTED_EDGE ( 'NONE', *, *, #2897, .F. ) ;
#3643 = DIRECTION ( 'NONE',  ( -0.000000000000000000, -0.000000000000000000, 1.000000000000000000 ) ) ;
#3644 = LINE ( 'NONE', #167, #4309 ) ;
#3645 = ORIENTED_EDGE ( 'NONE', *, *, #3472, .F. ) ;
#3646 = DIRECTION ( 'NONE',  ( 0.000000000000000000, 0.000000000000000000, -1.000000000000000000 ) ) ;
#3647 = ORIENTED_EDGE ( 'NONE', *, *, #4135, .F. ) ;
#3648 = ORIENTED_EDGE ( 'NONE', *, *, #812, .F. ) ;
#3649 = CARTESIAN_POINT ( 'NONE',  ( -10.88296222574226668, -25.62529294843109540, 1.699999999999999289 ) ) ;
#3650 = CARTESIAN_POINT ( 'NONE',  ( 17.99945153239897877, 22.98993732125211409, 9.928501812798655735 ) ) ;
#3651 = ADVANCED_FACE ( 'NONE', ( #1350 ), #3586, .F. ) ;
#3652 = CIRCLE ( 'NONE', #1696, 2.250000000000001776 ) ;
#3653 = LINE ( 'NONE', #1337, #3100 ) ;
#3654 = VERTEX_POINT ( 'NONE', #4038 ) ;
#3655 = VECTOR ( 'NONE', #3808, 1000.000000000000000 ) ;
#3656 = EDGE_CURVE ( 'NONE', #1468, #435, #2413, .T. ) ;
#3657 = DIRECTION ( 'NONE',  ( 0.000000000000000000, 0.000000000000000000, 1.000000000000000000 ) ) ;
#3658 = CYLINDRICAL_SURFACE ( 'NONE', #3776, 1.000000000000000888 ) ;
#3659 = DIRECTION ( 'NONE',  ( -2.703465157366452467E-16, 1.000000000000000000, 0.000000000000000000 ) ) ;
#3660 = AXIS2_PLACEMENT_3D ( 'NONE', #3887, #3199, #1261 ) ;
#3661 = ADVANCED_FACE ( 'NONE', ( #473, #1647 ), #1289, .T. ) ;
#3662 = DIRECTION ( 'NONE',  ( -1.000000000000000000, -1.889896820699131511E-15, 0.000000000000000000 ) ) ;
#3663 = VECTOR ( 'NONE', #4058, 1000.000000000000000 ) ;
#3664 = ORIENTED_EDGE ( 'NONE', *, *, #4236, .F. ) ;
#3665 = DIRECTION ( 'NONE',  ( -0.000000000000000000, -0.000000000000000000, 1.000000000000000000 ) ) ;
#3666 = PLANE ( 'NONE',  #1474 ) ;
#3667 = CIRCLE ( 'NONE', #3833, 2.749999999999995559 ) ;
#3668 = CARTESIAN_POINT ( 'NONE',  ( -3.389963385410266206, 19.84070686846390430, 9.999999999999998224 ) ) ;
#3669 = VERTEX_POINT ( 'NONE', #4778 ) ;
#3670 = FACE_OUTER_BOUND ( 'NONE', #2220, .T. ) ;
#3671 = DIRECTION ( 'NONE',  ( 1.000000000000000000, 0.000000000000000000, 0.000000000000000000 ) ) ;
#3672 = VECTOR ( 'NONE', #3215, 1000.000000000000000 ) ;
#3673 = ORIENTED_EDGE ( 'NONE', *, *, #1995, .T. ) ;
#3674 = EDGE_CURVE ( 'NONE', #3157, #3875, #2444, .T. ) ;
#3675 = LINE ( 'NONE', #2421, #2865 ) ;
#3676 = AXIS2_PLACEMENT_3D ( 'NONE', #4192, #3934, #3417 ) ;
#3677 = AXIS2_PLACEMENT_3D ( 'NONE', #1382, #595, #1652 ) ;
#3678 = CARTESIAN_POINT ( 'NONE',  ( 7.285040208365947123, -28.47129294843108482, -0.3076765599984150334 ) ) ;
#3679 = ORIENTED_EDGE ( 'NONE', *, *, #4023, .F. ) ;
#3680 = VERTEX_POINT ( 'NONE', #107 ) ;
#3681 = DIRECTION ( 'NONE',  ( 1.000000000000000000, 2.703465157366452467E-16, 1.743152798421071938E-32 ) ) ;
#3682 = CARTESIAN_POINT ( 'NONE',  ( 17.62082421188464565, -23.77221114548463632, 9.999999999999998224 ) ) ;
#3683 = AXIS2_PLACEMENT_3D ( 'NONE', #1991, #4400, #4740 ) ;
#3684 = FACE_OUTER_BOUND ( 'NONE', #3543, .T. ) ;
#3685 = CARTESIAN_POINT ( 'NONE',  ( 9.710935302704847061, 13.48838797301253933, 9.999999999999998224 ) ) ;
#3686 = EDGE_LOOP ( 'NONE', ( #1291, #2216 ) ) ;
#3687 = LINE ( 'NONE', #182, #2934 ) ;
#3688 = DIRECTION ( 'NONE',  ( 1.000000000000000000, 1.734723475976807094E-16, -0.000000000000000000 ) ) ;
#3689 = CIRCLE ( 'NONE', #3779, 1.402036092185268590 ) ;
#3690 = CARTESIAN_POINT ( 'NONE',  ( -11.83179519312907679, -28.47129294843108482, 8.378679656440352730 ) ) ;
#3691 = LINE ( 'NONE', #2550, #1561 ) ;
#3692 = ORIENTED_EDGE ( 'NONE', *, *, #1886, .T. ) ;
#3693 = CARTESIAN_POINT ( 'NONE',  ( 16.03503777425773436, 27.02870705156891162, 8.499999999999998224 ) ) ;
#3694 = CARTESIAN_POINT ( 'NONE',  ( 15.78503777425770060, 22.52870705156892583, 5.000000000000001776 ) ) ;
#3695 = ORIENTED_EDGE ( 'NONE', *, *, #841, .F. ) ;
#3696 = LINE ( 'NONE', #2887, #996 ) ;
#3697 = CARTESIAN_POINT ( 'NONE',  ( -16.21496222574226564, -22.47129294843110969, 5.000000000000001776 ) ) ;
#3698 = ORIENTED_EDGE ( 'NONE', *, *, #3488, .T. ) ;
#3699 = FACE_OUTER_BOUND ( 'NONE', #1683, .T. ) ;
#3700 = CARTESIAN_POINT ( 'NONE',  ( 15.78503777425775390, -25.22129294843106706, -4.002000000000000668 ) ) ;
#3701 = DIRECTION ( 'NONE',  ( 1.000000000000000000, 0.000000000000000000, 0.000000000000000000 ) ) ;
#3702 = AXIS2_PLACEMENT_3D ( 'NONE', #4983, #4218, #3701 ) ;
#3703 = ORIENTED_EDGE ( 'NONE', *, *, #2899, .F. ) ;
#3704 = ORIENTED_EDGE ( 'NONE', *, *, #3349, .T. ) ;
#3705 = DIRECTION ( 'NONE',  ( -1.000000000000000000, 0.000000000000000000, 0.000000000000000000 ) ) ;
#3706 = FACE_OUTER_BOUND ( 'NONE', #9, .T. ) ;
#3707 = ADVANCED_FACE ( 'NONE', ( #4805 ), #1464, .T. ) ;
#3708 = ADVANCED_FACE ( 'NONE', ( #1702, #1000, #2300, #4971, #4092, #2685, #2276, #338 ), #358, .T. ) ;
#3709 = EDGE_CURVE ( 'NONE', #3893, #3457, #1892, .T. ) ;
#3710 = CARTESIAN_POINT ( 'NONE',  ( 17.53503777425773080, 27.02870705156891162, 8.378679656440352730 ) ) ;
#3711 = ADVANCED_FACE ( 'NONE', ( #1866 ), #2851, .T. ) ;
#3712 = ORIENTED_EDGE ( 'NONE', *, *, #4614, .F. ) ;
#3713 = CARTESIAN_POINT ( 'NONE',  ( 2.015431251695973813, 12.66714344531767900, -4.001000000000001222 ) ) ;
#3714 = DIRECTION ( 'NONE',  ( -0.000000000000000000, -0.000000000000000000, 1.000000000000000000 ) ) ;
#3715 = CARTESIAN_POINT ( 'NONE',  ( 11.50624503331340343, -28.43649541895706534, 8.413477185914377543 ) ) ;
#3716 = PRODUCT_DEFINITION_SHAPE ( 'NONE', 'NONE',  #1714 ) ;
#3717 = CARTESIAN_POINT ( 'NONE',  ( -11.95796222574226597, -25.62529294843109540, 1.699999999999999289 ) ) ;
#3718 = CARTESIAN_POINT ( 'NONE',  ( 15.78503777425776988, 25.27870705156888320, -4.002000000000000668 ) ) ;
#3719 = EDGE_CURVE ( 'NONE', #2285, #943, #2605, .T. ) ;
#3720 = ORIENTED_EDGE ( 'NONE', *, *, #4937, .T. ) ;
#3721 = CARTESIAN_POINT ( 'NONE',  ( -17.40430205396243935, -2.012776757066667791E-15, 8.939339828220180806 ) ) ;
#3722 = FACE_OUTER_BOUND ( 'NONE', #4883, .T. ) ;
#3723 = ORIENTED_EDGE ( 'NONE', *, *, #1536, .T. ) ;
#3724 = EDGE_CURVE ( 'NONE', #4558, #3297, #5018, .T. ) ;
#3725 = CARTESIAN_POINT ( 'NONE',  ( 18.03503777425773436, 27.02870705156891162, 9.999999999999998224 ) ) ;
#3726 = DIRECTION ( 'NONE',  ( -0.000000000000000000, 0.000000000000000000, 1.000000000000000000 ) ) ;
#3727 = ORIENTED_EDGE ( 'NONE', *, *, #3143, .T. ) ;
#3728 = EDGE_CURVE ( 'NONE', #181, #2067, #389, .T. ) ;
#3729 = CARTESIAN_POINT ( 'NONE',  ( -14.96496222574229940, 22.52870705156889031, -0.1010000000000003950 ) ) ;
#3730 = VERTEX_POINT ( 'NONE', #4253 ) ;
#3731 = ORIENTED_EDGE ( 'NONE', *, *, #3076, .F. ) ;
#3732 = FACE_OUTER_BOUND ( 'NONE', #1326, .T. ) ;
#3733 = AXIS2_PLACEMENT_3D ( 'NONE', #1733, #1676, #3641 ) ;
#3734 = CARTESIAN_POINT ( 'NONE',  ( -10.88296222574226668, 25.68270705156890443, 8.499999999999998224 ) ) ;
#3735 = DIRECTION ( 'NONE',  ( 1.000000000000000000, 0.000000000000000000, 0.000000000000000000 ) ) ;
#3736 = EDGE_CURVE ( 'NONE', #2843, #3760, #2664, .T. ) ;
#3737 = DIRECTION ( 'NONE',  ( 1.156482317317871971E-16, -1.000000000000000000, 0.000000000000000000 ) ) ;
#3738 = EDGE_CURVE ( 'NONE', #2003, #181, #3335, .T. ) ;
#3739 = ORIENTED_EDGE ( 'NONE', *, *, #4728, .T. ) ;
#3740 = DIRECTION ( 'NONE',  ( -1.000000000000000000, 0.000000000000000000, 0.000000000000000000 ) ) ;
#3741 = LINE ( 'NONE', #2546, #4749 ) ;
#3742 = ORIENTED_EDGE ( 'NONE', *, *, #4098, .F. ) ;
#3743 = CARTESIAN_POINT ( 'NONE',  ( -14.96496222574229940, 22.52870705156889031, 5.000000000000001776 ) ) ;
#3744 = DIRECTION ( 'NONE',  ( 0.000000000000000000, 0.000000000000000000, -1.000000000000000000 ) ) ;
#3745 = VECTOR ( 'NONE', #3451, 1000.000000000000000 ) ;
#3746 = ADVANCED_FACE ( 'NONE', ( #3722 ), #2249, .F. ) ;
#3747 = CARTESIAN_POINT ( 'NONE',  ( -11.93616948479793827, -28.43649541895706534, 8.413477185914377543 ) ) ;
#3748 = CARTESIAN_POINT ( 'NONE',  ( -17.46496222574230117, 22.52870705156889031, -0.1010000000000003950 ) ) ;
#3749 = ORIENTED_EDGE ( 'NONE', *, *, #2970, .F. ) ;
#3750 = CYLINDRICAL_SURFACE ( 'NONE', #500, 3.000000000000000888 ) ;
#3751 = AXIS2_PLACEMENT_3D ( 'NONE', #4414, #893, #3209 ) ;
#3752 = ORIENTED_EDGE ( 'NONE', *, *, #1536, .F. ) ;
#3753 = DIRECTION ( 'NONE',  ( 1.000000000000000000, 0.000000000000000000, 0.000000000000000000 ) ) ;
#3754 = VERTEX_POINT ( 'NONE', #1124 ) ;
#3755 = DIRECTION ( 'NONE',  ( 0.000000000000000000, -0.000000000000000000, -1.000000000000000000 ) ) ;
#3756 = VECTOR ( 'NONE', #1912, 1000.000000000000114 ) ;
#3757 = DIRECTION ( 'NONE',  ( 1.000000000000000000, 0.000000000000000000, 0.000000000000000000 ) ) ;
#3758 = ORIENTED_EDGE ( 'NONE', *, *, #1211, .F. ) ;
#3759 = AXIS2_PLACEMENT_3D ( 'NONE', #628, #4508, #1814 ) ;
#3760 = VERTEX_POINT ( 'NONE', #4633 ) ;
#3761 = CARTESIAN_POINT ( 'NONE',  ( 2.015431251695973813, 12.66714344531767900, 8.499999999999998224 ) ) ;
#3762 = AXIS2_PLACEMENT_3D ( 'NONE', #4449, #541, #2424 ) ;
#3763 = CARTESIAN_POINT ( 'NONE',  ( -16.21496222574229051, -19.72129294843107417, -4.002000000000000668 ) ) ;
#3764 = VECTOR ( 'NONE', #2852, 1000.000000000000000 ) ;
#3765 = LINE ( 'NONE', #2786, #4583 ) ;
#3766 = CIRCLE ( 'NONE', #748, 2.249999999999998668 ) ;
#3767 = PLANE ( 'NONE',  #4047 ) ;
#3768 = EDGE_LOOP ( 'NONE', ( #4454, #3536, #3567, #2858 ) ) ;
#3769 = CARTESIAN_POINT ( 'NONE',  ( 16.03503777425773436, 27.02870705156891162, 8.585786437626898859 ) ) ;
#3770 = CARTESIAN_POINT ( 'NONE',  ( -10.88296222574226668, -25.62529294843109540, 1.699999999999999289 ) ) ;
#3771 = CIRCLE ( 'NONE', #1473, 3.000000000000000000 ) ;
#3772 = AXIS2_PLACEMENT_3D ( 'NONE', #127, #3659, #1345 ) ;
#3773 = EDGE_CURVE ( 'NONE', #1006, #4367, #4645, .T. ) ;
#3774 = AXIS2_PLACEMENT_3D ( 'NONE', #4062, #2985, #268 ) ;
#3775 = CARTESIAN_POINT ( 'NONE',  ( -1.987927293224997172, 19.84070686846390430, -4.001000000000001222 ) ) ;
#3776 = AXIS2_PLACEMENT_3D ( 'NONE', #2155, #152, #2568 ) ;
#3777 = EDGE_LOOP ( 'NONE', ( #2084, #448, #1648, #4887 ) ) ;
#3778 = DIRECTION ( 'NONE',  ( 1.000000000000000000, 0.000000000000000000, 0.000000000000000000 ) ) ;
#3779 = AXIS2_PLACEMENT_3D ( 'NONE', #1685, #4868, #4016 ) ;
#3780 = EDGE_CURVE ( 'NONE', #2231, #1069, #5036, .T. ) ;
#3781 = ORIENTED_EDGE ( 'NONE', *, *, #2754, .T. ) ;
#3782 = LINE ( 'NONE', #2256, #4501 ) ;
#3783 = VERTEX_POINT ( 'NONE', #4467 ) ;
#3784 = CARTESIAN_POINT ( 'NONE',  ( 2.015431251695973813, 12.66714344531767900, 8.499999999999998224 ) ) ;
#3785 = FACE_OUTER_BOUND ( 'NONE', #2170, .T. ) ;
#3786 = VERTEX_POINT ( 'NONE', #969 ) ;
#3787 = ORIENTED_EDGE ( 'NONE', *, *, #2743, .F. ) ;
#3788 = LINE ( 'NONE', #2241, #397 ) ;
#3789 = DIRECTION ( 'NONE',  ( 1.000000000000000000, 0.000000000000000000, 0.000000000000000000 ) ) ;
#3790 = CARTESIAN_POINT ( 'NONE',  ( -17.96496222574226564, 18.77870705156889031, -4.000000000000000000 ) ) ;
#3791 = ORIENTED_EDGE ( 'NONE', *, *, #594, .F. ) ;
#3792 = DIRECTION ( 'NONE',  ( 1.000000000000000000, -1.156482317317871725E-15, 0.000000000000000000 ) ) ;
#3793 = DIRECTION ( 'NONE',  ( 1.000000000000000000, 0.000000000000000000, 0.000000000000000000 ) ) ;
#3794 = VECTOR ( 'NONE', #1718, 1000.000000000000000 ) ;
#3795 = CARTESIAN_POINT ( 'NONE',  ( 17.62082421188463854, 23.82962524862244891, 9.999999999999998224 ) ) ;
#3796 = ORIENTED_EDGE ( 'NONE', *, *, #2100, .F. ) ;
#3797 = LINE ( 'NONE', #4691, #3083 ) ;
#3798 = EDGE_CURVE ( 'NONE', #1944, #3115, #3813, .T. ) ;
#3799 = EDGE_CURVE ( 'NONE', #4027, #390, #2271, .T. ) ;
#3800 = ORIENTED_EDGE ( 'NONE', *, *, #3780, .F. ) ;
#3801 = LINE ( 'NONE', #4935, #3916 ) ;
#3802 = ORIENTED_EDGE ( 'NONE', *, *, #4728, .F. ) ;
#3803 = CARTESIAN_POINT ( 'NONE',  ( -16.21496222574229762, 22.52870705156889031, 9.999999999999998224 ) ) ;
#3804 = EDGE_LOOP ( 'NONE', ( #2141, #4234 ) ) ;
#3805 = VERTEX_POINT ( 'NONE', #4122 ) ;
#3806 = DIRECTION ( 'NONE',  ( -1.000000000000000000, 0.000000000000000000, 0.000000000000000000 ) ) ;
#3807 = DIRECTION ( 'NONE',  ( 1.000000000000000000, 2.703465157366452467E-16, 0.000000000000000000 ) ) ;
#3808 = DIRECTION ( 'NONE',  ( 1.000000000000000000, 2.703465157366451974E-16, 1.743152798421071938E-32 ) ) ;
#3809 = LINE ( 'NONE', #1883, #2571 ) ;
#3810 = ORIENTED_EDGE ( 'NONE', *, *, #3798, .T. ) ;
#3811 = DIRECTION ( 'NONE',  ( 0.000000000000000000, 0.000000000000000000, 1.000000000000000000 ) ) ;
#3812 = FACE_OUTER_BOUND ( 'NONE', #1172, .T. ) ;
#3813 = LINE ( 'NONE', #2529, #2530 ) ;
#3814 = CARTESIAN_POINT ( 'NONE',  ( 19.03503777425773080, 27.02870705156891162, 8.585786437626898859 ) ) ;
#3815 = ORIENTED_EDGE ( 'NONE', *, *, #4119, .T. ) ;
#3816 = CARTESIAN_POINT ( 'NONE',  ( 4.793649565339141994, 12.66714344531767900, 8.499999999999998224 ) ) ;
#3817 = VECTOR ( 'NONE', #2264, 1000.000000000000000 ) ;
#3818 = EDGE_CURVE ( 'NONE', #1150, #2491, #316, .T. ) ;
#3819 = ORIENTED_EDGE ( 'NONE', *, *, #1587, .F. ) ;
#3820 = VECTOR ( 'NONE', #45, 1000.000000000000000 ) ;
#3821 = DIRECTION ( 'NONE',  ( 0.7071067811865439090, 0.000000000000000000, -0.7071067811865512365 ) ) ;
#3822 = EDGE_LOOP ( 'NONE', ( #1758, #2341, #3912, #3315 ) ) ;
#3823 = CIRCLE ( 'NONE', #3411, 1.074999999999999512 ) ;
#3824 = DIRECTION ( 'NONE',  ( 0.000000000000000000, -0.000000000000000000, -1.000000000000000000 ) ) ;
#3825 = ORIENTED_EDGE ( 'NONE', *, *, #4800, .T. ) ;
#3826 = EDGE_LOOP ( 'NONE', ( #4266, #3505 ) ) ;
#3827 = CARTESIAN_POINT ( 'NONE',  ( -10.88296222574226668, 25.68270705156890443, 1.699999999999999289 ) ) ;
#3828 = FACE_OUTER_BOUND ( 'NONE', #253, .T. ) ;
#3829 = TOROIDAL_SURFACE ( 'NONE', #2354, 1.585786437626902634, 1.000000000000000000 ) ;
#3830 = LINE ( 'NONE', #705, #472 ) ;
#3831 = AXIS2_PLACEMENT_3D ( 'NONE', #188, #668, #273 ) ;
#3832 = DIRECTION ( 'NONE',  ( 0.7071067811865500152, 8.177564888978027451E-17, -0.7071067811865451302 ) ) ;
#3833 = AXIS2_PLACEMENT_3D ( 'NONE', #795, #5028, #2675 ) ;
#3834 = ORIENTED_EDGE ( 'NONE', *, *, #4777, .F. ) ;
#3835 = DIRECTION ( 'NONE',  ( 0.000000000000000000, 0.000000000000000000, -1.000000000000000000 ) ) ;
#3836 = LINE ( 'NONE', #753, #417 ) ;
#3837 = EDGE_CURVE ( 'NONE', #2843, #3944, #2112, .T. ) ;
#3838 = AXIS2_PLACEMENT_3D ( 'NONE', #2442, #2412, #2058 ) ;
#3839 = DIRECTION ( 'NONE',  ( 1.000000000000000000, 0.000000000000000000, 0.000000000000000000 ) ) ;
#3840 = DIRECTION ( 'NONE',  ( -1.156482317317871725E-16, 1.000000000000000000, -1.232595164407830946E-32 ) ) ;
#3841 = ORIENTED_EDGE ( 'NONE', *, *, #1164, .F. ) ;
#3842 = DIRECTION ( 'NONE',  ( -0.000000000000000000, -0.000000000000000000, 1.000000000000000000 ) ) ;
#3843 = AXIS2_PLACEMENT_3D ( 'NONE', #2323, #1939, #4189 ) ;
#3844 = AXIS2_PLACEMENT_3D ( 'NONE', #3087, #2681, #4560 ) ;
#3845 = ORIENTED_EDGE ( 'NONE', *, *, #999, .T. ) ;
#3846 = ORIENTED_EDGE ( 'NONE', *, *, #2469, .T. ) ;
#3847 = AXIS2_PLACEMENT_3D ( 'NONE', #3273, #202, #3627 ) ;
#3848 = CARTESIAN_POINT ( 'NONE',  ( -16.46496222574226209, -26.97129294843108838, 9.999999999999998224 ) ) ;
#3849 = DIRECTION ( 'NONE',  ( 0.000000000000000000, 0.000000000000000000, -1.000000000000000000 ) ) ;
#3850 = VERTEX_POINT ( 'NONE', #2348 ) ;
#3851 = CARTESIAN_POINT ( 'NONE',  ( 17.41371743069808531, 25.80129521535421944, 8.499999999999998224 ) ) ;
#3852 = CARTESIAN_POINT ( 'NONE',  ( 16.03503777425773791, -26.97129294843108838, 9.707106781186542577 ) ) ;
#3853 = DIRECTION ( 'NONE',  ( -0.000000000000000000, -0.000000000000000000, -1.000000000000000000 ) ) ;
#3854 = EDGE_CURVE ( 'NONE', #1947, #383, #3146, .T. ) ;
#3855 = ADVANCED_FACE ( 'NONE', ( #5062 ), #4764, .F. ) ;
#3856 = EDGE_LOOP ( 'NONE', ( #4013, #4956 ) ) ;
#3857 = FACE_OUTER_BOUND ( 'NONE', #640, .T. ) ;
#3858 = CARTESIAN_POINT ( 'NONE',  ( -7.679838017693791306E-15, 28.40738670800925902, 8.499999999999998224 ) ) ;
#3859 = EDGE_CURVE ( 'NONE', #1332, #5070, #3088, .T. ) ;
#3860 = EDGE_CURVE ( 'NONE', #4750, #106, #882, .T. ) ;
#3861 = CARTESIAN_POINT ( 'NONE',  ( -10.88296222574226668, 25.68270705156890443, -0.1000000000000002554 ) ) ;
#3862 = CARTESIAN_POINT ( 'NONE',  ( 11.52803777425773468, 25.68270705156890443, -0.1000000000000002554 ) ) ;
#3863 = CIRCLE ( 'NONE', #3702, 1.000000000000000888 ) ;
#3864 = LINE ( 'NONE', #1158, #2213 ) ;
#3865 = EDGE_LOOP ( 'NONE', ( #1248, #3041, #2053, #1072 ) ) ;
#3866 = LINE ( 'NONE', #4304, #3408 ) ;
#3867 = ADVANCED_FACE ( 'NONE', ( #1613 ), #4712, .T. ) ;
#3868 = VERTEX_POINT ( 'NONE', #4739 ) ;
#3869 = AXIS2_PLACEMENT_3D ( 'NONE', #1356, #2812, #1300 ) ;
#3870 = ORIENTED_EDGE ( 'NONE', *, *, #2864, .F. ) ;
#3871 = DIRECTION ( 'NONE',  ( -1.000000000000000000, 0.000000000000000000, 0.000000000000000000 ) ) ;
#3872 = EDGE_CURVE ( 'NONE', #4705, #4550, #1129, .T. ) ;
#3873 = EDGE_CURVE ( 'NONE', #2531, #4410, #660, .T. ) ;
#3874 = CARTESIAN_POINT ( 'NONE',  ( -10.14106361317946003, 13.48838797301254111, 9.999999999999998224 ) ) ;
#3875 = VERTEX_POINT ( 'NONE', #1215 ) ;
#3876 = CARTESIAN_POINT ( 'NONE',  ( -16.46496222574226209, -26.97129294843108838, 8.378679656440350954 ) ) ;
#3877 = CARTESIAN_POINT ( 'NONE',  ( -16.46496222574226920, 27.02870705156890097, 8.585786437626900636 ) ) ;
#3878 = EDGE_CURVE ( 'NONE', #3475, #2960, #2796, .T. ) ;
#3879 = DIRECTION ( 'NONE',  ( 0.000000000000000000, 0.000000000000000000, -1.000000000000000000 ) ) ;
#3880 = ORIENTED_EDGE ( 'NONE', *, *, #2085, .F. ) ;
#3881 = ORIENTED_EDGE ( 'NONE', *, *, #1995, .F. ) ;
#3882 = CARTESIAN_POINT ( 'NONE',  ( -10.88296222574226668, -25.62529294843109540, 1.699999999999999289 ) ) ;
#3883 = LINE ( 'NONE', #1818, #4667 ) ;
#3884 = CARTESIAN_POINT ( 'NONE',  ( -16.21496222574229051, -19.72129294843107417, 8.499999999999998224 ) ) ;
#3885 = EDGE_CURVE ( 'NONE', #4913, #2067, #785, .T. ) ;
#3886 = CARTESIAN_POINT ( 'NONE',  ( -12.64106361317945293, -22.11161202698745498, -4.001000000000001222 ) ) ;
#3887 = CARTESIAN_POINT ( 'NONE',  ( 16.97437760247791516, 2.944585131711334415E-15, 8.939339828220180806 ) ) ;
#3888 = DIRECTION ( 'NONE',  ( -0.000000000000000000, -0.000000000000000000, -1.000000000000000000 ) ) ;
#3889 = ORIENTED_EDGE ( 'NONE', *, *, #552, .F. ) ;
#3890 = CARTESIAN_POINT ( 'NONE',  ( 15.78503777425773613, -22.47129294843107417, 3.292323440001584611 ) ) ;
#3891 = CARTESIAN_POINT ( 'NONE',  ( 11.70847426001878588, 28.40738670800926258, 8.499999999999998224 ) ) ;
#3892 = EDGE_CURVE ( 'NONE', #3959, #3475, #3165, .T. ) ;
#3893 = VERTEX_POINT ( 'NONE', #2322 ) ;
#3894 = CIRCLE ( 'NONE', #4639, 2.999999999999999112 ) ;
#3895 = VERTEX_POINT ( 'NONE', #436 ) ;
#3896 = CYLINDRICAL_SURFACE ( 'NONE', #1458, 1.402036092185269034 ) ;
#3897 = CARTESIAN_POINT ( 'NONE',  ( -16.21496222574229051, -25.22129294843106706, -4.002000000000000668 ) ) ;
#3898 = CIRCLE ( 'NONE', #1123, 2.749999999999995559 ) ;
#3899 = LINE ( 'NONE', #1115, #613 ) ;
#3900 = EDGE_LOOP ( 'NONE', ( #1446, #741, #3478, #2284 ) ) ;
#3901 = PLANE ( 'NONE',  #1396 ) ;
#3902 = ORIENTED_EDGE ( 'NONE', *, *, #4708, .F. ) ;
#3903 = VECTOR ( 'NONE', #2880, 1000.000000000000000 ) ;
#3904 = AXIS2_PLACEMENT_3D ( 'NONE', #614, #2164, #3548 ) ;
#3905 = PLANE ( 'NONE',  #1349 ) ;
#3906 = ORIENTED_EDGE ( 'NONE', *, *, #3077, .F. ) ;
#3907 = CARTESIAN_POINT ( 'NONE',  ( -18.05074866336917339, 27.02870705156890097, 9.999999999999998224 ) ) ;
#3908 = CARTESIAN_POINT ( 'NONE',  ( 15.78503777425773613, -22.47129294843107417, 3.292323440001584611 ) ) ;
#3909 = AXIS2_PLACEMENT_3D ( 'NONE', #3379, #3025, #4586 ) ;
#3910 = VECTOR ( 'NONE', #1201, 1000.000000000000000 ) ;
#3911 = CARTESIAN_POINT ( 'NONE',  ( 15.78503777425776988, 25.27870705156888320, -4.002000000000000668 ) ) ;
#3912 = ORIENTED_EDGE ( 'NONE', *, *, #4276, .T. ) ;
#3913 = DIRECTION ( 'NONE',  ( 1.000000000000000000, 0.000000000000000000, 0.000000000000000000 ) ) ;
#3914 = CARTESIAN_POINT ( 'NONE',  ( 18.32793099307118823, -26.97129294843108482, 9.707106781186542577 ) ) ;
#3915 = AXIS2_PLACEMENT_3D ( 'NONE', #3608, #3227, #3027 ) ;
#3916 = VECTOR ( 'NONE', #1756, 1000.000000000000000 ) ;
#3917 = ORIENTED_EDGE ( 'NONE', *, *, #3201, .F. ) ;
#3918 = FACE_OUTER_BOUND ( 'NONE', #1182, .T. ) ;
#3919 = AXIS2_PLACEMENT_3D ( 'NONE', #765, #1085, #3401 ) ;
#3920 = CIRCLE ( 'NONE', #2452, 1.000000000000000888 ) ;
#3921 = ORIENTED_EDGE ( 'NONE', *, *, #3885, .F. ) ;
#3922 = EDGE_CURVE ( 'NONE', #3116, #502, #379, .T. ) ;
#3923 = ORIENTED_EDGE ( 'NONE', *, *, #4589, .T. ) ;
#3924 = VECTOR ( 'NONE', #3662, 1000.000000000000000 ) ;
#3925 = EDGE_LOOP ( 'NONE', ( #3423, #1786, #2512, #4421 ) ) ;
#3926 = EDGE_CURVE ( 'NONE', #1944, #4558, #4975, .T. ) ;
#3927 = AXIS2_PLACEMENT_3D ( 'NONE', #3002, #1530, #1152 ) ;
#3928 = CARTESIAN_POINT ( 'NONE',  ( -16.96496222574226564, 26.27870705156888320, 8.499999999999998224 ) ) ;
#3929 = ORIENTED_EDGE ( 'NONE', *, *, #1686, .T. ) ;
#3930 = LINE ( 'NONE', #2782, #4495 ) ;
#3931 = DIRECTION ( 'NONE',  ( -0.000000000000000000, -0.000000000000000000, 1.000000000000000000 ) ) ;
#3932 = VERTEX_POINT ( 'NONE', #4372 ) ;
#3933 = AXIS2_PLACEMENT_3D ( 'NONE', #4890, #4105, #1742 ) ;
#3934 = DIRECTION ( 'NONE',  ( -0.000000000000000000, -0.000000000000000000, 1.000000000000000000 ) ) ;
#3935 = LINE ( 'NONE', #33, #1907 ) ;
#3936 = ORIENTED_EDGE ( 'NONE', *, *, #574, .T. ) ;
#3937 = ORIENTED_EDGE ( 'NONE', *, *, #631, .F. ) ;
#3938 = CYLINDRICAL_SURFACE ( 'NONE', #1541, 1.074999999999999512 ) ;
#3939 = CARTESIAN_POINT ( 'NONE',  ( 16.53503777425773436, 25.27870705156888320, -4.002000000000000668 ) ) ;
#3940 = LINE ( 'NONE', #3911, #1952 ) ;
#3941 = ORIENTED_EDGE ( 'NONE', *, *, #3674, .T. ) ;
#3942 = DIRECTION ( 'NONE',  ( 1.000000000000000000, 0.000000000000000000, 0.000000000000000000 ) ) ;
#3943 = CARTESIAN_POINT ( 'NONE',  ( -19.46496222574226920, 30.02870705156890097, 3.292323440001584611 ) ) ;
#3944 = VERTEX_POINT ( 'NONE', #2046 ) ;
#3945 = DIRECTION ( 'NONE',  ( 1.000000000000000000, 0.000000000000000000, 0.000000000000000000 ) ) ;
#3946 = CARTESIAN_POINT ( 'NONE',  ( 11.40187074164450998, 28.52870705156890452, 1.699999999999999289 ) ) ;
#3947 = VECTOR ( 'NONE', #3477, 1000.000000000000000 ) ;
#3948 = ORIENTED_EDGE ( 'NONE', *, *, #1841, .T. ) ;
#3949 = ORIENTED_EDGE ( 'NONE', *, *, #1587, .T. ) ;
#3950 = EDGE_CURVE ( 'NONE', #3486, #3964, #3823, .T. ) ;
#3951 = EDGE_CURVE ( 'NONE', #3042, #4504, #2738, .T. ) ;
#3952 = LINE ( 'NONE', #443, #2956 ) ;
#3953 = CARTESIAN_POINT ( 'NONE',  ( 4.793649565339142882, 12.66714344531767900, 9.999999999999998224 ) ) ;
#3954 = EDGE_LOOP ( 'NONE', ( #1497, #2655, #564, #2847 ) ) ;
#3955 = DIRECTION ( 'NONE',  ( 1.000000000000000000, 0.000000000000000000, 0.000000000000000000 ) ) ;
#3956 = CARTESIAN_POINT ( 'NONE',  ( -18.05074866336916983, -2.087537164353565677E-15, 9.999999999999998224 ) ) ;
#3957 = ORIENTED_EDGE ( 'NONE', *, *, #3922, .T. ) ;
#3958 = DIRECTION ( 'NONE',  ( 0.000000000000000000, 0.000000000000000000, 1.000000000000000000 ) ) ;
#3959 = VERTEX_POINT ( 'NONE', #97 ) ;
#3960 = CARTESIAN_POINT ( 'NONE',  ( -16.21496222574229762, 22.52870705156889031, 5.000000000000001776 ) ) ;
#3961 = CARTESIAN_POINT ( 'NONE',  ( -18.46496222574226564, -22.47129294843110969, 9.910179721124452001 ) ) ;
#3962 = UNCERTAINTY_MEASURE_WITH_UNIT (LENGTH_MEASURE( 1.000000000000000082E-05 ), #3368, 'distance_accuracy_value', 'NONE');
#3963 = CARTESIAN_POINT ( 'NONE',  ( -18.28840778011600676, 21.62476559907542040, 9.974162944848897538 ) ) ;
#3964 = VERTEX_POINT ( 'NONE', #807 ) ;
#3965 = DIRECTION ( 'NONE',  ( 0.000000000000000000, 0.000000000000000000, -1.000000000000000000 ) ) ;
#3966 = CARTESIAN_POINT ( 'NONE',  ( -17.46496222574230117, 22.52870705156889031, 5.000000000000001776 ) ) ;
#3967 = DIRECTION ( 'NONE',  ( -0.000000000000000000, -0.000000000000000000, -1.000000000000000000 ) ) ;
#3968 = DIRECTION ( 'NONE',  ( 0.000000000000000000, 0.000000000000000000, 1.000000000000000000 ) ) ;
#3969 = DIRECTION ( 'NONE',  ( -0.000000000000000000, -0.000000000000000000, 1.000000000000000000 ) ) ;
#3970 = ORIENTED_EDGE ( 'NONE', *, *, #3370, .F. ) ;
#3971 = VERTEX_POINT ( 'NONE', #3090 ) ;
#3972 = CARTESIAN_POINT ( 'NONE',  ( 15.78503777425770060, 22.52870705156892583, 5.000000000000001776 ) ) ;
#3973 = DIRECTION ( 'NONE',  ( 0.000000000000000000, 0.000000000000000000, 1.000000000000000000 ) ) ;
#3974 = ORIENTED_EDGE ( 'NONE', *, *, #1670, .T. ) ;
#3975 = FACE_OUTER_BOUND ( 'NONE', #1451, .T. ) ;
#3976 = CARTESIAN_POINT ( 'NONE',  ( 16.53503777425774146, -26.22129294843106706, 3.292323440001584611 ) ) ;
#3977 =( BOUNDED_CURVE ( )  B_SPLINE_CURVE ( 3, ( #3069, #4635, #380, #3467 ),
 .UNSPECIFIED., .F., .F. ) 
 B_SPLINE_CURVE_WITH_KNOTS ( ( 4, 4 ),
 ( 3.463395796891676870, 3.573362445082399308 ),
 .UNSPECIFIED. ) 
 CURVE ( )  GEOMETRIC_REPRESENTATION_ITEM ( )  RATIONAL_B_SPLINE_CURVE ( ( 1.000000000000000000, 0.9989925318741211813, 0.9989925318741211813, 1.000000000000000000 ) ) 
 REPRESENTATION_ITEM ( '' )  );
#3978 = ORIENTED_EDGE ( 'NONE', *, *, #2873, .T. ) ;
#3979 = AXIS2_PLACEMENT_3D ( 'NONE', #57, #1626, #821 ) ;
#3980 = FACE_OUTER_BOUND ( 'NONE', #1968, .T. ) ;
#3981 = VERTEX_POINT ( 'NONE', #412 ) ;
#3982 = VERTEX_POINT ( 'NONE', #3521 ) ;
#3983 = LINE ( 'NONE', #2840, #2203 ) ;
#3984 = DIRECTION ( 'NONE',  ( -0.000000000000000000, -0.000000000000000000, 1.000000000000000000 ) ) ;
#3985 = CIRCLE ( 'NONE', #1783, 1.378679656440354062 ) ;
#3986 = LINE ( 'NONE', #3601, #2212 ) ;
#3987 = DIRECTION ( 'NONE',  ( 1.000000000000000000, 1.889896820699131511E-15, 0.000000000000000000 ) ) ;
#3988 = EDGE_CURVE ( 'NONE', #1809, #2716, #147, .T. ) ;
#3989 = FACE_OUTER_BOUND ( 'NONE', #3309, .T. ) ;
#3990 = EDGE_CURVE ( 'NONE', #2233, #4731, #4900, .T. ) ;
#3991 = VERTEX_POINT ( 'NONE', #1770 ) ;
#3992 = CARTESIAN_POINT ( 'NONE',  ( -19.46496222574226920, 28.52870705156889741, -4.000000000000000000 ) ) ;
#3993 = CARTESIAN_POINT ( 'NONE',  ( -12.64106361317946003, 13.48838797301254111, 9.999999999999998224 ) ) ;
#3994 = FACE_OUTER_BOUND ( 'NONE', #4024, .T. ) ;
#3995 = CYLINDRICAL_SURFACE ( 'NONE', #488, 3.000000000000000888 ) ;
#3996 = LINE ( 'NONE', #184, #892 ) ;
#3997 = VECTOR ( 'NONE', #3811, 1000.000000000000000 ) ;
#3998 = CARTESIAN_POINT ( 'NONE',  ( -9.066960760898265193, 21.25670570879590571, -4.001000000000001222 ) ) ;
#3999 = VERTEX_POINT ( 'NONE', #633 ) ;
#4000 = ORIENTED_EDGE ( 'NONE', *, *, #2071, .F. ) ;
#4001 = DIRECTION ( 'NONE',  ( -0.000000000000000000, -0.000000000000000000, -1.000000000000000000 ) ) ;
#4002 = CIRCLE ( 'NONE', #497, 2.749999999999995559 ) ;
#4003 = AXIS2_PLACEMENT_3D ( 'NONE', #2936, #1004, #616 ) ;
#4004 = CARTESIAN_POINT ( 'NONE',  ( -18.46496222574226564, -22.47129294843110969, 5.000000000000001776 ) ) ;
#4005 = VECTOR ( 'NONE', #3197, 1000.000000000000000 ) ;
#4006 = AXIS2_PLACEMENT_3D ( 'NONE', #4798, #4716, #2770 ) ;
#4007 = ORIENTED_EDGE ( 'NONE', *, *, #1516, .T. ) ;
#4008 = DIRECTION ( 'NONE',  ( 0.000000000000000000, 0.000000000000000000, -1.000000000000000000 ) ) ;
#4009 = ORIENTED_EDGE ( 'NONE', *, *, #4954, .F. ) ;
#4010 = VECTOR ( 'NONE', #4228, 1000.000000000000000 ) ;
#4011 = LINE ( 'NONE', #1299, #3351 ) ;
#4012 = CARTESIAN_POINT ( 'NONE',  ( 10.45303777425773362, 25.68270705156890443, 1.699999999999999289 ) ) ;
#4013 = ORIENTED_EDGE ( 'NONE', *, *, #3142, .F. ) ;
#4014 = ORIENTED_EDGE ( 'NONE', *, *, #451, .F. ) ;
#4015 = CARTESIAN_POINT ( 'NONE',  ( -7.847809807731437247E-15, 29.02870705156890452, 9.999999999999998224 ) ) ;
#4016 = DIRECTION ( 'NONE',  ( 1.000000000000000000, 0.000000000000000000, 0.000000000000000000 ) ) ;
#4017 = CIRCLE ( 'NONE', #3195, 3.000000000000000888 ) ;
#4018 = CARTESIAN_POINT ( 'NONE',  ( 18.03503777425770238, 22.52870705156903952, 9.910179721124839247 ) ) ;
#4019 = AXIS2_PLACEMENT_3D ( 'NONE', #1084, #2639, #4995 ) ;
#4020 = EDGE_CURVE ( 'NONE', #4620, #3528, #4455, .T. ) ;
#4021 = EDGE_CURVE ( 'NONE', #1522, #2935, #2845, .T. ) ;
#4022 = LINE ( 'NONE', #148, #916 ) ;
#4023 = EDGE_CURVE ( 'NONE', #1274, #4232, #3687, .T. ) ;
#4024 = EDGE_LOOP ( 'NONE', ( #1028, #3438, #3739, #4831 ) ) ;
#4025 = DIRECTION ( 'NONE',  ( -1.000000000000000000, 0.000000000000000000, 0.000000000000000000 ) ) ;
#4026 = LINE ( 'NONE', #3631, #2135 ) ;
#4027 = VERTEX_POINT ( 'NONE', #961 ) ;
#4028 = EDGE_CURVE ( 'NONE', #1119, #3167, #2098, .T. ) ;
#4029 = CARTESIAN_POINT ( 'NONE',  ( -16.96496222574226564, 19.77870705156889031, -4.002000000000000668 ) ) ;
#4030 = CARTESIAN_POINT ( 'NONE',  ( -9.807962225742267393, 25.68270705156890443, -0.1000000000000002554 ) ) ;
#4031 = LINE ( 'NONE', #1246, #2949 ) ;
#4032 = ORIENTED_EDGE ( 'NONE', *, *, #2523, .F. ) ;
#4033 = ORIENTED_EDGE ( 'NONE', *, *, #3873, .F. ) ;
#4034 = DIRECTION ( 'NONE',  ( 1.000000000000000000, 0.000000000000000000, 0.000000000000000000 ) ) ;
#4035 = CARTESIAN_POINT ( 'NONE',  ( 15.78503777425770060, 22.52870705156892583, 3.292323440001584611 ) ) ;
#4036 = AXIS2_PLACEMENT_3D ( 'NONE', #2261, #4722, #2748 ) ;
#4037 = EDGE_CURVE ( 'NONE', #2445, #2882, #2519, .T. ) ;
#4038 = CARTESIAN_POINT ( 'NONE',  ( -9.934129258355456571, -28.47129294843108482, 3.292323440001584611 ) ) ;
#4039 = VERTEX_POINT ( 'NONE', #1661 ) ;
#4040 = FACE_OUTER_BOUND ( 'NONE', #4197, .T. ) ;
#4041 = CARTESIAN_POINT ( 'NONE',  ( 15.78503777425776988, 25.27870705156888320, 3.292323440001584611 ) ) ;
#4042 = CIRCLE ( 'NONE', #2072, 3.000000000000000888 ) ;
#4043 = ORIENTED_EDGE ( 'NONE', *, *, #4556, .F. ) ;
#4044 = EDGE_CURVE ( 'NONE', #4558, #1944, #2682, .T. ) ;
#4045 = EDGE_CURVE ( 'NONE', #3054, #3475, #2940, .T. ) ;
#4046 = CARTESIAN_POINT ( 'NONE',  ( -10.88296222574226668, 25.68270705156890443, -0.1000000000000002554 ) ) ;
#4047 = AXIS2_PLACEMENT_3D ( 'NONE', #2225, #2977, #4991 ) ;
#4048 = CARTESIAN_POINT ( 'NONE',  ( -16.96496222574226564, 18.77870705156889031, -4.002000000000000668 ) ) ;
#4049 = ORIENTED_EDGE ( 'NONE', *, *, #2792, .F. ) ;
#4050 = PRODUCT ( 'Top_Enclosure', 'Top_Enclosure', '', ( #1573 ) ) ;
#4051 = VERTEX_POINT ( 'NONE', #1339 ) ;
#4052 = DIRECTION ( 'NONE',  ( 1.000000000000000000, 0.000000000000000000, 0.000000000000000000 ) ) ;
#4053 = DIRECTION ( 'NONE',  ( 0.000000000000000000, 0.000000000000000000, 1.000000000000000000 ) ) ;
#4054 = STYLED_ITEM ( 'NONE', ( #1058 ), #3074 ) ;
#4055 = EDGE_CURVE ( 'NONE', #2911, #3065, #909, .T. ) ;
#4056 = LINE ( 'NONE', #204, #2955 ) ;
#4057 = VERTEX_POINT ( 'NONE', #1749 ) ;
#4058 = DIRECTION ( 'NONE',  ( 1.949127501097536200E-16, 1.000000000000000000, -0.000000000000000000 ) ) ;
#4059 = CARTESIAN_POINT ( 'NONE',  ( -16.21496222574229407, 19.77870705156889031, 8.499999999999998224 ) ) ;
#4060 = DIRECTION ( 'NONE',  ( 0.000000000000000000, 0.000000000000000000, -1.000000000000000000 ) ) ;
#4061 = LINE ( 'NONE', #4030, #4836 ) ;
#4062 = CARTESIAN_POINT ( 'NONE',  ( -18.46496222574226209, -2.135440230401338314E-15, 9.999999999999998224 ) ) ;
#4063 = EDGE_CURVE ( 'NONE', #2637, #685, #151, .T. ) ;
#4064 = ORIENTED_EDGE ( 'NONE', *, *, #1328, .F. ) ;
#4065 = CARTESIAN_POINT ( 'NONE',  ( 10.45303777425773362, -25.62529294843109540, 1.699999999999999289 ) ) ;
#4066 = CARTESIAN_POINT ( 'NONE',  ( -12.64106361317945293, -22.11161202698745498, 9.999999999999998224 ) ) ;
#4067 = LINE ( 'NONE', #3953, #1745 ) ;
#4068 = ORIENTED_EDGE ( 'NONE', *, *, #754, .F. ) ;
#4069 = LINE ( 'NONE', #1252, #76 ) ;
#4070 = CARTESIAN_POINT ( 'NONE',  ( -4.791999477595536128, 19.84070686846390430, 9.999999999999998224 ) ) ;
#4071 = ORIENTED_EDGE ( 'NONE', *, *, #4426, .F. ) ;
#4072 = DIRECTION ( 'NONE',  ( 0.000000000000000000, 0.000000000000000000, 1.000000000000000000 ) ) ;
#4073 = ORIENTED_EDGE ( 'NONE', *, *, #2419, .F. ) ;
#4074 = ORIENTED_EDGE ( 'NONE', *, *, #465, .F. ) ;
#4075 = CARTESIAN_POINT ( 'NONE',  ( -7.735828614373006620E-15, 28.61449348919580515, 9.999999999999998224 ) ) ;
#4076 = CARTESIAN_POINT ( 'NONE',  ( -18.05074866336916983, -2.087537164353565677E-15, 8.999999999999998224 ) ) ;
#4077 = CARTESIAN_POINT ( 'NONE',  ( 13.45303777425773539, 25.68270705156890443, 1.699999999999999289 ) ) ;
#4078 = AXIS2_PLACEMENT_3D ( 'NONE', #1928, #1253, #4361 ) ;
#4079 = CARTESIAN_POINT ( 'NONE',  ( 15.78503777425773613, -22.47129294843107417, 3.292323440001584611 ) ) ;
#4080 = VERTEX_POINT ( 'NONE', #607 ) ;
#4081 = AXIS2_PLACEMENT_3D ( 'NONE', #1366, #153, #992 ) ;
#4082 = DIRECTION ( 'NONE',  ( 0.000000000000000000, -0.000000000000000000, 1.000000000000000000 ) ) ;
#4083 = CARTESIAN_POINT ( 'NONE',  ( 15.78503777425775390, -19.72129294843107417, -4.002000000000000668 ) ) ;
#4084 = DIRECTION ( 'NONE',  ( -1.000000000000000000, 0.000000000000000000, 0.000000000000000000 ) ) ;
#4085 = AXIS2_PLACEMENT_3D ( 'NONE', #312, #3311, #3839 ) ;
#4086 = CARTESIAN_POINT ( 'NONE',  ( -9.066960760898265193, 21.25670570879590571, -4.001000000000001222 ) ) ;
#4087 = ORIENTED_EDGE ( 'NONE', *, *, #3163, .T. ) ;
#4088 = CARTESIAN_POINT ( 'NONE',  ( 16.03503777425773436, 27.02870705156891162, 9.292893218813443212 ) ) ;
#4089 = EDGE_CURVE ( 'NONE', #4851, #2074, #3017, .T. ) ;
#4090 = CIRCLE ( 'NONE', #4173, 1.402036092185269034 ) ;
#4091 = ADVANCED_FACE ( 'NONE', ( #547 ), #4399, .F. ) ;
#4092 = FACE_BOUND ( 'NONE', #561, .T. ) ;
#4093 = EDGE_CURVE ( 'NONE', #4407, #205, #1131, .T. ) ;
#4094 = EDGE_LOOP ( 'NONE', ( #623, #1843, #4547, #1769 ) ) ;
#4095 = CARTESIAN_POINT ( 'NONE',  ( -16.46496222574226920, 30.02870705156890097, 3.292323440001584611 ) ) ;
#4096 = CIRCLE ( 'NONE', #2206, 1.074999999999999512 ) ;
#4097 = ORIENTED_EDGE ( 'NONE', *, *, #3508, .F. ) ;
#4098 = EDGE_CURVE ( 'NONE', #1947, #372, #1224, .T. ) ;
#4099 = LINE ( 'NONE', #2890, #673 ) ;
#4100 = AXIS2_PLACEMENT_3D ( 'NONE', #3465, #857, #459 ) ;
#4101 = PLANE ( 'NONE',  #2727 ) ;
#4102 = VERTEX_POINT ( 'NONE', #3224 ) ;
#4103 = EDGE_LOOP ( 'NONE', ( #2252, #3187, #4648, #5024 ) ) ;
#4104 = CARTESIAN_POINT ( 'NONE',  ( 15.78503777425775390, -25.22129294843106706, 3.292323440001584611 ) ) ;
#4105 = DIRECTION ( 'NONE',  ( 0.000000000000000000, 0.000000000000000000, -1.000000000000000000 ) ) ;
#4106 = CARTESIAN_POINT ( 'NONE',  ( 11.70847426001880720, -28.34997260487144288, 8.499999999999998224 ) ) ;
#4107 = AXIS2_PLACEMENT_3D ( 'NONE', #185, #4875, #1370 ) ;
#4108 = DIRECTION ( 'NONE',  ( 0.000000000000000000, 1.000000000000000000, -0.000000000000000000 ) ) ;
#4109 = DIRECTION ( 'NONE',  ( 0.000000000000000000, -0.7071067811865451302, -0.7071067811865500152 ) ) ;
#4110 = AXIS2_PLACEMENT_3D ( 'NONE', #4114, #4538, #4456 ) ;
#4111 = ORIENTED_EDGE ( 'NONE', *, *, #4570, .F. ) ;
#4112 = EDGE_CURVE ( 'NONE', #674, #1480, #3579, .T. ) ;
#4113 = DIRECTION ( 'NONE',  ( -1.000000000000000000, 0.000000000000000000, 0.000000000000000000 ) ) ;
#4114 = CARTESIAN_POINT ( 'NONE',  ( 16.03503777425773791, -26.97129294843108838, 3.292323440001584611 ) ) ;
#4115 = CARTESIAN_POINT ( 'NONE',  ( 11.60854927436682971, -28.39601452122300884, 8.453958083648430488 ) ) ;
#4116 = LINE ( 'NONE', #3519, #669 ) ;
#4117 = PLANE ( 'NONE',  #811 ) ;
#4118 = VECTOR ( 'NONE', #4370, 1000.000000000000114 ) ;
#4119 = EDGE_CURVE ( 'NONE', #4232, #3042, #520, .T. ) ;
#4120 = FACE_OUTER_BOUND ( 'NONE', #4170, .T. ) ;
#4121 = ORIENTED_EDGE ( 'NONE', *, *, #382, .F. ) ;
#4122 = CARTESIAN_POINT ( 'NONE',  ( -13.88296222574226668, -25.62529294843109540, 8.499999999999998224 ) ) ;
#4123 = VERTEX_POINT ( 'NONE', #3249 ) ;
#4124 = CARTESIAN_POINT ( 'NONE',  ( -11.83179519312907679, -28.47129294843108482, 8.378679656440352730 ) ) ;
#4125 = ORIENTED_EDGE ( 'NONE', *, *, #14, .T. ) ;
#4126 = CARTESIAN_POINT ( 'NONE',  ( -16.21496222574226564, -22.47129294843110969, -1.363961030678932040 ) ) ;
#4127 = EDGE_CURVE ( 'NONE', #3760, #852, #4824, .T. ) ;
#4128 = EDGE_CURVE ( 'NONE', #2189, #1522, #2492, .T. ) ;
#4129 = DIRECTION ( 'NONE',  ( 1.156482317317871971E-16, -1.000000000000000000, -0.000000000000000000 ) ) ;
#4130 = AXIS2_PLACEMENT_3D ( 'NONE', #1576, #3133, #5026 ) ;
#4131 = ORIENTED_EDGE ( 'NONE', *, *, #2117, .T. ) ;
#4132 = ORIENTED_EDGE ( 'NONE', *, *, #4217, .F. ) ;
#4133 = CARTESIAN_POINT ( 'NONE',  ( -16.21496222574226564, -22.47129294843110969, 5.000000000000001776 ) ) ;
#4134 = CARTESIAN_POINT ( 'NONE',  ( -17.84364188218262015, 19.25611888778356118, 8.499999999999998224 ) ) ;
#4135 = EDGE_CURVE ( 'NONE', #819, #2531, #2901, .T. ) ;
#4136 = LINE ( 'NONE', #1791, #4283 ) ;
#4137 = ORIENTED_EDGE ( 'NONE', *, *, #4931, .F. ) ;
#4138 = DIRECTION ( 'NONE',  ( 0.000000000000000000, 0.000000000000000000, 1.000000000000000000 ) ) ;
#4139 = VECTOR ( 'NONE', #5030, 1000.000000000000000 ) ;
#4140 = LINE ( 'NONE', #4657, #419 ) ;
#4141 = FACE_OUTER_BOUND ( 'NONE', #1347, .T. ) ;
#4142 = DIRECTION ( 'NONE',  ( -1.156482317317871971E-16, 1.000000000000000000, 0.000000000000000000 ) ) ;
#4143 = CARTESIAN_POINT ( 'NONE',  ( 17.85868025254316649, -21.56776180554355093, 9.974114350644986970 ) ) ;
#4144 = ORIENTED_EDGE ( 'NONE', *, *, #5022, .F. ) ;
#4145 = PLANE ( 'NONE',  #2695 ) ;
#4146 = ORIENTED_EDGE ( 'NONE', *, *, #2998, .F. ) ;
#4147 = CARTESIAN_POINT ( 'NONE',  ( 4.793649565339142882, 12.66714344531767900, 8.499999999999998224 ) ) ;
#4148 = EDGE_LOOP ( 'NONE', ( #2429, #894, #3679, #3731 ) ) ;
#4149 = DIRECTION ( 'NONE',  ( -0.000000000000000000, -0.000000000000000000, 1.000000000000000000 ) ) ;
#4150 = ORIENTED_EDGE ( 'NONE', *, *, #2317, .T. ) ;
#4151 = ORIENTED_EDGE ( 'NONE', *, *, #3926, .T. ) ;
#4152 = CARTESIAN_POINT ( 'NONE',  ( -16.21496222574226564, -22.47129294843110969, 5.000000000000001776 ) ) ;
#4153 = CARTESIAN_POINT ( 'NONE',  ( 18.03503777425774501, -22.58743145588434231, 9.910179721124457330 ) ) ;
#4154 = EDGE_CURVE ( 'NONE', #1168, #4566, #708, .T. ) ;
#4155 = LINE ( 'NONE', #3763, #1134 ) ;
#4156 = VERTEX_POINT ( 'NONE', #1817 ) ;
#4157 = CARTESIAN_POINT ( 'NONE',  ( 15.78503777425775390, -19.72129294843107417, 8.499999999999998224 ) ) ;
#4158 = CARTESIAN_POINT ( 'NONE',  ( 15.78503777425776100, 19.77870705156889031, -4.002000000000000668 ) ) ;
#4159 =( BOUNDED_CURVE ( )  B_SPLINE_CURVE ( 3, ( #4580, #4650, #1812, #4942 ),
 .UNSPECIFIED., .F., .F. ) 
 B_SPLINE_CURVE_WITH_KNOTS ( ( 4, 4 ),
 ( 1.734723475976808080E-16, 0.4977068327427636163 ),
 .UNSPECIFIED. ) 
 CURVE ( )  GEOMETRIC_REPRESENTATION_ITEM ( )  RATIONAL_B_SPLINE_CURVE ( ( 1.000000000000000000, 0.9794636360570617706, 0.9794636360570617706, 1.000000000000000000 ) ) 
 REPRESENTATION_ITEM ( '' )  );
#4160 = ADVANCED_FACE ( 'NONE', ( #2638 ), #2227, .F. ) ;
#4161 = DIRECTION ( 'NONE',  ( -1.000000000000000000, 0.000000000000000000, 0.000000000000000000 ) ) ;
#4162 = ADVANCED_FACE ( 'NONE', ( #4947 ), #334, .F. ) ;
#4163 = VECTOR ( 'NONE', #4988, 1000.000000000000000 ) ;
#4164 = CARTESIAN_POINT ( 'NONE',  ( -3.389963385410266206, 19.84070686846390430, 9.999999999999998224 ) ) ;
#4165 = CIRCLE ( 'NONE', #1220, 2.249999999999998668 ) ;
#4166 = ORIENTED_EDGE ( 'NONE', *, *, #476, .T. ) ;
#4167 = VECTOR ( 'NONE', #1938, 1000.000000000000000 ) ;
#4168 = CARTESIAN_POINT ( 'NONE',  ( -16.46496222574226209, -29.97129294843108838, 3.292323440001584611 ) ) ;
#4169 = AXIS2_PLACEMENT_3D ( 'NONE', #3443, #4225, #1839 ) ;
#4170 = EDGE_LOOP ( 'NONE', ( #902, #4481, #1403, #1470 ) ) ;
#4171 = LINE ( 'NONE', #4147, #4660 ) ;
#4172 = ORIENTED_EDGE ( 'NONE', *, *, #3496, .T. ) ;
#4173 = AXIS2_PLACEMENT_3D ( 'NONE', #30, #2724, #3135 ) ;
#4174 = CARTESIAN_POINT ( 'NONE',  ( 0.000000000000000000, -28.97129294843108482, 9.999999999999998224 ) ) ;
#4175 = VERTEX_POINT ( 'NONE', #3047 ) ;
#4176 = VECTOR ( 'NONE', #4533, 1000.000000000000000 ) ;
#4177 = ORIENTED_EDGE ( 'NONE', *, *, #1456, .F. ) ;
#4178 = CARTESIAN_POINT ( 'NONE',  ( 17.53503777425774146, -26.22129294843107061, 3.292323440001584611 ) ) ;
#4179 = FACE_OUTER_BOUND ( 'NONE', #1897, .T. ) ;
#4180 = CIRCLE ( 'NONE', #1232, 3.000000000000000888 ) ;
#4181 = AXIS2_PLACEMENT_3D ( 'NONE', #4515, #1509, #361 ) ;
#4182 = VECTOR ( 'NONE', #1266, 1000.000000000000000 ) ;
#4183 = CARTESIAN_POINT ( 'NONE',  ( -12.64106361317945293, -22.11161202698745498, 8.499999999999998224 ) ) ;
#4184 = DIRECTION ( 'NONE',  ( 1.000000000000000000, 0.000000000000000000, 0.000000000000000000 ) ) ;
#4185 = AXIS2_PLACEMENT_3D ( 'NONE', #2048, #755, #2761 ) ;
#4186 = CIRCLE ( 'NONE', #2369, 1.000000000000000888 ) ;
#4187 = ADVANCED_FACE ( 'NONE', ( #1888 ), #2680, .F. ) ;
#4188 = EDGE_CURVE ( 'NONE', #3054, #4390, #1391, .T. ) ;
#4189 = DIRECTION ( 'NONE',  ( 0.000000000000000000, 0.000000000000000000, 1.000000000000000000 ) ) ;
#4190 = AXIS2_PLACEMENT_3D ( 'NONE', #2923, #3250, #1422 ) ;
#4191 = ORIENTED_EDGE ( 'NONE', *, *, #3799, .T. ) ;
#4192 = CARTESIAN_POINT ( 'NONE',  ( -10.88296222574226668, 25.68270705156890443, 1.699999999999999289 ) ) ;
#4193 = ORIENTED_EDGE ( 'NONE', *, *, #2735, .T. ) ;
#4194 = CARTESIAN_POINT ( 'NONE',  ( 11.70847426001878588, 28.40738670800926258, 8.499999999999998224 ) ) ;
#4195 = ORIENTED_EDGE ( 'NONE', *, *, #2792, .T. ) ;
#4196 = CYLINDRICAL_SURFACE ( 'NONE', #526, 2.749999999999995559 ) ;
#4197 = EDGE_LOOP ( 'NONE', ( #887, #402, #1682, #1544 ) ) ;
#4198 = ORIENTED_EDGE ( 'NONE', *, *, #23, .F. ) ;
#4199 = CARTESIAN_POINT ( 'NONE',  ( -17.84364188218261305, -19.19870478464573793, 8.499999999999998224 ) ) ;
#4200 = LINE ( 'NONE', #3376, #888 ) ;
#4201 = EDGE_CURVE ( 'NONE', #293, #3932, #2662, .T. ) ;
#4202 = VECTOR ( 'NONE', #4622, 1000.000000000000000 ) ;
#4203 = DIRECTION ( 'NONE',  ( 1.734723475976807341E-16, -1.000000000000000000, 0.000000000000000000 ) ) ;
#4204 = VERTEX_POINT ( 'NONE', #2980 ) ;
#4205 = CARTESIAN_POINT ( 'NONE',  ( 0.000000000000000000, -28.34997260487144288, 8.499999999999998224 ) ) ;
#4206 = CARTESIAN_POINT ( 'NONE',  ( -13.46496222574230295, 22.52870705156889031, 8.499999999999998224 ) ) ;
#4207 = EDGE_CURVE ( 'NONE', #1196, #3805, #2269, .T. ) ;
#4208 = DIRECTION ( 'NONE',  ( -0.000000000000000000, 0.000000000000000000, -1.000000000000000000 ) ) ;
#4209 = LINE ( 'NONE', #786, #2286 ) ;
#4210 = ORIENTED_EDGE ( 'NONE', *, *, #1837, .F. ) ;
#4211 = FACE_OUTER_BOUND ( 'NONE', #3954, .T. ) ;
#4212 = CARTESIAN_POINT ( 'NONE',  ( 17.53503777425774146, -26.22129294843107061, -4.000000000000000000 ) ) ;
#4213 = ORIENTED_EDGE ( 'NONE', *, *, #552, .T. ) ;
#4214 = DIRECTION ( 'NONE',  ( -1.000000000000000000, 0.000000000000000000, 0.000000000000000000 ) ) ;
#4215 = EDGE_CURVE ( 'NONE', #1922, #4465, #3066, .T. ) ;
#4216 = ORIENTED_EDGE ( 'NONE', *, *, #1007, .F. ) ;
#4217 = EDGE_CURVE ( 'NONE', #3754, #4292, #1041, .T. ) ;
#4218 = DIRECTION ( 'NONE',  ( 0.000000000000000000, 0.000000000000000000, 1.000000000000000000 ) ) ;
#4219 = ORIENTED_EDGE ( 'NONE', *, *, #171, .T. ) ;
#4220 = ORIENTED_EDGE ( 'NONE', *, *, #4789, .T. ) ;
#4221 = DIRECTION ( 'NONE',  ( 1.734723475976807094E-16, -1.000000000000000000, -0.000000000000000000 ) ) ;
#4222 = DIRECTION ( 'NONE',  ( 1.000000000000000000, 2.703465157366452467E-16, -0.000000000000000000 ) ) ;
#4223 = DIRECTION ( 'NONE',  ( 1.000000000000000000, 0.000000000000000000, -0.000000000000000000 ) ) ;
#4224 = ORIENTED_EDGE ( 'NONE', *, *, #3333, .F. ) ;
#4225 = DIRECTION ( 'NONE',  ( 0.000000000000000000, 0.000000000000000000, -1.000000000000000000 ) ) ;
#4226 = CARTESIAN_POINT ( 'NONE',  ( 1.050003391056464341, 19.84070686846390430, 9.999999999999998224 ) ) ;
#4227 = DIRECTION ( 'NONE',  ( 0.000000000000000000, -1.000000000000000000, 0.000000000000000000 ) ) ;
#4228 = DIRECTION ( 'NONE',  ( 1.734723475976807094E-16, -1.000000000000000000, 1.232595164407830946E-32 ) ) ;
#4229 = ORIENTED_EDGE ( 'NONE', *, *, #3418, .F. ) ;
#4230 = DIRECTION ( 'NONE',  ( -0.000000000000000000, 0.000000000000000000, 1.000000000000000000 ) ) ;
#4231 = CIRCLE ( 'NONE', #468, 2.707106781186550126 ) ;
#4232 = VERTEX_POINT ( 'NONE', #4183 ) ;
#4233 = AXIS2_PLACEMENT_3D ( 'NONE', #3056, #3033, #736 ) ;
#4234 = ORIENTED_EDGE ( 'NONE', *, *, #907, .F. ) ;
#4235 = EDGE_CURVE ( 'NONE', #674, #1832, #2198, .T. ) ;
#4236 = EDGE_CURVE ( 'NONE', #372, #4175, #2590, .T. ) ;
#4237 = VECTOR ( 'NONE', #1720, 1000.000000000000000 ) ;
#4238 = EDGE_CURVE ( 'NONE', #3982, #4102, #1792, .T. ) ;
#4239 = LINE ( 'NONE', #422, #1175 ) ;
#4240 = ORIENTED_EDGE ( 'NONE', *, *, #2298, .T. ) ;
#4241 = FACE_OUTER_BOUND ( 'NONE', #129, .T. ) ;
#4242 = CARTESIAN_POINT ( 'NONE',  ( -7.882962225742265794, -25.62529294843109540, 8.499999999999998224 ) ) ;
#4243 = EDGE_CURVE ( 'NONE', #4860, #3669, #4976, .T. ) ;
#4244 = AXIS2_PLACEMENT_3D ( 'NONE', #1104, #5014, #307 ) ;
#4245 = VECTOR ( 'NONE', #5034, 1000.000000000000000 ) ;
#4246 = AXIS2_PLACEMENT_3D ( 'NONE', #3876, #4316, #368 ) ;
#4247 = VERTEX_POINT ( 'NONE', #4994 ) ;
#4248 = DIRECTION ( 'NONE',  ( -0.000000000000000000, -0.000000000000000000, 1.000000000000000000 ) ) ;
#4249 = CARTESIAN_POINT ( 'NONE',  ( -18.05074866336916273, -26.97129294843108838, 8.999999999999998224 ) ) ;
#4250 = LINE ( 'NONE', #1914, #4245 ) ;
#4251 = CIRCLE ( 'NONE', #675, 2.250000000000001776 ) ;
#4252 = ADVANCED_FACE ( 'NONE', ( #752 ), #4559, .F. ) ;
#4253 = CARTESIAN_POINT ( 'NONE',  ( -17.96496222574225854, -26.22129294843106706, 3.292323440001584611 ) ) ;
#4254 = CYLINDRICAL_SURFACE ( 'NONE', #918, 1.074999999999999512 ) ;
#4255 = VERTEX_POINT ( 'NONE', #4925 ) ;
#4256 = EDGE_CURVE ( 'NONE', #1273, #35, #4967, .T. ) ;
#4257 = CYLINDRICAL_SURFACE ( 'NONE', #5040, 1.250000000000001110 ) ;
#4258 = VECTOR ( 'NONE', #1970, 1000.000000000000000 ) ;
#4259 = EDGE_CURVE ( 'NONE', #2031, #232, #2274, .T. ) ;
#4260 = CIRCLE ( 'NONE', #1807, 1.000000000000000888 ) ;
#4261 = VERTEX_POINT ( 'NONE', #2815 ) ;
#4262 = EDGE_CURVE ( 'NONE', #324, #1651, #3173, .T. ) ;
#4263 = ORIENTED_EDGE ( 'NONE', *, *, #193, .F. ) ;
#4264 = AXIS2_PLACEMENT_3D ( 'NONE', #2582, #1455, #256 ) ;
#4265 = DIRECTION ( 'NONE',  ( 1.000000000000000000, 0.000000000000000000, 0.000000000000000000 ) ) ;
#4266 = ORIENTED_EDGE ( 'NONE', *, *, #900, .F. ) ;
#4267 = CARTESIAN_POINT ( 'NONE',  ( -17.84364188218261305, -25.74388111221639974, 8.499999999999998224 ) ) ;
#4268 = DIRECTION ( 'NONE',  ( 1.156482317317871971E-16, -1.000000000000000000, 0.000000000000000000 ) ) ;
#4269 = ADVANCED_FACE ( 'NONE', ( #455 ), #1943, .F. ) ;
#4270 = CARTESIAN_POINT ( 'NONE',  ( -12.64106361317946003, 13.48838797301254111, 9.999999999999998224 ) ) ;
#4271 = DIRECTION ( 'NONE',  ( 0.000000000000000000, 0.000000000000000000, 1.000000000000000000 ) ) ;
#4272 = ORIENTED_EDGE ( 'NONE', *, *, #1471, .T. ) ;
#4273 = EDGE_LOOP ( 'NONE', ( #4064, #974, #881, #1093 ) ) ;
#4274 = CARTESIAN_POINT ( 'NONE',  ( -17.96496222574225854, -18.72129294843107417, 3.292323440001584611 ) ) ;
#4275 = DIRECTION ( 'NONE',  ( -0.000000000000000000, -0.000000000000000000, -1.000000000000000000 ) ) ;
#4276 = EDGE_CURVE ( 'NONE', #2843, #1480, #3117, .T. ) ;
#4277 = CARTESIAN_POINT ( 'NONE',  ( -18.46496222574229762, 22.29502904122163187, 9.910179721124439567 ) ) ;
#4278 = CARTESIAN_POINT ( 'NONE',  ( -16.21496222574229762, 22.52870705156889031, 3.292323440001584611 ) ) ;
#4279 = AXIS2_PLACEMENT_3D ( 'NONE', #2287, #1199, #3437 ) ;
#4280 = CARTESIAN_POINT ( 'NONE',  ( 4.793649565339142882, 11.01227139059988147, 8.499999999999994671 ) ) ;
#4281 = VERTEX_POINT ( 'NONE', #4274 ) ;
#4282 = DIRECTION ( 'NONE',  ( 1.000000000000000000, 0.000000000000000000, 0.000000000000000000 ) ) ;
#4283 = VECTOR ( 'NONE', #4964, 1000.000000000000000 ) ;
#4284 = ORIENTED_EDGE ( 'NONE', *, *, #692, .T. ) ;
#4285 = CIRCLE ( 'NONE', #3869, 1.000000000000000888 ) ;
#4286 = EDGE_LOOP ( 'NONE', ( #4774, #1200, #4674, #1668, #4928 ) ) ;
#4287 = DIRECTION ( 'NONE',  ( -1.000000000000000000, 0.000000000000000000, 0.000000000000000000 ) ) ;
#4288 = ORIENTED_EDGE ( 'NONE', *, *, #4965, .T. ) ;
#4289 = CARTESIAN_POINT ( 'NONE',  ( -18.46496222574230117, 22.52870705156889031, 5.000000000000001776 ) ) ;
#4290 = CARTESIAN_POINT ( 'NONE',  ( -16.96496222574225854, -18.72129294843107417, 8.499999999999998224 ) ) ;
#4291 = EDGE_CURVE ( 'NONE', #2233, #3629, #4759, .T. ) ;
#4292 = VERTEX_POINT ( 'NONE', #3568 ) ;
#4293 = CARTESIAN_POINT ( 'NONE',  ( 1.050003391056464341, 19.84070686846390430, 8.499999999999998224 ) ) ;
#4294 = VERTEX_POINT ( 'NONE', #3140 ) ;
#4295 = ORIENTED_EDGE ( 'NONE', *, *, #3166, .T. ) ;
#4296 = CARTESIAN_POINT ( 'NONE',  ( -13.96496222574229762, 22.52870705156889031, -1.363961030678932040 ) ) ;
#4297 = LINE ( 'NONE', #4683, #4118 ) ;
#4298 = CARTESIAN_POINT ( 'NONE',  ( -18.18620346118752096, 23.63847865592390107, 10.00000000000000000 ) ) ;
#4299 = ORIENTED_EDGE ( 'NONE', *, *, #2209, .F. ) ;
#4300 = CARTESIAN_POINT ( 'NONE',  ( -12.64106361317946003, 13.48838797301254111, -4.001000000000001222 ) ) ;
#4301 = CARTESIAN_POINT ( 'NONE',  ( 17.53503777425773080, 27.02870705156891162, 3.292323440001584611 ) ) ;
#4302 = VERTEX_POINT ( 'NONE', #779 ) ;
#4303 = EDGE_CURVE ( 'NONE', #3214, #3455, #2733, .T. ) ;
#4304 = CARTESIAN_POINT ( 'NONE',  ( 18.03503777425773436, -22.47129294843107417, -1.363961030678932040 ) ) ;
#4305 = CARTESIAN_POINT ( 'NONE',  ( 16.53503777425774146, -26.22129294843106706, -4.002000000000000668 ) ) ;
#4306 = CARTESIAN_POINT ( 'NONE',  ( 13.53503777425770238, 22.52870705156892583, 5.000000000000001776 ) ) ;
#4307 = ORIENTED_EDGE ( 'NONE', *, *, #3738, .F. ) ;
#4308 = ORIENTED_EDGE ( 'NONE', *, *, #2045, .T. ) ;
#4309 = VECTOR ( 'NONE', #111, 1000.000000000000000 ) ;
#4310 = ORIENTED_EDGE ( 'NONE', *, *, #1203, .F. ) ;
#4311 = CARTESIAN_POINT ( 'NONE',  ( -3.389963385410266206, 19.84070686846390430, -4.001000000000001222 ) ) ;
#4312 = DIRECTION ( 'NONE',  ( 1.156482317317871971E-16, -1.000000000000000000, 0.000000000000000000 ) ) ;
#4313 = VECTOR ( 'NONE', #3968, 1000.000000000000000 ) ;
#4314 = DIRECTION ( 'NONE',  ( 0.7071067811865451302, 8.177564888977971984E-17, 0.7071067811865500152 ) ) ;
#4315 = ORIENTED_EDGE ( 'NONE', *, *, #1671, .T. ) ;
#4316 = DIRECTION ( 'NONE',  ( -0.000000000000000000, -0.000000000000000000, 1.000000000000000000 ) ) ;
#4317 = CARTESIAN_POINT ( 'NONE',  ( -10.66696076089826661, 17.28171028643190610, 9.999999999999998224 ) ) ;
#4318 = ORIENTED_EDGE ( 'NONE', *, *, #4589, .F. ) ;
#4319 = VECTOR ( 'NONE', #4998, 1000.000000000000000 ) ;
#4320 = CARTESIAN_POINT ( 'NONE',  ( -19.46496222574226209, -28.47129294843108482, 3.292323440001584611 ) ) ;
#4321 = ORIENTED_EDGE ( 'NONE', *, *, #2899, .T. ) ;
#4322 = CYLINDRICAL_SURFACE ( 'NONE', #2547, 2.249999999999998668 ) ;
#4323 = CARTESIAN_POINT ( 'NONE',  ( 14.53503777425770060, 22.52870705156892583, 3.292323440001584611 ) ) ;
#4324 = CARTESIAN_POINT ( 'NONE',  ( 15.78503777425775390, -25.22129294843106706, 3.292323440001584611 ) ) ;
#4325 = AXIS2_PLACEMENT_3D ( 'NONE', #3769, #1060, #3792 ) ;
#4326 = AXIS2_PLACEMENT_3D ( 'NONE', #3649, #2540, #4052 ) ;
#4327 = DIRECTION ( 'NONE',  ( 1.000000000000000000, 0.000000000000000000, 0.000000000000000000 ) ) ;
#4328 = ORIENTED_EDGE ( 'NONE', *, *, #1513, .F. ) ;
#4329 = DIRECTION ( 'NONE',  ( 0.000000000000000000, 0.000000000000000000, -1.000000000000000000 ) ) ;
#4330 = CARTESIAN_POINT ( 'NONE',  ( -18.46496222574226564, -22.47129294843110969, 9.910179721124452001 ) ) ;
#4331 = VECTOR ( 'NONE', #5006, 1000.000000000000000 ) ;
#4332 = ADVANCED_FACE ( 'NONE', ( #1932 ), #4403, .F. ) ;
#4333 = VERTEX_POINT ( 'NONE', #3544 ) ;
#4334 = FACE_OUTER_BOUND ( 'NONE', #4497, .T. ) ;
#4335 = ADVANCED_FACE ( 'NONE', ( #1634 ), #3938, .T. ) ;
#4336 = VECTOR ( 'NONE', #4453, 1000.000000000000000 ) ;
#4337 = VECTOR ( 'NONE', #550, 1000.000000000000000 ) ;
#4338 = ORIENTED_EDGE ( 'NONE', *, *, #1438, .F. ) ;
#4339 = CIRCLE ( 'NONE', #3188, 1.000000000000000888 ) ;
#4340 = VERTEX_POINT ( 'NONE', #1151 ) ;
#4341 = AXIS2_PLACEMENT_3D ( 'NONE', #634, #2131, #3380 ) ;
#4342 = CARTESIAN_POINT ( 'NONE',  ( 17.53503777425774146, -26.97129294843108482, -4.000000000000000000 ) ) ;
#4343 = ORIENTED_EDGE ( 'NONE', *, *, #2458, .F. ) ;
#4344 = FACE_OUTER_BOUND ( 'NONE', #4500, .T. ) ;
#4345 = CARTESIAN_POINT ( 'NONE',  ( 19.03503777425773080, 27.02870705156891162, 3.292323440001584611 ) ) ;
#4346 = EDGE_LOOP ( 'NONE', ( #3819, #3191, #1740, #1432, #960, #665, #2827, #1633, #2631, #4210 ) ) ;
#4347 = AXIS2_PLACEMENT_3D ( 'NONE', #1788, #145, #1417 ) ;
#4348 = DIRECTION ( 'NONE',  ( 1.734723475976807094E-16, -1.000000000000000000, -0.000000000000000000 ) ) ;
#4349 = ORIENTED_EDGE ( 'NONE', *, *, #4804, .T. ) ;
#4350 = CARTESIAN_POINT ( 'NONE',  ( -10.88296222574226668, -25.62529294843109540, -0.1000000000000002554 ) ) ;
#4351 = CARTESIAN_POINT ( 'NONE',  ( -9.934129258355479664, 28.52870705156890097, 3.292323440001584611 ) ) ;
#4352 = DIRECTION ( 'NONE',  ( -0.000000000000000000, -0.000000000000000000, -1.000000000000000000 ) ) ;
#4353 = EDGE_LOOP ( 'NONE', ( #5041, #3004, #1680, #2315, #3752 ) ) ;
#4354 = CARTESIAN_POINT ( 'NONE',  ( -7.926992468920545814E-15, 29.32160027038235839, 9.707106781186544353 ) ) ;
#4355 = DIRECTION ( 'NONE',  ( 0.000000000000000000, 0.000000000000000000, 1.000000000000000000 ) ) ;
#4356 = LINE ( 'NONE', #4715, #3820 ) ;
#4357 = EDGE_LOOP ( 'NONE', ( #2757, #2423, #540, #4669, #1045, #4934, #3204, #612, #2450, #987, #3364, #4131, #1983, #4349, #1810, #2921, #1689, #1160, #1660, #423 ) ) ;
#4358 = ORIENTED_EDGE ( 'NONE', *, *, #3291, .T. ) ;
#4359 = DIRECTION ( 'NONE',  ( 1.156482317317871971E-16, -1.000000000000000000, 0.000000000000000000 ) ) ;
#4360 = CARTESIAN_POINT ( 'NONE',  ( -16.46496222574226920, 27.02870705156890097, 9.999999999999998224 ) ) ;
#4361 = DIRECTION ( 'NONE',  ( 0.000000000000000000, 0.000000000000000000, 1.000000000000000000 ) ) ;
#4362 = VERTEX_POINT ( 'NONE', #4323 ) ;
#4363 = PRODUCT_RELATED_PRODUCT_CATEGORY ( 'part', '', ( #4050 ) ) ;
#4364 = ADVANCED_FACE ( 'NONE', ( #3193, #5032 ), #1585, .T. ) ;
#4365 = CARTESIAN_POINT ( 'NONE',  ( 17.53503777425773436, 18.77870705156889031, 8.378679656440352730 ) ) ;
#4366 = ORIENTED_EDGE ( 'NONE', *, *, #4790, .F. ) ;
#4367 = VERTEX_POINT ( 'NONE', #4706 ) ;
#4368 = CARTESIAN_POINT ( 'NONE',  ( -10.88296222574226668, -25.62529294843109540, -0.1000000000000002554 ) ) ;
#4369 =( BOUNDED_CURVE ( )  B_SPLINE_CURVE ( 3, ( #3012, #698, #1074, #220 ),
 .UNSPECIFIED., .F., .F. ) 
 B_SPLINE_CURVE_WITH_KNOTS ( ( 4, 4 ),
 ( 3.463395796891670653, 3.573362445082396643 ),
 .UNSPECIFIED. ) 
 CURVE ( )  GEOMETRIC_REPRESENTATION_ITEM ( )  RATIONAL_B_SPLINE_CURVE ( ( 1.000000000000000000, 0.9989925318741210702, 0.9989925318741210702, 1.000000000000000000 ) ) 
 REPRESENTATION_ITEM ( '' )  );
#4370 = DIRECTION ( 'NONE',  ( 0.7071067811865454633, -0.000000000000000000, 0.7071067811865496822 ) ) ;
#4371 = DIRECTION ( 'NONE',  ( -1.000000000000000000, 0.000000000000000000, 0.000000000000000000 ) ) ;
#4372 = CARTESIAN_POINT ( 'NONE',  ( 17.53503777425773080, 26.27870705156888320, 3.292323440001584611 ) ) ;
#4373 = CARTESIAN_POINT ( 'NONE',  ( 2.452039483241733375, 19.84070686846390430, -4.001000000000001222 ) ) ;
#4374 = CARTESIAN_POINT ( 'NONE',  ( 15.78503777425770060, 22.52870705156892583, -1.363961030678932040 ) ) ;
#4375 = FACE_OUTER_BOUND ( 'NONE', #3865, .T. ) ;
#4376 = DIRECTION ( 'NONE',  ( -1.000000000000000000, 0.000000000000000000, -0.000000000000000000 ) ) ;
#4377 = VERTEX_POINT ( 'NONE', #853 ) ;
#4378 = ORIENTED_EDGE ( 'NONE', *, *, #1669, .F. ) ;
#4379 = DIRECTION ( 'NONE',  ( 1.000000000000000000, -1.156482317317871725E-15, 0.000000000000000000 ) ) ;
#4380 = CARTESIAN_POINT ( 'NONE',  ( -12.03847372585135211, 28.45342862436082143, 8.453958083648430488 ) ) ;
#4381 = VERTEX_POINT ( 'NONE', #827 ) ;
#4382 = CARTESIAN_POINT ( 'NONE',  ( -16.21496222574229762, 22.52870705156889031, 5.000000000000001776 ) ) ;
#4383 = ORIENTED_EDGE ( 'NONE', *, *, #4409, .F. ) ;
#4384 = ADVANCED_FACE ( 'NONE', ( #3857 ), #5057, .T. ) ;
#4385 = ADVANCED_FACE ( 'NONE', ( #2790 ), #1606, .T. ) ;
#4386 = EDGE_CURVE ( 'NONE', #4294, #293, #391, .T. ) ;
#4387 = CIRCLE ( 'NONE', #378, 3.000000000000000000 ) ;
#4388 = DIRECTION ( 'NONE',  ( 1.000000000000000000, 0.000000000000000000, 0.000000000000000000 ) ) ;
#4389 = ORIENTED_EDGE ( 'NONE', *, *, #1, .F. ) ;
#4390 = VERTEX_POINT ( 'NONE', #3907 ) ;
#4391 = FACE_OUTER_BOUND ( 'NONE', #41, .T. ) ;
#4392 = CARTESIAN_POINT ( 'NONE',  ( -7.714959791634054653, -28.47129294843108482, 6.892323440001584700 ) ) ;
#4393 = ADVANCED_FACE ( 'NONE', ( #62 ), #3829, .T. ) ;
#4394 = TOROIDAL_SURFACE ( 'NONE', #4482, 1.999999999999997780, 1.000000000000000000 ) ;
#4395 = AXIS2_PLACEMENT_3D ( 'NONE', #4278, #3575, #492 ) ;
#4396 = DIRECTION ( 'NONE',  ( -1.000000000000000000, 0.000000000000000000, -0.000000000000000000 ) ) ;
#4397 = AXIS2_PLACEMENT_3D ( 'NONE', #1088, #4208, #1491 ) ;
#4398 = VERTEX_POINT ( 'NONE', #403 ) ;
#4399 = PLANE ( 'NONE',  #3490 ) ;
#4400 = DIRECTION ( 'NONE',  ( 0.000000000000000000, -0.000000000000000000, -1.000000000000000000 ) ) ;
#4401 = VERTEX_POINT ( 'NONE', #1234 ) ;
#4402 = PLANE ( 'NONE',  #1617 ) ;
#4403 = CONICAL_SURFACE ( 'NONE', #4822, 0.9393398282201738114, 0.7853981633974452814 ) ;
#4404 = EDGE_CURVE ( 'NONE', #2122, #649, #149, .T. ) ;
#4405 = CARTESIAN_POINT ( 'NONE',  ( -10.88296222574226668, 25.68270705156890443, -0.1000000000000002554 ) ) ;
#4406 = AXIS2_PLACEMENT_3D ( 'NONE', #4065, #2829, #691 ) ;
#4407 = VERTEX_POINT ( 'NONE', #4787 ) ;
#4408 = AXIS2_PLACEMENT_3D ( 'NONE', #2895, #201, #2456 ) ;
#4409 = EDGE_CURVE ( 'NONE', #205, #3054, #3320, .T. ) ;
#4410 = VERTEX_POINT ( 'NONE', #1303 ) ;
#4411 = DIRECTION ( 'NONE',  ( 1.000000000000000000, 2.703465157366452467E-16, -0.000000000000000000 ) ) ;
#4412 = FACE_OUTER_BOUND ( 'NONE', #4422, .T. ) ;
#4413 = CIRCLE ( 'NONE', #407, 1.000000000000000888 ) ;
#4414 = CARTESIAN_POINT ( 'NONE',  ( 15.78503777425773613, -22.47129294843107417, 5.000000000000001776 ) ) ;
#4415 = AXIS2_PLACEMENT_3D ( 'NONE', #3174, #3744, #4539 ) ;
#4416 = ORIENTED_EDGE ( 'NONE', *, *, #3180, .T. ) ;
#4417 = DIRECTION ( 'NONE',  ( 0.7071067811865451302, 0.000000000000000000, 0.7071067811865500152 ) ) ;
#4418 = ADVANCED_FACE ( 'NONE', ( #2870 ), #599, .F. ) ;
#4419 = ORIENTED_EDGE ( 'NONE', *, *, #1525, .F. ) ;
#4420 = DIRECTION ( 'NONE',  ( -1.949127501097536693E-16, -1.000000000000000000, 0.000000000000000000 ) ) ;
#4421 = ORIENTED_EDGE ( 'NONE', *, *, #457, .F. ) ;
#4422 = EDGE_LOOP ( 'NONE', ( #4068, #794, #87, #1597 ) ) ;
#4423 = DIRECTION ( 'NONE',  ( 0.000000000000000000, 0.000000000000000000, -1.000000000000000000 ) ) ;
#4424 = CARTESIAN_POINT ( 'NONE',  ( -3.389963385410266206, 19.84070686846390430, 8.499999999999998224 ) ) ;
#4425 = AXIS2_PLACEMENT_3D ( 'NONE', #3770, #265, #1365 ) ;
#4426 = EDGE_CURVE ( 'NONE', #3297, #536, #322, .T. ) ;
#4427 = FACE_OUTER_BOUND ( 'NONE', #1278, .T. ) ;
#4428 = LINE ( 'NONE', #2920, #4336 ) ;
#4429 = ORIENTED_EDGE ( 'NONE', *, *, #3163, .F. ) ;
#4430 = CARTESIAN_POINT ( 'NONE',  ( 17.53503777425773791, 3.041844167914499252E-15, 8.378679656440352730 ) ) ;
#4431 = EDGE_CURVE ( 'NONE', #3385, #826, #1712, .T. ) ;
#4432 = FACE_OUTER_BOUND ( 'NONE', #2171, .T. ) ;
#4433 = FACE_OUTER_BOUND ( 'NONE', #1852, .T. ) ;
#4434 = CARTESIAN_POINT ( 'NONE',  ( -19.46496222574226920, 27.02870705156890097, 8.585786437626900636 ) ) ;
#4435 = ORIENTED_EDGE ( 'NONE', *, *, #2259, .F. ) ;
#4436 = EDGE_LOOP ( 'NONE', ( #3453, #4703, #2056, #3791, #4918 ) ) ;
#4437 = DIRECTION ( 'NONE',  ( -0.000000000000000000, -0.000000000000000000, -1.000000000000000000 ) ) ;
#4438 = LINE ( 'NONE', #162, #2055 ) ;
#4439 = ORIENTED_EDGE ( 'NONE', *, *, #4641, .F. ) ;
#4440 = CARTESIAN_POINT ( 'NONE',  ( 16.03503777425773791, 28.52870705156890807, -4.000000000000000000 ) ) ;
#4441 = CARTESIAN_POINT ( 'NONE',  ( -9.934129258355456571, -28.47129294843108482, 8.378679656440352730 ) ) ;
#4442 = EDGE_LOOP ( 'NONE', ( #2609, #5055, #695, #280, #1558 ) ) ;
#4443 = DIRECTION ( 'NONE',  ( -1.000000000000000000, 0.000000000000000000, -0.000000000000000000 ) ) ;
#4444 = MECHANICAL_DESIGN_GEOMETRIC_PRESENTATION_REPRESENTATION (  '', ( #4054 ), #783 ) ;
#4445 = PLANE ( 'NONE',  #2818 ) ;
#4446 = ORIENTED_EDGE ( 'NONE', *, *, #89, .F. ) ;
#4447 = ORIENTED_EDGE ( 'NONE', *, *, #2987, .T. ) ;
#4448 = EDGE_CURVE ( 'NONE', #5004, #4398, #3983, .T. ) ;
#4449 = CARTESIAN_POINT ( 'NONE',  ( -17.40430205396243935, -2.012776757066667791E-15, 8.939339828220180806 ) ) ;
#4450 = CARTESIAN_POINT ( 'NONE',  ( 18.03503777425768106, 22.76130649472972678, 9.910179721124475094 ) ) ;
#4451 = PLANE ( 'NONE',  #2677 ) ;
#4452 = CARTESIAN_POINT ( 'NONE',  ( 0.000000000000000000, -27.91063277665126208, 8.939339828220180806 ) ) ;
#4453 = DIRECTION ( 'NONE',  ( -1.000000000000000000, 0.000000000000000000, 0.000000000000000000 ) ) ;
#4454 = ORIENTED_EDGE ( 'NONE', *, *, #235, .F. ) ;
#4455 = LINE ( 'NONE', #3325, #4486 ) ;
#4456 = DIRECTION ( 'NONE',  ( 1.000000000000000000, 0.000000000000000000, 0.000000000000000000 ) ) ;
#4457 = CARTESIAN_POINT ( 'NONE',  ( -16.46496222574226209, -26.97129294843108838, 3.292323440001584611 ) ) ;
#4458 = CARTESIAN_POINT ( 'NONE',  ( -17.84364188218262015, 25.80129521535420878, 8.499999999999998224 ) ) ;
#4459 = ADVANCED_FACE ( 'NONE', ( #2038 ), #931, .F. ) ;
#4460 = EDGE_CURVE ( 'NONE', #4851, #1493, #4506, .T. ) ;
#4461 = CARTESIAN_POINT ( 'NONE',  ( 17.53503777425774146, -18.72129294843107417, 8.378679656440352730 ) ) ;
#4462 = DIRECTION ( 'NONE',  ( -1.000000000000000000, 0.000000000000000000, 0.000000000000000000 ) ) ;
#4463 = CARTESIAN_POINT ( 'NONE',  ( -16.21496222574229051, -25.22129294843106706, 3.292323440001584611 ) ) ;
#4464 = EDGE_CURVE ( 'NONE', #3449, #4410, #2487, .T. ) ;
#4465 = VERTEX_POINT ( 'NONE', #3298 ) ;
#4466 = DIRECTION ( 'NONE',  ( 1.000000000000000000, 0.000000000000000000, 0.000000000000000000 ) ) ;
#4467 = CARTESIAN_POINT ( 'NONE',  ( 16.03503777425773791, 30.02870705156891162, 3.292323440001584611 ) ) ;
#4468 = ORIENTED_EDGE ( 'NONE', *, *, #3363, .F. ) ;
#4469 = LINE ( 'NONE', #972, #913 ) ;
#4470 = EDGE_LOOP ( 'NONE', ( #3921, #426, #2719, #2623 ) ) ;
#4471 = ADVANCED_FACE ( 'NONE', ( #4867 ), #4889, .T. ) ;
#4472 = DIRECTION ( 'NONE',  ( 1.000000000000000000, 0.000000000000000000, 0.000000000000000000 ) ) ;
#4473 = CARTESIAN_POINT ( 'NONE',  ( 17.62082421188463854, 21.22778885451539921, 9.999999999999998224 ) ) ;
#4474 = EDGE_LOOP ( 'NONE', ( #3442, #2181, #3529, #1352 ) ) ;
#4475 = ORIENTED_EDGE ( 'NONE', *, *, #1766, .F. ) ;
#4476 = LINE ( 'NONE', #1386, #664 ) ;
#4477 = CARTESIAN_POINT ( 'NONE',  ( 17.75547640613021372, -23.58219714417956681, 9.999999999999998224 ) ) ;
#4478 = AXIS2_PLACEMENT_3D ( 'NONE', #1579, #591, #4782 ) ;
#4479 = FACE_OUTER_BOUND ( 'NONE', #1568, .T. ) ;
#4480 = DIRECTION ( 'NONE',  ( -0.000000000000000000, -0.000000000000000000, 1.000000000000000000 ) ) ;
#4481 = ORIENTED_EDGE ( 'NONE', *, *, #250, .T. ) ;
#4482 = AXIS2_PLACEMENT_3D ( 'NONE', #837, #4767, #3252 ) ;
#4483 = CARTESIAN_POINT ( 'NONE',  ( 9.710935302704847061, 13.48838797301253933, 9.999999999999998224 ) ) ;
#4484 = DIRECTION ( 'NONE',  ( 1.000000000000000000, 0.000000000000000000, 0.000000000000000000 ) ) ;
#4485 = CARTESIAN_POINT ( 'NONE',  ( -17.96496222574226920, 26.11106913990269973, 8.378679656440352730 ) ) ;
#4486 = VECTOR ( 'NONE', #4895, 1000.000000000000000 ) ;
#4487 = CARTESIAN_POINT ( 'NONE',  ( -12.03847372585136455, -28.39601452122300884, 8.453958083648430488 ) ) ;
#4488 = CARTESIAN_POINT ( 'NONE',  ( 18.03503777425772014, -22.23869350527026967, 9.910179721124460883 ) ) ;
#4489 = EDGE_CURVE ( 'NONE', #61, #2031, #4476, .T. ) ;
#4490 = ADVANCED_FACE ( 'NONE', ( #980 ), #514, .T. ) ;
#4491 = ORIENTED_EDGE ( 'NONE', *, *, #5037, .F. ) ;
#4492 = DIRECTION ( 'NONE',  ( 1.911638545475367042E-16, -0.7071067811865444641, 0.7071067811865505703 ) ) ;
#4493 = DIRECTION ( 'NONE',  ( 1.000000000000000000, 0.000000000000000000, 0.000000000000000000 ) ) ;
#4494 = AXIS2_PLACEMENT_3D ( 'NONE', #4405, #4799, #4084 ) ;
#4495 = VECTOR ( 'NONE', #1173, 1000.000000000000000 ) ;
#4496 = DIRECTION ( 'NONE',  ( 1.000000000000000000, 0.000000000000000000, 0.000000000000000000 ) ) ;
#4497 = EDGE_LOOP ( 'NONE', ( #2627, #1779, #1358, #2944 ) ) ;
#4498 = CARTESIAN_POINT ( 'NONE',  ( -10.88296222574226668, 25.68270705156890443, 3.292323440001584611 ) ) ;
#4499 = CARTESIAN_POINT ( 'NONE',  ( 9.710935302704854166, -22.11161202698745853, 9.999999999999998224 ) ) ;
#4500 = EDGE_LOOP ( 'NONE', ( #1333, #2869, #3226, #2555 ) ) ;
#4501 = VECTOR ( 'NONE', #2576, 1000.000000000000000 ) ;
#4502 = AXIS2_PLACEMENT_3D ( 'NONE', #2794, #2299, #1236 ) ;
#4503 = LINE ( 'NONE', #4525, #12 ) ;
#4504 = VERTEX_POINT ( 'NONE', #1656 ) ;
#4505 = ORIENTED_EDGE ( 'NONE', *, *, #3369, .T. ) ;
#4506 = LINE ( 'NONE', #1762, #2279 ) ;
#4507 = DIRECTION ( 'NONE',  ( 0.000000000000000000, -0.000000000000000000, -1.000000000000000000 ) ) ;
#4508 = DIRECTION ( 'NONE',  ( 0.000000000000000000, 0.000000000000000000, 1.000000000000000000 ) ) ;
#4509 = AXIS2_PLACEMENT_3D ( 'NONE', #638, #2180, #5063 ) ;
#4510 = CARTESIAN_POINT ( 'NONE',  ( 19.03503777425773080, 30.02870705156891162, 3.292323440001584611 ) ) ;
#4511 = AXIS2_PLACEMENT_3D ( 'NONE', #4083, #4853, #1341 ) ;
#4512 = ORIENTED_EDGE ( 'NONE', *, *, #1747, .F. ) ;
#4513 = DIRECTION ( 'NONE',  ( -0.000000000000000000, 1.000000000000000000, 0.000000000000000000 ) ) ;
#4514 = DIRECTION ( 'NONE',  ( 0.000000000000000000, -1.000000000000000000, 0.000000000000000000 ) ) ;
#4515 = CARTESIAN_POINT ( 'NONE',  ( 15.78503777425770060, 22.52870705156892583, 3.292323440001584611 ) ) ;
#4516 =( BOUNDED_CURVE ( )  B_SPLINE_CURVE ( 3, ( #3690, #3747, #4487, #4721 ),
 .UNSPECIFIED., .F., .F. ) 
 B_SPLINE_CURVE_WITH_KNOTS ( ( 4, 4 ),
 ( 3.463395796891678202, 3.573362445082399752 ),
 .UNSPECIFIED. ) 
 CURVE ( )  GEOMETRIC_REPRESENTATION_ITEM ( )  RATIONAL_B_SPLINE_CURVE ( ( 1.000000000000000000, 0.9989925318741211813, 0.9989925318741211813, 1.000000000000000000 ) ) 
 REPRESENTATION_ITEM ( '' )  );
#4517 = AXIS2_PLACEMENT_3D ( 'NONE', #1607, #2841, #3141 ) ;
#4518 = FACE_OUTER_BOUND ( 'NONE', #4945, .T. ) ;
#4519 = ORIENTED_EDGE ( 'NONE', *, *, #89, .T. ) ;
#4520 = EDGE_LOOP ( 'NONE', ( #387, #3802 ) ) ;
#4521 = CARTESIAN_POINT ( 'NONE',  ( 17.49374975392583664, -19.05140476201651722, 8.419967676772255771 ) ) ;
#4522 = EDGE_LOOP ( 'NONE', ( #467, #4730, #2129, #4726 ) ) ;
#4523 = CARTESIAN_POINT ( 'NONE',  ( -18.46496222574230117, 22.52870705156889031, -1.363961030678932040 ) ) ;
#4524 = LINE ( 'NONE', #4548, #3179 ) ;
#4525 = CARTESIAN_POINT ( 'NONE',  ( -19.46496222574226209, -28.47129294843108482, 3.292323440001584611 ) ) ;
#4526 = CIRCLE ( 'NONE', #3526, 1.000000000000000000 ) ;
#4527 = ORIENTED_EDGE ( 'NONE', *, *, #1344, .T. ) ;
#4528 = ORIENTED_EDGE ( 'NONE', *, *, #385, .F. ) ;
#4529 = DIRECTION ( 'NONE',  ( 0.000000000000000000, 1.000000000000000000, 0.000000000000000000 ) ) ;
#4530 = FACE_OUTER_BOUND ( 'NONE', #3822, .T. ) ;
#4531 = EDGE_CURVE ( 'NONE', #5069, #2882, #3597, .T. ) ;
#4532 = ADVANCED_FACE ( 'NONE', ( #4391 ), #903, .F. ) ;
#4533 = DIRECTION ( 'NONE',  ( 0.000000000000000000, -0.7071067811865439090, 0.7071067811865512365 ) ) ;
#4534 = CARTESIAN_POINT ( 'NONE',  ( 2.015431251695973813, 11.01227139059988147, 9.999999999999998224 ) ) ;
#4535 = EDGE_LOOP ( 'NONE', ( #32, #3264, #519, #1941 ) ) ;
#4536 = DIRECTION ( 'NONE',  ( 1.000000000000000000, -0.000000000000000000, -0.000000000000000000 ) ) ;
#4537 = VECTOR ( 'NONE', #4678, 1000.000000000000000 ) ;
#4538 = DIRECTION ( 'NONE',  ( -0.000000000000000000, -0.000000000000000000, -1.000000000000000000 ) ) ;
#4539 = DIRECTION ( 'NONE',  ( -1.000000000000000000, 0.000000000000000000, 0.000000000000000000 ) ) ;
#4540 = PLANE ( 'NONE',  #3774 ) ;
#4541 =( BOUNDED_CURVE ( )  B_SPLINE_CURVE ( 3, ( #3313, #4881, #1376, #4194 ),
 .UNSPECIFIED., .F., .F. ) 
 B_SPLINE_CURVE_WITH_KNOTS ( ( 4, 4 ),
 ( 3.463395796891666212, 3.573362445082391758 ),
 .UNSPECIFIED. ) 
 CURVE ( )  GEOMETRIC_REPRESENTATION_ITEM ( )  RATIONAL_B_SPLINE_CURVE ( ( 1.000000000000000000, 0.9989925318741210702, 0.9989925318741210702, 1.000000000000000000 ) ) 
 REPRESENTATION_ITEM ( '' )  );
#4542 = ORIENTED_EDGE ( 'NONE', *, *, #2964, .T. ) ;
#4543 = CARTESIAN_POINT ( 'NONE',  ( 17.53503777425773436, 18.77870705156889031, 3.292323440001584611 ) ) ;
#4544 = FACE_OUTER_BOUND ( 'NONE', #1971, .T. ) ;
#4545 = ORIENTED_EDGE ( 'NONE', *, *, #2419, .T. ) ;
#4546 = CARTESIAN_POINT ( 'NONE',  ( -10.88296222574226668, -25.62529294843109540, 8.499999999999998224 ) ) ;
#4547 = ORIENTED_EDGE ( 'NONE', *, *, #1203, .T. ) ;
#4548 = CARTESIAN_POINT ( 'NONE',  ( 0.000000000000000000, -28.47129294843108482, 8.378679656440352730 ) ) ;
#4549 = LINE ( 'NONE', #3372, #2156 ) ;
#4550 = VERTEX_POINT ( 'NONE', #3626 ) ;
#4551 = EDGE_LOOP ( 'NONE', ( #2366, #2373, #1549, #4343 ) ) ;
#4552 = CARTESIAN_POINT ( 'NONE',  ( -16.46496222574226920, 28.52870705156889741, 3.292323440001584611 ) ) ;
#4553 = FACE_OUTER_BOUND ( 'NONE', #1693, .T. ) ;
#4554 = ADVANCED_FACE ( 'NONE', ( #144 ), #117, .F. ) ;
#4555 = ADVANCED_FACE ( 'NONE', ( #2094 ), #3272, .F. ) ;
#4556 = EDGE_CURVE ( 'NONE', #2067, #181, #3021, .T. ) ;
#4557 = CARTESIAN_POINT ( 'NONE',  ( -12.64106361317946003, 13.48838797301254111, 8.499999999999994671 ) ) ;
#4558 = VERTEX_POINT ( 'NONE', #3346 ) ;
#4559 = PLANE ( 'NONE',  #4903 ) ;
#4560 = DIRECTION ( 'NONE',  ( 1.000000000000000000, 0.000000000000000000, 0.000000000000000000 ) ) ;
#4561 = TOROIDAL_SURFACE ( 'NONE', #971, 1.585786437626902634, 1.000000000000000000 ) ;
#4562 = B_SPLINE_CURVE_WITH_KNOTS ( 'NONE', 3,
 ( #1641, #3169, #2766, #19, #1592, #4330 ),
 .UNSPECIFIED., .F., .F.,
 ( 4, 2, 4 ),
 ( 0.000000000000000000, 0.0006927278444004176128, 0.001385455688800835226 ),
 .UNSPECIFIED. ) ;
#4563 = AXIS2_PLACEMENT_3D ( 'NONE', #1797, #4060, #4161 ) ;
#4564 = LINE ( 'NONE', #4463, #3924 ) ;
#4565 = ADVANCED_FACE ( 'NONE', ( #223 ), #680, .T. ) ;
#4566 = VERTEX_POINT ( 'NONE', #1854 ) ;
#4567 = VECTOR ( 'NONE', #3495, 1000.000000000000114 ) ;
#4568 = CARTESIAN_POINT ( 'NONE',  ( 7.285040208365947123, -29.97129294843108838, 3.292323440001584611 ) ) ;
#4569 = ORIENTED_EDGE ( 'NONE', *, *, #3384, .F. ) ;
#4570 = EDGE_CURVE ( 'NONE', #5069, #4665, #4603, .T. ) ;
#4571 = CARTESIAN_POINT ( 'NONE',  ( -16.46496222574226920, 27.02870705156890097, 3.292323440001584611 ) ) ;
#4572 = ORIENTED_EDGE ( 'NONE', *, *, #4992, .F. ) ;
#4573 = CIRCLE ( 'NONE', #4246, 1.500000000000001332 ) ;
#4574 = EDGE_CURVE ( 'NONE', #4381, #3460, #4908, .T. ) ;
#4575 = CARTESIAN_POINT ( 'NONE',  ( -16.21496222574229051, -19.72129294843107417, -4.002000000000000668 ) ) ;
#4576 = VERTEX_POINT ( 'NONE', #4552 ) ;
#4577 = AXIS2_PLACEMENT_3D ( 'NONE', #3972, #4001, #3259 ) ;
#4578 = ORIENTED_EDGE ( 'NONE', *, *, #3358, .T. ) ;
#4579 = CARTESIAN_POINT ( 'NONE',  ( 15.78503777425775390, -25.22129294843106706, 8.499999999999998224 ) ) ;
#4580 = CARTESIAN_POINT ( 'NONE',  ( 17.53503777425773436, 26.27870705156888320, 8.378679656440352730 ) ) ;
#4581 = VECTOR ( 'NONE', #4417, 1000.000000000000114 ) ;
#4582 = CARTESIAN_POINT ( 'NONE',  ( -18.05074866336916628, -21.17037475137753333, 9.999999999999998224 ) ) ;
#4583 = VECTOR ( 'NONE', #1929, 1000.000000000000000 ) ;
#4584 = FACE_OUTER_BOUND ( 'NONE', #34, .T. ) ;
#4585 = ORIENTED_EDGE ( 'NONE', *, *, #90, .T. ) ;
#4586 = DIRECTION ( 'NONE',  ( 1.000000000000000000, 0.000000000000000000, 0.000000000000000000 ) ) ;
#4587 = CARTESIAN_POINT ( 'NONE',  ( 4.793649565339142882, 11.01227139059988147, -4.001000000000001222 ) ) ;
#4588 = CIRCLE ( 'NONE', #2052, 1.585786437626902190 ) ;
#4589 = EDGE_CURVE ( 'NONE', #115, #2189, #3439, .T. ) ;
#4590 = DIRECTION ( 'NONE',  ( -1.000000000000000000, 0.000000000000000000, 0.000000000000000000 ) ) ;
#4591 = DIRECTION ( 'NONE',  ( -0.000000000000000000, -0.000000000000000000, 1.000000000000000000 ) ) ;
#4592 = AXIS2_PLACEMENT_3D ( 'NONE', #1862, #2618, #687 ) ;
#4593 = ORIENTED_EDGE ( 'NONE', *, *, #792, .T. ) ;
#4594 = DIRECTION ( 'NONE',  ( 1.000000000000000000, -1.889896820699124017E-15, 0.000000000000000000 ) ) ;
#4595 = CARTESIAN_POINT ( 'NONE',  ( -10.66696076089826661, 21.25670570879590571, 8.499999999999994671 ) ) ;
#4596 = ORIENTED_EDGE ( 'NONE', *, *, #67, .F. ) ;
#4597 = FACE_OUTER_BOUND ( 'NONE', #364, .T. ) ;
#4598 = EDGE_LOOP ( 'NONE', ( #5031, #1294 ) ) ;
#4599 = CARTESIAN_POINT ( 'NONE',  ( 17.53503777425773436, 26.27870705156888320, 8.378679656440352730 ) ) ;
#4600 = LINE ( 'NONE', #2218, #3381 ) ;
#4601 = ORIENTED_EDGE ( 'NONE', *, *, #3010, .F. ) ;
#4602 = VERTEX_POINT ( 'NONE', #4987 ) ;
#4603 = LINE ( 'NONE', #2996, #1467 ) ;
#4604 = FACE_BOUND ( 'NONE', #3826, .T. ) ;
#4605 = EDGE_CURVE ( 'NONE', #4175, #383, #2688, .T. ) ;
#4606 = AXIS2_PLACEMENT_3D ( 'NONE', #3532, #5008, #28 ) ;
#4607 = CARTESIAN_POINT ( 'NONE',  ( -10.88296222574226668, 25.68270705156890443, 1.699999999999999289 ) ) ;
#4608 = ORIENTED_EDGE ( 'NONE', *, *, #3189, .T. ) ;
#4609 = CARTESIAN_POINT ( 'NONE',  ( 15.78503777425773613, -22.47129294843107417, -1.363961030678932040 ) ) ;
#4610 = LINE ( 'NONE', #780, #3599 ) ;
#4611 = DIRECTION ( 'NONE',  ( 1.000000000000000000, 0.000000000000000000, 0.000000000000000000 ) ) ;
#4612 = CYLINDRICAL_SURFACE ( 'NONE', #1965, 2.250000000000001776 ) ;
#4613 = EDGE_CURVE ( 'NONE', #383, #4175, #3422, .T. ) ;
#4614 = EDGE_CURVE ( 'NONE', #1651, #324, #2863, .T. ) ;
#4615 = ORIENTED_EDGE ( 'NONE', *, *, #1086, .T. ) ;
#4616 = DIRECTION ( 'NONE',  ( 1.000000000000000000, 2.703465157366452467E-16, -0.000000000000000000 ) ) ;
#4617 = CARTESIAN_POINT ( 'NONE',  ( -19.46496222574226920, 30.02870705156890097, -4.000000000000000000 ) ) ;
#4618 = ADVANCED_FACE ( 'NONE', ( #3732 ), #282, .T. ) ;
#4619 = EDGE_CURVE ( 'NONE', #4292, #2363, #3788, .T. ) ;
#4620 = VERTEX_POINT ( 'NONE', #4178 ) ;
#4621 = ORIENTED_EDGE ( 'NONE', *, *, #4946, .F. ) ;
#4622 = DIRECTION ( 'NONE',  ( -0.000000000000000000, -0.000000000000000000, -1.000000000000000000 ) ) ;
#4623 = EDGE_LOOP ( 'NONE', ( #281, #1805 ) ) ;
#4624 = DIRECTION ( 'NONE',  ( -0.000000000000000000, 0.000000000000000000, 1.000000000000000000 ) ) ;
#4625 = CARTESIAN_POINT ( 'NONE',  ( 18.02590785247991079, -22.70426589889022040, 9.914482539271769923 ) ) ;
#4626 = EDGE_CURVE ( 'NONE', #3932, #2445, #2263, .T. ) ;
#4627 = CARTESIAN_POINT ( 'NONE',  ( -17.96496222574226564, 27.02870705156890097, -4.000000000000000000 ) ) ;
#4628 = ORIENTED_EDGE ( 'NONE', *, *, #2524, .T. ) ;
#4629 = CARTESIAN_POINT ( 'NONE',  ( -17.46496222574226564, -22.47129294843110969, -0.1010000000000003950 ) ) ;
#4630 = DIRECTION ( 'NONE',  ( 0.000000000000000000, -0.000000000000000000, 1.000000000000000000 ) ) ;
#4631 = EDGE_CURVE ( 'NONE', #1015, #822, #3581, .T. ) ;
#4632 = B_SPLINE_CURVE_WITH_KNOTS ( 'NONE', 3,
 ( #3961, #3569, #63, #1635, #2816, #2871 ),
 .UNSPECIFIED., .F., .F.,
 ( 4, 2, 4 ),
 ( 0.001385455688800835226, 0.002078617591400181916, 0.002771779493999528172 ),
 .UNSPECIFIED. ) ;
#4633 = CARTESIAN_POINT ( 'NONE',  ( -16.46496222574226209, -29.26418616724453869, 9.707106781186542577 ) ) ;
#4634 = EDGE_CURVE ( 'NONE', #2911, #1987, #3394, .T. ) ;
#4635 = CARTESIAN_POINT ( 'NONE',  ( 9.399830515202063808, -28.43649541895706534, 8.413477185914375767 ) ) ;
#4636 = ORIENTED_EDGE ( 'NONE', *, *, #1188, .T. ) ;
#4637 = LINE ( 'NONE', #4212, #3745 ) ;
#4638 = DIRECTION ( 'NONE',  ( 1.000000000000000000, 0.000000000000000000, 0.000000000000000000 ) ) ;
#4639 = AXIS2_PLACEMENT_3D ( 'NONE', #617, #560, #3618 ) ;
#4640 = ADVANCED_FACE ( 'NONE', ( #1036, #2581 ), #2611, .T. ) ;
#4641 = EDGE_CURVE ( 'NONE', #1643, #1030, #1811, .T. ) ;
#4642 = VERTEX_POINT ( 'NONE', #4579 ) ;
#4643 = AXIS2_PLACEMENT_3D ( 'NONE', #2353, #3552, #4376 ) ;
#4644 = ORIENTED_EDGE ( 'NONE', *, *, #579, .F. ) ;
#4645 = CIRCLE ( 'NONE', #236, 3.000000000000000888 ) ;
#4646 = EDGE_CURVE ( 'NONE', #2573, #3786, #884, .T. ) ;
#4647 = CARTESIAN_POINT ( 'NONE',  ( -17.40430205396243579, -26.97129294843108838, 8.939339828220180806 ) ) ;
#4648 = ORIENTED_EDGE ( 'NONE', *, *, #3143, .F. ) ;
#4649 = FACE_BOUND ( 'NONE', #598, .T. ) ;
#4650 = CARTESIAN_POINT ( 'NONE',  ( 17.53503777425772725, 26.11106913990269618, 8.378679656440356283 ) ) ;
#4651 = ORIENTED_EDGE ( 'NONE', *, *, #3291, .F. ) ;
#4652 = AXIS2_PLACEMENT_3D ( 'NONE', #2465, #4025, #3657 ) ;
#4653 = FACE_OUTER_BOUND ( 'NONE', #1646, .T. ) ;
#4654 = CIRCLE ( 'NONE', #1629, 1.499999999999999556 ) ;
#4655 = VERTEX_POINT ( 'NONE', #2632 ) ;
#4656 = CARTESIAN_POINT ( 'NONE',  ( 16.03503777425773791, -28.97129294843108482, 9.999999999999998224 ) ) ;
#4657 = CARTESIAN_POINT ( 'NONE',  ( 14.53503777425773436, -22.47129294843107417, -0.1010000000000003950 ) ) ;
#4658 = CONICAL_SURFACE ( 'NONE', #75, 1.999999999999998224, 0.7853981633974452814 ) ;
#4659 = FACE_OUTER_BOUND ( 'NONE', #2240, .T. ) ;
#4660 = VECTOR ( 'NONE', #216, 1000.000000000000000 ) ;
#4661 = LINE ( 'NONE', #2320, #4912 ) ;
#4662 = DIRECTION ( 'NONE',  ( 1.156482317317871971E-16, -1.000000000000000000, -0.000000000000000000 ) ) ;
#4663 = CARTESIAN_POINT ( 'NONE',  ( 8.294385674648733442, 19.84070686846390430, 9.999999999999998224 ) ) ;
#4664 = DIRECTION ( 'NONE',  ( 1.000000000000000000, 2.703465157366451974E-16, 1.743152798421071938E-32 ) ) ;
#4665 = VERTEX_POINT ( 'NONE', #3851 ) ;
#4666 = CARTESIAN_POINT ( 'NONE',  ( 9.504204806870960809, 28.52870705156890452, 8.378679656440354506 ) ) ;
#4667 = VECTOR ( 'NONE', #3793, 1000.000000000000000 ) ;
#4668 = ORIENTED_EDGE ( 'NONE', *, *, #1305, .F. ) ;
#4669 = ORIENTED_EDGE ( 'NONE', *, *, #4409, .T. ) ;
#4670 = CARTESIAN_POINT ( 'NONE',  ( 16.03503777425773791, -26.97129294843108838, 3.292323440001584611 ) ) ;
#4671 = AXIS2_PLACEMENT_3D ( 'NONE', #1184, #904, #2457 ) ;
#4672 = ADVANCED_FACE ( 'NONE', ( #1523 ), #3080, .F. ) ;
#4673 = DIRECTION ( 'NONE',  ( 0.000000000000000000, -0.000000000000000000, -1.000000000000000000 ) ) ;
#4674 = ORIENTED_EDGE ( 'NONE', *, *, #855, .T. ) ;
#4675 = DIRECTION ( 'NONE',  ( -1.000000000000000000, -1.949127501097536693E-16, 0.000000000000000000 ) ) ;
#4676 = DIRECTION ( 'NONE',  ( -1.000000000000000000, 1.889896820699131511E-15, 0.000000000000000000 ) ) ;
#4677 = VERTEX_POINT ( 'NONE', #3108 ) ;
#4678 = DIRECTION ( 'NONE',  ( 0.000000000000000000, -1.000000000000000000, 0.000000000000000000 ) ) ;
#4679 = ORIENTED_EDGE ( 'NONE', *, *, #553, .T. ) ;
#4681 = ORIENTED_EDGE ( 'NONE', *, *, #1517, .T. ) ;
#4680 = LINE ( 'NONE', #4704, #3182 ) ;
#4682 = DIRECTION ( 'NONE',  ( 1.000000000000000000, 0.000000000000000000, 0.000000000000000000 ) ) ;
#4683 = CARTESIAN_POINT ( 'NONE',  ( -17.40430205396244290, 27.02870705156890097, 8.939339828220180806 ) ) ;
#4684 = ADVANCED_FACE ( 'NONE', ( #394 ), #5049, .F. ) ;
#4685 = AXIS2_PLACEMENT_3D ( 'NONE', #366, #1878, #4265 ) ;
#4686 = DIRECTION ( 'NONE',  ( 1.000000000000000000, 0.000000000000000000, 0.000000000000000000 ) ) ;
#4687 = ORIENTED_EDGE ( 'NONE', *, *, #3878, .T. ) ;
#4688 = DIRECTION ( 'NONE',  ( -1.000000000000000000, 0.000000000000000000, 0.000000000000000000 ) ) ;
#4689 = CARTESIAN_POINT ( 'NONE',  ( -17.92367420541035727, -25.89118113484562045, 8.419967676772257548 ) ) ;
#4690 = EDGE_LOOP ( 'NONE', ( #529, #2324, #191, #44 ) ) ;
#4691 = CARTESIAN_POINT ( 'NONE',  ( -9.066960760898265193, 21.25670570879590571, 9.999999999999998224 ) ) ;
#4692 = VERTEX_POINT ( 'NONE', #56 ) ;
#4693 = VERTEX_POINT ( 'NONE', #4267 ) ;
#4694 = AXIS2_PLACEMENT_3D ( 'NONE', #2293, #1985, #799 ) ;
#4695 = ORIENTED_EDGE ( 'NONE', *, *, #2144, .F. ) ;
#4696 = CARTESIAN_POINT ( 'NONE',  ( 17.53503777425774146, -26.97129294843108482, 3.292323440001584611 ) ) ;
#4697 = ORIENTED_EDGE ( 'NONE', *, *, #2635, .T. ) ;
#4698 = LINE ( 'NONE', #847, #3910 ) ;
#4699 = DIRECTION ( 'NONE',  ( -0.000000000000000000, 1.000000000000000000, -0.000000000000000000 ) ) ;
#4700 = ORIENTED_EDGE ( 'NONE', *, *, #1976, .T. ) ;
#4701 = LINE ( 'NONE', #4320, #2161 ) ;
#4702 = EDGE_CURVE ( 'NONE', #1226, #3278, #3930, .T. ) ;
#4703 = ORIENTED_EDGE ( 'NONE', *, *, #2987, .F. ) ;
#4705 = VERTEX_POINT ( 'NONE', #1550 ) ;
#4704 = CARTESIAN_POINT ( 'NONE',  ( 9.710935302704854166, -22.11161202698745853, 9.999999999999998224 ) ) ;
#4706 = CARTESIAN_POINT ( 'NONE',  ( 9.504204806870927058, -28.47129294843108482, 3.292323440001584611 ) ) ;
#4707 = FACE_OUTER_BOUND ( 'NONE', #4442, .T. ) ;
#4708 = EDGE_CURVE ( 'NONE', #4398, #2630, #3667, .T. ) ;
#4709 = DIRECTION ( 'NONE',  ( -0.000000000000000000, -0.000000000000000000, 1.000000000000000000 ) ) ;
#4710 = CYLINDRICAL_SURFACE ( 'NONE', #1548, 2.249999999999998668 ) ;
#4711 = CARTESIAN_POINT ( 'NONE',  ( -18.05074866336917339, 23.82962524862250930, 9.999999999999998224 ) ) ;
#4712 = PLANE ( 'NONE',  #3660 ) ;
#4713 = LINE ( 'NONE', #3993, #163 ) ;
#4714 = ORIENTED_EDGE ( 'NONE', *, *, #958, .T. ) ;
#4715 = CARTESIAN_POINT ( 'NONE',  ( 9.710935302704854166, -22.11161202698745853, 8.499999999999998224 ) ) ;
#4716 = DIRECTION ( 'NONE',  ( -0.000000000000000000, -0.000000000000000000, 1.000000000000000000 ) ) ;
#4717 = LINE ( 'NONE', #3946, #399 ) ;
#4718 = ORIENTED_EDGE ( 'NONE', *, *, #3491, .T. ) ;
#4719 = AXIS2_PLACEMENT_3D ( 'NONE', #1736, #2163, #1777 ) ;
#4720 = ORIENTED_EDGE ( 'NONE', *, *, #1753, .T. ) ;
#4721 = CARTESIAN_POINT ( 'NONE',  ( -12.13839871150334027, -28.34997260487144288, 8.499999999999998224 ) ) ;
#4722 = DIRECTION ( 'NONE',  ( 0.000000000000000000, 0.000000000000000000, 1.000000000000000000 ) ) ;
#4723 = ORIENTED_EDGE ( 'NONE', *, *, #3859, .T. ) ;
#4724 = DIRECTION ( 'NONE',  ( -1.949127501097536693E-16, 1.000000000000000000, 0.000000000000000000 ) ) ;
#4725 = CARTESIAN_POINT ( 'NONE',  ( 7.285040208365947123, -11.83278339979662874, 3.292323440001584611 ) ) ;
#4726 = ORIENTED_EDGE ( 'NONE', *, *, #4460, .F. ) ;
#4727 = VECTOR ( 'NONE', #1778, 1000.000000000000000 ) ;
#4728 = EDGE_CURVE ( 'NONE', #701, #1596, #4090, .T. ) ;
#4729 = CARTESIAN_POINT ( 'NONE',  ( 15.78503777425773613, -22.47129294843107417, -4.002000000000000668 ) ) ;
#4730 = ORIENTED_EDGE ( 'NONE', *, *, #2584, .F. ) ;
#4731 = VERTEX_POINT ( 'NONE', #4289 ) ;
#4732 = DIRECTION ( 'NONE',  ( 1.000000000000000000, 0.000000000000000000, 0.000000000000000000 ) ) ;
#4733 = CARTESIAN_POINT ( 'NONE',  ( -9.627525739981193098, -28.34997260487144288, 8.499999999999998224 ) ) ;
#4734 = AXIS2_PLACEMENT_3D ( 'NONE', #1861, #3835, #3424 ) ;
#4735 = VECTOR ( 'NONE', #2495, 1000.000000000000000 ) ;
#4736 = AXIS2_PLACEMENT_3D ( 'NONE', #4015, #2069, #956 ) ;
#4737 = DIRECTION ( 'NONE',  ( -0.000000000000000000, -0.000000000000000000, 1.000000000000000000 ) ) ;
#4738 = VERTEX_POINT ( 'NONE', #1116 ) ;
#4739 = CARTESIAN_POINT ( 'NONE',  ( 19.03503777425774146, -26.97129294843108482, 8.585786437626897083 ) ) ;
#4740 = DIRECTION ( 'NONE',  ( 1.000000000000000000, 0.000000000000000000, 0.000000000000000000 ) ) ;
#4741 = AXIS2_PLACEMENT_3D ( 'NONE', #537, #697, #298 ) ;
#4742 = AXIS2_PLACEMENT_3D ( 'NONE', #4360, #2859, #3290 ) ;
#4743 = ORIENTED_EDGE ( 'NONE', *, *, #3854, .F. ) ;
#4744 = DIRECTION ( 'NONE',  ( 0.000000000000000000, 0.7071067811865500152, -0.7071067811865451302 ) ) ;
#4745 = DIRECTION ( 'NONE',  ( 0.000000000000000000, 0.000000000000000000, -1.000000000000000000 ) ) ;
#4746 = DIRECTION ( 'NONE',  ( -1.000000000000000000, 0.000000000000000000, 0.000000000000000000 ) ) ;
#4747 = ADVANCED_FACE ( 'NONE', ( #4649, #2335 ), #3901, .T. ) ;
#4748 = VERTEX_POINT ( 'NONE', #820 ) ;
#4749 = VECTOR ( 'NONE', #2494, 1000.000000000000000 ) ;
#4750 = VERTEX_POINT ( 'NONE', #1955 ) ;
#4751 = FACE_OUTER_BOUND ( 'NONE', #393, .T. ) ;
#4752 = CYLINDRICAL_SURFACE ( 'NONE', #806, 1.249999999999999334 ) ;
#4753 = VERTEX_POINT ( 'NONE', #3511 ) ;
#4754 = AXIS2_PLACEMENT_3D ( 'NONE', #2657, #3807, #1502 ) ;
#4755 = CARTESIAN_POINT ( 'NONE',  ( -17.96496222574226564, 26.27870705156888320, 8.378679656440352730 ) ) ;
#4756 = DIRECTION ( 'NONE',  ( 0.000000000000000000, -1.000000000000000000, 0.000000000000000000 ) ) ;
#4757 = ORIENTED_EDGE ( 'NONE', *, *, #4708, .T. ) ;
#4758 = ORIENTED_EDGE ( 'NONE', *, *, #310, .F. ) ;
#4759 = LINE ( 'NONE', #4296, #572 ) ;
#4760 = DIRECTION ( 'NONE',  ( 0.000000000000000000, 0.000000000000000000, -1.000000000000000000 ) ) ;
#4761 = CARTESIAN_POINT ( 'NONE',  ( 18.03503777425770238, 22.41256854411566124, 9.910179721124460883 ) ) ;
#4762 = CARTESIAN_POINT ( 'NONE',  ( -18.18533071954357894, 21.41770388071174835, 10.00000000000000000 ) ) ;
#4763 = ORIENTED_EDGE ( 'NONE', *, *, #1494, .F. ) ;
#4764 = PLANE ( 'NONE',  #737 ) ;
#4765 = CIRCLE ( 'NONE', #1169, 1.250000000000001110 ) ;
#4766 = CARTESIAN_POINT ( 'NONE',  ( 9.710935302704847061, 13.48838797301253933, -4.001000000000001222 ) ) ;
#4767 = DIRECTION ( 'NONE',  ( 0.000000000000000000, 0.000000000000000000, 1.000000000000000000 ) ) ;
#4768 = FACE_OUTER_BOUND ( 'NONE', #4470, .T. ) ;
#4769 = CIRCLE ( 'NONE', #3522, 2.749999999999995559 ) ;
#4770 = ORIENTED_EDGE ( 'NONE', *, *, #2085, .T. ) ;
#4771 = EDGE_CURVE ( 'NONE', #2630, #2883, #5, .T. ) ;
#4772 = EDGE_CURVE ( 'NONE', #3895, #435, #4698, .T. ) ;
#4773 = ADVANCED_FACE ( 'NONE', ( #4241 ), #3458, .F. ) ;
#4774 = ORIENTED_EDGE ( 'NONE', *, *, #1210, .T. ) ;
#4775 = DIRECTION ( 'NONE',  ( 1.156482317317871971E-16, -1.000000000000000000, 0.000000000000000000 ) ) ;
#4776 = DIRECTION ( 'NONE',  ( -1.000000000000000000, 0.000000000000000000, 0.000000000000000000 ) ) ;
#4777 = EDGE_CURVE ( 'NONE', #3971, #1737, #1905, .T. ) ;
#4778 = CARTESIAN_POINT ( 'NONE',  ( -17.96496222574226564, 18.77870705156889031, 3.292323440001584611 ) ) ;
#4779 = AXIS2_PLACEMENT_3D ( 'NONE', #977, #1738, #2422 ) ;
#4780 = EDGE_LOOP ( 'NONE', ( #1223, #3595, #4111, #936 ) ) ;
#4781 = CARTESIAN_POINT ( 'NONE',  ( -19.46496222574226920, 29.02870705156890097, 8.585786437626897083 ) ) ;
#4782 = DIRECTION ( 'NONE',  ( 1.000000000000000000, 0.000000000000000000, 0.000000000000000000 ) ) ;
#4783 = ORIENTED_EDGE ( 'NONE', *, *, #3538, .F. ) ;
#4784 = DIRECTION ( 'NONE',  ( 0.000000000000000000, -0.000000000000000000, -1.000000000000000000 ) ) ;
#4785 = ORIENTED_EDGE ( 'NONE', *, *, #138, .F. ) ;
#4786 = ORIENTED_EDGE ( 'NONE', *, *, #95, .T. ) ;
#4787 = CARTESIAN_POINT ( 'NONE',  ( 17.62082421188463854, 27.02870705156891162, 9.999999999999998224 ) ) ;
#4788 = DIRECTION ( 'NONE',  ( 0.000000000000000000, 0.7071067811865500152, -0.7071067811865451302 ) ) ;
#4789 = EDGE_CURVE ( 'NONE', #4292, #950, #4573, .T. ) ;
#4790 = EDGE_CURVE ( 'NONE', #4057, #4333, #4654, .T. ) ;
#4791 = DIRECTION ( 'NONE',  ( 1.000000000000000000, -0.000000000000000000, -0.000000000000000000 ) ) ;
#4792 = ORIENTED_EDGE ( 'NONE', *, *, #3266, .F. ) ;
#4793 = ADVANCED_FACE ( 'NONE', ( #4344 ), #2393, .F. ) ;
#4794 = DIRECTION ( 'NONE',  ( -1.000000000000000000, 0.000000000000000000, 0.000000000000000000 ) ) ;
#4795 = CARTESIAN_POINT ( 'NONE',  ( -19.46496222574226209, -28.97129294843108482, 8.585786437626900636 ) ) ;
#4796 = ORIENTED_EDGE ( 'NONE', *, *, #4431, .T. ) ;
#4797 = CARTESIAN_POINT ( 'NONE',  ( -16.96496222574225854, -19.72129294843107417, -4.002000000000000668 ) ) ;
#4798 = CARTESIAN_POINT ( 'NONE',  ( 10.45303777425773362, 25.68270705156890443, -0.1000000000000002554 ) ) ;
#4799 = DIRECTION ( 'NONE',  ( 0.000000000000000000, 0.000000000000000000, -1.000000000000000000 ) ) ;
#4800 = EDGE_CURVE ( 'NONE', #3875, #4398, #489, .T. ) ;
#4801 = ORIENTED_EDGE ( 'NONE', *, *, #2998, .T. ) ;
#4802 = ORIENTED_EDGE ( 'NONE', *, *, #1837, .T. ) ;
#4803 = CARTESIAN_POINT ( 'NONE',  ( -18.05074866336916983, -2.087537164353565677E-15, 9.999999999999998224 ) ) ;
#4804 = EDGE_CURVE ( 'NONE', #1097, #3944, #948, .T. ) ;
#4805 = FACE_OUTER_BOUND ( 'NONE', #5013, .T. ) ;
#4806 = ORIENTED_EDGE ( 'NONE', *, *, #3022, .T. ) ;
#4807 = CARTESIAN_POINT ( 'NONE',  ( -9.934129258355456571, -28.47129294843108482, 8.378679656440352730 ) ) ;
#4808 = DIRECTION ( 'NONE',  ( -0.000000000000000000, -0.000000000000000000, 1.000000000000000000 ) ) ;
#4809 = EDGE_LOOP ( 'NONE', ( #4121, #5005, #3192, #2107 ) ) ;
#4810 = AXIS2_PLACEMENT_3D ( 'NONE', #3156, #2751, #2810 ) ;
#4811 = EDGE_CURVE ( 'NONE', #1332, #3474, #4861, .T. ) ;
#4812 = CARTESIAN_POINT ( 'NONE',  ( 16.03503777425773436, 27.02870705156891162, 9.707106781186542577 ) ) ;
#4813 = LINE ( 'NONE', #538, #108 ) ;
#4814 = ORIENTED_EDGE ( 'NONE', *, *, #4235, .F. ) ;
#4815 = ORIENTED_EDGE ( 'NONE', *, *, #382, .T. ) ;
#4816 = DIRECTION ( 'NONE',  ( 1.949127501097536693E-16, 1.000000000000000000, 0.000000000000000000 ) ) ;
#4817 = CARTESIAN_POINT ( 'NONE',  ( -16.46496222574226920, 28.40738670800925547, 8.499999999999998224 ) ) ;
#4818 = AXIS2_PLACEMENT_3D ( 'NONE', #1315, #3578, #1283 ) ;
#4819 = AXIS2_PLACEMENT_3D ( 'NONE', #587, #1107, #3068 ) ;
#4820 = CARTESIAN_POINT ( 'NONE',  ( -17.84364188218262370, 27.02870705156890097, 8.499999999999998224 ) ) ;
#4821 = DIRECTION ( 'NONE',  ( 0.000000000000000000, 0.000000000000000000, 1.000000000000000000 ) ) ;
#4822 = AXIS2_PLACEMENT_3D ( 'NONE', #2316, #3463, #1528 ) ;
#4823 = ORIENTED_EDGE ( 'NONE', *, *, #3028, .T. ) ;
#4824 = LINE ( 'NONE', #1310, #1297 ) ;
#4825 = CARTESIAN_POINT ( 'NONE',  ( -16.96496222574226920, 25.27870705156888320, 8.499999999999998224 ) ) ;
#4826 = ORIENTED_EDGE ( 'NONE', *, *, #469, .T. ) ;
#4827 = DIRECTION ( 'NONE',  ( 0.000000000000000000, 0.000000000000000000, 1.000000000000000000 ) ) ;
#4828 = DIRECTION ( 'NONE',  ( -0.000000000000000000, -0.000000000000000000, 1.000000000000000000 ) ) ;
#4829 = VECTOR ( 'NONE', #2718, 1000.000000000000000 ) ;
#4830 = DIRECTION ( 'NONE',  ( 0.000000000000000000, 0.000000000000000000, 1.000000000000000000 ) ) ;
#4831 = ORIENTED_EDGE ( 'NONE', *, *, #2440, .F. ) ;
#4832 = ORIENTED_EDGE ( 'NONE', *, *, #2730, .T. ) ;
#4833 = LINE ( 'NONE', #3583, #2772 ) ;
#4834 = CARTESIAN_POINT ( 'NONE',  ( -19.46496222574226209, -28.47129294843108482, 3.292323440001584611 ) ) ;
#4835 = CIRCLE ( 'NONE', #2460, 1.402036092185269034 ) ;
#4836 = VECTOR ( 'NONE', #4828, 1000.000000000000000 ) ;
#4837 = DIRECTION ( 'NONE',  ( 1.000000000000000000, 0.000000000000000000, 0.000000000000000000 ) ) ;
#4838 = AXIS2_PLACEMENT_3D ( 'NONE', #4452, #3072, #4638 ) ;
#4839 = ORIENTED_EDGE ( 'NONE', *, *, #3926, .F. ) ;
#4840 = CARTESIAN_POINT ( 'NONE',  ( 0.000000000000000000, -28.55707938605798546, 9.999999999999998224 ) ) ;
#4841 = VERTEX_POINT ( 'NONE', #4807 ) ;
#4842 = CARTESIAN_POINT ( 'NONE',  ( 17.41371743069808531, 19.25611888778355762, 8.499999999999998224 ) ) ;
#4843 = ORIENTED_EDGE ( 'NONE', *, *, #2440, .T. ) ;
#4844 = VERTEX_POINT ( 'NONE', #4095 ) ;
#4845 = CARTESIAN_POINT ( 'NONE',  ( 9.710935302704854166, -22.11161202698745853, -4.001000000000001222 ) ) ;
#4846 = PLANE ( 'NONE',  #2294 ) ;
#4847 = ADVANCED_FACE ( 'NONE', ( #4040 ), #2088, .F. ) ;
#4848 = CARTESIAN_POINT ( 'NONE',  ( 8.294385674648733442, 19.84070686846390430, 9.999999999999998224 ) ) ;
#4849 = CARTESIAN_POINT ( 'NONE',  ( -16.96496222574225854, -19.72129294843107417, 8.499999999999998224 ) ) ;
#4850 = ADVANCED_FACE ( 'NONE', ( #2506 ), #1801, .T. ) ;
#4851 = VERTEX_POINT ( 'NONE', #1353 ) ;
#4852 = DIRECTION ( 'NONE',  ( -0.000000000000000000, 0.000000000000000000, 1.000000000000000000 ) ) ;
#4853 = DIRECTION ( 'NONE',  ( 0.000000000000000000, 1.000000000000000000, 0.000000000000000000 ) ) ;
#4854 = DIRECTION ( 'NONE',  ( 0.000000000000000000, -0.000000000000000000, -1.000000000000000000 ) ) ;
#4855 = AXIS2_PLACEMENT_3D ( 'NONE', #444, #1999, #3181 ) ;
#4856 = DIRECTION ( 'NONE',  ( -1.000000000000000000, -1.889896820699138217E-15, 0.000000000000000000 ) ) ;
#4857 = ORIENTED_EDGE ( 'NONE', *, *, #2466, .T. ) ;
#4858 = CIRCLE ( 'NONE', #856, 1.074999999999999512 ) ;
#4859 = DIRECTION ( 'NONE',  ( 1.000000000000000000, 0.000000000000000000, 0.000000000000000000 ) ) ;
#4860 = VERTEX_POINT ( 'NONE', #2062 ) ;
#4861 = LINE ( 'NONE', #3211, #3093 ) ;
#4862 = ORIENTED_EDGE ( 'NONE', *, *, #2730, .F. ) ;
#4863 = DIRECTION ( 'NONE',  ( -1.734723475976807094E-16, 1.000000000000000000, -3.081487911019577365E-33 ) ) ;
#4864 = DIRECTION ( 'NONE',  ( -0.7071067811865505703, -1.226634733346704487E-16, -0.7071067811865444641 ) ) ;
#4865 = VERTEX_POINT ( 'NONE', #110 ) ;
#4866 = ORIENTED_EDGE ( 'NONE', *, *, #627, .T. ) ;
#4867 = FACE_OUTER_BOUND ( 'NONE', #589, .T. ) ;
#4868 = DIRECTION ( 'NONE',  ( 0.000000000000000000, -0.000000000000000000, -1.000000000000000000 ) ) ;
#4869 = EDGE_CURVE ( 'NONE', #228, #2615, #4069, .T. ) ;
#4870 = CARTESIAN_POINT ( 'NONE',  ( 10.45303777425773362, -25.62529294843109540, 8.499999999999998224 ) ) ;
#4871 = ADVANCED_FACE ( 'NONE', ( #4751 ), #3234, .T. ) ;
#4872 = ORIENTED_EDGE ( 'NONE', *, *, #2918, .F. ) ;
#4873 = DIRECTION ( 'NONE',  ( 0.000000000000000000, 0.000000000000000000, -1.000000000000000000 ) ) ;
#4874 = CARTESIAN_POINT ( 'NONE',  ( 17.53503777425773080, 30.02870705156891162, -4.000000000000000000 ) ) ;
#4875 = DIRECTION ( 'NONE',  ( -0.000000000000000000, -0.000000000000000000, -1.000000000000000000 ) ) ;
#4876 = ORIENTED_EDGE ( 'NONE', *, *, #4556, .T. ) ;
#4877 = CARTESIAN_POINT ( 'NONE',  ( 16.03503777425773791, -26.97129294843108838, 8.499999999999998224 ) ) ;
#4878 = CARTESIAN_POINT ( 'NONE',  ( -16.21496222574229407, 19.77870705156889031, -4.002000000000000668 ) ) ;
#4879 = DIRECTION ( 'NONE',  ( -0.000000000000000000, -0.000000000000000000, -1.000000000000000000 ) ) ;
#4880 = ORIENTED_EDGE ( 'NONE', *, *, #662, .F. ) ;
#4881 = CARTESIAN_POINT ( 'NONE',  ( 11.50624503331337500, 28.49390952209488503, 8.413477185914375767 ) ) ;
#4882 = DIRECTION ( 'NONE',  ( -0.000000000000000000, -0.000000000000000000, 1.000000000000000000 ) ) ;
#4883 = EDGE_LOOP ( 'NONE', ( #4009, #4644, #1876, #2978, #4097 ) ) ;
#4884 = DIRECTION ( 'NONE',  ( -0.000000000000000000, -0.000000000000000000, 1.000000000000000000 ) ) ;
#4885 = DIRECTION ( 'NONE',  ( -0.000000000000000000, -0.000000000000000000, -1.000000000000000000 ) ) ;
#4886 = FACE_OUTER_BOUND ( 'NONE', #3554, .T. ) ;
#4887 = ORIENTED_EDGE ( 'NONE', *, *, #3736, .F. ) ;
#4888 = ORIENTED_EDGE ( 'NONE', *, *, #1114, .T. ) ;
#4889 = CYLINDRICAL_SURFACE ( 'NONE', #4326, 3.000000000000000888 ) ;
#4890 = CARTESIAN_POINT ( 'NONE',  ( 16.03503777425773791, -26.97129294843108838, 9.999999999999998224 ) ) ;
#4891 = AXIS2_PLACEMENT_3D ( 'NONE', #681, #2222, #3789 ) ;
#4892 = CARTESIAN_POINT ( 'NONE',  ( 16.03503777425773791, 29.32160027038236549, 9.707106781186544353 ) ) ;
#4893 = ORIENTED_EDGE ( 'NONE', *, *, #574, .F. ) ;
#4894 = AXIS2_PLACEMENT_3D ( 'NONE', #2645, #3433, #5002 ) ;
#4895 = DIRECTION ( 'NONE',  ( 1.734723475976807341E-16, -1.000000000000000000, 0.000000000000000000 ) ) ;
#4896 = FACE_OUTER_BOUND ( 'NONE', #3435, .T. ) ;
#4897 = EDGE_LOOP ( 'NONE', ( #3800, #801, #4338, #371 ) ) ;
#4898 = DIRECTION ( 'NONE',  ( 0.000000000000000000, -1.000000000000000000, 0.000000000000000000 ) ) ;
#4899 = CARTESIAN_POINT ( 'NONE',  ( -10.88296222574226668, -25.62529294843109540, 1.699999999999999289 ) ) ;
#4900 = CIRCLE ( 'NONE', #1619, 2.250000000000001776 ) ;
#4901 = CARTESIAN_POINT ( 'NONE',  ( 17.75607694387862878, -21.36123619955225550, 9.999999999999998224 ) ) ;
#4902 =( BOUNDED_CURVE ( )  B_SPLINE_CURVE ( 3, ( #2504, #4380, #556, #3288 ),
 .UNSPECIFIED., .F., .F. ) 
 B_SPLINE_CURVE_WITH_KNOTS ( ( 4, 4 ),
 ( 2.709822862097190033, 2.819789510287916023 ),
 .UNSPECIFIED. ) 
 CURVE ( )  GEOMETRIC_REPRESENTATION_ITEM ( )  RATIONAL_B_SPLINE_CURVE ( ( 1.000000000000000000, 0.9989925318741210702, 0.9989925318741210702, 1.000000000000000000 ) ) 
 REPRESENTATION_ITEM ( '' )  );
#4903 = AXIS2_PLACEMENT_3D ( 'NONE', #2296, #230, #3356 ) ;
#4904 = ORIENTED_EDGE ( 'NONE', *, *, #4201, .F. ) ;
#4905 = CARTESIAN_POINT ( 'NONE',  ( 2.452039483241733375, 19.84070686846390430, 9.999999999999998224 ) ) ;
#4906 = AXIS2_PLACEMENT_3D ( 'NONE', #761, #1242, #2824 ) ;
#4907 = EDGE_CURVE ( 'NONE', #1493, #1898, #1292, .T. ) ;
#4908 = CIRCLE ( 'NONE', #2542, 3.000000000000000888 ) ;
#4909 = ADVANCED_FACE ( 'NONE', ( #3670 ), #924, .T. ) ;
#4910 = ORIENTED_EDGE ( 'NONE', *, *, #3103, .F. ) ;
#4911 = CARTESIAN_POINT ( 'NONE',  ( 7.453037774257734505, -25.62529294843109540, 1.699999999999999289 ) ) ;
#4912 = VECTOR ( 'NONE', #375, 1000.000000000000000 ) ;
#4913 = VERTEX_POINT ( 'NONE', #534 ) ;
#4914 = VECTOR ( 'NONE', #3821, 1000.000000000000000 ) ;
#4915 = VECTOR ( 'NONE', #2490, 1000.000000000000000 ) ;
#4916 = AXIS2_PLACEMENT_3D ( 'NONE', #4126, #619, #3778 ) ;
#4917 = CARTESIAN_POINT ( 'NONE',  ( 18.03503777425773080, 27.02870705156891162, 8.585786437626898859 ) ) ;
#4918 = ORIENTED_EDGE ( 'NONE', *, *, #2204, .F. ) ;
#4919 = ORIENTED_EDGE ( 'NONE', *, *, #3201, .T. ) ;
#4920 = DIRECTION ( 'NONE',  ( -0.000000000000000000, -0.000000000000000000, -1.000000000000000000 ) ) ;
#4921 = CARTESIAN_POINT ( 'NONE',  ( -16.46496222574226920, 27.02870705156890097, 8.585786437626900636 ) ) ;
#4922 = DIRECTION ( 'NONE',  ( 0.000000000000000000, -0.000000000000000000, 1.000000000000000000 ) ) ;
#4923 = AXIS2_PLACEMENT_3D ( 'NONE', #4158, #4514, #2199 ) ;
#4924 = VERTEX_POINT ( 'NONE', #2028 ) ;
#4925 = CARTESIAN_POINT ( 'NONE',  ( -9.807962225742267393, -25.62529294843109540, 1.699999999999999289 ) ) ;
#4926 = PLANE ( 'NONE',  #3112 ) ;
#4927 = DIRECTION ( 'NONE',  ( 0.000000000000000000, 0.000000000000000000, -1.000000000000000000 ) ) ;
#4928 = ORIENTED_EDGE ( 'NONE', *, *, #2754, .F. ) ;
#4929 = DIRECTION ( 'NONE',  ( -1.889896820699124017E-15, -1.000000000000000000, 0.000000000000000000 ) ) ;
#4930 = DIRECTION ( 'NONE',  ( -0.000000000000000000, -0.000000000000000000, 1.000000000000000000 ) ) ;
#4931 = EDGE_CURVE ( 'NONE', #3486, #2061, #3589, .T. ) ;
#4932 = EDGE_CURVE ( 'NONE', #3116, #4294, #2114, .T. ) ;
#4933 = EDGE_CURVE ( 'NONE', #2295, #536, #4469, .T. ) ;
#4934 = ORIENTED_EDGE ( 'NONE', *, *, #1766, .T. ) ;
#4935 = CARTESIAN_POINT ( 'NONE',  ( -9.807962225742267393, -25.62529294843109540, -0.1000000000000002554 ) ) ;
#4936 = ORIENTED_EDGE ( 'NONE', *, *, #2045, .F. ) ;
#4937 = EDGE_CURVE ( 'NONE', #1836, #3065, #3696, .T. ) ;
#4938 = CARTESIAN_POINT ( 'NONE',  ( -16.21496222574226564, -22.47129294843110969, -4.002000000000000668 ) ) ;
#4939 = CIRCLE ( 'NONE', #4279, 2.749999999999995559 ) ;
#4940 = EDGE_LOOP ( 'NONE', ( #27, #1481, #2395, #1838 ) ) ;
#4941 = DIRECTION ( 'NONE',  ( 1.000000000000000000, 0.000000000000000000, 0.000000000000000000 ) ) ;
#4942 = CARTESIAN_POINT ( 'NONE',  ( 17.41371743069808531, 25.80129521535421944, 8.499999999999998224 ) ) ;
#4943 = CARTESIAN_POINT ( 'NONE',  ( 2.015431251695973813, 12.66714344531767900, 8.499999999999998224 ) ) ;
#4944 = LINE ( 'NONE', #2004, #4537 ) ;
#4945 = EDGE_LOOP ( 'NONE', ( #865, #1319, #2485, #1357 ) ) ;
#4946 = EDGE_CURVE ( 'NONE', #2397, #3312, #3766, .T. ) ;
#4947 = FACE_OUTER_BOUND ( 'NONE', #717, .T. ) ;
#4948 = DIRECTION ( 'NONE',  ( -0.000000000000000000, -0.000000000000000000, -1.000000000000000000 ) ) ;
#4949 = ADVANCED_FACE ( 'NONE', ( #3975 ), #475, .T. ) ;
#4950 = EDGE_CURVE ( 'NONE', #4731, #2233, #4251, .T. ) ;
#4951 = PLANE ( 'NONE',  #588 ) ;
#4952 = ORIENTED_EDGE ( 'NONE', *, *, #4448, .T. ) ;
#4953 = DIRECTION ( 'NONE',  ( 1.156482317317871971E-16, -1.000000000000000000, 0.000000000000000000 ) ) ;
#4954 = EDGE_CURVE ( 'NONE', #2505, #1699, #1411, .T. ) ;
#4955 = ORIENTED_EDGE ( 'NONE', *, *, #4772, .T. ) ;
#4956 = ORIENTED_EDGE ( 'NONE', *, *, #2179, .F. ) ;
#4957 = DIRECTION ( 'NONE',  ( 1.000000000000000000, -0.000000000000000000, -0.000000000000000000 ) ) ;
#4958 = CARTESIAN_POINT ( 'NONE',  ( -16.46496222574226920, 27.02870705156890097, -4.000000000000000000 ) ) ;
#4959 = ORIENTED_EDGE ( 'NONE', *, *, #362, .T. ) ;
#4960 = VERTEX_POINT ( 'NONE', #507 ) ;
#4961 = DIRECTION ( 'NONE',  ( -1.156482317317871971E-16, 1.000000000000000000, 0.000000000000000000 ) ) ;
#4962 = CARTESIAN_POINT ( 'NONE',  ( 18.03503777425773436, -26.97129294843108482, 9.999999999999998224 ) ) ;
#4963 = EDGE_CURVE ( 'NONE', #3805, #1015, #498, .T. ) ;
#4964 = DIRECTION ( 'NONE',  ( -0.000000000000000000, -0.000000000000000000, 1.000000000000000000 ) ) ;
#4965 = EDGE_CURVE ( 'NONE', #2003, #4913, #1717, .T. ) ;
#4966 = EDGE_LOOP ( 'NONE', ( #1181, #3388, #5061, #650 ) ) ;
#4967 = LINE ( 'NONE', #4157, #2535 ) ;
#4968 = DIRECTION ( 'NONE',  ( 1.000000000000000000, 0.000000000000000000, 0.000000000000000000 ) ) ;
#4969 = VECTOR ( 'NONE', #4222, 1000.000000000000000 ) ;
#4970 = AXIS2_PLACEMENT_3D ( 'NONE', #315, #1515, #1128 ) ;
#4971 = FACE_BOUND ( 'NONE', #4897, .T. ) ;
#4972 = CARTESIAN_POINT ( 'NONE',  ( 15.78503777425773613, -22.47129294843107417, 5.000000000000001776 ) ) ;
#4973 = ORIENTED_EDGE ( 'NONE', *, *, #1690, .F. ) ;
#4974 = DIRECTION ( 'NONE',  ( -0.000000000000000000, -0.000000000000000000, -1.000000000000000000 ) ) ;
#4975 = CIRCLE ( 'NONE', #983, 3.000000000000000000 ) ;
#4976 = CIRCLE ( 'NONE', #1865, 1.000000000000000888 ) ;
#4977 = VERTEX_POINT ( 'NONE', #294 ) ;
#4978 = CARTESIAN_POINT ( 'NONE',  ( 17.41371743069809241, -19.19870478464573793, 8.499999999999998224 ) ) ;
#4979 = ORIENTED_EDGE ( 'NONE', *, *, #781, .F. ) ;
#4980 = CIRCLE ( 'NONE', #4406, 1.074999999999999512 ) ;
#4981 = ADVANCED_FACE ( 'NONE', ( #4597 ), #2556, .F. ) ;
#4982 = AXIS2_PLACEMENT_3D ( 'NONE', #5009, #2221, #1482 ) ;
#4983 = CARTESIAN_POINT ( 'NONE',  ( 16.53503777425773791, -18.72129294843107417, 3.292323440001584611 ) ) ;
#4984 = ORIENTED_EDGE ( 'NONE', *, *, #4291, .T. ) ;
#4985 = CIRCLE ( 'NONE', #2362, 3.000000000000000000 ) ;
#4986 = EDGE_LOOP ( 'NONE', ( #3742, #2929 ) ) ;
#4987 = CARTESIAN_POINT ( 'NONE',  ( 3.854075575427002853, 19.84070686846390430, 8.499999999999998224 ) ) ;
#4988 = DIRECTION ( 'NONE',  ( -1.734723475976807094E-16, 1.000000000000000000, -0.000000000000000000 ) ) ;
#4989 = AXIS2_PLACEMENT_3D ( 'NONE', #2989, #2649, #3753 ) ;
#4990 = VECTOR ( 'NONE', #2402, 1000.000000000000000 ) ;
#4991 = DIRECTION ( 'NONE',  ( 0.000000000000000000, -0.000000000000000000, -1.000000000000000000 ) ) ;
#4992 = EDGE_CURVE ( 'NONE', #106, #769, #4180, .T. ) ;
#4993 = ADVANCED_FACE ( 'NONE', ( #2626 ), #718, .F. ) ;
#4994 = CARTESIAN_POINT ( 'NONE',  ( 17.41371743069809241, -25.74388111221639974, 8.499999999999998224 ) ) ;
#4995 = DIRECTION ( 'NONE',  ( 1.000000000000000000, 0.000000000000000000, 0.000000000000000000 ) ) ;
#4996 = CIRCLE ( 'NONE', #3683, 1.402036092185269034 ) ;
#4997 = EDGE_CURVE ( 'NONE', #1030, #4844, #1307, .T. ) ;
#4998 = DIRECTION ( 'NONE',  ( -1.000000000000000000, 0.000000000000000000, -0.000000000000000000 ) ) ;
#4999 = CYLINDRICAL_SURFACE ( 'NONE', #3434, 3.000000000000000888 ) ;
#5000 = AXIS2_PLACEMENT_3D ( 'NONE', #4076, #3347, #2488 ) ;
#5001 = ORIENTED_EDGE ( 'NONE', *, *, #124, .F. ) ;
#5002 = DIRECTION ( 'NONE',  ( -1.000000000000000000, 0.000000000000000000, 0.000000000000000000 ) ) ;
#5003 = EDGE_CURVE ( 'NONE', #4281, #3669, #3782, .T. ) ;
#5004 = VERTEX_POINT ( 'NONE', #2602 ) ;
#5005 = ORIENTED_EDGE ( 'NONE', *, *, #398, .T. ) ;
#5006 = DIRECTION ( 'NONE',  ( 1.000000000000000000, -0.000000000000000000, 0.000000000000000000 ) ) ;
#5007 = EDGE_CURVE ( 'NONE', #2644, #809, #247, .T. ) ;
#5008 = DIRECTION ( 'NONE',  ( 0.000000000000000000, -0.000000000000000000, -1.000000000000000000 ) ) ;
#5009 = CARTESIAN_POINT ( 'NONE',  ( -7.561064025910129244E-15, 27.96804687978908177, 8.939339828220180806 ) ) ;
#5010 = FACE_OUTER_BOUND ( 'NONE', #2090, .T. ) ;
#5011 = AXIS2_PLACEMENT_3D ( 'NONE', #2307, #3106, #1139 ) ;
#5012 = DIRECTION ( 'NONE',  ( -0.000000000000000000, -0.000000000000000000, -1.000000000000000000 ) ) ;
#5013 = EDGE_LOOP ( 'NONE', ( #478, #4668, #929, #1931 ) ) ;
#5014 = DIRECTION ( 'NONE',  ( -0.000000000000000000, 0.000000000000000000, 1.000000000000000000 ) ) ;
#5015 = LINE ( 'NONE', #2228, #2553 ) ;
#5016 = EDGE_CURVE ( 'NONE', #3680, #2575, #4541, .T. ) ;
#5017 = EDGE_CURVE ( 'NONE', #2122, #4255, #3801, .T. ) ;
#5018 = LINE ( 'NONE', #2640, #1936 ) ;
#5019 = DIRECTION ( 'NONE',  ( -0.000000000000000000, -0.000000000000000000, 1.000000000000000000 ) ) ;
#5020 = ORIENTED_EDGE ( 'NONE', *, *, #2418, .F. ) ;
#5021 = CYLINDRICAL_SURFACE ( 'NONE', #4233, 2.749999999999995559 ) ;
#5022 = EDGE_CURVE ( 'NONE', #2882, #3116, #1144, .T. ) ;
#5023 = ORIENTED_EDGE ( 'NONE', *, *, #553, .F. ) ;
#5024 = ORIENTED_EDGE ( 'NONE', *, *, #4464, .F. ) ;
#5025 =( BOUNDED_CURVE ( )  B_SPLINE_CURVE ( 3, ( #4842, #1331, #91, #4365 ),
 .UNSPECIFIED., .F., .F. ) 
 B_SPLINE_CURVE_WITH_KNOTS ( ( 4, 4 ),
 ( 2.643885820847025503, 3.141592653589793116 ),
 .UNSPECIFIED. ) 
 CURVE ( )  GEOMETRIC_REPRESENTATION_ITEM ( )  RATIONAL_B_SPLINE_CURVE ( ( 1.000000000000000000, 0.9794636360570614375, 0.9794636360570614375, 1.000000000000000000 ) ) 
 REPRESENTATION_ITEM ( '' )  );
#5026 = DIRECTION ( 'NONE',  ( 1.000000000000000000, 0.000000000000000000, 0.000000000000000000 ) ) ;
#5027 = VERTEX_POINT ( 'NONE', #2166 ) ;
#5028 = DIRECTION ( 'NONE',  ( -0.000000000000000000, 0.000000000000000000, 1.000000000000000000 ) ) ;
#5029 = DIRECTION ( 'NONE',  ( 1.000000000000000000, 0.000000000000000000, 0.000000000000000000 ) ) ;
#5030 = DIRECTION ( 'NONE',  ( -0.000000000000000000, 0.000000000000000000, 1.000000000000000000 ) ) ;
#5031 = ORIENTED_EDGE ( 'NONE', *, *, #3570, .T. ) ;
#5032 = FACE_OUTER_BOUND ( 'NONE', #1221, .T. ) ;
#5033 = DIRECTION ( 'NONE',  ( -0.000000000000000000, -0.000000000000000000, 1.000000000000000000 ) ) ;
#5034 = DIRECTION ( 'NONE',  ( -1.000000000000000000, -0.000000000000000000, -0.000000000000000000 ) ) ;
#5035 = CARTESIAN_POINT ( 'NONE',  ( -17.84364188218261660, -2.063585631329678767E-15, 8.499999999999998224 ) ) ;
#5036 = LINE ( 'NONE', #1535, #2439 ) ;
#5037 = EDGE_CURVE ( 'NONE', #1430, #200, #4171, .T. ) ;
#5038 = ORIENTED_EDGE ( 'NONE', *, *, #3527, .T. ) ;
#5039 = FACE_OUTER_BOUND ( 'NONE', #656, .T. ) ;
#5040 = AXIS2_PLACEMENT_3D ( 'NONE', #762, #3842, #384 ) ;
#5041 = ORIENTED_EDGE ( 'NONE', *, *, #1896, .F. ) ;
#5042 = AXIS2_PLACEMENT_3D ( 'NONE', #3890, #4974, #4282 ) ;
#5043 = VECTOR ( 'NONE', #3973, 1000.000000000000000 ) ;
#5044 = ORIENTED_EDGE ( 'NONE', *, *, #3878, .F. ) ;
#5045 = EDGE_CURVE ( 'NONE', #4851, #3959, #644, .T. ) ;
#5046 = AXIS2_PLACEMENT_3D ( 'NONE', #3303, #4113, #1393 ) ;
#5047 = CARTESIAN_POINT ( 'NONE',  ( -9.934129258355479664, 28.52870705156890097, 1.699999999999999289 ) ) ;
#5048 = EDGE_LOOP ( 'NONE', ( #3815, #1527, #2137, #2767 ) ) ;
#5049 = PLANE ( 'NONE',  #1306 ) ;
#5050 = PLANE ( 'NONE',  #3244 ) ;
#5051 = AXIS2_PLACEMENT_3D ( 'NONE', #1183, #1207, #2374 ) ;
#5052 = CIRCLE ( 'NONE', #321, 1.500000000000001332 ) ;
#5053 = DIRECTION ( 'NONE',  ( 1.000000000000000000, -0.000000000000000000, 0.000000000000000000 ) ) ;
#5054 = VECTOR ( 'NONE', #2513, 1000.000000000000000 ) ;
#5055 = ORIENTED_EDGE ( 'NONE', *, *, #2706, .F. ) ;
#5056 = VERTEX_POINT ( 'NONE', #4911 ) ;
#5057 = CYLINDRICAL_SURFACE ( 'NONE', #2856, 1.074999999999999512 ) ;
#5058 = DIRECTION ( 'NONE',  ( 0.000000000000000000, 0.000000000000000000, 1.000000000000000000 ) ) ;
#5059 = AXIS2_PLACEMENT_3D ( 'NONE', #3287, #2527, #921 ) ;
#5060 = CYLINDRICAL_SURFACE ( 'NONE', #1636, 1.074999999999999512 ) ;
#5061 = ORIENTED_EDGE ( 'NONE', *, *, #4937, .F. ) ;
#5062 = FACE_OUTER_BOUND ( 'NONE', #2175, .T. ) ;
#5063 = DIRECTION ( 'NONE',  ( 0.000000000000000000, -0.000000000000000000, 1.000000000000000000 ) ) ;
#5064 = ORIENTED_EDGE ( 'NONE', *, *, #5045, .T. ) ;
#5065 = DIRECTION ( 'NONE',  ( 0.000000000000000000, 0.000000000000000000, 1.000000000000000000 ) ) ;
#5066 = AXIS2_PLACEMENT_3D ( 'NONE', #4972, #3888, #2715 ) ;
#5067 = ORIENTED_EDGE ( 'NONE', *, *, #775, .F. ) ;
#5068 = CIRCLE ( 'NONE', #3277, 2.250000000000001776 ) ;
#5069 = VERTEX_POINT ( 'NONE', #1407 ) ;
#5070 = VERTEX_POINT ( 'NONE', #2184 ) ;
#5071 = DIRECTION ( 'NONE',  ( -0.7071067811865505703, -1.226634733346704487E-16, -0.7071067811865444641 ) ) ;
ENDSEC;
END-ISO-10303-21;
