ISO-10303-21;
HEADER;
FILE_DESCRIPTION (( 'STEP AP214' ),
    '1' );
FILE_NAME ('Top_Enclosure.STEP',
    '2025-11-23T20:05:03',
    ( '' ),
    ( '' ),
    'SwSTEP 2.0',
    'SolidWorks 2025',
    '' );
FILE_SCHEMA (( 'AUTOMOTIVE_DESIGN' ));
ENDSEC;

DATA;
#1 = CIRCLE ( 'NONE', #1274, 1.074999999999999512 ) ;
#2 = EDGE_CURVE ( 'NONE', #4503, #1541, #2835, .T. ) ;
#3 = ORIENTED_EDGE ( 'NONE', *, *, #4527, .F. ) ;
#4 = ORIENTED_EDGE ( 'NONE', *, *, #2995, .F. ) ;
#5 = CARTESIAN_POINT ( 'NONE',  ( 7.453037774257734505, 25.68270705156890443, 1.699999999999999289 ) ) ;
#6 = CARTESIAN_POINT ( 'NONE',  ( -16.21496222574229762, 22.52870705156889031, -4.002000000000000668 ) ) ;
#7 = EDGE_CURVE ( 'NONE', #782, #686, #3706, .T. ) ;
#8 = DIRECTION ( 'NONE',  ( 1.000000000000000000, 0.000000000000000000, 0.000000000000000000 ) ) ;
#9 = EDGE_LOOP ( 'NONE', ( #3779, #4583, #295, #4361 ) ) ;
#10 = VERTEX_POINT ( 'NONE', #590 ) ;
#11 = CARTESIAN_POINT ( 'NONE',  ( -16.21496222574226564, -22.47129294843110969, 5.000000000000001776 ) ) ;
#12 = ORIENTED_EDGE ( 'NONE', *, *, #3317, .T. ) ;
#13 = AXIS2_PLACEMENT_3D ( 'NONE', #450, #3471, #3496 ) ;
#14 = LINE ( 'NONE', #845, #3672 ) ;
#15 = CARTESIAN_POINT ( 'NONE',  ( -7.882962225742265794, -25.62529294843109540, 1.699999999999999289 ) ) ;
#16 = LINE ( 'NONE', #2645, #2999 ) ;
#17 = VECTOR ( 'NONE', #1355, 1000.000000000000000 ) ;
#18 = AXIS2_PLACEMENT_3D ( 'NONE', #3629, #1345, #3221 ) ;
#19 = ADVANCED_FACE ( 'NONE', ( #1758 ), #416, .F. ) ;
#20 = ORIENTED_EDGE ( 'NONE', *, *, #753, .T. ) ;
#21 = PLANE ( 'NONE',  #3681 ) ;
#22 = CYLINDRICAL_SURFACE ( 'NONE', #3406, 1.074999999999999512 ) ;
#23 = CARTESIAN_POINT ( 'NONE',  ( -10.88296222574226668, 25.68270705156890443, 3.292323440001584611 ) ) ;
#24 = CARTESIAN_POINT ( 'NONE',  ( -4.791999477595536128, 19.84070686846390430, 9.999999999999998224 ) ) ;
#25 = CARTESIAN_POINT ( 'NONE',  ( 9.378037774257734327, -25.62529294843109540, 1.699999999999999289 ) ) ;
#26 = ORIENTED_EDGE ( 'NONE', *, *, #4169, .F. ) ;
#27 = ORIENTED_EDGE ( 'NONE', *, *, #3579, .T. ) ;
#28 = FACE_OUTER_BOUND ( 'NONE', #3059, .T. ) ;
#29 = CYLINDRICAL_SURFACE ( 'NONE', #1027, 1.000000000000000888 ) ;
#30 = LINE ( 'NONE', #3828, #4923 ) ;
#31 = ADVANCED_FACE ( 'NONE', ( #1801 ), #2929, .T. ) ;
#32 = EDGE_CURVE ( 'NONE', #4566, #498, #2959, .T. ) ;
#33 = EDGE_LOOP ( 'NONE', ( #693, #4662 ) ) ;
#34 = EDGE_CURVE ( 'NONE', #937, #4609, #640, .T. ) ;
#35 = EDGE_LOOP ( 'NONE', ( #2537, #1135, #2585, #1936 ) ) ;
#36 = CARTESIAN_POINT ( 'NONE',  ( 19.03503777425773080, 27.02870705156891162, 8.585786437626898859 ) ) ;
#37 = ORIENTED_EDGE ( 'NONE', *, *, #3040, .F. ) ;
#38 = CARTESIAN_POINT ( 'NONE',  ( 16.03503777425773791, -28.97129294843108482, 9.999999999999998224 ) ) ;
#39 = CARTESIAN_POINT ( 'NONE',  ( -16.46496222574226209, -26.97129294843108838, 9.292893218813444989 ) ) ;
#40 = CARTESIAN_POINT ( 'NONE',  ( 10.45303777425773362, -25.62529294843109540, 3.292323440001584611 ) ) ;
#41 = ORIENTED_EDGE ( 'NONE', *, *, #2433, .T. ) ;
#42 = VERTEX_POINT ( 'NONE', #3983 ) ;
#43 = EDGE_LOOP ( 'NONE', ( #2138, #595, #4813, #4842 ) ) ;
#44 = CYLINDRICAL_SURFACE ( 'NONE', #3355, 1.600000000000000755 ) ;
#45 = CARTESIAN_POINT ( 'NONE',  ( -17.40430205396243935, -2.012776757066667791E-15, 8.939339828220180806 ) ) ;
#46 = CIRCLE ( 'NONE', #3721, 2.749999999999995559 ) ;
#47 = DIRECTION ( 'NONE',  ( 1.734723475976807094E-16, -1.000000000000000000, 0.000000000000000000 ) ) ;
#48 = DIRECTION ( 'NONE',  ( 0.000000000000000000, -0.000000000000000000, -1.000000000000000000 ) ) ;
#49 = CIRCLE ( 'NONE', #3323, 2.999999999999999112 ) ;
#50 = ORIENTED_EDGE ( 'NONE', *, *, #2790, .F. ) ;
#52 = EDGE_CURVE ( 'NONE', #4609, #51, #2557, .T. ) ;
#51 = VERTEX_POINT ( 'NONE', #4009 ) ;
#53 = CARTESIAN_POINT ( 'NONE',  ( -13.88296222574226668, 25.68270705156890443, 8.499999999999998224 ) ) ;
#54 = CARTESIAN_POINT ( 'NONE',  ( 7.285040208365946235, -29.97129294843108838, 6.892323440001584700 ) ) ;
#55 = CARTESIAN_POINT ( 'NONE',  ( -17.96496222574226564, 18.94634496323507022, 8.378679656440352730 ) ) ;
#56 = VERTEX_POINT ( 'NONE', #3685 ) ;
#57 = ORIENTED_EDGE ( 'NONE', *, *, #2953, .T. ) ;
#58 = DIRECTION ( 'NONE',  ( -0.000000000000000000, -0.000000000000000000, -1.000000000000000000 ) ) ;
#59 = ORIENTED_EDGE ( 'NONE', *, *, #1591, .F. ) ;
#60 = FACE_OUTER_BOUND ( 'NONE', #3868, .T. ) ;
#61 = CARTESIAN_POINT ( 'NONE',  ( -16.46496222574226209, -28.47129294843108482, 8.378679656440352730 ) ) ;
#62 = EDGE_CURVE ( 'NONE', #361, #1085, #3602, .T. ) ;
#63 = ORIENTED_EDGE ( 'NONE', *, *, #2539, .T. ) ;
#64 = ORIENTED_EDGE ( 'NONE', *, *, #435, .T. ) ;
#65 = ORIENTED_EDGE ( 'NONE', *, *, #3965, .F. ) ;
#66 = VECTOR ( 'NONE', #1703, 1000.000000000000000 ) ;
#67 = DIRECTION ( 'NONE',  ( 0.000000000000000000, 0.000000000000000000, 1.000000000000000000 ) ) ;
#68 = EDGE_CURVE ( 'NONE', #2285, #671, #612, .T. ) ;
#69 = AXIS2_PLACEMENT_3D ( 'NONE', #1371, #325, #3318 ) ;
#70 = AXIS2_PLACEMENT_3D ( 'NONE', #242, #2215, #2916 ) ;
#71 = LINE ( 'NONE', #3020, #4221 ) ;
#72 = DIRECTION ( 'NONE',  ( 0.000000000000000000, 0.000000000000000000, 1.000000000000000000 ) ) ;
#73 = AXIS2_PLACEMENT_3D ( 'NONE', #668, #283, #1432 ) ;
#74 = EDGE_CURVE ( 'NONE', #2409, #2932, #4427, .T. ) ;
#75 = ORIENTED_EDGE ( 'NONE', *, *, #187, .F. ) ;
#76 = ORIENTED_EDGE ( 'NONE', *, *, #2174, .T. ) ;
#77 = DIRECTION ( 'NONE',  ( 1.000000000000000000, -2.312964634635740689E-15, 0.000000000000000000 ) ) ;
#78 = AXIS2_PLACEMENT_3D ( 'NONE', #1023, #1814, #320 ) ;
#79 = DIRECTION ( 'NONE',  ( 0.000000000000000000, 0.000000000000000000, 1.000000000000000000 ) ) ;
#80 = DIRECTION ( 'NONE',  ( 1.000000000000000000, 0.000000000000000000, 0.000000000000000000 ) ) ;
#81 = AXIS2_PLACEMENT_3D ( 'NONE', #1095, #4872, #679 ) ;
#82 = VERTEX_POINT ( 'NONE', #3230 ) ;
#83 = ORIENTED_EDGE ( 'NONE', *, *, #3380, .F. ) ;
#84 = CARTESIAN_POINT ( 'NONE',  ( 17.53503777425773436, 18.77870705156889031, -4.000000000000000000 ) ) ;
#85 = ORIENTED_EDGE ( 'NONE', *, *, #516, .T. ) ;
#86 = FACE_OUTER_BOUND ( 'NONE', #347, .T. ) ;
#87 = DIRECTION ( 'NONE',  ( 1.000000000000000000, 0.000000000000000000, 0.000000000000000000 ) ) ;
#88 = ORIENTED_EDGE ( 'NONE', *, *, #3748, .F. ) ;
#89 = ORIENTED_EDGE ( 'NONE', *, *, #2778, .F. ) ;
#90 = LINE ( 'NONE', #1263, #1994 ) ;
#91 = CYLINDRICAL_SURFACE ( 'NONE', #4927, 1.600000000000000755 ) ;
#92 = AXIS2_PLACEMENT_3D ( 'NONE', #4153, #1079, #2977 ) ;
#93 = EDGE_CURVE ( 'NONE', #3644, #897, #180, .T. ) ;
#94 = ADVANCED_FACE ( 'NONE', ( #3305 ), #4384, .T. ) ;
#95 = DIRECTION ( 'NONE',  ( 1.000000000000000000, 0.000000000000000000, 0.000000000000000000 ) ) ;
#96 = DIRECTION ( 'NONE',  ( 0.7071067811865451302, 0.000000000000000000, -0.7071067811865500152 ) ) ;
#97 = PLANE ( 'NONE',  #1928 ) ;
#98 = EDGE_CURVE ( 'NONE', #524, #2979, #3795, .T. ) ;
#99 = ORIENTED_EDGE ( 'NONE', *, *, #4145, .T. ) ;
#100 = ORIENTED_EDGE ( 'NONE', *, *, #2348, .T. ) ;
#101 = FACE_OUTER_BOUND ( 'NONE', #3509, .T. ) ;
#102 = DIRECTION ( 'NONE',  ( 1.000000000000000000, 2.703465157366452467E-16, -0.000000000000000000 ) ) ;
#103 = CARTESIAN_POINT ( 'NONE',  ( 17.41371743069809241, -25.74388111221639974, 8.499999999999998224 ) ) ;
#104 = VERTEX_POINT ( 'NONE', #2157 ) ;
#105 = EDGE_LOOP ( 'NONE', ( #3754, #4137, #1165, #1662 ) ) ;
#106 = CARTESIAN_POINT ( 'NONE',  ( 16.53503777425774501, -25.22129294843106706, 3.292323440001584611 ) ) ;
#107 = ORIENTED_EDGE ( 'NONE', *, *, #3317, .F. ) ;
#108 = LINE ( 'NONE', #520, #4226 ) ;
#109 = DIRECTION ( 'NONE',  ( 0.000000000000000000, 0.000000000000000000, -1.000000000000000000 ) ) ;
#110 = EDGE_CURVE ( 'NONE', #2676, #337, #1882, .T. ) ;
#111 = EDGE_LOOP ( 'NONE', ( #2506, #4109, #944, #2023 ) ) ;
#112 = VERTEX_POINT ( 'NONE', #4053 ) ;
#113 = PRODUCT_DEFINITION_SHAPE ( 'NONE', 'NONE',  #4552 ) ;
#114 = DIRECTION ( 'NONE',  ( -1.000000000000000000, 0.000000000000000000, 0.000000000000000000 ) ) ;
#115 = DIRECTION ( 'NONE',  ( -0.000000000000000000, -0.000000000000000000, 1.000000000000000000 ) ) ;
#116 = CARTESIAN_POINT ( 'NONE',  ( -16.21496222574226564, -22.47129294843110969, 3.292323440001584611 ) ) ;
#117 = CARTESIAN_POINT ( 'NONE',  ( 12.21093530270483996, -22.11161202698745853, 9.999999999999998224 ) ) ;
#118 = DIRECTION ( 'NONE',  ( -1.000000000000000000, 0.000000000000000000, 0.000000000000000000 ) ) ;
#119 = ADVANCED_FACE ( 'NONE', ( #1402 ), #1008, .T. ) ;
#120 = EDGE_CURVE ( 'NONE', #2442, #1322, #1938, .T. ) ;
#121 = CIRCLE ( 'NONE', #1417, 3.000000000000000888 ) ;
#122 = ORIENTED_EDGE ( 'NONE', *, *, #4405, .F. ) ;
#123 = ORIENTED_EDGE ( 'NONE', *, *, #1652, .F. ) ;
#124 = DIRECTION ( 'NONE',  ( 0.000000000000000000, 0.000000000000000000, -1.000000000000000000 ) ) ;
#125 = CARTESIAN_POINT ( 'NONE',  ( -4.791999477595536128, 19.84070686846390430, -4.001000000000001222 ) ) ;
#126 = LINE ( 'NONE', #3978, #2156 ) ;
#127 = CYLINDRICAL_SURFACE ( 'NONE', #2774, 1.074999999999999512 ) ;
#128 = CIRCLE ( 'NONE', #1639, 2.999999999999999112 ) ;
#129 = CIRCLE ( 'NONE', #2924, 1.074999999999999512 ) ;
#130 = ORIENTED_EDGE ( 'NONE', *, *, #2278, .F. ) ;
#131 = CIRCLE ( 'NONE', #619, 1.000000000000000888 ) ;
#132 = ORIENTED_EDGE ( 'NONE', *, *, #2655, .T. ) ;
#133 = CYLINDRICAL_SURFACE ( 'NONE', #3244, 1.499999999999999556 ) ;
#134 = VERTEX_POINT ( 'NONE', #3058 ) ;
#135 = FACE_OUTER_BOUND ( 'NONE', #3759, .T. ) ;
#136 = LINE ( 'NONE', #2438, #1014 ) ;
#137 = ORIENTED_EDGE ( 'NONE', *, *, #3212, .F. ) ;
#138 = EDGE_LOOP ( 'NONE', ( #4327, #213, #3884, #873 ) ) ;
#139 = CARTESIAN_POINT ( 'NONE',  ( -7.714959791634053765, -29.97129294843108838, 6.892323440001584700 ) ) ;
#140 = CARTESIAN_POINT ( 'NONE',  ( -12.64106361317946003, 13.48838797301254111, 8.499999999999998224 ) ) ;
#141 = ADVANCED_FACE ( 'NONE', ( #4684 ), #820, .T. ) ;
#142 = AXIS2_PLACEMENT_3D ( 'NONE', #4581, #4532, #4232 ) ;
#143 = CARTESIAN_POINT ( 'NONE',  ( -11.83179519312905370, 28.52870705156890097, 1.699999999999999289 ) ) ;
#144 = EDGE_CURVE ( 'NONE', #2821, #1234, #790, .T. ) ;
#145 = DIRECTION ( 'NONE',  ( 1.000000000000000000, 0.000000000000000000, 0.000000000000000000 ) ) ;
#146 = VECTOR ( 'NONE', #145, 1000.000000000000000 ) ;
#147 = CARTESIAN_POINT ( 'NONE',  ( -17.16496222574226493, -22.47129294843110969, -3.000000000000002665 ) ) ;
#148 = CIRCLE ( 'NONE', #1751, 2.749999999999995559 ) ;
#149 = AXIS2_PLACEMENT_3D ( 'NONE', #1374, #682, #4449 ) ;
#150 = ORIENTED_EDGE ( 'NONE', *, *, #4879, .T. ) ;
#151 = AXIS2_PLACEMENT_3D ( 'NONE', #2161, #3642, #2184 ) ;
#152 = EDGE_LOOP ( 'NONE', ( #2345, #460 ) ) ;
#153 = DIRECTION ( 'NONE',  ( -0.000000000000000000, -0.000000000000000000, -1.000000000000000000 ) ) ;
#154 = DIRECTION ( 'NONE',  ( -1.000000000000000000, 0.000000000000000000, 0.000000000000000000 ) ) ;
#155 = EDGE_CURVE ( 'NONE', #3057, #3335, #1914, .T. ) ;
#156 = CARTESIAN_POINT ( 'NONE',  ( 2.015431251695973813, 11.01227139059988147, -4.001000000000001222 ) ) ;
#157 = LINE ( 'NONE', #2351, #3246 ) ;
#158 = ORIENTED_EDGE ( 'NONE', *, *, #3650, .T. ) ;
#159 = ORIENTED_EDGE ( 'NONE', *, *, #2175, .T. ) ;
#160 = DIRECTION ( 'NONE',  ( 1.000000000000000000, 0.000000000000000000, 0.000000000000000000 ) ) ;
#161 = VERTEX_POINT ( 'NONE', #3536 ) ;
#162 = CARTESIAN_POINT ( 'NONE',  ( -9.934129258355479664, 28.52870705156890097, 3.292323440001584611 ) ) ;
#163 = DIRECTION ( 'NONE',  ( 1.000000000000000000, 0.000000000000000000, 0.000000000000000000 ) ) ;
#164 = VECTOR ( 'NONE', #3295, 1000.000000000000000 ) ;
#165 = VERTEX_POINT ( 'NONE', #3435 ) ;
#166 = ORIENTED_EDGE ( 'NONE', *, *, #435, .F. ) ;
#167 = PLANE ( 'NONE',  #893 ) ;
#168 = FACE_OUTER_BOUND ( 'NONE', #1163, .T. ) ;
#169 = DIRECTION ( 'NONE',  ( -0.000000000000000000, -0.000000000000000000, -1.000000000000000000 ) ) ;
#170 = LINE ( 'NONE', #1671, #4299 ) ;
#171 = AXIS2_PLACEMENT_3D ( 'NONE', #1146, #1547, #1972 ) ;
#172 = CARTESIAN_POINT ( 'NONE',  ( -19.46496222574226920, 28.52870705156889741, 3.292323440001584611 ) ) ;
#173 = AXIS2_PLACEMENT_3D ( 'NONE', #3770, #349, #631 ) ;
#174 = ORIENTED_EDGE ( 'NONE', *, *, #1177, .F. ) ;
#175 = ORIENTED_EDGE ( 'NONE', *, *, #3276, .F. ) ;
#176 = CARTESIAN_POINT ( 'NONE',  ( 10.45303777425773362, -25.62529294843109540, 1.699999999999999289 ) ) ;
#177 = LINE ( 'NONE', #2081, #3888 ) ;
#178 = LINE ( 'NONE', #4753, #4396 ) ;
#179 = LINE ( 'NONE', #4051, #942 ) ;
#180 = LINE ( 'NONE', #4825, #4672 ) ;
#181 = EDGE_LOOP ( 'NONE', ( #1482, #4710, #510, #1156 ) ) ;
#182 = DIRECTION ( 'NONE',  ( 1.000000000000000000, 0.000000000000000000, 0.000000000000000000 ) ) ;
#183 = VERTEX_POINT ( 'NONE', #2334 ) ;
#184 = DIRECTION ( 'NONE',  ( 0.000000000000000000, 0.000000000000000000, 1.000000000000000000 ) ) ;
#185 = ADVANCED_FACE ( 'NONE', ( #1182 ), #2008, .F. ) ;
#186 = PLANE ( 'NONE',  #3796 ) ;
#187 = EDGE_CURVE ( 'NONE', #1086, #4290, #3153, .T. ) ;
#188 = EDGE_CURVE ( 'NONE', #3401, #4064, #2040, .T. ) ;
#189 = EDGE_LOOP ( 'NONE', ( #4095, #2188, #26, #4521 ) ) ;
#190 = ORIENTED_EDGE ( 'NONE', *, *, #188, .T. ) ;
#191 = ORIENTED_EDGE ( 'NONE', *, *, #4117, .T. ) ;
#192 = DIRECTION ( 'NONE',  ( 0.000000000000000000, 0.000000000000000000, -1.000000000000000000 ) ) ;
#193 = CARTESIAN_POINT ( 'NONE',  ( -18.75785544455571952, -2.169312813243346025E-15, 9.707106781186540800 ) ) ;
#194 = CARTESIAN_POINT ( 'NONE',  ( 2.015431251695973813, 11.01227139059988147, 8.499999999999994671 ) ) ;
#195 = DIRECTION ( 'NONE',  ( -1.000000000000000000, -0.000000000000000000, -0.000000000000000000 ) ) ;
#196 = CARTESIAN_POINT ( 'NONE',  ( 11.40187074164451175, 28.52870705156890452, 3.292323440001584611 ) ) ;
#197 = VERTEX_POINT ( 'NONE', #106 ) ;
#198 = CARTESIAN_POINT ( 'NONE',  ( -16.96496222574226564, 19.77870705156889031, -4.002000000000000668 ) ) ;
#199 = DIRECTION ( 'NONE',  ( -1.734723475976807094E-16, 1.000000000000000000, -3.081487911019577365E-33 ) ) ;
#200 = CARTESIAN_POINT ( 'NONE',  ( -13.88296222574226668, 25.68270705156890443, 1.699999999999999289 ) ) ;
#201 = DIRECTION ( 'NONE',  ( -1.000000000000000000, -0.000000000000000000, -0.000000000000000000 ) ) ;
#202 = EDGE_CURVE ( 'NONE', #413, #1230, #3109, .T. ) ;
#203 = VECTOR ( 'NONE', #4585, 1000.000000000000000 ) ;
#204 = DIRECTION ( 'NONE',  ( -1.156482317317871971E-16, 1.000000000000000000, -1.232595164407830946E-32 ) ) ;
#205 = ORIENTED_EDGE ( 'NONE', *, *, #4342, .T. ) ;
#206 = DIRECTION ( 'NONE',  ( -1.000000000000000000, 0.000000000000000000, 0.000000000000000000 ) ) ;
#207 = VERTEX_POINT ( 'NONE', #4608 ) ;
#208 = LINE ( 'NONE', #4483, #2149 ) ;
#209 = AXIS2_PLACEMENT_3D ( 'NONE', #1632, #2820, #495 ) ;
#210 = FACE_OUTER_BOUND ( 'NONE', #138, .T. ) ;
#211 = AXIS2_PLACEMENT_3D ( 'NONE', #2487, #206, #4011 ) ;
#212 = AXIS2_PLACEMENT_3D ( 'NONE', #1203, #2004, #3532 ) ;
#213 = ORIENTED_EDGE ( 'NONE', *, *, #4876, .T. ) ;
#214 = ORIENTED_EDGE ( 'NONE', *, *, #1315, .F. ) ;
#215 = ORIENTED_EDGE ( 'NONE', *, *, #4375, .T. ) ;
#216 = LINE ( 'NONE', #3673, #164 ) ;
#217 = DIRECTION ( 'NONE',  ( 1.000000000000000000, 0.000000000000000000, 0.000000000000000000 ) ) ;
#218 = ADVANCED_FACE ( 'NONE', ( #4260 ), #437, .T. ) ;
#219 = AXIS2_PLACEMENT_3D ( 'NONE', #1024, #2619, #4115 ) ;
#220 = CARTESIAN_POINT ( 'NONE',  ( -16.46496222574226209, -29.26418616724453869, 9.707106781186542577 ) ) ;
#221 = ADVANCED_FACE ( 'NONE', ( #4636 ), #387, .F. ) ;
#222 = CARTESIAN_POINT ( 'NONE',  ( 16.53503777425774146, -26.22129294843106706, 3.292323440001584611 ) ) ;
#223 = VECTOR ( 'NONE', #2609, 1000.000000000000000 ) ;
#224 = CARTESIAN_POINT ( 'NONE',  ( 3.854075575427002853, 19.84070686846390430, -4.001000000000001222 ) ) ;
#225 = CARTESIAN_POINT ( 'NONE',  ( 17.41371743069808531, 25.80129521535421944, 8.499999999999998224 ) ) ;
#226 = CARTESIAN_POINT ( 'NONE',  ( 7.453037774257734505, -25.62529294843109540, 1.699999999999999289 ) ) ;
#227 = CARTESIAN_POINT ( 'NONE',  ( -10.14106361317946003, 13.48838797301254111, -4.001000000000001222 ) ) ;
#228 = EDGE_CURVE ( 'NONE', #4584, #1781, #412, .T. ) ;
#229 = AXIS2_PLACEMENT_3D ( 'NONE', #1174, #1952, #1574 ) ;
#230 = AXIS2_PLACEMENT_3D ( 'NONE', #3411, #1210, #2643 ) ;
#231 = EDGE_LOOP ( 'NONE', ( #4237, #2616, #3762, #3107 ) ) ;
#232 = ORIENTED_EDGE ( 'NONE', *, *, #1821, .F. ) ;
#233 = LINE ( 'NONE', #4711, #534 ) ;
#234 = ORIENTED_EDGE ( 'NONE', *, *, #2389, .F. ) ;
#235 = DIRECTION ( 'NONE',  ( -0.000000000000000000, 1.000000000000000000, 0.000000000000000000 ) ) ;
#236 = DIRECTION ( 'NONE',  ( 0.000000000000000000, 0.000000000000000000, -1.000000000000000000 ) ) ;
#237 = VECTOR ( 'NONE', #4738, 1000.000000000000000 ) ;
#238 = ORIENTED_EDGE ( 'NONE', *, *, #2757, .T. ) ;
#239 = VERTEX_POINT ( 'NONE', #36 ) ;
#240 = ORIENTED_EDGE ( 'NONE', *, *, #3615, .T. ) ;
#241 = VERTEX_POINT ( 'NONE', #1229 ) ;
#242 = CARTESIAN_POINT ( 'NONE',  ( 9.710935302704847061, 13.48838797301253933, -4.001000000000001222 ) ) ;
#243 = LINE ( 'NONE', #4114, #3995 ) ;
#244 = AXIS2_PLACEMENT_3D ( 'NONE', #4141, #4588, #3037 ) ;
#245 = CARTESIAN_POINT ( 'NONE',  ( -15.26496222574226458, -22.47129294843110969, -3.000000000000002665 ) ) ;
#246 = AXIS2_PLACEMENT_3D ( 'NONE', #4580, #3504, #4653 ) ;
#247 = AXIS2_PLACEMENT_3D ( 'NONE', #1235, #2365, #3543 ) ;
#248 = FACE_OUTER_BOUND ( 'NONE', #1289, .T. ) ;
#249 = PLANE ( 'NONE',  #2010 ) ;
#250 = EDGE_CURVE ( 'NONE', #2713, #648, #2740, .T. ) ;
#251 = EDGE_CURVE ( 'NONE', #462, #2183, #451, .T. ) ;
#252 = ADVANCED_FACE ( 'NONE', ( #492 ), #3082, .F. ) ;
#253 = AXIS2_PLACEMENT_3D ( 'NONE', #3226, #1679, #1728 ) ;
#254 = DIRECTION ( 'NONE',  ( -1.734723475976807094E-16, 1.000000000000000000, 0.000000000000000000 ) ) ;
#255 = CARTESIAN_POINT ( 'NONE',  ( -19.46496222574226209, -29.97129294843108838, 3.292323440001584611 ) ) ;
#256 = DIRECTION ( 'NONE',  ( 0.000000000000000000, 0.000000000000000000, -1.000000000000000000 ) ) ;
#257 = LINE ( 'NONE', #2527, #2610 ) ;
#258 = CIRCLE ( 'NONE', #4726, 1.074999999999999512 ) ;
#259 = DIRECTION ( 'NONE',  ( -1.000000000000000000, 0.000000000000000000, 0.000000000000000000 ) ) ;
#260 = ORIENTED_EDGE ( 'NONE', *, *, #4277, .F. ) ;
#261 = CARTESIAN_POINT ( 'NONE',  ( 18.03503777425773080, 30.02870705156891162, 8.585786437626897083 ) ) ;
#262 = EDGE_LOOP ( 'NONE', ( #3457, #2613, #2642, #2640 ) ) ;
#263 = DIRECTION ( 'NONE',  ( 1.000000000000000000, 0.000000000000000000, 0.000000000000000000 ) ) ;
#264 = CARTESIAN_POINT ( 'NONE',  ( 2.452039483241733375, 19.84070686846390430, 9.999999999999998224 ) ) ;
#265 = ORIENTED_EDGE ( 'NONE', *, *, #1349, .F. ) ;
#266 = ORIENTED_EDGE ( 'NONE', *, *, #2265, .T. ) ;
#267 = DIRECTION ( 'NONE',  ( 0.000000000000000000, 0.000000000000000000, -1.000000000000000000 ) ) ;
#268 = CARTESIAN_POINT ( 'NONE',  ( 9.710935302704854166, -22.11161202698745853, -4.001000000000001222 ) ) ;
#269 = DIRECTION ( 'NONE',  ( 0.000000000000000000, -0.000000000000000000, 1.000000000000000000 ) ) ;
#270 = EDGE_CURVE ( 'NONE', #2887, #4228, #1382, .T. ) ;
#271 = EDGE_CURVE ( 'NONE', #3125, #2707, #233, .T. ) ;
#272 = DIRECTION ( 'NONE',  ( -1.000000000000000000, 0.000000000000000000, 0.000000000000000000 ) ) ;
#273 = CARTESIAN_POINT ( 'NONE',  ( 15.78503777425775390, -19.72129294843107417, 3.292323440001584611 ) ) ;
#274 = CARTESIAN_POINT ( 'NONE',  ( -19.46496222574226920, 30.02870705156890097, 3.292323440001584611 ) ) ;
#275 = EDGE_CURVE ( 'NONE', #3110, #977, #4360, .T. ) ;
#276 = LINE ( 'NONE', #1754, #3257 ) ;
#277 = DIRECTION ( 'NONE',  ( 0.000000000000000000, -1.000000000000000000, 0.000000000000000000 ) ) ;
#278 = EDGE_CURVE ( 'NONE', #3695, #1782, #1011, .T. ) ;
#279 = DIRECTION ( 'NONE',  ( -1.000000000000000000, 0.000000000000000000, 0.000000000000000000 ) ) ;
#280 = ORIENTED_EDGE ( 'NONE', *, *, #2341, .F. ) ;
#281 = CARTESIAN_POINT ( 'NONE',  ( 11.60854927436682971, -28.39601452122300884, 8.453958083648430488 ) ) ;
#282 =( BOUNDED_CURVE ( )  B_SPLINE_CURVE ( 3, ( #4500, #2627, #1777, #1077 ),
 .UNSPECIFIED., .F., .F. ) 
 B_SPLINE_CURVE_WITH_KNOTS ( ( 4, 4 ),
 ( 1.156482317317872218E-16, 0.4977068327427679462 ),
 .UNSPECIFIED. ) 
 CURVE ( )  GEOMETRIC_REPRESENTATION_ITEM ( )  RATIONAL_B_SPLINE_CURVE ( ( 1.000000000000000000, 0.9794636360570614375, 0.9794636360570614375, 1.000000000000000000 ) ) 
 REPRESENTATION_ITEM ( '' )  );
#283 = DIRECTION ( 'NONE',  ( 0.000000000000000000, 0.7071067811865500152, -0.7071067811865451302 ) ) ;
#284 = DIRECTION ( 'NONE',  ( 1.000000000000000000, 0.000000000000000000, 0.000000000000000000 ) ) ;
#285 = CIRCLE ( 'NONE', #209, 2.999999999999999112 ) ;
#286 = ORIENTED_EDGE ( 'NONE', *, *, #2745, .F. ) ;
#287 = DIRECTION ( 'NONE',  ( -1.000000000000000000, 0.000000000000000000, 0.000000000000000000 ) ) ;
#288 = ORIENTED_EDGE ( 'NONE', *, *, #3549, .F. ) ;
#289 = CARTESIAN_POINT ( 'NONE',  ( 0.000000000000000000, -28.34997260487144288, 8.499999999999998224 ) ) ;
#290 = DIRECTION ( 'NONE',  ( -2.703465157366452467E-16, 1.000000000000000000, 0.000000000000000000 ) ) ;
#291 = AXIS2_PLACEMENT_3D ( 'NONE', #2031, #4028, #160 ) ;
#292 = DIRECTION ( 'NONE',  ( 1.000000000000000000, 0.000000000000000000, 0.000000000000000000 ) ) ;
#293 = CIRCLE ( 'NONE', #3878, 1.074999999999999512 ) ;
#294 = EDGE_CURVE ( 'NONE', #4538, #112, #1307, .T. ) ;
#295 = ORIENTED_EDGE ( 'NONE', *, *, #4847, .F. ) ;
#296 = EDGE_CURVE ( 'NONE', #828, #2036, #3232, .T. ) ;
#297 = VECTOR ( 'NONE', #2750, 1000.000000000000000 ) ;
#298 = FACE_OUTER_BOUND ( 'NONE', #3035, .T. ) ;
#299 = EDGE_CURVE ( 'NONE', #3088, #3733, #3398, .T. ) ;
#300 = DIRECTION ( 'NONE',  ( 0.000000000000000000, 0.000000000000000000, -1.000000000000000000 ) ) ;
#301 = CARTESIAN_POINT ( 'NONE',  ( 10.45303777425773362, -25.62529294843109540, 1.699999999999999289 ) ) ;
#302 = CARTESIAN_POINT ( 'NONE',  ( 11.52803777425773468, -25.62529294843109540, -0.1000000000000002554 ) ) ;
#303 = DIRECTION ( 'NONE',  ( 1.734723475976807341E-16, -1.000000000000000000, 0.000000000000000000 ) ) ;
#304 = VERTEX_POINT ( 'NONE', #1686 ) ;
#305 = CIRCLE ( 'NONE', #3097, 1.000000000000000888 ) ;
#306 = VERTEX_POINT ( 'NONE', #594 ) ;
#307 = DIRECTION ( 'NONE',  ( 1.000000000000000000, 0.000000000000000000, 0.000000000000000000 ) ) ;
#308 = CARTESIAN_POINT ( 'NONE',  ( 2.452039483241733375, 19.84070686846390430, 8.499999999999998224 ) ) ;
#309 = VECTOR ( 'NONE', #3470, 1000.000000000000000 ) ;
#310 = CARTESIAN_POINT ( 'NONE',  ( -16.21496222574229762, 22.52870705156889031, 3.292323440001584611 ) ) ;
#311 = EDGE_CURVE ( 'NONE', #4104, #2564, #366, .T. ) ;
#312 = CIRCLE ( 'NONE', #1347, 1.074999999999999512 ) ;
#313 = VECTOR ( 'NONE', #4751, 1000.000000000000000 ) ;
#314 = ORIENTED_EDGE ( 'NONE', *, *, #3980, .F. ) ;
#315 = ORIENTED_EDGE ( 'NONE', *, *, #3699, .T. ) ;
#316 = FACE_BOUND ( 'NONE', #3064, .T. ) ;
#317 = VERTEX_POINT ( 'NONE', #1357 ) ;
#318 = CARTESIAN_POINT ( 'NONE',  ( 13.45303777425773539, -25.62529294843109540, 8.499999999999998224 ) ) ;
#319 = AXIS2_PLACEMENT_3D ( 'NONE', #573, #1658, #1710 ) ;
#320 = DIRECTION ( 'NONE',  ( -1.000000000000000000, 0.000000000000000000, 0.000000000000000000 ) ) ;
#321 = ADVANCED_FACE ( 'NONE', ( #4410 ), #133, .F. ) ;
#322 = DIRECTION ( 'NONE',  ( 0.000000000000000000, 0.000000000000000000, 1.000000000000000000 ) ) ;
#323 = VERTEX_POINT ( 'NONE', #2460 ) ;
#324 = VECTOR ( 'NONE', #1464, 1000.000000000000000 ) ;
#325 = DIRECTION ( 'NONE',  ( 0.000000000000000000, 0.7071067811865500152, -0.7071067811865451302 ) ) ;
#326 = DIRECTION ( 'NONE',  ( 1.000000000000000000, 0.000000000000000000, 0.000000000000000000 ) ) ;
#327 = AXIS2_PLACEMENT_3D ( 'NONE', #1491, #4219, #727 ) ;
#328 = EDGE_CURVE ( 'NONE', #1272, #337, #3958, .T. ) ;
#329 = DIRECTION ( 'NONE',  ( 1.000000000000000000, 0.000000000000000000, 0.000000000000000000 ) ) ;
#330 = CARTESIAN_POINT ( 'NONE',  ( -18.46496222574226564, 27.02870705156890097, 8.585786437626900636 ) ) ;
#331 = ORIENTED_EDGE ( 'NONE', *, *, #250, .F. ) ;
#332 = VERTEX_POINT ( 'NONE', #3181 ) ;
#333 = DIRECTION ( 'NONE',  ( 1.734723475976807094E-16, -1.000000000000000000, -0.000000000000000000 ) ) ;
#334 = DIRECTION ( 'NONE',  ( 1.000000000000000000, 0.000000000000000000, 0.000000000000000000 ) ) ;
#335 = AXIS2_PLACEMENT_3D ( 'NONE', #1779, #4850, #4078 ) ;
#336 = CARTESIAN_POINT ( 'NONE',  ( -17.92367420541036438, 25.94859523798343304, 8.419967676772255771 ) ) ;
#337 = VERTEX_POINT ( 'NONE', #2435 ) ;
#338 = EDGE_LOOP ( 'NONE', ( #925, #4614, #2621, #4318 ) ) ;
#339 = CARTESIAN_POINT ( 'NONE',  ( -18.75785544455572307, 27.02870705156890097, 9.707106781186540800 ) ) ;
#340 = VERTEX_POINT ( 'NONE', #3617 ) ;
#341 = EDGE_CURVE ( 'NONE', #3335, #441, #4809, .T. ) ;
#342 = CARTESIAN_POINT ( 'NONE',  ( -17.96496222574225854, -26.22129294843106706, 3.292323440001584611 ) ) ;
#343 = LINE ( 'NONE', #4168, #3679 ) ;
#344 = ADVANCED_FACE ( 'NONE', ( #3985 ), #698, .F. ) ;
#345 = DIRECTION ( 'NONE',  ( 1.000000000000000000, -0.000000000000000000, -0.000000000000000000 ) ) ;
#346 = ADVANCED_FACE ( 'NONE', ( #1760 ), #3953, .T. ) ;
#347 = EDGE_LOOP ( 'NONE', ( #1127, #2237, #88, #3041 ) ) ;
#348 = LINE ( 'NONE', #4642, #3998 ) ;
#349 = DIRECTION ( 'NONE',  ( 0.000000000000000000, 0.000000000000000000, 1.000000000000000000 ) ) ;
#350 = DIRECTION ( 'NONE',  ( 0.000000000000000000, 1.000000000000000000, -0.000000000000000000 ) ) ;
#351 = CARTESIAN_POINT ( 'NONE',  ( 2.015431251695973813, 12.66714344531767900, 9.999999999999998224 ) ) ;
#352 = ORIENTED_EDGE ( 'NONE', *, *, #4117, .F. ) ;
#353 = ORIENTED_EDGE ( 'NONE', *, *, #4880, .T. ) ;
#354 = CARTESIAN_POINT ( 'NONE',  ( 16.03503777425773791, -26.97129294843108838, 3.292323440001584611 ) ) ;
#355 = FACE_OUTER_BOUND ( 'NONE', #761, .T. ) ;
#356 = ADVANCED_FACE ( 'NONE', ( #544 ), #614, .T. ) ;
#357 = CARTESIAN_POINT ( 'NONE',  ( -17.96496222574226564, 26.27870705156888320, 8.378679656440352730 ) ) ;
#358 = ORIENTED_EDGE ( 'NONE', *, *, #1319, .F. ) ;
#359 = VERTEX_POINT ( 'NONE', #3206 ) ;
#360 = DIRECTION ( 'NONE',  ( -0.000000000000000000, 0.000000000000000000, 1.000000000000000000 ) ) ;
#361 = VERTEX_POINT ( 'NONE', #2087 ) ;
#362 = FACE_OUTER_BOUND ( 'NONE', #4065, .T. ) ;
#363 = CARTESIAN_POINT ( 'NONE',  ( -12.13839871150333138, 28.40738670800925547, 8.499999999999998224 ) ) ;
#364 = DIRECTION ( 'NONE',  ( 0.000000000000000000, -0.000000000000000000, -1.000000000000000000 ) ) ;
#365 = AXIS2_PLACEMENT_3D ( 'NONE', #2872, #3241, #526 ) ;
#366 = CIRCLE ( 'NONE', #291, 2.707106781186548350 ) ;
#367 = EDGE_LOOP ( 'NONE', ( #1435, #2508, #1381, #4579 ) ) ;
#368 = EDGE_CURVE ( 'NONE', #4010, #1877, #4757, .T. ) ;
#369 = CARTESIAN_POINT ( 'NONE',  ( 15.78503777425775390, -19.72129294843107417, 8.499999999999998224 ) ) ;
#370 = PLANE ( 'NONE',  #2210 ) ;
#371 = AXIS2_PLACEMENT_3D ( 'NONE', #2337, #795, #3812 ) ;
#372 = CIRCLE ( 'NONE', #3798, 1.600000000000002531 ) ;
#373 = AXIS2_PLACEMENT_3D ( 'NONE', #3928, #4332, #4305 ) ;
#374 = EDGE_CURVE ( 'NONE', #2339, #4163, #4043, .T. ) ;
#375 = DIRECTION ( 'NONE',  ( 1.000000000000000000, 0.000000000000000000, 0.000000000000000000 ) ) ;
#376 = DIRECTION ( 'NONE',  ( -0.000000000000000000, -0.000000000000000000, -1.000000000000000000 ) ) ;
#377 = CIRCLE ( 'NONE', #703, 2.749999999999995559 ) ;
#378 = ORIENTED_EDGE ( 'NONE', *, *, #1780, .T. ) ;
#379 = ORIENTED_EDGE ( 'NONE', *, *, #3997, .T. ) ;
#380 = CARTESIAN_POINT ( 'NONE',  ( 15.78503777425770060, 22.52870705156892583, 8.499999999999998224 ) ) ;
#381 = CARTESIAN_POINT ( 'NONE',  ( -16.96496222574225854, -19.72129294843107417, -4.002000000000000668 ) ) ;
#382 = LINE ( 'NONE', #3431, #1168 ) ;
#383 = EDGE_CURVE ( 'NONE', #2001, #4903, #2608, .T. ) ;
#384 = CIRCLE ( 'NONE', #2464, 1.600000000000002531 ) ;
#385 = ORIENTED_EDGE ( 'NONE', *, *, #2235, .F. ) ;
#386 = ORIENTED_EDGE ( 'NONE', *, *, #3699, .F. ) ;
#387 = CYLINDRICAL_SURFACE ( 'NONE', #4440, 1.000000000000000888 ) ;
#388 = ORIENTED_EDGE ( 'NONE', *, *, #4742, .T. ) ;
#389 = VECTOR ( 'NONE', #2220, 1000.000000000000000 ) ;
#390 = DIRECTION ( 'NONE',  ( -1.156482317317871971E-16, 1.000000000000000000, 0.000000000000000000 ) ) ;
#391 = CARTESIAN_POINT ( 'NONE',  ( 15.78503777425770060, 22.52870705156892583, 5.000000000000001776 ) ) ;
#392 = CARTESIAN_POINT ( 'NONE',  ( 16.03503777425773436, 27.02870705156891162, -4.000000000000000000 ) ) ;
#393 = VECTOR ( 'NONE', #4038, 1000.000000000000000 ) ;
#394 = AXIS2_PLACEMENT_3D ( 'NONE', #3172, #3633, #1726 ) ;
#395 = VERTEX_POINT ( 'NONE', #1405 ) ;
#396 = LINE ( 'NONE', #1122, #1844 ) ;
#397 = DIRECTION ( 'NONE',  ( -1.000000000000000000, -2.703465157366451974E-16, -4.718900761249915157E-32 ) ) ;
#398 = PLANE ( 'NONE',  #4781 ) ;
#399 = EDGE_CURVE ( 'NONE', #4750, #1234, #4828, .T. ) ;
#400 = SHAPE_DEFINITION_REPRESENTATION ( #113, #490 ) ;
#401 = DIRECTION ( 'NONE',  ( 0.000000000000000000, 0.000000000000000000, -1.000000000000000000 ) ) ;
#402 = CIRCLE ( 'NONE', #3600, 2.707106781186548350 ) ;
#403 = EDGE_CURVE ( 'NONE', #3857, #104, #1650, .T. ) ;
#404 = EDGE_CURVE ( 'NONE', #4359, #4538, #1476, .T. ) ;
#405 = ORIENTED_EDGE ( 'NONE', *, *, #2392, .T. ) ;
#406 = EDGE_LOOP ( 'NONE', ( #2094, #3312, #175, #4681 ) ) ;
#407 = CARTESIAN_POINT ( 'NONE',  ( -16.21496222574229051, -25.22129294843106706, -4.002000000000000668 ) ) ;
#408 = DIRECTION ( 'NONE',  ( -1.000000000000000000, 0.000000000000000000, -0.000000000000000000 ) ) ;
#409 = CARTESIAN_POINT ( 'NONE',  ( 11.40187074164450998, 28.52870705156890452, 8.378679656440352730 ) ) ;
#410 = ORIENTED_EDGE ( 'NONE', *, *, #1644, .F. ) ;
#411 = ORIENTED_EDGE ( 'NONE', *, *, #4661, .T. ) ;
#412 = LINE ( 'NONE', #4658, #203 ) ;
#413 = VERTEX_POINT ( 'NONE', #1504 ) ;
#414 = CARTESIAN_POINT ( 'NONE',  ( 19.03503777425773080, 27.02870705156891162, -4.000000000000000000 ) ) ;
#415 = DIRECTION ( 'NONE',  ( 0.000000000000000000, -1.000000000000000000, 0.000000000000000000 ) ) ;
#416 = CONICAL_SURFACE ( 'NONE', #1050, 0.9393398282201738114, 0.7853981633974452814 ) ;
#417 = VECTOR ( 'NONE', #1470, 1000.000000000000114 ) ;
#418 = ORIENTED_EDGE ( 'NONE', *, *, #527, .T. ) ;
#419 = ORIENTED_EDGE ( 'NONE', *, *, #1106, .T. ) ;
#420 = ORIENTED_EDGE ( 'NONE', *, *, #677, .T. ) ;
#421 = DIRECTION ( 'NONE',  ( -0.000000000000000000, -0.000000000000000000, -1.000000000000000000 ) ) ;
#422 = LINE ( 'NONE', #1896, #1492 ) ;
#423 = EDGE_CURVE ( 'NONE', #2932, #2718, #4680, .T. ) ;
#424 = EDGE_CURVE ( 'NONE', #1657, #2401, #2159, .T. ) ;
#425 = CARTESIAN_POINT ( 'NONE',  ( -19.46496222574226920, 28.52870705156889741, 3.292323440001584611 ) ) ;
#426 = CARTESIAN_POINT ( 'NONE',  ( 16.03503777425773436, 27.02870705156891162, 9.707106781186542577 ) ) ;
#427 = ORIENTED_EDGE ( 'NONE', *, *, #4052, .T. ) ;
#428 = VERTEX_POINT ( 'NONE', #1104 ) ;
#429 = LINE ( 'NONE', #455, #2947 ) ;
#430 = EDGE_CURVE ( 'NONE', #4481, #2065, #129, .T. ) ;
#431 = CARTESIAN_POINT ( 'NONE',  ( 16.03503777425773436, 27.02870705156891162, 8.499999999999998224 ) ) ;
#432 = CARTESIAN_POINT ( 'NONE',  ( 10.45303777425773362, -25.62529294843109540, 1.699999999999999289 ) ) ;
#433 = ORIENTED_EDGE ( 'NONE', *, *, #3758, .F. ) ;
#434 = VERTEX_POINT ( 'NONE', #4482 ) ;
#435 = EDGE_CURVE ( 'NONE', #3618, #2285, #2634, .T. ) ;
#436 = ORIENTED_EDGE ( 'NONE', *, *, #1106, .F. ) ;
#437 = PLANE ( 'NONE',  #4040 ) ;
#438 = ORIENTED_EDGE ( 'NONE', *, *, #1521, .F. ) ;
#439 = CARTESIAN_POINT ( 'NONE',  ( -16.96496222574225854, -18.72129294843107417, -4.002000000000000668 ) ) ;
#440 = LINE ( 'NONE', #3013, #4121 ) ;
#441 = VERTEX_POINT ( 'NONE', #666 ) ;
#442 = ORIENTED_EDGE ( 'NONE', *, *, #656, .T. ) ;
#443 = DIRECTION ( 'NONE',  ( 1.156482317317871725E-16, -1.000000000000000000, 1.232595164407830946E-32 ) ) ;
#444 =( BOUNDED_CURVE ( )  B_SPLINE_CURVE ( 3, ( #409, #3456, #1277, #3506 ),
 .UNSPECIFIED., .F., .F. ) 
 B_SPLINE_CURVE_WITH_KNOTS ( ( 4, 4 ),
 ( 3.463395796891666212, 3.573362445082391758 ),
 .UNSPECIFIED. ) 
 CURVE ( )  GEOMETRIC_REPRESENTATION_ITEM ( )  RATIONAL_B_SPLINE_CURVE ( ( 1.000000000000000000, 0.9989925318741210702, 0.9989925318741210702, 1.000000000000000000 ) ) 
 REPRESENTATION_ITEM ( '' )  );
#445 = CARTESIAN_POINT ( 'NONE',  ( 16.97437760247790806, 27.02870705156891162, 8.939339828220180806 ) ) ;
#446 = EDGE_CURVE ( 'NONE', #2115, #2211, #3687, .T. ) ;
#447 = ADVANCED_FACE ( 'NONE', ( #1804 ), #3708, .T. ) ;
#448 = CIRCLE ( 'NONE', #4442, 0.9999999999999991118 ) ;
#449 = LINE ( 'NONE', #2371, #3499 ) ;
#450 = CARTESIAN_POINT ( 'NONE',  ( 8.294385674648733442, 19.84070686846390430, -4.001000000000001222 ) ) ;
#451 = CIRCLE ( 'NONE', #1480, 2.707106781186547018 ) ;
#452 = CIRCLE ( 'NONE', #1807, 3.000000000000000888 ) ;
#453 = VERTEX_POINT ( 'NONE', #736 ) ;
#454 = ORIENTED_EDGE ( 'NONE', *, *, #2452, .T. ) ;
#455 = CARTESIAN_POINT ( 'NONE',  ( -16.46496222574226209, -27.91063277665126208, 8.939339828220180806 ) ) ;
#456 = CARTESIAN_POINT ( 'NONE',  ( 16.03503777425773791, -29.97129294843108838, -4.000000000000000000 ) ) ;
#457 = AXIS2_PLACEMENT_3D ( 'NONE', #2773, #1717, #4292 ) ;
#458 = CARTESIAN_POINT ( 'NONE',  ( -17.96496222574226564, 18.77870705156889031, 8.378679656440352730 ) ) ;
#459 = VERTEX_POINT ( 'NONE', #2256 ) ;
#460 = ORIENTED_EDGE ( 'NONE', *, *, #2650, .T. ) ;
#461 = DIRECTION ( 'NONE',  ( -1.000000000000000000, 0.000000000000000000, -0.000000000000000000 ) ) ;
#462 = VERTEX_POINT ( 'NONE', #3307 ) ;
#463 = DIRECTION ( 'NONE',  ( -1.000000000000000000, 0.000000000000000000, -2.409338161078898687E-16 ) ) ;
#464 = EDGE_CURVE ( 'NONE', #3516, #3528, #1038, .T. ) ;
#465 = CARTESIAN_POINT ( 'NONE',  ( 16.03503777425773791, -26.97129294843108838, -4.000000000000000000 ) ) ;
#466 = EDGE_CURVE ( 'NONE', #1336, #3935, #4883, .T. ) ;
#467 = VECTOR ( 'NONE', #661, 1000.000000000000000 ) ;
#468 = EDGE_LOOP ( 'NONE', ( #2275, #687, #3824, #4690 ) ) ;
#469 = EDGE_CURVE ( 'NONE', #1943, #4609, #4840, .T. ) ;
#470 = ORIENTED_EDGE ( 'NONE', *, *, #2539, .F. ) ;
#471 = CIRCLE ( 'NONE', #3263, 1.000000000000000888 ) ;
#472 = LINE ( 'NONE', #3161, #2080 ) ;
#473 = DIRECTION ( 'NONE',  ( 0.7071067811865500152, 8.177564888978027451E-17, -0.7071067811865451302 ) ) ;
#474 = VECTOR ( 'NONE', #195, 1000.000000000000000 ) ;
#475 = PRODUCT_DEFINITION_CONTEXT ( 'detailed design', #2666, 'design' ) ;
#476 = CIRCLE ( 'NONE', #3742, 1.000000000000000000 ) ;
#477 = CARTESIAN_POINT ( 'NONE',  ( 16.97437760247791871, -26.97129294843108482, 8.939339828220180806 ) ) ;
#478 = CARTESIAN_POINT ( 'NONE',  ( -10.14106361317946003, -22.11161202698745498, 9.999999999999998224 ) ) ;
#479 = CARTESIAN_POINT ( 'NONE',  ( -14.61496222574229620, 22.52870705156889031, 5.000000000000001776 ) ) ;
#480 = EDGE_LOOP ( 'NONE', ( #1148, #4807, #3686, #2822 ) ) ;
#481 = ORIENTED_EDGE ( 'NONE', *, *, #1220, .T. ) ;
#482 = DIRECTION ( 'NONE',  ( -1.000000000000000000, 0.000000000000000000, 0.000000000000000000 ) ) ;
#483 = CIRCLE ( 'NONE', #1121, 1.500000000000001332 ) ;
#484 = CYLINDRICAL_SURFACE ( 'NONE', #2866, 1.402036092185269034 ) ;
#485 = AXIS2_PLACEMENT_3D ( 'NONE', #3453, #3126, #482 ) ;
#486 = CARTESIAN_POINT ( 'NONE',  ( 9.710935302704847061, 13.48838797301253933, 9.999999999999998224 ) ) ;
#487 = EDGE_CURVE ( 'NONE', #3516, #2211, #2168, .T. ) ;
#488 = CIRCLE ( 'NONE', #1362, 3.000000000000000000 ) ;
#489 = ORIENTED_EDGE ( 'NONE', *, *, #2282, .F. ) ;
#490 = ADVANCED_BREP_SHAPE_REPRESENTATION ( 'Top_Enclosure', ( #2549, #2386 ), #1508 ) ;
#491 = ORIENTED_EDGE ( 'NONE', *, *, #3368, .F. ) ;
#492 = FACE_OUTER_BOUND ( 'NONE', #3734, .T. ) ;
#493 = ORIENTED_EDGE ( 'NONE', *, *, #1074, .T. ) ;
#494 = LINE ( 'NONE', #2462, #1514 ) ;
#495 = DIRECTION ( 'NONE',  ( 1.000000000000000000, 0.000000000000000000, 0.000000000000000000 ) ) ;
#496 = CIRCLE ( 'NONE', #2408, 3.000000000000000000 ) ;
#497 = EDGE_CURVE ( 'NONE', #2309, #3768, #1431, .T. ) ;
#498 = VERTEX_POINT ( 'NONE', #4132 ) ;
#499 = EDGE_LOOP ( 'NONE', ( #667, #4192, #1475, #280, #2214 ) ) ;
#500 = ORIENTED_EDGE ( 'NONE', *, *, #681, .F. ) ;
#501 = EDGE_CURVE ( 'NONE', #3160, #434, #3378, .T. ) ;
#502 = FACE_OUTER_BOUND ( 'NONE', #1365, .T. ) ;
#503 = EDGE_CURVE ( 'NONE', #2584, #828, #2980, .T. ) ;
#504 = DIRECTION ( 'NONE',  ( 0.000000000000000000, 0.000000000000000000, -1.000000000000000000 ) ) ;
#505 = VECTOR ( 'NONE', #1793, 1000.000000000000000 ) ;
#506 = CARTESIAN_POINT ( 'NONE',  ( 18.03503777425773436, 27.02870705156891162, 9.999999999999998224 ) ) ;
#507 = DIRECTION ( 'NONE',  ( 1.000000000000000000, 0.000000000000000000, 0.000000000000000000 ) ) ;
#508 = CARTESIAN_POINT ( 'NONE',  ( -16.21496222574226564, -22.47129294843110969, -3.000000000000002665 ) ) ;
#509 = VERTEX_POINT ( 'NONE', #3148 ) ;
#510 = ORIENTED_EDGE ( 'NONE', *, *, #2825, .T. ) ;
#511 = LINE ( 'NONE', #2025, #798 ) ;
#512 = DIRECTION ( 'NONE',  ( 1.000000000000000000, 0.000000000000000000, 0.000000000000000000 ) ) ;
#513 = DIRECTION ( 'NONE',  ( 1.000000000000000000, 0.000000000000000000, 0.000000000000000000 ) ) ;
#514 = DIRECTION ( 'NONE',  ( 1.000000000000000000, -0.000000000000000000, 0.000000000000000000 ) ) ;
#515 = ORIENTED_EDGE ( 'NONE', *, *, #2047, .F. ) ;
#516 = EDGE_CURVE ( 'NONE', #1230, #1111, #3826, .T. ) ;
#517 = EDGE_LOOP ( 'NONE', ( #789, #914 ) ) ;
#518 = DIRECTION ( 'NONE',  ( 1.000000000000000000, 0.000000000000000000, 0.000000000000000000 ) ) ;
#519 = ORIENTED_EDGE ( 'NONE', *, *, #3390, .T. ) ;
#520 = CARTESIAN_POINT ( 'NONE',  ( -17.96496222574225854, -26.22129294843106706, -4.000000000000000000 ) ) ;
#521 = DIRECTION ( 'NONE',  ( 0.000000000000000000, 0.000000000000000000, -1.000000000000000000 ) ) ;
#522 = EDGE_CURVE ( 'NONE', #2309, #4429, #1908, .T. ) ;
#523 = EDGE_LOOP ( 'NONE', ( #470, #3924, #4827, #4909 ) ) ;
#524 = VERTEX_POINT ( 'NONE', #2708 ) ;
#525 = DIRECTION ( 'NONE',  ( 1.000000000000000000, 0.000000000000000000, 0.000000000000000000 ) ) ;
#526 = DIRECTION ( 'NONE',  ( -1.000000000000000000, 0.000000000000000000, 0.000000000000000000 ) ) ;
#527 = EDGE_CURVE ( 'NONE', #459, #361, #3530, .T. ) ;
#528 = CARTESIAN_POINT ( 'NONE',  ( -17.96496222574226564, 18.77870705156889031, 8.378679656440352730 ) ) ;
#529 = DIRECTION ( 'NONE',  ( -1.000000000000000000, -2.703465157366452467E-16, -0.000000000000000000 ) ) ;
#530 = DIRECTION ( 'NONE',  ( 1.000000000000000000, 0.000000000000000000, 0.000000000000000000 ) ) ;
#531 = VECTOR ( 'NONE', #1142, 1000.000000000000000 ) ;
#532 = ORIENTED_EDGE ( 'NONE', *, *, #4127, .T. ) ;
#533 = EDGE_CURVE ( 'NONE', #2892, #4903, #810, .T. ) ;
#535 = VERTEX_POINT ( 'NONE', #4230 ) ;
#534 = VECTOR ( 'NONE', #1280, 1000.000000000000000 ) ;
#536 = CARTESIAN_POINT ( 'NONE',  ( -16.21496222574229407, 19.77870705156889031, -4.002000000000000668 ) ) ;
#537 = CARTESIAN_POINT ( 'NONE',  ( -7.714959791634051989, -28.47129294843108482, -0.3076765599984150334 ) ) ;
#538 = DIRECTION ( 'NONE',  ( 1.000000000000000000, 0.000000000000000000, -0.000000000000000000 ) ) ;
#539 = DIRECTION ( 'NONE',  ( -1.000000000000000000, 0.000000000000000000, 0.000000000000000000 ) ) ;
#540 = VECTOR ( 'NONE', #3778, 1000.000000000000000 ) ;
#541 = ORIENTED_EDGE ( 'NONE', *, *, #1040, .T. ) ;
#542 = CIRCLE ( 'NONE', #4604, 0.9499999999999995115 ) ;
#543 = VERTEX_POINT ( 'NONE', #3429 ) ;
#544 = FACE_OUTER_BOUND ( 'NONE', #262, .T. ) ;
#545 = ORIENTED_EDGE ( 'NONE', *, *, #1136, .F. ) ;
#546 = DIRECTION ( 'NONE',  ( 0.000000000000000000, -1.000000000000000000, 0.000000000000000000 ) ) ;
#547 = DIRECTION ( 'NONE',  ( -0.000000000000000000, 1.000000000000000000, -0.000000000000000000 ) ) ;
#548 = ORIENTED_EDGE ( 'NONE', *, *, #623, .T. ) ;
#549 = ORIENTED_EDGE ( 'NONE', *, *, #294, .T. ) ;
#550 = ORIENTED_EDGE ( 'NONE', *, *, #2896, .T. ) ;
#551 = CARTESIAN_POINT ( 'NONE',  ( 9.710935302704854166, -22.11161202698745853, 8.499999999999998224 ) ) ;
#552 = DIRECTION ( 'NONE',  ( 1.000000000000000000, 0.000000000000000000, 0.000000000000000000 ) ) ;
#553 = CARTESIAN_POINT ( 'NONE',  ( -17.16496222574226493, -22.47129294843110969, 3.292323440001584611 ) ) ;
#554 = CARTESIAN_POINT ( 'NONE',  ( 16.03503777425773436, 27.02870705156891162, 8.585786437626898859 ) ) ;
#555 = CARTESIAN_POINT ( 'NONE',  ( -17.96496222574225854, -18.72129294843107417, 3.292323440001584611 ) ) ;
#556 = AXIS2_PLACEMENT_3D ( 'NONE', #2187, #3808, #1483 ) ;
#557 = AXIS2_PLACEMENT_3D ( 'NONE', #4203, #1551, #783 ) ;
#558 = ORIENTED_EDGE ( 'NONE', *, *, #1076, .F. ) ;
#559 = ADVANCED_FACE ( 'NONE', ( #2002 ), #1529, .T. ) ;
#560 = AXIS2_PLACEMENT_3D ( 'NONE', #3287, #3309, #4831 ) ;
#561 = ORIENTED_EDGE ( 'NONE', *, *, #1054, .F. ) ;
#562 = DIRECTION ( 'NONE',  ( -0.000000000000000000, -0.000000000000000000, 1.000000000000000000 ) ) ;
#563 = ADVANCED_FACE ( 'NONE', ( #28 ), #2347, .F. ) ;
#564 = CARTESIAN_POINT ( 'NONE',  ( -7.882962225742265794, -25.62529294843109540, 8.499999999999998224 ) ) ;
#565 = FACE_BOUND ( 'NONE', #2560, .T. ) ;
#566 = EDGE_CURVE ( 'NONE', #1765, #42, #1223, .T. ) ;
#567 = CARTESIAN_POINT ( 'NONE',  ( 4.793649565339142882, 11.01227139059988147, 8.499999999999994671 ) ) ;
#568 = VECTOR ( 'NONE', #1515, 1000.000000000000000 ) ;
#569 = DIRECTION ( 'NONE',  ( -1.000000000000000000, 0.000000000000000000, 0.000000000000000000 ) ) ;
#570 = EDGE_LOOP ( 'NONE', ( #4351, #593, #59, #673 ) ) ;
#571 = DIRECTION ( 'NONE',  ( 1.000000000000000000, 0.000000000000000000, 0.000000000000000000 ) ) ;
#572 = ORIENTED_EDGE ( 'NONE', *, *, #3297, .F. ) ;
#573 = CARTESIAN_POINT ( 'NONE',  ( -16.21496222574229762, 22.52870705156889031, 3.292323440001584611 ) ) ;
#574 = CARTESIAN_POINT ( 'NONE',  ( -10.88296222574226668, 25.68270705156890443, 1.699999999999999289 ) ) ;
#575 = AXIS2_PLACEMENT_3D ( 'NONE', #604, #3272, #4798 ) ;
#576 = ORIENTED_EDGE ( 'NONE', *, *, #2201, .F. ) ;
#577 = ORIENTED_EDGE ( 'NONE', *, *, #1729, .T. ) ;
#578 = ORIENTED_EDGE ( 'NONE', *, *, #4671, .F. ) ;
#579 = ORIENTED_EDGE ( 'NONE', *, *, #4560, .T. ) ;
#580 = FACE_OUTER_BOUND ( 'NONE', #4411, .T. ) ;
#581 = CARTESIAN_POINT ( 'NONE',  ( 11.52803777425773468, -25.62529294843109540, -0.1000000000000002554 ) ) ;
#582 = DIRECTION ( 'NONE',  ( -1.000000000000000000, 0.000000000000000000, -0.000000000000000000 ) ) ;
#583 = CIRCLE ( 'NONE', #92, 1.402036092185269034 ) ;
#584 = CARTESIAN_POINT ( 'NONE',  ( -16.21496222574229051, -25.22129294843106706, 3.292323440001584611 ) ) ;
#585 = VERTEX_POINT ( 'NONE', #1129 ) ;
#586 = CARTESIAN_POINT ( 'NONE',  ( -9.066960760898265193, 17.28171028643190610, 8.499999999999998224 ) ) ;
#587 = CARTESIAN_POINT ( 'NONE',  ( -9.066960760898265193, 21.25670570879590571, -4.001000000000001222 ) ) ;
#588 = DIRECTION ( 'NONE',  ( 1.000000000000000000, 0.000000000000000000, 0.000000000000000000 ) ) ;
#589 = CARTESIAN_POINT ( 'NONE',  ( -17.84364188218261305, -19.19870478464573793, 8.499999999999998224 ) ) ;
#590 = CARTESIAN_POINT ( 'NONE',  ( 17.41371743069808531, 27.02870705156891162, 8.499999999999998224 ) ) ;
#591 = ADVANCED_FACE ( 'NONE', ( #101 ), #4275, .T. ) ;
#592 = EDGE_CURVE ( 'NONE', #4431, #1418, #372, .T. ) ;
#593 = ORIENTED_EDGE ( 'NONE', *, *, #4099, .T. ) ;
#594 = CARTESIAN_POINT ( 'NONE',  ( -7.882962225742265794, 25.68270705156890443, 8.499999999999998224 ) ) ;
#595 = ORIENTED_EDGE ( 'NONE', *, *, #4507, .T. ) ;
#596 = DIRECTION ( 'NONE',  ( -0.000000000000000000, -0.000000000000000000, 1.000000000000000000 ) ) ;
#597 = CARTESIAN_POINT ( 'NONE',  ( -9.934129258355479664, 28.52870705156890097, 1.699999999999999289 ) ) ;
#598 = EDGE_CURVE ( 'NONE', #977, #2844, #3022, .T. ) ;
#599 = ORIENTED_EDGE ( 'NONE', *, *, #4116, .F. ) ;
#600 = ORIENTED_EDGE ( 'NONE', *, *, #3650, .F. ) ;
#601 = EDGE_LOOP ( 'NONE', ( #1233, #2416, #3364, #4516, #491 ) ) ;
#602 = CARTESIAN_POINT ( 'NONE',  ( 16.03503777425773791, 30.02870705156891162, 8.999999999999991118 ) ) ;
#603 = CARTESIAN_POINT ( 'NONE',  ( 7.453037774257734505, -25.62529294843109540, 1.699999999999999289 ) ) ;
#604 = CARTESIAN_POINT ( 'NONE',  ( -7.561064025910129244E-15, 27.96804687978908177, 8.939339828220180806 ) ) ;
#605 = PLANE ( 'NONE',  #1292 ) ;
#606 = ADVANCED_FACE ( 'NONE', ( #4628 ), #2735, .F. ) ;
#607 = CARTESIAN_POINT ( 'NONE',  ( 10.45303777425773362, -25.62529294843109540, 1.699999999999999289 ) ) ;
#608 = FACE_OUTER_BOUND ( 'NONE', #2402, .T. ) ;
#609 = CARTESIAN_POINT ( 'NONE',  ( -11.83179519312907679, -28.47129294843108482, 8.378679656440352730 ) ) ;
#610 = DIRECTION ( 'NONE',  ( -1.000000000000000000, 0.000000000000000000, 0.000000000000000000 ) ) ;
#611 = VECTOR ( 'NONE', #2763, 1000.000000000000000 ) ;
#612 = LINE ( 'NONE', #2860, #3203 ) ;
#613 = ORIENTED_EDGE ( 'NONE', *, *, #3498, .F. ) ;
#614 = CYLINDRICAL_SURFACE ( 'NONE', #2045, 2.999999999999999112 ) ;
#615 = ORIENTED_EDGE ( 'NONE', *, *, #144, .F. ) ;
#616 = FACE_OUTER_BOUND ( 'NONE', #2755, .T. ) ;
#617 = VECTOR ( 'NONE', #4031, 1000.000000000000000 ) ;
#618 = PLANE ( 'NONE',  #2367 ) ;
#619 = AXIS2_PLACEMENT_3D ( 'NONE', #4355, #4278, #1302 ) ;
#620 = VERTEX_POINT ( 'NONE', #860 ) ;
#621 = VERTEX_POINT ( 'NONE', #2658 ) ;
#622 = ORIENTED_EDGE ( 'NONE', *, *, #656, .F. ) ;
#623 = EDGE_CURVE ( 'NONE', #332, #2915, #2710, .T. ) ;
#624 = CARTESIAN_POINT ( 'NONE',  ( 17.38503777425770380, 22.52870705156892583, 5.000000000000001776 ) ) ;
#625 = CARTESIAN_POINT ( 'NONE',  ( -19.46496222574226209, -28.47129294843108482, 3.292323440001584611 ) ) ;
#626 = ADVANCED_FACE ( 'NONE', ( #2375 ), #837, .F. ) ;
#627 = CARTESIAN_POINT ( 'NONE',  ( -16.96496222574226564, 18.77870705156889031, 3.292323440001584611 ) ) ;
#628 = VECTOR ( 'NONE', #1340, 1000.000000000000000 ) ;
#629 = EDGE_CURVE ( 'NONE', #323, #2945, #429, .T. ) ;
#630 = CARTESIAN_POINT ( 'NONE',  ( -16.21496222574226564, -22.47129294843110969, -4.002000000000000668 ) ) ;
#631 = DIRECTION ( 'NONE',  ( 1.000000000000000000, 0.000000000000000000, 0.000000000000000000 ) ) ;
#632 = AXIS2_PLACEMENT_3D ( 'NONE', #784, #408, #1575 ) ;
#633 = AXIS2_PLACEMENT_3D ( 'NONE', #3325, #350, #4048 ) ;
#634 = CARTESIAN_POINT ( 'NONE',  ( 17.53503777425773080, 30.02870705156891162, -4.000000000000000000 ) ) ;
#635 = DIRECTION ( 'NONE',  ( -0.000000000000000000, -0.000000000000000000, 1.000000000000000000 ) ) ;
#636 = CARTESIAN_POINT ( 'NONE',  ( 17.53503777425773080, 30.02870705156891162, 3.292323440001584611 ) ) ;
#637 = VECTOR ( 'NONE', #4438, 1000.000000000000000 ) ;
#638 = FACE_OUTER_BOUND ( 'NONE', #3863, .T. ) ;
#639 = AXIS2_PLACEMENT_3D ( 'NONE', #823, #2336, #1962 ) ;
#640 = LINE ( 'NONE', #3638, #1680 ) ;
#641 = ORIENTED_EDGE ( 'NONE', *, *, #1498, .T. ) ;
#642 = DIRECTION ( 'NONE',  ( 1.000000000000000000, -0.000000000000000000, -0.000000000000000000 ) ) ;
#643 = VERTEX_POINT ( 'NONE', #53 ) ;
#644 = LINE ( 'NONE', #1041, #2229 ) ;
#645 = EDGE_CURVE ( 'NONE', #3714, #2844, #1201, .T. ) ;
#646 = CARTESIAN_POINT ( 'NONE',  ( -11.83179519312905370, 28.52870705156890097, 8.378679656440354506 ) ) ;
#647 = AXIS2_PLACEMENT_3D ( 'NONE', #1678, #4256, #154 ) ;
#648 = VERTEX_POINT ( 'NONE', #916 ) ;
#649 = ORIENTED_EDGE ( 'NONE', *, *, #932, .F. ) ;
#650 = VERTEX_POINT ( 'NONE', #4023 ) ;
#651 = CARTESIAN_POINT ( 'NONE',  ( 9.378037774257734327, 25.68270705156890443, -0.1000000000000002554 ) ) ;
#652 = FACE_OUTER_BOUND ( 'NONE', #4055, .T. ) ;
#653 = VECTOR ( 'NONE', #998, 1000.000000000000000 ) ;
#654 = DIRECTION ( 'NONE',  ( 0.000000000000000000, 0.000000000000000000, 1.000000000000000000 ) ) ;
#655 = ADVANCED_FACE ( 'NONE', ( #2428 ), #981, .F. ) ;
#656 = EDGE_CURVE ( 'NONE', #2036, #2346, #1667, .T. ) ;
#657 = LINE ( 'NONE', #702, #389 ) ;
#658 = CARTESIAN_POINT ( 'NONE',  ( 17.53503777425773791, -18.88893086009725408, 8.378679656440356283 ) ) ;
#659 = CIRCLE ( 'NONE', #3288, 3.000000000000000000 ) ;
#660 = CARTESIAN_POINT ( 'NONE',  ( 16.53503777425773436, 25.27870705156888320, 3.292323440001584611 ) ) ;
#661 = DIRECTION ( 'NONE',  ( -0.000000000000000000, -0.000000000000000000, -1.000000000000000000 ) ) ;
#662 = CARTESIAN_POINT ( 'NONE',  ( 8.294385674648733442, 19.84070686846390430, 9.999999999999998224 ) ) ;
#663 = VECTOR ( 'NONE', #3970, 1000.000000000000000 ) ;
#664 = ORIENTED_EDGE ( 'NONE', *, *, #4342, .F. ) ;
#665 = EDGE_LOOP ( 'NONE', ( #1654, #3669, #4685, #1564, #4509 ) ) ;
#666 = CARTESIAN_POINT ( 'NONE',  ( 17.53503777425773791, -18.72129294843107772, 3.292323440001584611 ) ) ;
#667 = ORIENTED_EDGE ( 'NONE', *, *, #3849, .F. ) ;
#668 = CARTESIAN_POINT ( 'NONE',  ( 0.000000000000000000, -27.91063277665126208, 8.939339828220180806 ) ) ;
#669 = DIRECTION ( 'NONE',  ( -0.000000000000000000, -0.000000000000000000, 1.000000000000000000 ) ) ;
#670 = ADVANCED_FACE ( 'NONE', ( #1753 ), #887, .T. ) ;
#671 = VERTEX_POINT ( 'NONE', #3947 ) ;
#672 = DIRECTION ( 'NONE',  ( 1.000000000000000000, 0.000000000000000000, 0.000000000000000000 ) ) ;
#673 = ORIENTED_EDGE ( 'NONE', *, *, #2542, .T. ) ;
#674 = DIRECTION ( 'NONE',  ( 0.000000000000000000, 0.000000000000000000, 1.000000000000000000 ) ) ;
#675 = FACE_OUTER_BOUND ( 'NONE', #4854, .T. ) ;
#676 = DIRECTION ( 'NONE',  ( -1.734723475976807094E-16, 1.000000000000000000, 0.000000000000000000 ) ) ;
#677 = EDGE_CURVE ( 'NONE', #708, #2538, #3183, .T. ) ;
#678 = ORIENTED_EDGE ( 'NONE', *, *, #3454, .F. ) ;
#679 = DIRECTION ( 'NONE',  ( 1.000000000000000000, 0.000000000000000000, 0.000000000000000000 ) ) ;
#680 = CARTESIAN_POINT ( 'NONE',  ( 9.504204806870928834, -28.47129294843108482, 8.378679656440352730 ) ) ;
#681 = EDGE_CURVE ( 'NONE', #4245, #459, #3590, .T. ) ;
#682 = DIRECTION ( 'NONE',  ( 0.000000000000000000, 0.000000000000000000, 1.000000000000000000 ) ) ;
#683 = CARTESIAN_POINT ( 'NONE',  ( -16.21496222574229762, 25.27870705156888320, 8.499999999999998224 ) ) ;
#684 = CARTESIAN_POINT ( 'NONE',  ( 17.53503777425773436, 26.27870705156888320, 8.378679656440352730 ) ) ;
#685 = ADVANCED_FACE ( 'NONE', ( #964 ), #3251, .T. ) ;
#686 = VERTEX_POINT ( 'NONE', #1646 ) ;
#687 = ORIENTED_EDGE ( 'NONE', *, *, #1467, .T. ) ;
#688 = CARTESIAN_POINT ( 'NONE',  ( -16.46496222574226209, -26.97129294843108838, 8.585786437626900636 ) ) ;
#689 = DIRECTION ( 'NONE',  ( -1.949127501097536693E-16, 1.000000000000000000, 0.000000000000000000 ) ) ;
#690 = DIRECTION ( 'NONE',  ( -0.000000000000000000, -0.000000000000000000, 1.000000000000000000 ) ) ;
#691 = ORIENTED_EDGE ( 'NONE', *, *, #1161, .F. ) ;
#692 = AXIS2_PLACEMENT_3D ( 'NONE', #1866, #4589, #87 ) ;
#693 = ORIENTED_EDGE ( 'NONE', *, *, #1319, .T. ) ;
#694 = DIRECTION ( 'NONE',  ( 0.000000000000000000, 0.000000000000000000, 1.000000000000000000 ) ) ;
#695 = VERTEX_POINT ( 'NONE', #4776 ) ;
#696 = CARTESIAN_POINT ( 'NONE',  ( -19.17206900692880822, -26.97129294843108838, 9.292893218813444989 ) ) ;
#697 = DIRECTION ( 'NONE',  ( 0.000000000000000000, -1.000000000000000000, 0.000000000000000000 ) ) ;
#698 = CONICAL_SURFACE ( 'NONE', #2445, 0.9393398282201738114, 0.7853981633974452814 ) ;
#699 = CARTESIAN_POINT ( 'NONE',  ( 17.53503777425773080, 30.02870705156891162, -4.000000000000000000 ) ) ;
#700 = VECTOR ( 'NONE', #816, 1000.000000000000000 ) ;
#701 = EDGE_LOOP ( 'NONE', ( #1915, #1296 ) ) ;
#702 = CARTESIAN_POINT ( 'NONE',  ( 17.53503777425773080, 30.02870705156891162, 3.292323440001584611 ) ) ;
#703 = AXIS2_PLACEMENT_3D ( 'NONE', #1392, #3343, #217 ) ;
#704 = CARTESIAN_POINT ( 'NONE',  ( 0.000000000000000000, 0.000000000000000000, 8.499999999999998224 ) ) ;
#705 = CARTESIAN_POINT ( 'NONE',  ( 9.504204806870960809, 28.52870705156890452, 8.378679656440354506 ) ) ;
#706 = CARTESIAN_POINT ( 'NONE',  ( 15.78503777425773613, -22.47129294843107417, 9.999999999999998224 ) ) ;
#707 = CARTESIAN_POINT ( 'NONE',  ( 18.03503777425773791, 3.128580341713340396E-15, 9.999999999999998224 ) ) ;
#708 = VERTEX_POINT ( 'NONE', #4003 ) ;
#709 = EDGE_CURVE ( 'NONE', #3033, #2532, #3552, .T. ) ;
#710 = AXIS2_PLACEMENT_3D ( 'NONE', #1424, #2926, #4004 ) ;
#711 = VERTEX_POINT ( 'NONE', #3578 ) ;
#712 = CARTESIAN_POINT ( 'NONE',  ( 17.53503777425774146, -26.22129294843106706, 8.378679656440352730 ) ) ;
#713 = EDGE_CURVE ( 'NONE', #1847, #2892, #938, .T. ) ;
#714 = CARTESIAN_POINT ( 'NONE',  ( -16.21496222574229051, -19.72129294843107417, 3.292323440001584611 ) ) ;
#715 = AXIS2_PLACEMENT_3D ( 'NONE', #4196, #3793, #375 ) ;
#716 = CARTESIAN_POINT ( 'NONE',  ( -10.88296222574226668, 25.68270705156890443, 8.499999999999998224 ) ) ;
#717 = AXIS2_PLACEMENT_3D ( 'NONE', #439, #4262, #4638 ) ;
#718 = ORIENTED_EDGE ( 'NONE', *, *, #4634, .F. ) ;
#719 = VERTEX_POINT ( 'NONE', #3198 ) ;
#720 = FACE_OUTER_BOUND ( 'NONE', #1481, .T. ) ;
#721 = ORIENTED_EDGE ( 'NONE', *, *, #1854, .T. ) ;
#722 = CARTESIAN_POINT ( 'NONE',  ( -17.16496222574230046, 22.52870705156889031, 3.292323440001584611 ) ) ;
#723 = DIRECTION ( 'NONE',  ( -1.000000000000000000, 0.000000000000000000, 0.000000000000000000 ) ) ;
#724 = CARTESIAN_POINT ( 'NONE',  ( -17.84364188218261660, -2.063585631329678767E-15, 8.499999999999998224 ) ) ;
#725 = ORIENTED_EDGE ( 'NONE', *, *, #3212, .T. ) ;
#726 = CIRCLE ( 'NONE', #3113, 3.000000000000000000 ) ;
#727 = DIRECTION ( 'NONE',  ( 1.156482317317871971E-16, -1.000000000000000000, 0.000000000000000000 ) ) ;
#728 = DIRECTION ( 'NONE',  ( -0.000000000000000000, -0.000000000000000000, 1.000000000000000000 ) ) ;
#729 = VECTOR ( 'NONE', #421, 1000.000000000000000 ) ;
#730 = EDGE_CURVE ( 'NONE', #4945, #695, #4674, .T. ) ;
#731 = FACE_OUTER_BOUND ( 'NONE', #4896, .T. ) ;
#732 = CARTESIAN_POINT ( 'NONE',  ( 10.45303777425773362, 25.68270705156890443, 1.699999999999999289 ) ) ;
#733 = VECTOR ( 'NONE', #3423, 1000.000000000000000 ) ;
#734 = ORIENTED_EDGE ( 'NONE', *, *, #740, .T. ) ;
#735 = ORIENTED_EDGE ( 'NONE', *, *, #4470, .T. ) ;
#736 = CARTESIAN_POINT ( 'NONE',  ( -10.14106361317946003, 13.48838797301254111, 9.999999999999998224 ) ) ;
#737 = LINE ( 'NONE', #3827, #1339 ) ;
#738 = VECTOR ( 'NONE', #1497, 1000.000000000000000 ) ;
#739 = DIRECTION ( 'NONE',  ( -1.000000000000000000, 0.000000000000000000, 0.000000000000000000 ) ) ;
#740 = EDGE_CURVE ( 'NONE', #340, #1086, #1702, .T. ) ;
#741 = ORIENTED_EDGE ( 'NONE', *, *, #3942, .F. ) ;
#742 = VERTEX_POINT ( 'NONE', #2051 ) ;
#743 = DIRECTION ( 'NONE',  ( 0.000000000000000000, -0.000000000000000000, -1.000000000000000000 ) ) ;
#744 = EDGE_LOOP ( 'NONE', ( #1707, #3718, #75, #2568 ) ) ;
#745 = CARTESIAN_POINT ( 'NONE',  ( -17.81496222574226707, -22.47129294843110969, 5.000000000000001776 ) ) ;
#746 = CARTESIAN_POINT ( 'NONE',  ( 10.45303777425773362, -25.62529294843109540, -0.1000000000000002554 ) ) ;
#747 = DIRECTION ( 'NONE',  ( 0.000000000000000000, 0.000000000000000000, -1.000000000000000000 ) ) ;
#748 = EDGE_CURVE ( 'NONE', #395, #1831, #1247, .T. ) ;
#749 = ORIENTED_EDGE ( 'NONE', *, *, #1673, .F. ) ;
#750 = CARTESIAN_POINT ( 'NONE',  ( -19.46496222574226920, 28.52870705156889741, -4.000000000000000000 ) ) ;
#751 = CARTESIAN_POINT ( 'NONE',  ( 10.45303777425773362, 25.68270705156890443, 1.699999999999999289 ) ) ;
#752 = DIRECTION ( 'NONE',  ( 1.000000000000000000, 0.000000000000000000, -0.000000000000000000 ) ) ;
#753 = EDGE_CURVE ( 'NONE', #3460, #3695, #3925, .T. ) ;
#754 = DIRECTION ( 'NONE',  ( 0.000000000000000000, 0.000000000000000000, 1.000000000000000000 ) ) ;
#755 = DIRECTION ( 'NONE',  ( -0.000000000000000000, -0.000000000000000000, 1.000000000000000000 ) ) ;
#756 = ORIENTED_EDGE ( 'NONE', *, *, #835, .T. ) ;
#757 = ORIENTED_EDGE ( 'NONE', *, *, #3576, .T. ) ;
#758 = CARTESIAN_POINT ( 'NONE',  ( 16.03503777425773436, 27.02870705156891162, 3.292323440001584611 ) ) ;
#759 = FACE_OUTER_BOUND ( 'NONE', #3055, .T. ) ;
#760 = CARTESIAN_POINT ( 'NONE',  ( 8.294385674648733442, 19.84070686846390430, 8.499999999999998224 ) ) ;
#761 = EDGE_LOOP ( 'NONE', ( #962, #4409, #2486, #3436, #4727, #3712, #756, #3664, #721, #3774 ) ) ;
#762 = ORIENTED_EDGE ( 'NONE', *, *, #3073, .T. ) ;
#763 = CARTESIAN_POINT ( 'NONE',  ( -16.46496222574226920, 27.02870705156890097, 9.999999999999998224 ) ) ;
#764 = ORIENTED_EDGE ( 'NONE', *, *, #592, .F. ) ;
#765 = LINE ( 'NONE', #1984, #1911 ) ;
#766 = DIRECTION ( 'NONE',  ( 0.000000000000000000, 0.000000000000000000, 1.000000000000000000 ) ) ;
#767 = FACE_OUTER_BOUND ( 'NONE', #2426, .T. ) ;
#768 = CIRCLE ( 'NONE', #1400, 1.402036092185269034 ) ;
#769 = EDGE_CURVE ( 'NONE', #1278, #413, #511, .T. ) ;
#770 = AXIS2_PLACEMENT_3D ( 'NONE', #1380, #4079, #2529 ) ;
#771 = ORIENTED_EDGE ( 'NONE', *, *, #2722, .T. ) ;
#772 = EDGE_CURVE ( 'NONE', #3832, #3707, #4352, .T. ) ;
#773 = CARTESIAN_POINT ( 'NONE',  ( -7.847809807731437247E-15, 29.02870705156890452, 9.999999999999998224 ) ) ;
#774 = ADVANCED_FACE ( 'NONE', ( #3609 ), #1586, .T. ) ;
#775 = FACE_OUTER_BOUND ( 'NONE', #2656, .T. ) ;
#776 = CIRCLE ( 'NONE', #4279, 1.600000000000000755 ) ;
#777 = AXIS2_PLACEMENT_3D ( 'NONE', #4631, #1603, #2737 ) ;
#778 = CARTESIAN_POINT ( 'NONE',  ( -19.46496222574226920, 30.02870705156890097, 8.585786437626897083 ) ) ;
#779 = DIRECTION ( 'NONE',  ( 0.000000000000000000, -1.000000000000000000, 0.000000000000000000 ) ) ;
#780 = AXIS2_PLACEMENT_3D ( 'NONE', #45, #473, #3865 ) ;
#781 = EDGE_LOOP ( 'NONE', ( #2181, #2809, #842, #4790 ) ) ;
#782 = VERTEX_POINT ( 'NONE', #586 ) ;
#783 = DIRECTION ( 'NONE',  ( 1.156482317317871971E-16, -1.000000000000000000, 0.000000000000000000 ) ) ;
#784 = CARTESIAN_POINT ( 'NONE',  ( 2.015431251695973813, 12.66714344531767900, -4.001000000000001222 ) ) ;
#785 = CARTESIAN_POINT ( 'NONE',  ( 15.78503777425770060, 22.52870705156892583, 5.000000000000000888 ) ) ;
#786 = CIRCLE ( 'NONE', #1820, 1.000000000000000000 ) ;
#787 = ORIENTED_EDGE ( 'NONE', *, *, #645, .T. ) ;
#788 = ADVANCED_FACE ( 'NONE', ( #3749 ), #2925, .F. ) ;
#789 = ORIENTED_EDGE ( 'NONE', *, *, #3772, .T. ) ;
#790 = LINE ( 'NONE', #2310, #611 ) ;
#791 = VERTEX_POINT ( 'NONE', #2950 ) ;
#792 = AXIS2_PLACEMENT_3D ( 'NONE', #2320, #3395, #1523 ) ;
#793 = LINE ( 'NONE', #414, #1428 ) ;
#794 = CARTESIAN_POINT ( 'NONE',  ( -19.46496222574226920, 28.52870705156889741, -4.000000000000000000 ) ) ;
#795 = DIRECTION ( 'NONE',  ( -0.000000000000000000, -0.000000000000000000, 1.000000000000000000 ) ) ;
#796 = CIRCLE ( 'NONE', #2388, 1.000000000000000888 ) ;
#797 = EDGE_CURVE ( 'NONE', #2246, #1578, #3702, .T. ) ;
#798 = VECTOR ( 'NONE', #4703, 1000.000000000000000 ) ;
#799 = ORIENTED_EDGE ( 'NONE', *, *, #985, .T. ) ;
#800 = AXIS2_PLACEMENT_3D ( 'NONE', #3111, #2742, #2312 ) ;
#801 = VERTEX_POINT ( 'NONE', #4848 ) ;
#802 = CYLINDRICAL_SURFACE ( 'NONE', #3116, 1.000000000000000888 ) ;
#803 =( BOUNDED_CURVE ( )  B_SPLINE_CURVE ( 3, ( #2852, #1720, #1618, #4667 ),
 .UNSPECIFIED., .F., .F. ) 
 B_SPLINE_CURVE_WITH_KNOTS ( ( 4, 4 ),
 ( 2.709822862097186480, 2.819789510287908030 ),
 .UNSPECIFIED. ) 
 CURVE ( )  GEOMETRIC_REPRESENTATION_ITEM ( )  RATIONAL_B_SPLINE_CURVE ( ( 1.000000000000000000, 0.9989925318741211813, 0.9989925318741211813, 1.000000000000000000 ) ) 
 REPRESENTATION_ITEM ( '' )  );
#804 = CARTESIAN_POINT ( 'NONE',  ( -8.038973662278976441E-15, 29.73581383275545420, 9.292893218813443212 ) ) ;
#805 = EDGE_CURVE ( 'NONE', #847, #3805, #4063, .T. ) ;
#806 = ADVANCED_FACE ( 'NONE', ( #2553 ), #1029, .T. ) ;
#807 = CYLINDRICAL_SURFACE ( 'NONE', #2147, 1.000000000000000888 ) ;
#808 = DIRECTION ( 'NONE',  ( 1.000000000000000000, 0.000000000000000000, 0.000000000000000000 ) ) ;
#809 = LINE ( 'NONE', #1218, #2970 ) ;
#810 = CIRCLE ( 'NONE', #485, 1.074999999999999512 ) ;
#811 = EDGE_CURVE ( 'NONE', #4064, #4431, #1851, .T. ) ;
#812 = ORIENTED_EDGE ( 'NONE', *, *, #1852, .F. ) ;
#813 = ORIENTED_EDGE ( 'NONE', *, *, #4860, .F. ) ;
#814 = DIRECTION ( 'NONE',  ( 1.000000000000000000, 0.000000000000000000, 0.000000000000000000 ) ) ;
#815 = DIRECTION ( 'NONE',  ( 0.000000000000000000, 0.000000000000000000, 1.000000000000000000 ) ) ;
#816 = DIRECTION ( 'NONE',  ( 0.000000000000000000, 0.000000000000000000, 1.000000000000000000 ) ) ;
#817 = EDGE_LOOP ( 'NONE', ( #975, #4558, #799, #4259 ) ) ;
#818 = ORIENTED_EDGE ( 'NONE', *, *, #2433, .F. ) ;
#819 = ORIENTED_EDGE ( 'NONE', *, *, #2754, .F. ) ;
#820 = PLANE ( 'NONE',  #1091 ) ;
#821 = ORIENTED_EDGE ( 'NONE', *, *, #2497, .T. ) ;
#822 = AXIS2_PLACEMENT_3D ( 'NONE', #3794, #376, #3047 ) ;
#823 = CARTESIAN_POINT ( 'NONE',  ( -16.21496222574229762, 22.52870705156889031, 5.000000000000000888 ) ) ;
#824 = EDGE_CURVE ( 'NONE', #1541, #2530, #1448, .T. ) ;
#825 = CARTESIAN_POINT ( 'NONE',  ( 0.000000000000000000, -28.47129294843108482, 8.378679656440352730 ) ) ;
#826 = AXIS2_PLACEMENT_3D ( 'NONE', #2130, #1036, #569 ) ;
#827 = EDGE_CURVE ( 'NONE', #4010, #4758, #1003, .T. ) ;
#828 = VERTEX_POINT ( 'NONE', #705 ) ;
#829 = ORIENTED_EDGE ( 'NONE', *, *, #2253, .F. ) ;
#830 = DIRECTION ( 'NONE',  ( -1.000000000000000000, -2.703465157366452467E-16, 0.000000000000000000 ) ) ;
#831 = DIRECTION ( 'NONE',  ( -0.000000000000000000, -0.000000000000000000, 1.000000000000000000 ) ) ;
#832 = CARTESIAN_POINT ( 'NONE',  ( 16.53503777425774501, -25.22129294843106706, 8.499999999999998224 ) ) ;
#833 = LINE ( 'NONE', #1524, #1287 ) ;
#834 = VERTEX_POINT ( 'NONE', #2177 ) ;
#835 = EDGE_CURVE ( 'NONE', #434, #650, #2794, .T. ) ;
#836 = VERTEX_POINT ( 'NONE', #1397 ) ;
#837 = CYLINDRICAL_SURFACE ( 'NONE', #1188, 1.600000000000002531 ) ;
#838 = LINE ( 'NONE', #3225, #872 ) ;
#839 = LINE ( 'NONE', #1225, #3571 ) ;
#840 = ADVANCED_FACE ( 'NONE', ( #4101 ), #2996, .T. ) ;
#841 = EDGE_LOOP ( 'NONE', ( #829, #4236 ) ) ;
#842 = ORIENTED_EDGE ( 'NONE', *, *, #2562, .F. ) ;
#843 = DIRECTION ( 'NONE',  ( -0.000000000000000000, 0.000000000000000000, 1.000000000000000000 ) ) ;
#844 = EDGE_LOOP ( 'NONE', ( #2687, #2782, #1959, #3897 ) ) ;
#845 = CARTESIAN_POINT ( 'NONE',  ( 16.03503777425773436, 27.96804687978908532, 8.939339828220180806 ) ) ;
#846 = CARTESIAN_POINT ( 'NONE',  ( 19.03503777425774146, -26.97129294843108482, 8.585786437626897083 ) ) ;
#847 = VERTEX_POINT ( 'NONE', #660 ) ;
#848 = EDGE_LOOP ( 'NONE', ( #4112, #500, #2102, #4814 ) ) ;
#849 = FACE_OUTER_BOUND ( 'NONE', #1067, .T. ) ;
#850 = DIRECTION ( 'NONE',  ( 1.156482317317871971E-16, -1.000000000000000000, 0.000000000000000000 ) ) ;
#851 = DIRECTION ( 'NONE',  ( -1.000000000000000000, -0.000000000000000000, -0.000000000000000000 ) ) ;
#852 = ADVANCED_FACE ( 'NONE', ( #3680 ), #1423, .F. ) ;
#853 = AXIS2_PLACEMENT_3D ( 'NONE', #4739, #3883, #2012 ) ;
#854 = CARTESIAN_POINT ( 'NONE',  ( -16.21496222574229762, 22.52870705156889031, 5.000000000000001776 ) ) ;
#855 = DIRECTION ( 'NONE',  ( -0.000000000000000000, -0.000000000000000000, -1.000000000000000000 ) ) ;
#856 = VECTOR ( 'NONE', #2559, 1000.000000000000000 ) ;
#857 = VECTOR ( 'NONE', #4006, 1000.000000000000000 ) ;
#858 = VERTEX_POINT ( 'NONE', #2198 ) ;
#859 = EDGE_LOOP ( 'NONE', ( #3760, #2230, #4882, #4829 ) ) ;
#860 = CARTESIAN_POINT ( 'NONE',  ( 16.53503777425773436, 19.77870705156889031, 3.292323440001584611 ) ) ;
#861 = LINE ( 'NONE', #1248, #1499 ) ;
#862 = VECTOR ( 'NONE', #1493, 1000.000000000000000 ) ;
#863 = FACE_OUTER_BOUND ( 'NONE', #480, .T. ) ;
#864 = ADVANCED_FACE ( 'NONE', ( #3374, #4899 ), #3722, .T. ) ;
#865 = VERTEX_POINT ( 'NONE', #1098 ) ;
#866 = EDGE_CURVE ( 'NONE', #858, #1761, #282, .T. ) ;
#867 = VERTEX_POINT ( 'NONE', #4124 ) ;
#868 = CARTESIAN_POINT ( 'NONE',  ( 16.03503777425773791, -26.97129294843108838, 9.292893218813444989 ) ) ;
#869 = ORIENTED_EDGE ( 'NONE', *, *, #3819, .F. ) ;
#870 = DIRECTION ( 'NONE',  ( 1.000000000000000000, 0.000000000000000000, 0.000000000000000000 ) ) ;
#871 = CARTESIAN_POINT ( 'NONE',  ( 3.854075575427002853, 19.84070686846390430, 8.499999999999998224 ) ) ;
#872 = VECTOR ( 'NONE', #2026, 1000.000000000000000 ) ;
#873 = ORIENTED_EDGE ( 'NONE', *, *, #2350, .F. ) ;
#874 = ORIENTED_EDGE ( 'NONE', *, *, #1194, .T. ) ;
#875 = DIRECTION ( 'NONE',  ( 0.000000000000000000, 0.000000000000000000, 1.000000000000000000 ) ) ;
#876 = CARTESIAN_POINT ( 'NONE',  ( 14.83503777425773151, -22.47129294843107417, 3.292323440001584611 ) ) ;
#877 = AXIS2_PLACEMENT_3D ( 'NONE', #3771, #1494, #3890 ) ;
#878 = VECTOR ( 'NONE', #3871, 1000.000000000000000 ) ;
#879 = VECTOR ( 'NONE', #3409, 1000.000000000000000 ) ;
#880 = CARTESIAN_POINT ( 'NONE',  ( -10.88296222574226668, 25.68270705156890443, 1.699999999999999289 ) ) ;
#881 = FACE_OUTER_BOUND ( 'NONE', #601, .T. ) ;
#882 = DIRECTION ( 'NONE',  ( 1.000000000000000000, 0.000000000000000000, 0.000000000000000000 ) ) ;
#883 = CIRCLE ( 'NONE', #319, 2.749999999999995559 ) ;
#884 = EDGE_CURVE ( 'NONE', #524, #2633, #3300, .T. ) ;
#885 = ORIENTED_EDGE ( 'NONE', *, *, #681, .T. ) ;
#886 = ORIENTED_EDGE ( 'NONE', *, *, #900, .F. ) ;
#887 = CYLINDRICAL_SURFACE ( 'NONE', #2228, 3.000000000000000888 ) ;
#888 = AXIS2_PLACEMENT_3D ( 'NONE', #2898, #4039, #2166 ) ;
#889 = CYLINDRICAL_SURFACE ( 'NONE', #2142, 0.9500000000000029532 ) ;
#890 = CARTESIAN_POINT ( 'NONE',  ( 10.45303777425773362, -25.62529294843109540, 8.499999999999998224 ) ) ;
#891 = ADVANCED_FACE ( 'NONE', ( #731 ), #2250, .F. ) ;
#892 = CARTESIAN_POINT ( 'NONE',  ( -16.46496222574226209, -26.97129294843108838, 8.499999999999998224 ) ) ;
#893 = AXIS2_PLACEMENT_3D ( 'NONE', #3239, #906, #2420 ) ;
#894 = ORIENTED_EDGE ( 'NONE', *, *, #566, .T. ) ;
#895 = VERTEX_POINT ( 'NONE', #4248 ) ;
#896 = DIRECTION ( 'NONE',  ( -0.7071067811865505703, -1.226634733346704487E-16, -0.7071067811865444641 ) ) ;
#897 = VERTEX_POINT ( 'NONE', #832 ) ;
#898 = DIRECTION ( 'NONE',  ( 1.000000000000000000, 0.000000000000000000, 0.000000000000000000 ) ) ;
#899 = CARTESIAN_POINT ( 'NONE',  ( -16.21496222574229762, 25.27870705156888320, 8.499999999999998224 ) ) ;
#900 = EDGE_CURVE ( 'NONE', #950, #1951, #2224, .T. ) ;
#901 = CIRCLE ( 'NONE', #4485, 1.402036092185269034 ) ;
#902 = ORIENTED_EDGE ( 'NONE', *, *, #1745, .F. ) ;
#903 = EDGE_LOOP ( 'NONE', ( #100, #4162 ) ) ;
#904 = ORIENTED_EDGE ( 'NONE', *, *, #2174, .F. ) ;
#905 = VECTOR ( 'NONE', #204, 1000.000000000000000 ) ;
#906 = DIRECTION ( 'NONE',  ( -1.000000000000000000, -1.156482317317871971E-16, 0.000000000000000000 ) ) ;
#907 = FACE_OUTER_BOUND ( 'NONE', #4274, .T. ) ;
#908 = EDGE_CURVE ( 'NONE', #1735, #1288, #71, .T. ) ;
#909 = CIRCLE ( 'NONE', #4488, 1.074999999999999512 ) ;
#910 = DIRECTION ( 'NONE',  ( 0.000000000000000000, 0.000000000000000000, -1.000000000000000000 ) ) ;
#911 = CARTESIAN_POINT ( 'NONE',  ( 16.03503777425773791, -26.97129294843108838, -4.000000000000000000 ) ) ;
#912 = DIRECTION ( 'NONE',  ( 0.000000000000000000, 0.000000000000000000, -1.000000000000000000 ) ) ;
#913 = ADVANCED_FACE ( 'NONE', ( #4576 ), #398, .T. ) ;
#914 = ORIENTED_EDGE ( 'NONE', *, *, #430, .T. ) ;
#915 = ORIENTED_EDGE ( 'NONE', *, *, #3540, .T. ) ;
#916 = CARTESIAN_POINT ( 'NONE',  ( 14.83503777425773151, -22.47129294843107417, 5.000000000000000888 ) ) ;
#917 = CARTESIAN_POINT ( 'NONE',  ( 0.000000000000000000, -28.34997260487144288, 8.499999999999998224 ) ) ;
#918 = LINE ( 'NONE', #200, #4475 ) ;
#919 = ORIENTED_EDGE ( 'NONE', *, *, #2128, .T. ) ;
#920 = ORIENTED_EDGE ( 'NONE', *, *, #2265, .F. ) ;
#921 = DIRECTION ( 'NONE',  ( -0.000000000000000000, -0.000000000000000000, 1.000000000000000000 ) ) ;
#922 = ORIENTED_EDGE ( 'NONE', *, *, #4709, .T. ) ;
#923 = DIRECTION ( 'NONE',  ( 1.000000000000000000, 0.000000000000000000, 0.000000000000000000 ) ) ;
#924 = DIRECTION ( 'NONE',  ( 0.000000000000000000, 0.000000000000000000, 1.000000000000000000 ) ) ;
#925 = ORIENTED_EDGE ( 'NONE', *, *, #328, .T. ) ;
#926 = ORIENTED_EDGE ( 'NONE', *, *, #2389, .T. ) ;
#927 = FACE_OUTER_BOUND ( 'NONE', #4590, .T. ) ;
#928 = CARTESIAN_POINT ( 'NONE',  ( -17.40430205396243935, -2.012776757066667791E-15, 8.939339828220180806 ) ) ;
#929 = EDGE_CURVE ( 'NONE', #1429, #1230, #4175, .T. ) ;
#930 = ADVANCED_FACE ( 'NONE', ( #4549 ), #1170, .F. ) ;
#931 = CARTESIAN_POINT ( 'NONE',  ( -7.679838017693791306E-15, 28.40738670800925902, 8.499999999999998224 ) ) ;
#932 = EDGE_CURVE ( 'NONE', #2311, #3707, #1217, .T. ) ;
#933 = CARTESIAN_POINT ( 'NONE',  ( 11.40187074164450998, 28.52870705156890452, 8.378679656440352730 ) ) ;
#934 = CIRCLE ( 'NONE', #1241, 3.000000000000000888 ) ;
#935 = ORIENTED_EDGE ( 'NONE', *, *, #985, .F. ) ;
#937 = VERTEX_POINT ( 'NONE', #1873 ) ;
#936 = AXIS2_PLACEMENT_3D ( 'NONE', #3558, #921, #182 ) ;
#938 = LINE ( 'NONE', #2810, #1034 ) ;
#939 = DIRECTION ( 'NONE',  ( -0.000000000000000000, -0.000000000000000000, 1.000000000000000000 ) ) ;
#940 = CARTESIAN_POINT ( 'NONE',  ( -12.03847372585136455, -28.39601452122300884, 8.453958083648430488 ) ) ;
#941 = LINE ( 'NONE', #2457, #2528 ) ;
#942 = VECTOR ( 'NONE', #984, 1000.000000000000000 ) ;
#943 = DIRECTION ( 'NONE',  ( 0.000000000000000000, 0.000000000000000000, 1.000000000000000000 ) ) ;
#944 = ORIENTED_EDGE ( 'NONE', *, *, #2497, .F. ) ;
#945 = CARTESIAN_POINT ( 'NONE',  ( -10.88296222574226668, 25.68270705156890443, 1.699999999999999289 ) ) ;
#946 = ORIENTED_EDGE ( 'NONE', *, *, #533, .F. ) ;
#947 = DIRECTION ( 'NONE',  ( -1.000000000000000000, 0.000000000000000000, 0.000000000000000000 ) ) ;
#948 = CARTESIAN_POINT ( 'NONE',  ( -17.84364188218262370, 27.02870705156890097, 8.499999999999998224 ) ) ;
#949 = ORIENTED_EDGE ( 'NONE', *, *, #299, .F. ) ;
#950 = VERTEX_POINT ( 'NONE', #2343 ) ;
#951 = DIRECTION ( 'NONE',  ( -1.000000000000000000, 0.000000000000000000, 0.000000000000000000 ) ) ;
#952 = ADVANCED_FACE ( 'NONE', ( #4924 ), #807, .T. ) ;
#953 = CARTESIAN_POINT ( 'NONE',  ( -15.26496222574230011, 22.52870705156889031, -3.000000000000002665 ) ) ;
#954 = VECTOR ( 'NONE', #3199, 1000.000000000000000 ) ;
#955 = CARTESIAN_POINT ( 'NONE',  ( 17.62082421188463854, 27.02870705156891162, 9.999999999999998224 ) ) ;
#956 = DIRECTION ( 'NONE',  ( -1.156482317317871725E-16, 1.000000000000000000, -1.232595164407830946E-32 ) ) ;
#957 = CIRCLE ( 'NONE', #4459, 1.600000000000000755 ) ;
#958 = CYLINDRICAL_SURFACE ( 'NONE', #1690, 0.9499999999999995115 ) ;
#959 = CONICAL_SURFACE ( 'NONE', #1502, 1.999999999999998224, 0.7853981633974452814 ) ;
#960 = ADVANCED_FACE ( 'NONE', ( #1596, #2652 ), #2271, .T. ) ;
#961 = VECTOR ( 'NONE', #2783, 1000.000000000000000 ) ;
#962 = ORIENTED_EDGE ( 'NONE', *, *, #797, .F. ) ;
#963 = AXIS2_PLACEMENT_3D ( 'NONE', #4338, #2060, #3591 ) ;
#964 = FACE_OUTER_BOUND ( 'NONE', #1205, .T. ) ;
#965 = CARTESIAN_POINT ( 'NONE',  ( -10.88296222574226668, -25.62529294843109540, 8.499999999999998224 ) ) ;
#966 = CARTESIAN_POINT ( 'NONE',  ( -12.64106361317946003, 13.48838797301254111, 9.999999999999998224 ) ) ;
#967 = ADVANCED_FACE ( 'NONE', ( #3095 ), #2383, .T. ) ;
#968 = AXIS2_PLACEMENT_3D ( 'NONE', #1414, #1843, #2917 ) ;
#969 = DIRECTION ( 'NONE',  ( 1.000000000000000000, 0.000000000000000000, 0.000000000000000000 ) ) ;
#970 = EDGE_LOOP ( 'NONE', ( #678, #1501, #1112, #3100 ) ) ;
#971 = CARTESIAN_POINT ( 'NONE',  ( 9.696421766834003364, 19.84070686846390430, -4.001000000000001222 ) ) ;
#972 = ORIENTED_EDGE ( 'NONE', *, *, #2661, .T. ) ;
#973 = DIRECTION ( 'NONE',  ( 0.000000000000000000, 0.000000000000000000, -1.000000000000000000 ) ) ;
#974 = PLANE ( 'NONE',  #2202 ) ;
#975 = ORIENTED_EDGE ( 'NONE', *, *, #811, .F. ) ;
#976 = EDGE_LOOP ( 'NONE', ( #1542, #2137, #1255, #1039, #2536 ) ) ;
#977 = VERTEX_POINT ( 'NONE', #4623 ) ;
#978 = CARTESIAN_POINT ( 'NONE',  ( 11.52803777425773468, 25.68270705156890443, -0.1000000000000002554 ) ) ;
#979 = DIRECTION ( 'NONE',  ( -1.000000000000000000, 0.000000000000000000, 0.000000000000000000 ) ) ;
#980 = DIRECTION ( 'NONE',  ( -1.000000000000000000, 0.000000000000000000, 0.000000000000000000 ) ) ;
#981 = PLANE ( 'NONE',  #4388 ) ;
#982 = DIRECTION ( 'NONE',  ( -1.204669080539449344E-16, 0.000000000000000000, 1.000000000000000000 ) ) ;
#983 = CARTESIAN_POINT ( 'NONE',  ( -16.21496222574229762, 22.52870705156889031, 3.292323440001584611 ) ) ;
#984 = DIRECTION ( 'NONE',  ( -1.000000000000000000, -0.000000000000000000, -0.000000000000000000 ) ) ;
#985 = EDGE_CURVE ( 'NONE', #3401, #1418, #4950, .T. ) ;
#986 = CARTESIAN_POINT ( 'NONE',  ( -16.46496222574226920, 27.02870705156890097, 8.378679656440350954 ) ) ;
#987 = EDGE_CURVE ( 'NONE', #1877, #4163, #1546, .T. ) ;
#988 = ORIENTED_EDGE ( 'NONE', *, *, #487, .T. ) ;
#989 = CARTESIAN_POINT ( 'NONE',  ( 16.03503777425773436, 27.02870705156891162, 8.939339828220180806 ) ) ;
#990 = ORIENTED_EDGE ( 'NONE', *, *, #866, .T. ) ;
#991 = CARTESIAN_POINT ( 'NONE',  ( 0.000000000000000000, -28.47129294843108482, 8.378679656440352730 ) ) ;
#992 = DIRECTION ( 'NONE',  ( 0.000000000000000000, 0.000000000000000000, 1.000000000000000000 ) ) ;
#993 = EDGE_CURVE ( 'NONE', #4512, #4229, #2465, .T. ) ;
#994 = ORIENTED_EDGE ( 'NONE', *, *, #4032, .T. ) ;
#995 = ORIENTED_EDGE ( 'NONE', *, *, #93, .F. ) ;
#996 = ORIENTED_EDGE ( 'NONE', *, *, #2589, .T. ) ;
#997 = DIRECTION ( 'NONE',  ( 1.000000000000000000, 0.000000000000000000, 0.000000000000000000 ) ) ;
#998 = DIRECTION ( 'NONE',  ( -0.000000000000000000, -0.000000000000000000, 1.000000000000000000 ) ) ;
#999 = DIRECTION ( 'NONE',  ( -1.889896820699138217E-15, 1.000000000000000000, 0.000000000000000000 ) ) ;
#1000 = DIRECTION ( 'NONE',  ( 0.000000000000000000, 0.000000000000000000, 1.000000000000000000 ) ) ;
#1001 = CARTESIAN_POINT ( 'NONE',  ( 17.41371743069809241, -19.19870478464573793, 8.499999999999998224 ) ) ;
#1002 = EDGE_CURVE ( 'NONE', #2979, #3260, #449, .T. ) ;
#1003 = LINE ( 'NONE', #274, #1184 ) ;
#1004 = DIRECTION ( 'NONE',  ( -1.000000000000000000, 0.000000000000000000, 0.000000000000000000 ) ) ;
#1005 = CARTESIAN_POINT ( 'NONE',  ( 6.892349582463465296, 19.84070686846390430, 9.999999999999998224 ) ) ;
#1006 = CARTESIAN_POINT ( 'NONE',  ( 2.015431251695973813, 11.01227139059988147, 9.999999999999998224 ) ) ;
#1007 = VECTOR ( 'NONE', #3717, 1000.000000000000000 ) ;
#1008 = TOROIDAL_SURFACE ( 'NONE', #3869, 1.585786437626902634, 1.000000000000000000 ) ;
#1009 = CARTESIAN_POINT ( 'NONE',  ( 19.03503777425773080, 30.02870705156891162, 3.292323440001584611 ) ) ;
#1010 = ORIENTED_EDGE ( 'NONE', *, *, #278, .F. ) ;
#1011 = LINE ( 'NONE', #2888, #3321 ) ;
#1012 = ORIENTED_EDGE ( 'NONE', *, *, #3304, .T. ) ;
#1013 = FACE_OUTER_BOUND ( 'NONE', #231, .T. ) ;
#1014 = VECTOR ( 'NONE', #547, 1000.000000000000000 ) ;
#1015 = EDGE_CURVE ( 'NONE', #1208, #4512, #1947, .T. ) ;
#1016 = LINE ( 'NONE', #2136, #3874 ) ;
#1017 = EDGE_CURVE ( 'NONE', #1782, #1080, #1196, .T. ) ;
#1018 = ADVANCED_FACE ( 'NONE', ( #3495 ), #2876, .T. ) ;
#1019 = ORIENTED_EDGE ( 'NONE', *, *, #1788, .F. ) ;
#1020 = ORIENTED_EDGE ( 'NONE', *, *, #2995, .T. ) ;
#1021 = ORIENTED_EDGE ( 'NONE', *, *, #3094, .F. ) ;
#1022 = DIRECTION ( 'NONE',  ( 1.000000000000000000, 0.000000000000000000, 0.000000000000000000 ) ) ;
#1023 = CARTESIAN_POINT ( 'NONE',  ( -16.46496222574226209, -26.97129294843108838, 8.378679656440350954 ) ) ;
#1024 = CARTESIAN_POINT ( 'NONE',  ( -16.21496222574229762, 22.52870705156889031, 5.000000000000001776 ) ) ;
#1025 = CYLINDRICAL_SURFACE ( 'NONE', #1749, 0.9499999999999995115 ) ;
#1026 = FACE_BOUND ( 'NONE', #4455, .T. ) ;
#1027 = AXIS2_PLACEMENT_3D ( 'NONE', #1879, #1909, #3051 ) ;
#1028 = AXIS2_PLACEMENT_3D ( 'NONE', #911, #2424, #4000 ) ;
#1029 = CYLINDRICAL_SURFACE ( 'NONE', #4861, 3.000000000000000888 ) ;
#1030 = DIRECTION ( 'NONE',  ( -0.000000000000000000, -0.000000000000000000, 1.000000000000000000 ) ) ;
#1031 = DIRECTION ( 'NONE',  ( -1.734723475976807094E-16, 1.000000000000000000, 0.000000000000000000 ) ) ;
#1032 = VECTOR ( 'NONE', #1811, 1000.000000000000000 ) ;
#1033 = EDGE_CURVE ( 'NONE', #2059, #4234, #3918, .T. ) ;
#1034 = VECTOR ( 'NONE', #562, 1000.000000000000000 ) ;
#1035 = AXIS2_PLACEMENT_3D ( 'NONE', #2819, #2489, #4713 ) ;
#1036 = DIRECTION ( 'NONE',  ( 0.000000000000000000, 0.000000000000000000, -1.000000000000000000 ) ) ;
#1037 = EDGE_LOOP ( 'NONE', ( #205, #2493, #3427, #4495 ) ) ;
#1038 = LINE ( 'NONE', #3332, #4200 ) ;
#1039 = ORIENTED_EDGE ( 'NONE', *, *, #4591, .F. ) ;
#1040 = EDGE_CURVE ( 'NONE', #585, #2676, #1640, .T. ) ;
#1041 = CARTESIAN_POINT ( 'NONE',  ( 17.38503777425773578, -22.47129294843107417, 5.000000000000001776 ) ) ;
#1042 = DIRECTION ( 'NONE',  ( -1.000000000000000000, 0.000000000000000000, -0.000000000000000000 ) ) ;
#1043 = ORIENTED_EDGE ( 'NONE', *, *, #1133, .F. ) ;
#1044 = ORIENTED_EDGE ( 'NONE', *, *, #1147, .T. ) ;
#1045 = DIRECTION ( 'NONE',  ( 1.000000000000000000, 0.000000000000000000, 0.000000000000000000 ) ) ;
#1046 = ORIENTED_EDGE ( 'NONE', *, *, #3838, .T. ) ;
#1047 = DIRECTION ( 'NONE',  ( 0.000000000000000000, 0.000000000000000000, 1.000000000000000000 ) ) ;
#1048 = CARTESIAN_POINT ( 'NONE',  ( -16.46496222574226209, -26.97129294843108838, 9.999999999999998224 ) ) ;
#1049 = CIRCLE ( 'NONE', #1677, 3.000000000000000888 ) ;
#1050 = AXIS2_PLACEMENT_3D ( 'NONE', #2907, #3329, #279 ) ;
#1051 = ORIENTED_EDGE ( 'NONE', *, *, #3549, .T. ) ;
#1052 = CARTESIAN_POINT ( 'NONE',  ( -12.64106361317945293, -22.11161202698745498, 9.999999999999998224 ) ) ;
#1053 = PLANE ( 'NONE',  #1059 ) ;
#1054 = EDGE_CURVE ( 'NONE', #3695, #4234, #4773, .T. ) ;
#1055 = VECTOR ( 'NONE', #4198, 1000.000000000000000 ) ;
#1056 = CARTESIAN_POINT ( 'NONE',  ( -13.88296222574226668, -25.62529294843109540, 1.699999999999999289 ) ) ;
#1057 = CARTESIAN_POINT ( 'NONE',  ( -12.64106361317946003, 13.48838797301254111, -4.001000000000001222 ) ) ;
#1058 = DIRECTION ( 'NONE',  ( 0.000000000000000000, 0.000000000000000000, 1.000000000000000000 ) ) ;
#1059 = AXIS2_PLACEMENT_3D ( 'NONE', #3746, #2624, #2920 ) ;
#1060 = ORIENTED_EDGE ( 'NONE', *, *, #4830, .F. ) ;
#1061 = VERTEX_POINT ( 'NONE', #3969 ) ;
#1062 = DIRECTION ( 'NONE',  ( -0.000000000000000000, -0.000000000000000000, -1.000000000000000000 ) ) ;
#1063 = CARTESIAN_POINT ( 'NONE',  ( 18.32793099307118823, -26.97129294843108482, 9.707106781186542577 ) ) ;
#1064 = LINE ( 'NONE', #1786, #1723 ) ;
#1065 = ORIENTED_EDGE ( 'NONE', *, *, #4879, .F. ) ;
#1066 = CARTESIAN_POINT ( 'NONE',  ( -15.26496222574230011, 22.52870705156889031, 5.000000000000000888 ) ) ;
#1067 = EDGE_LOOP ( 'NONE', ( #1812, #1739 ) ) ;
#1068 = CARTESIAN_POINT ( 'NONE',  ( 16.73503777425770522, 22.52870705156892583, -3.000000000000002665 ) ) ;
#1069 = LINE ( 'NONE', #602, #3908 ) ;
#1070 = CARTESIAN_POINT ( 'NONE',  ( 9.504204806870927058, -28.47129294843108482, 3.292323440001584611 ) ) ;
#1071 = ORIENTED_EDGE ( 'NONE', *, *, #4824, .F. ) ;
#1072 = FACE_OUTER_BOUND ( 'NONE', #4529, .T. ) ;
#1073 = FACE_BOUND ( 'NONE', #4265, .T. ) ;
#1074 = EDGE_CURVE ( 'NONE', #4376, #2183, #2827, .T. ) ;
#1075 = EDGE_CURVE ( 'NONE', #3171, #2308, #3098, .T. ) ;
#1076 = EDGE_CURVE ( 'NONE', #621, #4359, #2043, .T. ) ;
#1077 = CARTESIAN_POINT ( 'NONE',  ( -17.84364188218261305, -25.74388111221639974, 8.499999999999998224 ) ) ;
#1078 = DIRECTION ( 'NONE',  ( 0.000000000000000000, 0.000000000000000000, 1.000000000000000000 ) ) ;
#1079 = DIRECTION ( 'NONE',  ( 0.000000000000000000, 0.000000000000000000, 1.000000000000000000 ) ) ;
#1080 = VERTEX_POINT ( 'NONE', #4696 ) ;
#1081 = ORIENTED_EDGE ( 'NONE', *, *, #4645, .T. ) ;
#1082 = CARTESIAN_POINT ( 'NONE',  ( 11.70847426001880720, -28.34997260487144288, 8.499999999999998224 ) ) ;
#1083 = CARTESIAN_POINT ( 'NONE',  ( -19.46496222574226920, 28.52870705156889741, 3.292323440001584611 ) ) ;
#1084 = DIRECTION ( 'NONE',  ( 1.000000000000000000, 0.000000000000000000, 0.000000000000000000 ) ) ;
#1085 = VERTEX_POINT ( 'NONE', #1343 ) ;
#1086 = VERTEX_POINT ( 'NONE', #117 ) ;
#1087 = DIRECTION ( 'NONE',  ( 1.000000000000000000, -1.156482317317871725E-15, 0.000000000000000000 ) ) ;
#1088 = ORIENTED_EDGE ( 'NONE', *, *, #294, .F. ) ;
#1089 = CARTESIAN_POINT ( 'NONE',  ( -16.96496222574225854, -19.72129294843107417, 3.292323440001584611 ) ) ;
#1090 = CARTESIAN_POINT ( 'NONE',  ( 17.49374975392582954, 19.10881886515433692, 8.419967676772255771 ) ) ;
#1091 = AXIS2_PLACEMENT_3D ( 'NONE', #3510, #896, #4211 ) ;
#1092 = CARTESIAN_POINT ( 'NONE',  ( -17.81496222574229904, 22.52870705156889031, 5.000000000000001776 ) ) ;
#1093 = CIRCLE ( 'NONE', #4682, 0.9500000000000029532 ) ;
#1094 = ORIENTED_EDGE ( 'NONE', *, *, #3621, .T. ) ;
#1095 = CARTESIAN_POINT ( 'NONE',  ( -16.21496222574229762, 22.52870705156889031, -3.000000000000002665 ) ) ;
#1096 = AXIS2_PLACEMENT_3D ( 'NONE', #928, #2069, #3674 ) ;
#1097 = FACE_OUTER_BOUND ( 'NONE', #4635, .T. ) ;
#1098 = CARTESIAN_POINT ( 'NONE',  ( -9.066960760898265193, 21.25670570879590571, 8.499999999999994671 ) ) ;
#1099 = DIRECTION ( 'NONE',  ( 0.000000000000000000, 0.000000000000000000, -1.000000000000000000 ) ) ;
#1100 = ADVANCED_FACE ( 'NONE', ( #3573 ), #3177, .T. ) ;
#1101 = ORIENTED_EDGE ( 'NONE', *, *, #93, .T. ) ;
#1102 = AXIS2_PLACEMENT_3D ( 'NONE', #2674, #1078, #808 ) ;
#1103 = ORIENTED_EDGE ( 'NONE', *, *, #2754, .T. ) ;
#1104 = CARTESIAN_POINT ( 'NONE',  ( -14.61496222574229620, 22.52870705156889031, 5.000000000000001776 ) ) ;
#1105 = DIRECTION ( 'NONE',  ( -0.000000000000000000, -0.000000000000000000, -1.000000000000000000 ) ) ;
#1106 = EDGE_CURVE ( 'NONE', #2584, #1279, #2994, .T. ) ;
#1107 = VECTOR ( 'NONE', #3168, 1000.000000000000000 ) ;
#1108 = LINE ( 'NONE', #1507, #4199 ) ;
#1109 = AXIS2_PLACEMENT_3D ( 'NONE', #706, #4900, #2701 ) ;
#1110 = AXIS2_PLACEMENT_3D ( 'NONE', #3763, #3366, #1047 ) ;
#1111 = VERTEX_POINT ( 'NONE', #478 ) ;
#1112 = ORIENTED_EDGE ( 'NONE', *, *, #3922, .F. ) ;
#1113 = DIRECTION ( 'NONE',  ( 0.000000000000000000, 0.000000000000000000, -1.000000000000000000 ) ) ;
#1114 = ORIENTED_EDGE ( 'NONE', *, *, #730, .T. ) ;
#1115 = PLANE ( 'NONE',  #4150 ) ;
#1116 = AXIS2_PLACEMENT_3D ( 'NONE', #2795, #2437, #898 ) ;
#1117 = DIRECTION ( 'NONE',  ( 0.000000000000000000, 0.000000000000000000, 1.000000000000000000 ) ) ;
#1118 = DIRECTION ( 'NONE',  ( 1.156482317317871971E-16, -1.000000000000000000, -0.000000000000000000 ) ) ;
#1119 = ADVANCED_FACE ( 'NONE', ( #1269 ), #4747, .T. ) ;
#1120 = EDGE_LOOP ( 'NONE', ( #4544, #4902 ) ) ;
#1121 = AXIS2_PLACEMENT_3D ( 'NONE', #3569, #3139, #4319 ) ;
#1122 = CARTESIAN_POINT ( 'NONE',  ( -13.46496222574226920, -22.47129294843110969, -4.002000000000000668 ) ) ;
#1123 = CIRCLE ( 'NONE', #1998, 1.600000000000000755 ) ;
#1124 = DIRECTION ( 'NONE',  ( 0.000000000000000000, -1.000000000000000000, 0.000000000000000000 ) ) ;
#1125 = LINE ( 'NONE', #636, #4567 ) ;
#1126 = VECTOR ( 'NONE', #2344, 1000.000000000000000 ) ;
#1127 = ORIENTED_EDGE ( 'NONE', *, *, #2253, .T. ) ;
#1128 = ORIENTED_EDGE ( 'NONE', *, *, #4428, .T. ) ;
#1129 = CARTESIAN_POINT ( 'NONE',  ( -18.05074866336917339, 27.02870705156890097, 9.999999999999998224 ) ) ;
#1130 = CARTESIAN_POINT ( 'NONE',  ( 16.03503777425773791, -26.97129294843108838, 9.707106781186542577 ) ) ;
#1131 = VECTOR ( 'NONE', #2425, 1000.000000000000000 ) ;
#1132 = CARTESIAN_POINT ( 'NONE',  ( -14.61496222574226245, -22.47129294843110969, 5.000000000000001776 ) ) ;
#1133 = EDGE_CURVE ( 'NONE', #183, #56, #4373, .T. ) ;
#1134 = EDGE_CURVE ( 'NONE', #2442, #3575, #3524, .T. ) ;
#1135 = ORIENTED_EDGE ( 'NONE', *, *, #3909, .F. ) ;
#1136 = EDGE_CURVE ( 'NONE', #1735, #858, #170, .T. ) ;
#1137 = ORIENTED_EDGE ( 'NONE', *, *, #3421, .F. ) ;
#1138 = FACE_BOUND ( 'NONE', #1876, .T. ) ;
#1139 = EDGE_LOOP ( 'NONE', ( #3434, #2374, #493, #1621 ) ) ;
#1140 = DIRECTION ( 'NONE',  ( 1.000000000000000000, 0.000000000000000000, 0.000000000000000000 ) ) ;
#1141 = PLANE ( 'NONE',  #4314 ) ;
#1142 = DIRECTION ( 'NONE',  ( -1.156482317317871971E-16, 1.000000000000000000, 0.000000000000000000 ) ) ;
#1143 = ORIENTED_EDGE ( 'NONE', *, *, #1999, .T. ) ;
#1144 = DIRECTION ( 'NONE',  ( -0.000000000000000000, -0.000000000000000000, 1.000000000000000000 ) ) ;
#1145 = DIRECTION ( 'NONE',  ( 1.949127501097536200E-16, -1.000000000000000000, 0.000000000000000000 ) ) ;
#1146 = CARTESIAN_POINT ( 'NONE',  ( 16.03503777425773791, -26.97129294843108838, 8.499999999999998224 ) ) ;
#1147 = EDGE_CURVE ( 'NONE', #1111, #453, #3194, .T. ) ;
#1148 = ORIENTED_EDGE ( 'NONE', *, *, #3806, .F. ) ;
#1149 = ORIENTED_EDGE ( 'NONE', *, *, #4058, .T. ) ;
#1150 = DIRECTION ( 'NONE',  ( 1.000000000000000000, 0.000000000000000000, 0.000000000000000000 ) ) ;
#1151 = DIRECTION ( 'NONE',  ( 1.000000000000000000, 0.000000000000000000, 0.000000000000000000 ) ) ;
#1152 = FACE_BOUND ( 'NONE', #2894, .T. ) ;
#1153 = ORIENTED_EDGE ( 'NONE', *, *, #2221, .F. ) ;
#1154 = ORIENTED_EDGE ( 'NONE', *, *, #2350, .T. ) ;
#1155 = CARTESIAN_POINT ( 'NONE',  ( 14.83503777425773151, -22.47129294843107417, -3.000000000000002665 ) ) ;
#1156 = ORIENTED_EDGE ( 'NONE', *, *, #1075, .F. ) ;
#1157 = CYLINDRICAL_SURFACE ( 'NONE', #717, 1.000000000000000888 ) ;
#1158 = CARTESIAN_POINT ( 'NONE',  ( -16.46496222574226920, 27.02870705156890097, 8.939339828220180806 ) ) ;
#1159 = EDGE_CURVE ( 'NONE', #3124, #4750, #803, .T. ) ;
#1160 = CARTESIAN_POINT ( 'NONE',  ( -16.96496222574226564, 18.77870705156889031, 8.499999999999998224 ) ) ;
#1161 = EDGE_CURVE ( 'NONE', #3566, #1830, #2063, .T. ) ;
#1162 = CIRCLE ( 'NONE', #692, 1.402036092185269034 ) ;
#1163 = EDGE_LOOP ( 'NONE', ( #2814, #2685, #3108, #4716 ) ) ;
#1164 = VECTOR ( 'NONE', #1734, 1000.000000000000000 ) ;
#1165 = ORIENTED_EDGE ( 'NONE', *, *, #987, .T. ) ;
#1166 = FACE_OUTER_BOUND ( 'NONE', #2716, .T. ) ;
#1167 = FACE_BOUND ( 'NONE', #2131, .T. ) ;
#1168 = VECTOR ( 'NONE', #1533, 1000.000000000000000 ) ;
#1169 = VECTOR ( 'NONE', #851, 1000.000000000000000 ) ;
#1170 = PLANE ( 'NONE',  #2704 ) ;
#1171 = DIRECTION ( 'NONE',  ( 1.734723475976807094E-16, -1.000000000000000000, 1.232595164407830946E-32 ) ) ;
#1172 = ORIENTED_EDGE ( 'NONE', *, *, #3094, .T. ) ;
#1173 = ORIENTED_EDGE ( 'NONE', *, *, #430, .F. ) ;
#1174 = CARTESIAN_POINT ( 'NONE',  ( -16.21496222574229762, 22.52870705156889031, -3.000000000000002665 ) ) ;
#1175 = CARTESIAN_POINT ( 'NONE',  ( -17.84364188218261305, -19.19870478464573793, 8.499999999999998224 ) ) ;
#1176 = ADVANCED_FACE ( 'NONE', ( #881 ), #2398, .F. ) ;
#1177 = EDGE_CURVE ( 'NONE', #742, #3385, #957, .T. ) ;
#1178 = CARTESIAN_POINT ( 'NONE',  ( -7.882962225742265794, -25.62529294843109540, 1.699999999999999289 ) ) ;
#1179 = AXIS2_PLACEMENT_3D ( 'NONE', #4049, #2582, #2951 ) ;
#1180 = EDGE_LOOP ( 'NONE', ( #3841, #1412, #4416, #1982 ) ) ;
#1181 = ORIENTED_EDGE ( 'NONE', *, *, #3972, .T. ) ;
#1182 = FACE_OUTER_BOUND ( 'NONE', #3910, .T. ) ;
#1183 = ORIENTED_EDGE ( 'NONE', *, *, #3819, .T. ) ;
#1184 = VECTOR ( 'NONE', #4076, 1000.000000000000000 ) ;
#1185 = PLANE ( 'NONE',  #230 ) ;
#1186 = DIRECTION ( 'NONE',  ( -2.703465157366452467E-16, 1.000000000000000000, 0.000000000000000000 ) ) ;
#1187 = CARTESIAN_POINT ( 'NONE',  ( -19.46496222574226209, -29.97129294843108838, -4.000000000000000000 ) ) ;
#1188 = AXIS2_PLACEMENT_3D ( 'NONE', #3074, #4602, #814 ) ;
#1189 = ORIENTED_EDGE ( 'NONE', *, *, #4524, .T. ) ;
#1190 = CIRCLE ( 'NONE', #4789, 1.600000000000000755 ) ;
#1191 = ORIENTED_EDGE ( 'NONE', *, *, #2323, .F. ) ;
#1192 = FACE_OUTER_BOUND ( 'NONE', #3377, .T. ) ;
#1193 =( NAMED_UNIT ( * ) PLANE_ANGLE_UNIT ( ) SI_UNIT ( $, .RADIAN. ) );
#1194 = EDGE_CURVE ( 'NONE', #3945, #977, #2991, .T. ) ;
#1195 = AXIS2_PLACEMENT_3D ( 'NONE', #1314, #2068, #3597 ) ;
#1196 = LINE ( 'NONE', #2729, #4382 ) ;
#1197 = CARTESIAN_POINT ( 'NONE',  ( 10.45303777425773362, -25.62529294843109540, 8.499999999999998224 ) ) ;
#1198 = ADVANCED_FACE ( 'NONE', ( #2548 ), #2171, .T. ) ;
#1199 = VERTEX_POINT ( 'NONE', #2195 ) ;
#1200 = ORIENTED_EDGE ( 'NONE', *, *, #1458, .F. ) ;
#1201 = LINE ( 'NONE', #1976, #313 ) ;
#1202 = DIRECTION ( 'NONE',  ( 0.000000000000000000, -0.000000000000000000, -1.000000000000000000 ) ) ;
#1203 = CARTESIAN_POINT ( 'NONE',  ( 2.452039483241733375, 19.84070686846390430, 8.499999999999998224 ) ) ;
#1204 = ADVANCED_FACE ( 'NONE', ( #1072 ), #1773, .T. ) ;
#1205 = EDGE_LOOP ( 'NONE', ( #3338, #2030, #4086, #4437 ) ) ;
#1206 = EDGE_LOOP ( 'NONE', ( #1462, #288, #1944, #3266 ) ) ;
#1207 = CARTESIAN_POINT ( 'NONE',  ( 16.53503777425773436, 18.77870705156889031, -4.002000000000000668 ) ) ;
#1208 = VERTEX_POINT ( 'NONE', #1419 ) ;
#1209 = VECTOR ( 'NONE', #2806, 1000.000000000000000 ) ;
#1210 = DIRECTION ( 'NONE',  ( -0.000000000000000000, 1.000000000000000000, 0.000000000000000000 ) ) ;
#1211 = DIRECTION ( 'NONE',  ( 1.000000000000000000, 0.000000000000000000, 0.000000000000000000 ) ) ;
#1212 = ORIENTED_EDGE ( 'NONE', *, *, #1479, .F. ) ;
#1213 = ORIENTED_EDGE ( 'NONE', *, *, #3583, .T. ) ;
#1214 = DIRECTION ( 'NONE',  ( 0.000000000000000000, 0.000000000000000000, 1.000000000000000000 ) ) ;
#1215 = CARTESIAN_POINT ( 'NONE',  ( -17.96496222574226564, 26.27870705156888320, 8.378679656440352730 ) ) ;
#1216 = DIRECTION ( 'NONE',  ( -1.000000000000000000, 0.000000000000000000, 0.000000000000000000 ) ) ;
#1217 = LINE ( 'NONE', #3447, #4542 ) ;
#1218 = CARTESIAN_POINT ( 'NONE',  ( -17.96496222574225854, -18.72129294843107417, -4.000000000000000000 ) ) ;
#1219 = ADVANCED_FACE ( 'NONE', ( #248 ), #3744, .F. ) ;
#1220 = EDGE_CURVE ( 'NONE', #51, #3450, #2900, .T. ) ;
#1221 = ORIENTED_EDGE ( 'NONE', *, *, #2193, .F. ) ;
#1222 = ORIENTED_EDGE ( 'NONE', *, *, #2975, .T. ) ;
#1223 = LINE ( 'NONE', #3474, #878 ) ;
#1224 = DIRECTION ( 'NONE',  ( 1.889896820699131511E-15, 1.000000000000000000, -0.000000000000000000 ) ) ;
#1225 = CARTESIAN_POINT ( 'NONE',  ( -17.40430205396244290, 27.02870705156890097, 8.939339828220180806 ) ) ;
#1226 = PRODUCT ( 'Top_Enclosure', 'Top_Enclosure', '', ( #1496 ) ) ;
#1227 = ORIENTED_EDGE ( 'NONE', *, *, #4160, .T. ) ;
#1228 = ORIENTED_EDGE ( 'NONE', *, *, #68, .T. ) ;
#1229 = CARTESIAN_POINT ( 'NONE',  ( 17.53503777425774146, -26.97129294843108482, 3.292323440001584611 ) ) ;
#1230 = VERTEX_POINT ( 'NONE', #1052 ) ;
#1231 = DIRECTION ( 'NONE',  ( -0.000000000000000000, -0.000000000000000000, 1.000000000000000000 ) ) ;
#1232 = CARTESIAN_POINT ( 'NONE',  ( -7.714959791634053765, -11.83278339979662874, 6.892323440001584700 ) ) ;
#1233 = ORIENTED_EDGE ( 'NONE', *, *, #2407, .F. ) ;
#1234 = VERTEX_POINT ( 'NONE', #1394 ) ;
#1235 = CARTESIAN_POINT ( 'NONE',  ( 0.000000000000000000, -27.91063277665126208, 8.939339828220180806 ) ) ;
#1236 = DIRECTION ( 'NONE',  ( -1.156482317317871971E-16, 1.000000000000000000, -7.439369907072153891E-33 ) ) ;
#1237 = ADVANCED_FACE ( 'NONE', ( #2919 ), #1025, .F. ) ;
#1238 = VECTOR ( 'NONE', #3790, 1000.000000000000114 ) ;
#1239 = AXIS2_PLACEMENT_3D ( 'NONE', #945, #3259, #4785 ) ;
#1240 = DIRECTION ( 'NONE',  ( 0.7071067811865439090, 0.000000000000000000, -0.7071067811865512365 ) ) ;
#1241 = AXIS2_PLACEMENT_3D ( 'NONE', #574, #521, #2090 ) ;
#1242 = CARTESIAN_POINT ( 'NONE',  ( -9.627525739981200203, 28.40738670800925547, 8.499999999999998224 ) ) ;
#1243 = DIRECTION ( 'NONE',  ( 0.000000000000000000, -0.000000000000000000, -1.000000000000000000 ) ) ;
#1244 = CIRCLE ( 'NONE', #3565, 1.000000000000000888 ) ;
#1245 = ORIENTED_EDGE ( 'NONE', *, *, #824, .F. ) ;
#1246 = ORIENTED_EDGE ( 'NONE', *, *, #341, .T. ) ;
#1247 = LINE ( 'NONE', #198, #1427 ) ;
#1248 = CARTESIAN_POINT ( 'NONE',  ( 16.53503777425773436, 25.27870705156888320, -4.002000000000000668 ) ) ;
#1249 = EDGE_CURVE ( 'NONE', #2566, #161, #4697, .T. ) ;
#1250 = VECTOR ( 'NONE', #3966, 1000.000000000000000 ) ;
#1251 = DIRECTION ( 'NONE',  ( 1.000000000000000000, 0.000000000000000000, 0.000000000000000000 ) ) ;
#1252 = ORIENTED_EDGE ( 'NONE', *, *, #34, .F. ) ;
#1253 = ORIENTED_EDGE ( 'NONE', *, *, #2208, .F. ) ;
#1254 = DIRECTION ( 'NONE',  ( -0.000000000000000000, -0.000000000000000000, 1.000000000000000000 ) ) ;
#1255 = ORIENTED_EDGE ( 'NONE', *, *, #805, .F. ) ;
#1256 = CYLINDRICAL_SURFACE ( 'NONE', #1116, 1.600000000000000755 ) ;
#1257 = CARTESIAN_POINT ( 'NONE',  ( -16.96496222574225854, -18.72129294843107417, 3.292323440001584611 ) ) ;
#1258 = AXIS2_PLACEMENT_3D ( 'NONE', #3403, #1105, #4931 ) ;
#1259 = AXIS2_PLACEMENT_3D ( 'NONE', #554, #2498, #2021 ) ;
#1260 = EDGE_LOOP ( 'NONE', ( #4317, #1337, #545, #4034 ) ) ;
#1261 = ORIENTED_EDGE ( 'NONE', *, *, #3301, .F. ) ;
#1262 = VECTOR ( 'NONE', #1240, 1000.000000000000000 ) ;
#1263 = CARTESIAN_POINT ( 'NONE',  ( 9.710935302704847061, 13.48838797301253933, -4.001000000000001222 ) ) ;
#1264 = CARTESIAN_POINT ( 'NONE',  ( 16.03503777425773791, -29.97129294843108838, 3.292323440001584611 ) ) ;
#1265 = VECTOR ( 'NONE', #3224, 1000.000000000000000 ) ;
#1266 = EDGE_CURVE ( 'NONE', #2830, #241, #657, .T. ) ;
#1267 = CIRCLE ( 'NONE', #560, 0.9500000000000029532 ) ;
#1268 = FACE_BOUND ( 'NONE', #1444, .T. ) ;
#1269 = FACE_OUTER_BOUND ( 'NONE', #1484, .T. ) ;
#1270 = CARTESIAN_POINT ( 'NONE',  ( 16.03503777425773791, 28.61449348919581226, 8.999999999999998224 ) ) ;
#1271 = EDGE_LOOP ( 'NONE', ( #4563, #2451, #1733, #1817 ) ) ;
#1272 = VERTEX_POINT ( 'NONE', #220 ) ;
#1273 = DIRECTION ( 'NONE',  ( -1.000000000000000000, -1.949127501097536693E-16, 0.000000000000000000 ) ) ;
#1274 = AXIS2_PLACEMENT_3D ( 'NONE', #2096, #2845, #3625 ) ;
#1275 = DIRECTION ( 'NONE',  ( 1.000000000000000000, 0.000000000000000000, 0.000000000000000000 ) ) ;
#1276 = CARTESIAN_POINT ( 'NONE',  ( 19.03503777425773791, 30.03870705156891319, 3.292323440001584611 ) ) ;
#1277 = CARTESIAN_POINT ( 'NONE',  ( 11.60854927436680484, 28.45342862436082854, 8.453958083648428712 ) ) ;
#1278 = VERTEX_POINT ( 'NONE', #3700 ) ;
#1279 = VERTEX_POINT ( 'NONE', #3347 ) ;
#1280 = DIRECTION ( 'NONE',  ( 1.156482317317871971E-16, -1.000000000000000000, -0.000000000000000000 ) ) ;
#1281 = ORIENTED_EDGE ( 'NONE', *, *, #629, .F. ) ;
#1282 = CYLINDRICAL_SURFACE ( 'NONE', #963, 2.749999999999995559 ) ;
#1283 = EDGE_CURVE ( 'NONE', #3500, #361, #3019, .T. ) ;
#1284 = CARTESIAN_POINT ( 'NONE',  ( -10.14106361317946003, 13.48838797301254111, 8.499999999999998224 ) ) ;
#1285 = EDGE_CURVE ( 'NONE', #4750, #434, #1748, .T. ) ;
#1286 = ADVANCED_FACE ( 'NONE', ( #3372 ), #4020, .F. ) ;
#1287 = VECTOR ( 'NONE', #72, 1000.000000000000000 ) ;
#1288 = VERTEX_POINT ( 'NONE', #3719 ) ;
#1289 = EDGE_LOOP ( 'NONE', ( #1713, #4216, #1687, #37 ) ) ;
#1290 = DIRECTION ( 'NONE',  ( -1.000000000000000000, 0.000000000000000000, 0.000000000000000000 ) ) ;
#1291 = CARTESIAN_POINT ( 'NONE',  ( 9.378037774257734327, 25.68270705156890443, 1.699999999999999289 ) ) ;
#1292 = AXIS2_PLACEMENT_3D ( 'NONE', #2877, #2121, #4774 ) ;
#1293 = DIRECTION ( 'NONE',  ( 1.000000000000000000, 0.000000000000000000, 0.000000000000000000 ) ) ;
#1294 = DIRECTION ( 'NONE',  ( 1.156482317317871971E-16, -1.000000000000000000, 0.000000000000000000 ) ) ;
#1295 = CARTESIAN_POINT ( 'NONE',  ( 7.285040208365947123, -28.47129294843108482, 3.292323440001584611 ) ) ;
#1296 = ORIENTED_EDGE ( 'NONE', *, *, #1471, .F. ) ;
#1297 = ORIENTED_EDGE ( 'NONE', *, *, #270, .T. ) ;
#1298 = DIRECTION ( 'NONE',  ( 1.000000000000000000, 0.000000000000000000, 0.000000000000000000 ) ) ;
#1299 = LINE ( 'NONE', #3173, #4217 ) ;
#1300 = DIRECTION ( 'NONE',  ( 0.000000000000000000, -1.000000000000000000, 0.000000000000000000 ) ) ;
#1301 =( BOUNDED_CURVE ( )  B_SPLINE_CURVE ( 3, ( #3886, #3190, #1991, #1635 ),
 .UNSPECIFIED., .F., .F. ) 
 B_SPLINE_CURVE_WITH_KNOTS ( ( 4, 4 ),
 ( 2.709822862097194918, 2.819789510287920908 ),
 .UNSPECIFIED. ) 
 CURVE ( )  GEOMETRIC_REPRESENTATION_ITEM ( )  RATIONAL_B_SPLINE_CURVE ( ( 1.000000000000000000, 0.9989925318741210702, 0.9989925318741210702, 1.000000000000000000 ) ) 
 REPRESENTATION_ITEM ( '' )  );
#1302 = DIRECTION ( 'NONE',  ( 1.000000000000000000, 0.000000000000000000, 0.000000000000000000 ) ) ;
#1303 = ADVANCED_FACE ( 'NONE', ( #298 ), #2973, .T. ) ;
#1304 = ADVANCED_FACE ( 'NONE', ( #2518 ), #4045, .T. ) ;
#1305 = DIRECTION ( 'NONE',  ( 1.000000000000000000, 0.000000000000000000, 0.000000000000000000 ) ) ;
#1306 = ORIENTED_EDGE ( 'NONE', *, *, #3534, .F. ) ;
#1307 = LINE ( 'NONE', #2837, #1164 ) ;
#1308 = ORIENTED_EDGE ( 'NONE', *, *, #2954, .F. ) ;
#1309 = FACE_OUTER_BOUND ( 'NONE', #3238, .T. ) ;
#1310 = DIRECTION ( 'NONE',  ( 1.000000000000000000, 0.000000000000000000, 0.000000000000000000 ) ) ;
#1311 = ORIENTED_EDGE ( 'NONE', *, *, #4575, .T. ) ;
#1312 = ORIENTED_EDGE ( 'NONE', *, *, #2953, .F. ) ;
#1313 = VERTEX_POINT ( 'NONE', #4193 ) ;
#1314 = CARTESIAN_POINT ( 'NONE',  ( -16.21496222574229051, -25.22129294843106706, -4.002000000000000668 ) ) ;
#1315 = EDGE_CURVE ( 'NONE', #2844, #2817, #1592, .T. ) ;
#1316 = CARTESIAN_POINT ( 'NONE',  ( -17.96496222574226564, 27.02870705156890097, 3.292323440001584611 ) ) ;
#1317 = FACE_BOUND ( 'NONE', #4155, .T. ) ;
#1318 = DIRECTION ( 'NONE',  ( -0.000000000000000000, 0.000000000000000000, 1.000000000000000000 ) ) ;
#1319 = EDGE_CURVE ( 'NONE', #2665, #304, #1522, .T. ) ;
#1320 = DIRECTION ( 'NONE',  ( 1.000000000000000000, 0.000000000000000000, 0.000000000000000000 ) ) ;
#1321 = EDGE_LOOP ( 'NONE', ( #1856, #1388, #572, #3331, #1046, #3903, #2895, #725, #3946, #2956, #1929, #2512, #4340, #1604, #4670, #3132, #2734, #1558, #1306, #578, #1709, #1503, #1861, #1389, #1172, #519, #762, #2606, #1183, #4673, #2733, #3780, #2093, #749, #3433, #130, #3990, #2326, #1957, #191, #1883, #4264, #3911, #3237, #4283, #3284, #4037, #4489, #1937, #4202, #4578, #4510, #622, #3951 ) ) ;
#1322 = VERTEX_POINT ( 'NONE', #369 ) ;
#1323 = DIRECTION ( 'NONE',  ( 1.000000000000000000, 0.000000000000000000, 0.000000000000000000 ) ) ;
#1324 = DIRECTION ( 'NONE',  ( 0.000000000000000000, 0.000000000000000000, -1.000000000000000000 ) ) ;
#1325 = DIRECTION ( 'NONE',  ( 1.156482317317871725E-16, -1.000000000000000000, -4.357881996052697634E-33 ) ) ;
#1326 = DIRECTION ( 'NONE',  ( 1.000000000000000000, 0.000000000000000000, 0.000000000000000000 ) ) ;
#1327 = VECTOR ( 'NONE', #582, 1000.000000000000000 ) ;
#1328 = ADVANCED_FACE ( 'NONE', ( #4617 ), #44, .F. ) ;
#1329 = CARTESIAN_POINT ( 'NONE',  ( -16.21496222574226564, -22.47129294843110969, 3.292323440001584611 ) ) ;
#1330 = ORIENTED_EDGE ( 'NONE', *, *, #3054, .F. ) ;
#1331 = DIRECTION ( 'NONE',  ( -1.000000000000000000, 0.000000000000000000, 0.000000000000000000 ) ) ;
#1332 = ORIENTED_EDGE ( 'NONE', *, *, #271, .F. ) ;
#1333 = AXIS2_PLACEMENT_3D ( 'NONE', #3740, #3369, #4070 ) ;
#1334 = CARTESIAN_POINT ( 'NONE',  ( 2.015431251695973813, 11.01227139059988147, 9.999999999999998224 ) ) ;
#1335 = CARTESIAN_POINT ( 'NONE',  ( -7.735828614373006620E-15, 28.61449348919580515, 8.999999999999998224 ) ) ;
#1336 = VERTEX_POINT ( 'NONE', #3042 ) ;
#1337 = ORIENTED_EDGE ( 'NONE', *, *, #4205, .T. ) ;
#1338 = DIRECTION ( 'NONE',  ( -0.000000000000000000, -0.000000000000000000, 1.000000000000000000 ) ) ;
#1339 = VECTOR ( 'NONE', #2329, 1000.000000000000000 ) ;
#1340 = DIRECTION ( 'NONE',  ( -0.000000000000000000, -0.000000000000000000, 1.000000000000000000 ) ) ;
#1341 = CIRCLE ( 'NONE', #1102, 2.707106781186550126 ) ;
#1342 = DIRECTION ( 'NONE',  ( 0.000000000000000000, 0.000000000000000000, -1.000000000000000000 ) ) ;
#1343 = CARTESIAN_POINT ( 'NONE',  ( 9.197601288496683125, 28.40738670800926258, 8.499999999999998224 ) ) ;
#1344 = VECTOR ( 'NONE', #1294, 1000.000000000000000 ) ;
#1345 = DIRECTION ( 'NONE',  ( 0.000000000000000000, -0.000000000000000000, -1.000000000000000000 ) ) ;
#1346 = EDGE_CURVE ( 'NONE', #2211, #2830, #4946, .T. ) ;
#1347 = AXIS2_PLACEMENT_3D ( 'NONE', #4295, #2020, #2826 ) ;
#1348 = AXIS2_PLACEMENT_3D ( 'NONE', #308, #1834, #1455 ) ;
#1349 = EDGE_CURVE ( 'NONE', #3081, #2932, #348, .T. ) ;
#1350 = CARTESIAN_POINT ( 'NONE',  ( -16.46496222574226920, 27.02870705156890097, 8.999999999999998224 ) ) ;
#1351 = CARTESIAN_POINT ( 'NONE',  ( 18.74214455544428759, 3.251243815048010130E-15, 9.292893218813443212 ) ) ;
#1352 = CARTESIAN_POINT ( 'NONE',  ( -10.88296222574226668, -25.62529294843109540, -0.1000000000000002554 ) ) ;
#1353 = DIRECTION ( 'NONE',  ( -0.000000000000000000, -0.000000000000000000, 1.000000000000000000 ) ) ;
#1354 = CONICAL_SURFACE ( 'NONE', #3275, 0.9393398282201738114, 0.7853981633974452814 ) ;
#1355 = DIRECTION ( 'NONE',  ( 1.734723475976807341E-16, -1.000000000000000000, 0.000000000000000000 ) ) ;
#1356 = ORIENTED_EDGE ( 'NONE', *, *, #3405, .T. ) ;
#1357 = CARTESIAN_POINT ( 'NONE',  ( 16.03503777425773791, -28.55707938605798546, 9.999999999999998224 ) ) ;
#1358 = EDGE_LOOP ( 'NONE', ( #3797, #2354, #641, #2504 ) ) ;
#1359 = CARTESIAN_POINT ( 'NONE',  ( 12.21093530270484706, 13.48838797301253933, 8.499999999999998224 ) ) ;
#1360 = VECTOR ( 'NONE', #1601, 1000.000000000000000 ) ;
#1361 = LINE ( 'NONE', #2891, #2123 ) ;
#1362 = AXIS2_PLACEMENT_3D ( 'NONE', #1665, #192, #1290 ) ;
#1363 = ORIENTED_EDGE ( 'NONE', *, *, #4160, .F. ) ;
#1364 = EDGE_LOOP ( 'NONE', ( #3138, #4289, #2315, #215 ) ) ;
#1365 = EDGE_LOOP ( 'NONE', ( #1227, #548, #2066, #1051 ) ) ;
#1366 = CARTESIAN_POINT ( 'NONE',  ( -16.46496222574226920, 30.02870705156890097, 3.292323440001584611 ) ) ;
#1367 = CYLINDRICAL_SURFACE ( 'NONE', #4871, 1.000000000000000888 ) ;
#1368 = CARTESIAN_POINT ( 'NONE',  ( -16.21496222574226564, -22.47129294843110969, 9.999999999999998224 ) ) ;
#1369 = ADVANCED_FACE ( 'NONE', ( #1192 ), #21, .F. ) ;
#1370 = VECTOR ( 'NONE', #1171, 1000.000000000000000 ) ;
#1371 = CARTESIAN_POINT ( 'NONE',  ( 0.000000000000000000, -27.91063277665126208, 8.939339828220180806 ) ) ;
#1372 = AXIS2_PLACEMENT_3D ( 'NONE', #2075, #1672, #3655 ) ;
#1373 = CARTESIAN_POINT ( 'NONE',  ( 3.854075575427002853, 19.84070686846390430, 9.999999999999998224 ) ) ;
#1374 = CARTESIAN_POINT ( 'NONE',  ( 16.53503777425773080, 26.27870705156888320, 3.292323440001584611 ) ) ;
#1375 = EDGE_CURVE ( 'NONE', #2591, #524, #1543, .T. ) ;
#1376 = CYLINDRICAL_SURFACE ( 'NONE', #710, 1.074999999999999512 ) ;
#1377 = FACE_BOUND ( 'NONE', #841, .T. ) ;
#1378 = EDGE_CURVE ( 'NONE', #498, #3566, #396, .T. ) ;
#1379 = DIRECTION ( 'NONE',  ( 1.000000000000000000, 3.469446951953611033E-15, 0.000000000000000000 ) ) ;
#1380 = CARTESIAN_POINT ( 'NONE',  ( -16.46496222574226209, -26.97129294843108838, 9.999999999999998224 ) ) ;
#1381 = ORIENTED_EDGE ( 'NONE', *, *, #2562, .T. ) ;
#1382 = LINE ( 'NONE', #971, #2522 ) ;
#1383 = ORIENTED_EDGE ( 'NONE', *, *, #2278, .T. ) ;
#1384 = CARTESIAN_POINT ( 'NONE',  ( 4.793649565339142882, 12.66714344531767900, 9.999999999999998224 ) ) ;
#1385 = APPLICATION_CONTEXT ( 'automotive_design' ) ;
#1386 = PLANE ( 'NONE',  #3652 ) ;
#1387 = EDGE_LOOP ( 'NONE', ( #286, #764 ) ) ;
#1388 = ORIENTED_EDGE ( 'NONE', *, *, #1015, .F. ) ;
#1389 = ORIENTED_EDGE ( 'NONE', *, *, #4791, .T. ) ;
#1390 = CARTESIAN_POINT ( 'NONE',  ( -16.46496222574226920, 27.02870705156890097, 9.999999999999998224 ) ) ;
#1391 = DIRECTION ( 'NONE',  ( -1.156482317317871971E-16, 1.000000000000000000, 0.000000000000000000 ) ) ;
#1392 = CARTESIAN_POINT ( 'NONE',  ( 15.78503777425773613, -22.47129294843107417, 8.499999999999998224 ) ) ;
#1393 = ADVANCED_FACE ( 'NONE', ( #3815, #4917 ), #4593, .T. ) ;
#1394 = CARTESIAN_POINT ( 'NONE',  ( 9.504204806870928834, -28.47129294843108482, 8.378679656440352730 ) ) ;
#1395 = DIRECTION ( 'NONE',  ( 0.000000000000000000, 0.000000000000000000, -1.000000000000000000 ) ) ;
#1396 = ADVANCED_FACE ( 'NONE', ( #3789 ), #3391, .F. ) ;
#1397 = CARTESIAN_POINT ( 'NONE',  ( 16.03503777425773791, 28.52870705156890807, 8.378679656440352730 ) ) ;
#1398 = FACE_OUTER_BOUND ( 'NONE', #2870, .T. ) ;
#1399 = PLANE ( 'NONE',  #4323 ) ;
#1400 = AXIS2_PLACEMENT_3D ( 'NONE', #264, #3310, #3732 ) ;
#1401 = VECTOR ( 'NONE', #2792, 1000.000000000000000 ) ;
#1402 = FACE_OUTER_BOUND ( 'NONE', #4637, .T. ) ;
#1403 = ADVANCED_FACE ( 'NONE', ( #1166 ), #3416, .F. ) ;
#1404 = ORIENTED_EDGE ( 'NONE', *, *, #4251, .F. ) ;
#1405 = CARTESIAN_POINT ( 'NONE',  ( -16.96496222574226564, 19.77870705156889031, 8.499999999999998224 ) ) ;
#1406 = EDGE_LOOP ( 'NONE', ( #4029, #454, #1012, #3158 ) ) ;
#1407 = CARTESIAN_POINT ( 'NONE',  ( -18.05074866336917339, 27.02870705156890097, 8.999999999999996447 ) ) ;
#1408 = CIRCLE ( 'NONE', #373, 2.749999999999995559 ) ;
#1409 = DIRECTION ( 'NONE',  ( 1.000000000000000000, 0.000000000000000000, 0.000000000000000000 ) ) ;
#1410 = AXIS2_PLACEMENT_3D ( 'NONE', #261, #1783, #4456 ) ;
#1411 = CIRCLE ( 'NONE', #3004, 3.000000000000000888 ) ;
#1412 = ORIENTED_EDGE ( 'NONE', *, *, #2368, .T. ) ;
#1413 = CARTESIAN_POINT ( 'NONE',  ( 17.62082421188464210, 3.056725742641680849E-15, 9.999999999999998224 ) ) ;
#1414 = CARTESIAN_POINT ( 'NONE',  ( 17.53503777425773080, 30.02870705156891162, -4.000000000000000000 ) ) ;
#1415 = ADVANCED_FACE ( 'NONE', ( #2696 ), #3092, .F. ) ;
#1416 = CARTESIAN_POINT ( 'NONE',  ( 15.78503777425776100, 19.77870705156889031, 8.499999999999998224 ) ) ;
#1417 = AXIS2_PLACEMENT_3D ( 'NONE', #4546, #2319, #4643 ) ;
#1418 = VERTEX_POINT ( 'NONE', #2726 ) ;
#1419 = CARTESIAN_POINT ( 'NONE',  ( -16.46496222574226920, 28.52870705156889741, 3.292323440001584611 ) ) ;
#1420 = CARTESIAN_POINT ( 'NONE',  ( 17.53503777425774146, -18.72129294843107417, 8.378679656440352730 ) ) ;
#1421 = AXIS2_PLACEMENT_3D ( 'NONE', #2257, #3379, #1151 ) ;
#1422 = AXIS2_PLACEMENT_3D ( 'NONE', #854, #1570, #752 ) ;
#1423 = PLANE ( 'NONE',  #1822 ) ;
#1424 = CARTESIAN_POINT ( 'NONE',  ( 10.45303777425773362, 25.68270705156890443, -0.1000000000000002554 ) ) ;
#1425 = CARTESIAN_POINT ( 'NONE',  ( -3.389963385410266206, 19.84070686846390430, 8.499999999999998224 ) ) ;
#1426 = AXIS2_PLACEMENT_3D ( 'NONE', #2239, #1342, #2567 ) ;
#1427 = VECTOR ( 'NONE', #4378, 1000.000000000000000 ) ;
#1428 = VECTOR ( 'NONE', #1940, 1000.000000000000000 ) ;
#1429 = VERTEX_POINT ( 'NONE', #3017 ) ;
#1430 = ORIENTED_EDGE ( 'NONE', *, *, #3847, .F. ) ;
#1431 = LINE ( 'NONE', #3776, #4920 ) ;
#1432 = DIRECTION ( 'NONE',  ( 1.000000000000000000, 0.000000000000000000, 0.000000000000000000 ) ) ;
#1433 = DIRECTION ( 'NONE',  ( -1.000000000000000000, 0.000000000000000000, -0.000000000000000000 ) ) ;
#1434 = ADVANCED_FACE ( 'NONE', ( #4148 ), #802, .T. ) ;
#1435 = ORIENTED_EDGE ( 'NONE', *, *, #3489, .F. ) ;
#1436 = CARTESIAN_POINT ( 'NONE',  ( 16.03503777425773436, 27.02870705156891162, 3.292323440001584611 ) ) ;
#1437 = ORIENTED_EDGE ( 'NONE', *, *, #1375, .T. ) ;
#1438 = EDGE_CURVE ( 'NONE', #3385, #742, #1123, .T. ) ;
#1439 = CARTESIAN_POINT ( 'NONE',  ( 15.78503777425776988, 25.27870705156888320, 3.292323440001584611 ) ) ;
#1440 = CARTESIAN_POINT ( 'NONE',  ( -13.88296222574226668, -25.62529294843109540, 8.499999999999998224 ) ) ;
#1441 = ADVANCED_FACE ( 'NONE', ( #580 ), #167, .F. ) ;
#1442 = CARTESIAN_POINT ( 'NONE',  ( 15.78503777425776988, 25.27870705156888320, -4.002000000000000668 ) ) ;
#1443 = ADVANCED_FACE ( 'NONE', ( #502 ), #2394, .F. ) ;
#1444 = EDGE_LOOP ( 'NONE', ( #1629, #1612 ) ) ;
#1445 = CARTESIAN_POINT ( 'NONE',  ( -16.21496222574226564, -22.47129294843110969, -3.000000000000002665 ) ) ;
#1446 = DIRECTION ( 'NONE',  ( -0.000000000000000000, -0.000000000000000000, 1.000000000000000000 ) ) ;
#1447 = CIRCLE ( 'NONE', #4247, 3.000000000000000000 ) ;
#1448 = LINE ( 'NONE', #2581, #3981 ) ;
#1449 = DIRECTION ( 'NONE',  ( -1.000000000000000000, -2.703465157366452467E-16, 0.000000000000000000 ) ) ;
#1450 = FACE_OUTER_BOUND ( 'NONE', #3637, .T. ) ;
#1451 = VECTOR ( 'NONE', #259, 1000.000000000000000 ) ;
#1452 = ORIENTED_EDGE ( 'NONE', *, *, #3030, .T. ) ;
#1453 = EDGE_LOOP ( 'NONE', ( #4280, #3205, #1894, #2843 ) ) ;
#1454 = DIRECTION ( 'NONE',  ( -1.000000000000000000, 0.000000000000000000, 0.000000000000000000 ) ) ;
#1455 = DIRECTION ( 'NONE',  ( 1.000000000000000000, 0.000000000000000000, 0.000000000000000000 ) ) ;
#1456 = EDGE_CURVE ( 'NONE', #1061, #3879, #2748, .T. ) ;
#1457 = CARTESIAN_POINT ( 'NONE',  ( 14.18503777425769918, 22.52870705156892583, 5.000000000000001776 ) ) ;
#1458 = EDGE_CURVE ( 'NONE', #1085, #828, #1301, .T. ) ;
#1459 = VERTEX_POINT ( 'NONE', #3937 ) ;
#1460 = ORIENTED_EDGE ( 'NONE', *, *, #2760, .F. ) ;
#1461 = FACE_OUTER_BOUND ( 'NONE', #3662, .T. ) ;
#1462 = ORIENTED_EDGE ( 'NONE', *, *, #4073, .F. ) ;
#1463 = CARTESIAN_POINT ( 'NONE',  ( -16.21496222574229762, 22.52870705156889031, 3.292323440001584611 ) ) ;
#1464 = DIRECTION ( 'NONE',  ( -0.000000000000000000, -0.000000000000000000, 1.000000000000000000 ) ) ;
#1465 = DIRECTION ( 'NONE',  ( -0.000000000000000000, 0.000000000000000000, 1.000000000000000000 ) ) ;
#1466 = EDGE_LOOP ( 'NONE', ( #4258, #2829, #2753, #2492 ) ) ;
#1467 = EDGE_CURVE ( 'NONE', #1272, #4606, #3752, .T. ) ;
#1468 = EDGE_CURVE ( 'NONE', #1939, #4480, #488, .T. ) ;
#1469 = DIRECTION ( 'NONE',  ( 1.000000000000000000, 0.000000000000000000, 0.000000000000000000 ) ) ;
#1470 = DIRECTION ( 'NONE',  ( 1.298934084353236108E-16, -0.7071067811865454633, -0.7071067811865496822 ) ) ;
#1471 = EDGE_CURVE ( 'NONE', #165, #867, #3279, .T. ) ;
#1472 = CARTESIAN_POINT ( 'NONE',  ( 10.45303777425773362, 25.68270705156890443, 1.699999999999999289 ) ) ;
#1473 = CARTESIAN_POINT ( 'NONE',  ( 9.504204806870960809, 28.52870705156890452, 3.292323440001584611 ) ) ;
#1474 = ORIENTED_EDGE ( 'NONE', *, *, #3024, .T. ) ;
#1475 = ORIENTED_EDGE ( 'NONE', *, *, #1776, .F. ) ;
#1476 = LINE ( 'NONE', #2931, #3159 ) ;
#1477 = CARTESIAN_POINT ( 'NONE',  ( 0.000000000000000000, -28.97129294843108482, 9.999999999999998224 ) ) ;
#1478 = CARTESIAN_POINT ( 'NONE',  ( -7.714959791634054653, -28.47129294843108482, 6.892323440001584700 ) ) ;
#1479 = EDGE_CURVE ( 'NONE', #2662, #3500, #1764, .T. ) ;
#1480 = AXIS2_PLACEMENT_3D ( 'NONE', #868, #2381, #3904 ) ;
#1481 = EDGE_LOOP ( 'NONE', ( #1981, #4080, #541, #4700, #915, #405, #3207, #4794 ) ) ;
#1482 = ORIENTED_EDGE ( 'NONE', *, *, #2321, .F. ) ;
#1483 = DIRECTION ( 'NONE',  ( 1.000000000000000000, 0.000000000000000000, 0.000000000000000000 ) ) ;
#1484 = EDGE_LOOP ( 'NONE', ( #3072, #988, #2838, #4708 ) ) ;
#1485 = DIRECTION ( 'NONE',  ( 0.000000000000000000, -0.7071067811865451302, -0.7071067811865500152 ) ) ;
#1486 = DIRECTION ( 'NONE',  ( -1.000000000000000000, 0.000000000000000000, 0.000000000000000000 ) ) ;
#1487 = AXIS2_PLACEMENT_3D ( 'NONE', #688, #1062, #307 ) ;
#1488 = CYLINDRICAL_SURFACE ( 'NONE', #2767, 2.999999999999999112 ) ;
#1489 = VECTOR ( 'NONE', #3476, 1000.000000000000000 ) ;
#1490 = VERTEX_POINT ( 'NONE', #3217 ) ;
#1491 = CARTESIAN_POINT ( 'NONE',  ( -17.96496222574226564, 30.02870705156890097, -4.000000000000000000 ) ) ;
#1492 = VECTOR ( 'NONE', #1544, 1000.000000000000000 ) ;
#1493 = DIRECTION ( 'NONE',  ( 0.000000000000000000, -0.000000000000000000, -1.000000000000000000 ) ) ;
#1494 = DIRECTION ( 'NONE',  ( -0.000000000000000000, -0.000000000000000000, 1.000000000000000000 ) ) ;
#1495 = ADVANCED_FACE ( 'NONE', ( #4743 ), #3994, .T. ) ;
#1496 = PRODUCT_CONTEXT ( 'NONE', #1385, 'mechanical' ) ;
#1497 = DIRECTION ( 'NONE',  ( -0.000000000000000000, -0.000000000000000000, 1.000000000000000000 ) ) ;
#1498 = EDGE_CURVE ( 'NONE', #112, #621, #472, .T. ) ;
#1499 = VECTOR ( 'NONE', #1324, 1000.000000000000000 ) ;
#1500 = EDGE_CURVE ( 'NONE', #82, #2164, #2723, .T. ) ;
#1501 = ORIENTED_EDGE ( 'NONE', *, *, #1378, .T. ) ;
#1502 = AXIS2_PLACEMENT_3D ( 'NONE', #763, #3337, #287 ) ;
#1503 = ORIENTED_EDGE ( 'NONE', *, *, #501, .F. ) ;
#1504 = CARTESIAN_POINT ( 'NONE',  ( -12.64106361317945293, -22.11161202698745498, 8.499999999999998224 ) ) ;
#1505 = CARTESIAN_POINT ( 'NONE',  ( -16.21496222574229762, 22.52870705156889031, 9.999999999999998224 ) ) ;
#1506 = AXIS2_PLACEMENT_3D ( 'NONE', #2225, #1794, #2524 ) ;
#1507 = CARTESIAN_POINT ( 'NONE',  ( 16.53503777425773791, -19.72129294843107417, -4.002000000000000668 ) ) ;
#1508 =( GEOMETRIC_REPRESENTATION_CONTEXT ( 3 ) GLOBAL_UNCERTAINTY_ASSIGNED_CONTEXT ( ( #2775 ) ) GLOBAL_UNIT_ASSIGNED_CONTEXT ( ( #4197, #3822, #2295 ) ) REPRESENTATION_CONTEXT ( 'NONE', 'WORKASPACE' ) );
#1509 = ORIENTED_EDGE ( 'NONE', *, *, #4316, .T. ) ;
#1510 = EDGE_LOOP ( 'NONE', ( #1452, #411, #1143, #4179 ) ) ;
#1511 = FACE_BOUND ( 'NONE', #744, .T. ) ;
#1512 = ORIENTED_EDGE ( 'NONE', *, *, #1919, .F. ) ;
#1513 = LINE ( 'NONE', #2688, #3989 ) ;
#1514 = VECTOR ( 'NONE', #3538, 1000.000000000000000 ) ;
#1515 = DIRECTION ( 'NONE',  ( 1.000000000000000000, 0.000000000000000000, 0.000000000000000000 ) ) ;
#1516 = CARTESIAN_POINT ( 'NONE',  ( -16.21496222574229762, 22.52870705156889031, 8.499999999999998224 ) ) ;
#1517 = EDGE_LOOP ( 'NONE', ( #1173, #1534, #4328, #2432 ) ) ;
#1518 = AXIS2_PLACEMENT_3D ( 'NONE', #1048, #4092, #1486 ) ;
#1519 = CARTESIAN_POINT ( 'NONE',  ( 17.53503777425774146, -26.22129294843107061, -4.000000000000000000 ) ) ;
#1520 = FILL_AREA_STYLE ('',( #4220 ) ) ;
#1521 = EDGE_CURVE ( 'NONE', #2639, #719, #90, .T. ) ;
#1522 = CIRCLE ( 'NONE', #4874, 1.074999999999999512 ) ;
#1523 = DIRECTION ( 'NONE',  ( 1.000000000000000000, 0.000000000000000000, 0.000000000000000000 ) ) ;
#1524 = CARTESIAN_POINT ( 'NONE',  ( -13.46496222574230295, 22.52870705156889031, -4.002000000000000668 ) ) ;
#1525 = AXIS2_PLACEMENT_3D ( 'NONE', #1875, #3021, #4479 ) ;
#1526 = ORIENTED_EDGE ( 'NONE', *, *, #4745, .F. ) ;
#1527 = EDGE_CURVE ( 'NONE', #241, #4584, #483, .T. ) ;
#1528 = ORIENTED_EDGE ( 'NONE', *, *, #311, .T. ) ;
#1529 = CYLINDRICAL_SURFACE ( 'NONE', #246, 3.000000000000000888 ) ;
#1530 = EDGE_CURVE ( 'NONE', #620, #2817, #4718, .T. ) ;
#1531 = DIRECTION ( 'NONE',  ( 1.000000000000000000, 0.000000000000000000, 0.000000000000000000 ) ) ;
#1532 = STYLED_ITEM ( 'NONE', ( #1924 ), #2549 ) ;
#1533 = DIRECTION ( 'NONE',  ( 0.000000000000000000, 0.000000000000000000, 1.000000000000000000 ) ) ;
#1534 = ORIENTED_EDGE ( 'NONE', *, *, #3992, .T. ) ;
#1535 = ORIENTED_EDGE ( 'NONE', *, *, #2218, .T. ) ;
#1536 = DIRECTION ( 'NONE',  ( 0.000000000000000000, 0.000000000000000000, 1.000000000000000000 ) ) ;
#1537 = ORIENTED_EDGE ( 'NONE', *, *, #2825, .F. ) ;
#1538 = DIRECTION ( 'NONE',  ( -1.055766918266864661E-15, -0.7071067811865454633, 0.7071067811865496822 ) ) ;
#1539 = CARTESIAN_POINT ( 'NONE',  ( -10.14106361317946003, 13.48838797301254111, 8.499999999999994671 ) ) ;
#1540 = DIRECTION ( 'NONE',  ( -0.000000000000000000, 0.000000000000000000, 1.000000000000000000 ) ) ;
#1541 = VERTEX_POINT ( 'NONE', #139 ) ;
#1542 = ORIENTED_EDGE ( 'NONE', *, *, #4815, .F. ) ;
#1543 = LINE ( 'NONE', #4246, #3518 ) ;
#1544 = DIRECTION ( 'NONE',  ( 1.911638545475367042E-16, -0.7071067811865444641, 0.7071067811865505703 ) ) ;
#1545 = ADVANCED_FACE ( 'NONE', ( #927 ), #3964, .T. ) ;
#1546 = LINE ( 'NONE', #778, #4620 ) ;
#1547 = DIRECTION ( 'NONE',  ( 0.000000000000000000, -0.000000000000000000, -1.000000000000000000 ) ) ;
#1548 = EDGE_CURVE ( 'NONE', #1313, #1692, #1, .T. ) ;
#1549 = ORIENTED_EDGE ( 'NONE', *, *, #311, .F. ) ;
#1550 = ORIENTED_EDGE ( 'NONE', *, *, #4145, .F. ) ;
#1551 = DIRECTION ( 'NONE',  ( -1.000000000000000000, -1.156482317317871971E-16, 0.000000000000000000 ) ) ;
#1552 = PLANE ( 'NONE',  #632 ) ;
#1553 = CARTESIAN_POINT ( 'NONE',  ( -16.46496222574226920, 27.02870705156890097, 3.292323440001584611 ) ) ;
#1554 = ADVANCED_FACE ( 'NONE', ( #1716, #849 ), #4493, .T. ) ;
#1555 = ORIENTED_EDGE ( 'NONE', *, *, #2906, .T. ) ;
#1556 = ORIENTED_EDGE ( 'NONE', *, *, #1177, .T. ) ;
#1557 = DIRECTION ( 'NONE',  ( -1.000000000000000000, 0.000000000000000000, 0.000000000000000000 ) ) ;
#1558 = ORIENTED_EDGE ( 'NONE', *, *, #466, .F. ) ;
#1559 = FACE_OUTER_BOUND ( 'NONE', #4178, .T. ) ;
#1560 = FACE_OUTER_BOUND ( 'NONE', #367, .T. ) ;
#1561 = CARTESIAN_POINT ( 'NONE',  ( 19.03503777425774146, -26.97129294843108482, 3.292323440001584611 ) ) ;
#1562 = ORIENTED_EDGE ( 'NONE', *, *, #3615, .F. ) ;
#1563 = AXIS2_PLACEMENT_3D ( 'NONE', #1516, #1540, #4570 ) ;
#1564 = ORIENTED_EDGE ( 'NONE', *, *, #1897, .F. ) ;
#1565 = ADVANCED_FACE ( 'NONE', ( #675 ), #1367, .T. ) ;
#1566 = EDGE_LOOP ( 'NONE', ( #3311, #2724, #3961, #3478 ) ) ;
#1567 = DIRECTION ( 'NONE',  ( 0.000000000000000000, 0.000000000000000000, 1.000000000000000000 ) ) ;
#1568 = FACE_OUTER_BOUND ( 'NONE', #1517, .T. ) ;
#1569 = VECTOR ( 'NONE', #1353, 1000.000000000000000 ) ;
#1570 = DIRECTION ( 'NONE',  ( 0.000000000000000000, 0.000000000000000000, 1.000000000000000000 ) ) ;
#1571 = FACE_OUTER_BOUND ( 'NONE', #1611, .T. ) ;
#1572 = ORIENTED_EDGE ( 'NONE', *, *, #4472, .F. ) ;
#1573 = ORIENTED_EDGE ( 'NONE', *, *, #3583, .F. ) ;
#1574 = DIRECTION ( 'NONE',  ( 1.000000000000000000, 0.000000000000000000, 0.000000000000000000 ) ) ;
#1575 = DIRECTION ( 'NONE',  ( -0.000000000000000000, 0.000000000000000000, 1.000000000000000000 ) ) ;
#1576 = CARTESIAN_POINT ( 'NONE',  ( -17.84364188218262015, 19.25611888778356118, 8.499999999999998224 ) ) ;
#1577 = CIRCLE ( 'NONE', #4534, 2.292893218813450762 ) ;
#1578 = VERTEX_POINT ( 'NONE', #1440 ) ;
#1579 = EDGE_LOOP ( 'NONE', ( #2889, #2791, #2963, #874 ) ) ;
#1580 = DIRECTION ( 'NONE',  ( 1.000000000000000000, 0.000000000000000000, 0.000000000000000000 ) ) ;
#1581 = EDGE_LOOP ( 'NONE', ( #3830, #4491, #1724, #385 ) ) ;
#1582 = AXIS2_PLACEMENT_3D ( 'NONE', #630, #4844, #2146 ) ;
#1583 = LINE ( 'NONE', #3437, #2712 ) ;
#1584 = CARTESIAN_POINT ( 'NONE',  ( -16.46496222574226920, 28.52870705156890097, 8.378679656440352730 ) ) ;
#1585 = CIRCLE ( 'NONE', #1110, 1.000000000000000888 ) ;
#1586 = TOROIDAL_SURFACE ( 'NONE', #3820, 1.585786437626902634, 1.000000000000000000 ) ;
#1587 = ORIENTED_EDGE ( 'NONE', *, *, #2695, .F. ) ;
#1588 = AXIS2_PLACEMENT_3D ( 'NONE', #4059, #3333, #4787 ) ;
#1589 = ORIENTED_EDGE ( 'NONE', *, *, #772, .T. ) ;
#1590 = EDGE_LOOP ( 'NONE', ( #433, #3577, #1766, #664 ) ) ;
#1591 = EDGE_CURVE ( 'NONE', #2339, #895, #1069, .T. ) ;
#1592 = LINE ( 'NONE', #2340, #2479 ) ;
#1593 = EDGE_CURVE ( 'NONE', #1080, #3460, #243, .T. ) ;
#1594 = DIRECTION ( 'NONE',  ( 0.000000000000000000, 0.000000000000000000, 1.000000000000000000 ) ) ;
#1595 = VECTOR ( 'NONE', #1325, 1000.000000000000000 ) ;
#1596 = FACE_OUTER_BOUND ( 'NONE', #3258, .T. ) ;
#1597 = LINE ( 'NONE', #3449, #1126 ) ;
#1598 = AXIS2_PLACEMENT_3D ( 'NONE', #4370, #1214, #1693 ) ;
#1599 = ORIENTED_EDGE ( 'NONE', *, *, #1315, .T. ) ;
#1600 = VERTEX_POINT ( 'NONE', #3314 ) ;
#1601 = DIRECTION ( 'NONE',  ( 0.000000000000000000, 0.000000000000000000, 1.000000000000000000 ) ) ;
#1602 = CARTESIAN_POINT ( 'NONE',  ( -16.21496222574226564, -22.47129294843110969, 5.000000000000001776 ) ) ;
#1603 = DIRECTION ( 'NONE',  ( -1.889896820699124017E-15, -1.000000000000000000, 0.000000000000000000 ) ) ;
#1604 = ORIENTED_EDGE ( 'NONE', *, *, #32, .T. ) ;
#1605 = EDGE_CURVE ( 'NONE', #3460, #1490, #4439, .T. ) ;
#1606 = ORIENTED_EDGE ( 'NONE', *, *, #3806, .T. ) ;
#1607 = DIRECTION ( 'NONE',  ( 0.000000000000000000, 0.000000000000000000, 1.000000000000000000 ) ) ;
#1608 = ORIENTED_EDGE ( 'NONE', *, *, #4358, .F. ) ;
#1609 = CARTESIAN_POINT ( 'NONE',  ( 11.52803777425773468, 25.68270705156890443, 1.699999999999999289 ) ) ;
#1610 = CYLINDRICAL_SURFACE ( 'NONE', #853, 1.000000000000000888 ) ;
#1611 = EDGE_LOOP ( 'NONE', ( #1153, #12, #1297, #2057 ) ) ;
#1612 = ORIENTED_EDGE ( 'NONE', *, *, #3135, .F. ) ;
#1613 = EDGE_LOOP ( 'NONE', ( #4261, #4022, #1246, #771 ) ) ;
#1614 = DIRECTION ( 'NONE',  ( -0.000000000000000000, -0.000000000000000000, 1.000000000000000000 ) ) ;
#1615 = DIRECTION ( 'NONE',  ( -0.000000000000000000, -0.000000000000000000, 1.000000000000000000 ) ) ;
#1616 = ADVANCED_FACE ( 'NONE', ( #652 ), #3648, .F. ) ;
#1617 = LINE ( 'NONE', #506, #1262 ) ;
#1618 = CARTESIAN_POINT ( 'NONE',  ( -9.829754966686593320, -28.43649541895706534, 8.413477185914377543 ) ) ;
#1619 = CARTESIAN_POINT ( 'NONE',  ( 17.53503777425774501, -26.97129294843108482, 8.378679656440349177 ) ) ;
#1620 = ADVANCED_FACE ( 'NONE', ( #2595 ), #1790, .F. ) ;
#1621 = ORIENTED_EDGE ( 'NONE', *, *, #4858, .T. ) ;
#1622 = ORIENTED_EDGE ( 'NONE', *, *, #1805, .F. ) ;
#1623 = DIRECTION ( 'NONE',  ( 1.000000000000000000, 0.000000000000000000, 0.000000000000000000 ) ) ;
#1624 = CARTESIAN_POINT ( 'NONE',  ( -16.21496222574226564, -22.47129294843110969, 5.000000000000001776 ) ) ;
#1625 = DIRECTION ( 'NONE',  ( -1.000000000000000000, -0.000000000000000000, -0.000000000000000000 ) ) ;
#1626 = ORIENTED_EDGE ( 'NONE', *, *, #4377, .F. ) ;
#1627 = ORIENTED_EDGE ( 'NONE', *, *, #3540, .F. ) ;
#1628 = CARTESIAN_POINT ( 'NONE',  ( 2.452039483241733375, 19.84070686846390430, -4.001000000000001222 ) ) ;
#1629 = ORIENTED_EDGE ( 'NONE', *, *, #3274, .F. ) ;
#1630 = DIRECTION ( 'NONE',  ( -0.000000000000000000, 0.000000000000000000, 1.000000000000000000 ) ) ;
#1631 = EDGE_CURVE ( 'NONE', #834, #3541, #3269, .T. ) ;
#1632 = CARTESIAN_POINT ( 'NONE',  ( -16.46496222574226209, -26.97129294843108838, 3.292323440001584611 ) ) ;
#1633 = ORIENTED_EDGE ( 'NONE', *, *, #4484, .F. ) ;
#1634 = ORIENTED_EDGE ( 'NONE', *, *, #1958, .T. ) ;
#1635 = CARTESIAN_POINT ( 'NONE',  ( 9.504204806870960809, 28.52870705156890452, 8.378679656440354506 ) ) ;
#1636 = CARTESIAN_POINT ( 'NONE',  ( 17.53503777425773791, -18.72129294843107772, -4.000000000000000000 ) ) ;
#1637 = AXIS2_PLACEMENT_3D ( 'NONE', #3296, #3270, #4797 ) ;
#1638 = FACE_BOUND ( 'NONE', #3728, .T. ) ;
#1639 = AXIS2_PLACEMENT_3D ( 'NONE', #3513, #4714, #163 ) ;
#1640 = LINE ( 'NONE', #4399, #1344 ) ;
#1641 = DIRECTION ( 'NONE',  ( 0.000000000000000000, 0.000000000000000000, 1.000000000000000000 ) ) ;
#1642 = CIRCLE ( 'NONE', #1893, 1.499999999999999556 ) ;
#1643 = VERTEX_POINT ( 'NONE', #2968 ) ;
#1644 = EDGE_CURVE ( 'NONE', #2049, #3293, #216, .T. ) ;
#1645 = ORIENTED_EDGE ( 'NONE', *, *, #748, .T. ) ;
#1646 = CARTESIAN_POINT ( 'NONE',  ( -10.66696076089826661, 17.28171028643190610, 8.499999999999998224 ) ) ;
#1647 = ADVANCED_FACE ( 'NONE', ( #3716 ), #4795, .T. ) ;
#1648 = LINE ( 'NONE', #3948, #66 ) ;
#1649 = FACE_OUTER_BOUND ( 'NONE', #2741, .T. ) ;
#1650 =( BOUNDED_CURVE ( )  B_SPLINE_CURVE ( 3, ( #1082, #281, #4531, #1878 ),
 .UNSPECIFIED., .F., .F. ) 
 B_SPLINE_CURVE_WITH_KNOTS ( ( 4, 4 ),
 ( 2.709822862097186924, 2.819789510287909362 ),
 .UNSPECIFIED. ) 
 CURVE ( )  GEOMETRIC_REPRESENTATION_ITEM ( )  RATIONAL_B_SPLINE_CURVE ( ( 1.000000000000000000, 0.9989925318741211813, 0.9989925318741211813, 1.000000000000000000 ) ) 
 REPRESENTATION_ITEM ( '' )  );
#1651 = AXIS2_PLACEMENT_3D ( 'NONE', #2669, #3086, #4242 ) ;
#1652 = EDGE_CURVE ( 'NONE', #1735, #2945, #4629, .T. ) ;
#1653 = CARTESIAN_POINT ( 'NONE',  ( 13.45303777425773539, 25.68270705156890443, 8.499999999999998224 ) ) ;
#1654 = ORIENTED_EDGE ( 'NONE', *, *, #2324, .F. ) ;
#1655 = ORIENTED_EDGE ( 'NONE', *, *, #4645, .F. ) ;
#1656 = DIRECTION ( 'NONE',  ( -0.000000000000000000, -0.000000000000000000, 1.000000000000000000 ) ) ;
#1657 = VERTEX_POINT ( 'NONE', #2516 ) ;
#1658 = DIRECTION ( 'NONE',  ( -0.000000000000000000, -0.000000000000000000, -1.000000000000000000 ) ) ;
#1659 = DIRECTION ( 'NONE',  ( -0.000000000000000000, -1.000000000000000000, -0.000000000000000000 ) ) ;
#1660 = VECTOR ( 'NONE', #1004, 1000.000000000000000 ) ;
#1661 = VECTOR ( 'NONE', #4347, 1000.000000000000000 ) ;
#1662 = ORIENTED_EDGE ( 'NONE', *, *, #4824, .T. ) ;
#1663 = ORIENTED_EDGE ( 'NONE', *, *, #4675, .T. ) ;
#1664 = AXIS2_PLACEMENT_3D ( 'NONE', #4464, #2965, #1045 ) ;
#1665 = CARTESIAN_POINT ( 'NONE',  ( 10.45303777425773362, -25.62529294843109540, 1.699999999999999289 ) ) ;
#1666 = FACE_OUTER_BOUND ( 'NONE', #2683, .T. ) ;
#1667 = CIRCLE ( 'NONE', #2873, 3.000000000000000888 ) ;
#1668 = CIRCLE ( 'NONE', #2630, 2.749999999999995559 ) ;
#1669 = CARTESIAN_POINT ( 'NONE',  ( -13.88296222574226668, 25.68270705156890443, 1.699999999999999289 ) ) ;
#1670 = ADVANCED_FACE ( 'NONE', ( #2190 ), #4395, .F. ) ;
#1671 = CARTESIAN_POINT ( 'NONE',  ( -17.96496222574226564, 30.02870705156890097, 8.378679656440352730 ) ) ;
#1672 = DIRECTION ( 'NONE',  ( 0.000000000000000000, 0.000000000000000000, -1.000000000000000000 ) ) ;
#1673 = EDGE_CURVE ( 'NONE', #2821, #2285, #4767, .T. ) ;
#1674 = ORIENTED_EDGE ( 'NONE', *, *, #3675, .T. ) ;
#1675 = EDGE_LOOP ( 'NONE', ( #2259, #4118, #4916, #1528 ) ) ;
#1676 = DIRECTION ( 'NONE',  ( 1.000000000000000000, 2.312964634635742267E-15, 0.000000000000000000 ) ) ;
#1677 = AXIS2_PLACEMENT_3D ( 'NONE', #4331, #2082, #3175 ) ;
#1678 = CARTESIAN_POINT ( 'NONE',  ( 10.45303777425773362, 25.68270705156890443, 1.699999999999999289 ) ) ;
#1679 = DIRECTION ( 'NONE',  ( -0.000000000000000000, -0.000000000000000000, 1.000000000000000000 ) ) ;
#1680 = VECTOR ( 'NONE', #943, 1000.000000000000000 ) ;
#1681 = CARTESIAN_POINT ( 'NONE',  ( -10.88296222574226668, 25.68270705156890443, 8.499999999999998224 ) ) ;
#1682 = EDGE_CURVE ( 'NONE', #2065, #4253, #2941, .T. ) ;
#1683 = ORIENTED_EDGE ( 'NONE', *, *, #3368, .T. ) ;
#1684 = EDGE_CURVE ( 'NONE', #1943, #4929, #2638, .T. ) ;
#1685 = ORIENTED_EDGE ( 'NONE', *, *, #4209, .T. ) ;
#1686 = CARTESIAN_POINT ( 'NONE',  ( 9.378037774257734327, -25.62529294843109540, -0.1000000000000002554 ) ) ;
#1687 = ORIENTED_EDGE ( 'NONE', *, *, #2, .T. ) ;
#1688 = LINE ( 'NONE', #3209, #237 ) ;
#1689 = DIRECTION ( 'NONE',  ( 0.000000000000000000, 0.000000000000000000, 1.000000000000000000 ) ) ;
#1690 = AXIS2_PLACEMENT_3D ( 'NONE', #508, #4748, #530 ) ;
#1691 = ORIENTED_EDGE ( 'NONE', *, *, #1033, .T. ) ;
#1692 = VERTEX_POINT ( 'NONE', #1742 ) ;
#1693 = DIRECTION ( 'NONE',  ( 1.000000000000000000, 0.000000000000000000, 0.000000000000000000 ) ) ;
#1694 = FACE_OUTER_BOUND ( 'NONE', #1180, .T. ) ;
#1695 = DIRECTION ( 'NONE',  ( 1.000000000000000000, 0.000000000000000000, 0.000000000000000000 ) ) ;
#1696 = CARTESIAN_POINT ( 'NONE',  ( -10.14106361317946003, 13.48838797301254111, 9.999999999999998224 ) ) ;
#1697 = DIRECTION ( 'NONE',  ( 1.000000000000000000, -0.000000000000000000, -0.000000000000000000 ) ) ;
#1698 = ADVANCED_FACE ( 'NONE', ( #4469 ), #2076, .T. ) ;
#1699 = EDGE_CURVE ( 'NONE', #2035, #865, #2668, .T. ) ;
#1700 = EDGE_LOOP ( 'NONE', ( #3954, #1019, #994, #4592 ) ) ;
#1701 = ORIENTED_EDGE ( 'NONE', *, *, #677, .F. ) ;
#1702 = LINE ( 'NONE', #2856, #4699 ) ;
#1703 = DIRECTION ( 'NONE',  ( -1.000000000000000000, 0.000000000000000000, 0.000000000000000000 ) ) ;
#1704 = CYLINDRICAL_SURFACE ( 'NONE', #253, 1.402036092185269034 ) ;
#1705 = CARTESIAN_POINT ( 'NONE',  ( -7.714959791634052877, -11.83278339979662874, 3.292323440001584611 ) ) ;
#1706 = DIRECTION ( 'NONE',  ( 1.000000000000000000, -1.889896820699124412E-15, 0.000000000000000000 ) ) ;
#1707 = ORIENTED_EDGE ( 'NONE', *, *, #4770, .F. ) ;
#1708 = CARTESIAN_POINT ( 'NONE',  ( -16.46496222574226209, -28.55707938605798901, 9.000000000000000000 ) ) ;
#1709 = ORIENTED_EDGE ( 'NONE', *, *, #835, .F. ) ;
#1710 = DIRECTION ( 'NONE',  ( 1.000000000000000000, 0.000000000000000000, 0.000000000000000000 ) ) ;
#1711 = DIRECTION ( 'NONE',  ( 0.000000000000000000, -1.000000000000000000, 0.000000000000000000 ) ) ;
#1712 = EDGE_LOOP ( 'NONE', ( #3000, #4889, #3458, #2453, #3146 ) ) ;
#1713 = ORIENTED_EDGE ( 'NONE', *, *, #3545, .T. ) ;
#1714 = ORIENTED_EDGE ( 'NONE', *, *, #1346, .T. ) ;
#1715 = ADVANCED_FACE ( 'NONE', ( #2313 ), #1865, .T. ) ;
#1716 = FACE_BOUND ( 'NONE', #3236, .T. ) ;
#1717 = DIRECTION ( 'NONE',  ( -1.000000000000000000, -2.703465157366451974E-16, -1.743152798421071938E-32 ) ) ;
#1718 = ADVANCED_FACE ( 'NONE', ( #1560 ), #1354, .F. ) ;
#1719 = DIRECTION ( 'NONE',  ( -0.000000000000000000, -0.000000000000000000, -1.000000000000000000 ) ) ;
#1720 = CARTESIAN_POINT ( 'NONE',  ( -9.727450725633168815, -28.39601452122300884, 8.453958083648430488 ) ) ;
#1721 = DIRECTION ( 'NONE',  ( 0.000000000000000000, 0.000000000000000000, 1.000000000000000000 ) ) ;
#1722 = AXIS2_PLACEMENT_3D ( 'NONE', #1960, #2411, #1557 ) ;
#1723 = VECTOR ( 'NONE', #690, 1000.000000000000000 ) ;
#1724 = ORIENTED_EDGE ( 'NONE', *, *, #1471, .T. ) ;
#1725 = VECTOR ( 'NONE', #3028, 1000.000000000000000 ) ;
#1726 = DIRECTION ( 'NONE',  ( 1.000000000000000000, 0.000000000000000000, 0.000000000000000000 ) ) ;
#1727 = DIRECTION ( 'NONE',  ( 0.000000000000000000, 0.000000000000000000, -1.000000000000000000 ) ) ;
#1728 = DIRECTION ( 'NONE',  ( 1.000000000000000000, 0.000000000000000000, 0.000000000000000000 ) ) ;
#1729 = EDGE_CURVE ( 'NONE', #3306, #2246, #4715, .T. ) ;
#1730 = DIRECTION ( 'NONE',  ( 1.000000000000000000, 0.000000000000000000, 0.000000000000000000 ) ) ;
#1731 = VECTOR ( 'NONE', #1326, 1000.000000000000000 ) ;
#1732 = CARTESIAN_POINT ( 'NONE',  ( 16.97437760247791516, 2.944585131711334415E-15, 8.939339828220180806 ) ) ;
#1733 = ORIENTED_EDGE ( 'NONE', *, *, #713, .T. ) ;
#1734 = DIRECTION ( 'NONE',  ( 1.000000000000000000, 0.000000000000000000, 0.000000000000000000 ) ) ;
#1735 = VERTEX_POINT ( 'NONE', #2644 ) ;
#1736 = CIRCLE ( 'NONE', #4528, 1.000000000000000888 ) ;
#1737 = DIRECTION ( 'NONE',  ( 0.000000000000000000, 1.000000000000000000, -0.000000000000000000 ) ) ;
#1738 = DIRECTION ( 'NONE',  ( -0.000000000000000000, -0.000000000000000000, -1.000000000000000000 ) ) ;
#1739 = ORIENTED_EDGE ( 'NONE', *, *, #3144, .T. ) ;
#1740 = ORIENTED_EDGE ( 'NONE', *, *, #423, .F. ) ;
#1741 = ORIENTED_EDGE ( 'NONE', *, *, #424, .T. ) ;
#1742 = CARTESIAN_POINT ( 'NONE',  ( -11.95796222574226597, 25.68270705156890443, 1.699999999999999289 ) ) ;
#1743 = AXIS2_PLACEMENT_3D ( 'NONE', #1624, #79, #1275 ) ;
#1744 = CYLINDRICAL_SURFACE ( 'NONE', #1333, 1.600000000000002531 ) ;
#1745 = EDGE_CURVE ( 'NONE', #3963, #4929, #402, .T. ) ;
#1746 = AXIS2_PLACEMENT_3D ( 'NONE', #2976, #2653, #1874 ) ;
#1747 = EDGE_CURVE ( 'NONE', #3306, #4601, #1941, .T. ) ;
#1748 = LINE ( 'NONE', #2577, #2244 ) ;
#1749 = AXIS2_PLACEMENT_3D ( 'NONE', #1445, #4119, #4444 ) ;
#1750 = LINE ( 'NONE', #2853, #663 ) ;
#1751 = AXIS2_PLACEMENT_3D ( 'NONE', #2140, #3339, #1022 ) ;
#1752 = VECTOR ( 'NONE', #973, 1000.000000000000000 ) ;
#1753 = FACE_OUTER_BOUND ( 'NONE', #3848, .T. ) ;
#1754 = CARTESIAN_POINT ( 'NONE',  ( 7.285040208365947123, -29.97129294843108838, -0.3076765599984150334 ) ) ;
#1755 = PLANE ( 'NONE',  #2803 ) ;
#1756 = DIRECTION ( 'NONE',  ( 1.000000000000000000, 0.000000000000000000, 0.000000000000000000 ) ) ;
#1757 = CIRCLE ( 'NONE', #3192, 1.600000000000000755 ) ;
#1758 = FACE_OUTER_BOUND ( 'NONE', #111, .T. ) ;
#1759 = ORIENTED_EDGE ( 'NONE', *, *, #403, .F. ) ;
#1760 = FACE_OUTER_BOUND ( 'NONE', #3154, .T. ) ;
#1761 = VERTEX_POINT ( 'NONE', #4540 ) ;
#1762 = CARTESIAN_POINT ( 'NONE',  ( 15.78503777425770060, 22.52870705156892583, -4.002000000000000668 ) ) ;
#1763 = CARTESIAN_POINT ( 'NONE',  ( -10.88296222574226668, -25.62529294843109540, 1.699999999999999289 ) ) ;
#1764 = CIRCLE ( 'NONE', #2400, 3.000000000000000000 ) ;
#1765 = VERTEX_POINT ( 'NONE', #2618 ) ;
#1766 = ORIENTED_EDGE ( 'NONE', *, *, #1456, .F. ) ;
#1767 = ORIENTED_EDGE ( 'NONE', *, *, #3426, .T. ) ;
#1768 = CARTESIAN_POINT ( 'NONE',  ( -3.389963385410266206, 19.84070686846390430, 9.999999999999998224 ) ) ;
#1769 = DIRECTION ( 'NONE',  ( 1.000000000000000000, -1.889896820699131511E-15, 0.000000000000000000 ) ) ;
#1770 = LINE ( 'NONE', #4419, #4448 ) ;
#1771 = EDGE_CURVE ( 'NONE', #2333, #3974, #726, .T. ) ;
#1772 = CIRCLE ( 'NONE', #2491, 1.074999999999999512 ) ;
#1773 = PLANE ( 'NONE',  #69 ) ;
#1774 = VECTOR ( 'NONE', #2780, 1000.000000000000000 ) ;
#1775 = LINE ( 'NONE', #4898, #417 ) ;
#1776 = EDGE_CURVE ( 'NONE', #2938, #3057, #3507, .T. ) ;
#1777 = CARTESIAN_POINT ( 'NONE',  ( -17.92367420541035727, -25.89118113484562045, 8.419967676772257548 ) ) ;
#1778 = CARTESIAN_POINT ( 'NONE',  ( 17.53503777425772725, 26.11106913990269618, 8.378679656440356283 ) ) ;
#1779 = CARTESIAN_POINT ( 'NONE',  ( 15.78503777425773613, -22.47129294843107417, 3.292323440001584611 ) ) ;
#1780 = EDGE_CURVE ( 'NONE', #2990, #3260, #1816, .T. ) ;
#1781 = VERTEX_POINT ( 'NONE', #3012 ) ;
#1782 = VERTEX_POINT ( 'NONE', #3927 ) ;
#1783 = DIRECTION ( 'NONE',  ( -1.734723475976806848E-16, 1.000000000000000000, -1.232595164407830946E-32 ) ) ;
#1784 = VERTEX_POINT ( 'NONE', #4188 ) ;
#1785 = DIRECTION ( 'NONE',  ( 0.000000000000000000, -1.000000000000000000, 0.000000000000000000 ) ) ;
#1786 = CARTESIAN_POINT ( 'NONE',  ( 14.18503777425773293, -22.47129294843107417, 5.000000000000001776 ) ) ;
#1788 = EDGE_CURVE ( 'NONE', #711, #3356, #1757, .T. ) ;
#1787 = VERTEX_POINT ( 'NONE', #1539 ) ;
#1789 = DIRECTION ( 'NONE',  ( 1.204669080539449344E-16, 0.000000000000000000, -1.000000000000000000 ) ) ;
#1790 = PLANE ( 'NONE',  #1836 ) ;
#1791 = CARTESIAN_POINT ( 'NONE',  ( -16.46496222574226920, 27.02870705156890097, 8.585786437626900636 ) ) ;
#1792 = CARTESIAN_POINT ( 'NONE',  ( -10.88296222574226668, 25.68270705156890443, -0.1000000000000002554 ) ) ;
#1793 = DIRECTION ( 'NONE',  ( -0.000000000000000000, -0.000000000000000000, 1.000000000000000000 ) ) ;
#1794 = DIRECTION ( 'NONE',  ( -0.000000000000000000, -0.000000000000000000, -1.000000000000000000 ) ) ;
#1795 = CARTESIAN_POINT ( 'NONE',  ( -16.46496222574226920, 30.02870705156890097, 8.999999999999991118 ) ) ;
#1796 = DIRECTION ( 'NONE',  ( 1.000000000000000000, 0.000000000000000000, 0.000000000000000000 ) ) ;
#1797 = TOROIDAL_SURFACE ( 'NONE', #2039, 1.999999999999997780, 1.000000000000000000 ) ;
#1798 = ADVANCED_FACE ( 'NONE', ( #4611, #2720 ), #3387, .T. ) ;
#1799 = VECTOR ( 'NONE', #2109, 1000.000000000000000 ) ;
#1800 = ORIENTED_EDGE ( 'NONE', *, *, #62, .F. ) ;
#1801 = FACE_OUTER_BOUND ( 'NONE', #3607, .T. ) ;
#1802 = EDGE_CURVE ( 'NONE', #3125, #1600, #2396, .T. ) ;
#1803 = ORIENTED_EDGE ( 'NONE', *, *, #3426, .F. ) ;
#1804 = FACE_OUTER_BOUND ( 'NONE', #2373, .T. ) ;
#1805 = EDGE_CURVE ( 'NONE', #395, #695, #4569, .T. ) ;
#1806 = DIRECTION ( 'NONE',  ( 0.000000000000000000, -0.000000000000000000, -1.000000000000000000 ) ) ;
#1807 = AXIS2_PLACEMENT_3D ( 'NONE', #716, #3052, #2306 ) ;
#1808 = FACE_OUTER_BOUND ( 'NONE', #1838, .T. ) ;
#1809 = CIRCLE ( 'NONE', #4621, 1.000000000000000888 ) ;
#1810 = EDGE_LOOP ( 'NONE', ( #1767, #2417 ) ) ;
#1811 = DIRECTION ( 'NONE',  ( -1.734723475976806848E-16, 1.000000000000000000, -1.232595164407830946E-32 ) ) ;
#1812 = ORIENTED_EDGE ( 'NONE', *, *, #299, .T. ) ;
#1813 = DIRECTION ( 'NONE',  ( -0.000000000000000000, -0.000000000000000000, 1.000000000000000000 ) ) ;
#1814 = DIRECTION ( 'NONE',  ( -0.000000000000000000, -0.000000000000000000, 1.000000000000000000 ) ) ;
#1815 = CARTESIAN_POINT ( 'NONE',  ( 17.53503777425774146, -26.22129294843107061, 3.292323440001584611 ) ) ;
#1816 =( BOUNDED_CURVE ( )  B_SPLINE_CURVE ( 3, ( #363, #1890, #3412, #4939 ),
 .UNSPECIFIED., .F., .F. ) 
 B_SPLINE_CURVE_WITH_KNOTS ( ( 4, 4 ),
 ( 2.709822862097190033, 2.819789510287916023 ),
 .UNSPECIFIED. ) 
 CURVE ( )  GEOMETRIC_REPRESENTATION_ITEM ( )  RATIONAL_B_SPLINE_CURVE ( ( 1.000000000000000000, 0.9989925318741210702, 0.9989925318741210702, 1.000000000000000000 ) ) 
 REPRESENTATION_ITEM ( '' )  );
#1817 = ORIENTED_EDGE ( 'NONE', *, *, #533, .T. ) ;
#1818 = DIRECTION ( 'NONE',  ( -1.000000000000000000, 0.000000000000000000, 0.000000000000000000 ) ) ;
#1819 = LINE ( 'NONE', #3392, #2651 ) ;
#1820 = AXIS2_PLACEMENT_3D ( 'NONE', #2481, #2857, #1727 ) ;
#1821 = EDGE_CURVE ( 'NONE', #1278, #1111, #343, .T. ) ;
#1822 = AXIS2_PLACEMENT_3D ( 'NONE', #634, #2600, #254 ) ;
#1823 = DIRECTION ( 'NONE',  ( -1.000000000000000000, 0.000000000000000000, -0.000000000000000000 ) ) ;
#1824 = LINE ( 'NONE', #255, #1660 ) ;
#1825 = CARTESIAN_POINT ( 'NONE',  ( 16.03503777425773791, -29.97129294843108838, 8.585786437626900636 ) ) ;
#1826 = VECTOR ( 'NONE', #3294, 1000.000000000000000 ) ;
#1827 = ADVANCED_FACE ( 'NONE', ( #3784 ), #1141, .F. ) ;
#1828 = VECTOR ( 'NONE', #4875, 1000.000000000000000 ) ;
#1829 = CIRCLE ( 'NONE', #639, 0.9499999999999995115 ) ;
#1830 = VERTEX_POINT ( 'NONE', #4731 ) ;
#1831 = VERTEX_POINT ( 'NONE', #4024 ) ;
#1832 = ORIENTED_EDGE ( 'NONE', *, *, #2743, .T. ) ;
#1833 = CARTESIAN_POINT ( 'NONE',  ( -17.96496222574226564, 30.02870705156890097, 3.292323440001584611 ) ) ;
#1834 = DIRECTION ( 'NONE',  ( 0.000000000000000000, -0.000000000000000000, -1.000000000000000000 ) ) ;
#1835 = DIRECTION ( 'NONE',  ( 0.000000000000000000, 0.000000000000000000, 1.000000000000000000 ) ) ;
#1836 = AXIS2_PLACEMENT_3D ( 'NONE', #2141, #697, #2570 ) ;
#1837 = EDGE_CURVE ( 'NONE', #2855, #165, #126, .T. ) ;
#1838 = EDGE_LOOP ( 'NONE', ( #4350, #1154, #2380, #3179 ) ) ;
#1839 = ORIENTED_EDGE ( 'NONE', *, *, #3772, .F. ) ;
#1840 = DIRECTION ( 'NONE',  ( 1.000000000000000000, 0.000000000000000000, 0.000000000000000000 ) ) ;
#1841 = EDGE_LOOP ( 'NONE', ( #4414, #1674, #2015, #1261 ) ) ;
#1842 = DIRECTION ( 'NONE',  ( -0.000000000000000000, -0.000000000000000000, 1.000000000000000000 ) ) ;
#1843 = DIRECTION ( 'NONE',  ( 1.000000000000000000, 1.734723475976807094E-16, -0.000000000000000000 ) ) ;
#1844 = VECTOR ( 'NONE', #67, 1000.000000000000000 ) ;
#1845 = DIRECTION ( 'NONE',  ( 1.000000000000000000, 0.000000000000000000, 0.000000000000000000 ) ) ;
#1846 = ADVANCED_FACE ( 'NONE', ( #1649 ), #1755, .F. ) ;
#1847 = VERTEX_POINT ( 'NONE', #4050 ) ;
#1848 = DIRECTION ( 'NONE',  ( 0.000000000000000000, 0.000000000000000000, -1.000000000000000000 ) ) ;
#1849 = CARTESIAN_POINT ( 'NONE',  ( -17.84364188218262015, 19.25611888778356118, 8.499999999999998224 ) ) ;
#1850 = VECTOR ( 'NONE', #4502, 1000.000000000000000 ) ;
#1851 = LINE ( 'NONE', #3351, #2070 ) ;
#1852 = EDGE_CURVE ( 'NONE', #2564, #3963, #2833, .T. ) ;
#1853 = DIRECTION ( 'NONE',  ( 0.000000000000000000, 0.000000000000000000, 1.000000000000000000 ) ) ;
#1854 = EDGE_CURVE ( 'NONE', #2254, #791, #2841, .T. ) ;
#1855 = ORIENTED_EDGE ( 'NONE', *, *, #1684, .T. ) ;
#1856 = ORIENTED_EDGE ( 'NONE', *, *, #993, .F. ) ;
#1857 = DIRECTION ( 'NONE',  ( -1.156482317317871971E-16, 1.000000000000000000, 0.000000000000000000 ) ) ;
#1858 = DIRECTION ( 'NONE',  ( 1.000000000000000000, 0.000000000000000000, 0.000000000000000000 ) ) ;
#1859 = CARTESIAN_POINT ( 'NONE',  ( 11.40187074164450998, 28.52870705156890452, 1.699999999999999289 ) ) ;
#1860 = ORIENTED_EDGE ( 'NONE', *, *, #2511, .T. ) ;
#1861 = ORIENTED_EDGE ( 'NONE', *, *, #3603, .F. ) ;
#1862 = DIRECTION ( 'NONE',  ( 0.000000000000000000, 0.000000000000000000, -1.000000000000000000 ) ) ;
#1863 = ORIENTED_EDGE ( 'NONE', *, *, #1456, .T. ) ;
#1864 = DIRECTION ( 'NONE',  ( -0.000000000000000000, 0.000000000000000000, 1.000000000000000000 ) ) ;
#1865 = CYLINDRICAL_SURFACE ( 'NONE', #1921, 1.074999999999999512 ) ;
#1866 = CARTESIAN_POINT ( 'NONE',  ( -3.389963385410266206, 19.84070686846390430, 8.499999999999998224 ) ) ;
#1867 = EDGE_CURVE ( 'NONE', #791, #1578, #1049, .T. ) ;
#1868 = VERTEX_POINT ( 'NONE', #1005 ) ;
#1869 = EDGE_CURVE ( 'NONE', #3733, #643, #918, .T. ) ;
#1870 = DIRECTION ( 'NONE',  ( -2.703465157366452467E-16, 1.000000000000000000, 0.000000000000000000 ) ) ;
#1871 = CARTESIAN_POINT ( 'NONE',  ( -7.714959791634052877, -29.97129294843108838, 3.292323440001584611 ) ) ;
#1872 = ADVANCED_FACE ( 'NONE', ( #2456, #4005, #4705, #1377, #565 ), #2027, .F. ) ;
#1873 = CARTESIAN_POINT ( 'NONE',  ( -19.46496222574226209, -26.97129294843108838, 3.292323440001584611 ) ) ;
#1874 = DIRECTION ( 'NONE',  ( 1.156482317317871971E-16, -1.000000000000000000, 0.000000000000000000 ) ) ;
#1875 = CARTESIAN_POINT ( 'NONE',  ( 16.53503777425773080, 26.27870705156888320, -4.002000000000000668 ) ) ;
#1876 = EDGE_LOOP ( 'NONE', ( #3362, #4934, #3595, #2327 ) ) ;
#1877 = VERTEX_POINT ( 'NONE', #2812 ) ;
#1878 = CARTESIAN_POINT ( 'NONE',  ( 11.40187074164454017, -28.47129294843108482, 8.378679656440352730 ) ) ;
#1879 = CARTESIAN_POINT ( 'NONE',  ( -16.96496222574226564, 26.27870705156888320, -4.002000000000000668 ) ) ;
#1880 = LINE ( 'NONE', #1859, #1489 ) ;
#1881 = CIRCLE ( 'NONE', #2520, 2.999999999999999112 ) ;
#1882 = CIRCLE ( 'NONE', #770, 1.585786437626902190 ) ;
#1883 = ORIENTED_EDGE ( 'NONE', *, *, #2018, .T. ) ;
#1884 = EDGE_CURVE ( 'NONE', #620, #3714, #178, .T. ) ;
#1885 = AXIS2_PLACEMENT_3D ( 'NONE', #1187, #415, #364 ) ;
#1886 = ORIENTED_EDGE ( 'NONE', *, *, #4650, .F. ) ;
#1887 = CARTESIAN_POINT ( 'NONE',  ( -17.96496222574226564, 18.77870705156889031, 3.292323440001584611 ) ) ;
#1888 = ORIENTED_EDGE ( 'NONE', *, *, #1375, .F. ) ;
#1889 = CARTESIAN_POINT ( 'NONE',  ( 16.03503777425773791, 28.52870705156890807, -4.000000000000000000 ) ) ;
#1890 = CARTESIAN_POINT ( 'NONE',  ( -12.03847372585135211, 28.45342862436082143, 8.453958083648430488 ) ) ;
#1891 = VECTOR ( 'NONE', #4081, 1000.000000000000000 ) ;
#1892 = CARTESIAN_POINT ( 'NONE',  ( 17.41371743069808531, 19.25611888778355762, 8.499999999999998224 ) ) ;
#1893 = AXIS2_PLACEMENT_3D ( 'NONE', #1553, #4233, #2258 ) ;
#1894 = ORIENTED_EDGE ( 'NONE', *, *, #2235, .T. ) ;
#1895 = DIRECTION ( 'NONE',  ( 1.911638545475383559E-16, -0.7071067811865505703, -0.7071067811865444641 ) ) ;
#1896 = CARTESIAN_POINT ( 'NONE',  ( -16.46496222574226920, 27.96804687978907822, 8.939339828220180806 ) ) ;
#1897 = EDGE_CURVE ( 'NONE', #897, #3516, #3829, .T. ) ;
#1898 = ADVANCED_FACE ( 'NONE', ( #2858 ), #1704, .F. ) ;
#1899 = EDGE_CURVE ( 'NONE', #1272, #4929, #3281, .T. ) ;
#1900 = DIRECTION ( 'NONE',  ( 1.000000000000000000, 2.703465157366452467E-16, 1.743152798421071938E-32 ) ) ;
#1901 = APPLICATION_PROTOCOL_DEFINITION ( 'draft international standard', 'automotive_design', 1998, #1385 ) ;
#1902 = DIRECTION ( 'NONE',  ( -1.000000000000000000, 0.000000000000000000, 0.000000000000000000 ) ) ;
#1903 = VECTOR ( 'NONE', #4730, 1000.000000000000000 ) ;
#1904 = AXIS2_PLACEMENT_3D ( 'NONE', #4497, #2120, #1818 ) ;
#1905 = ORIENTED_EDGE ( 'NONE', *, *, #1805, .T. ) ;
#1906 = AXIS2_PLACEMENT_3D ( 'NONE', #2615, #4111, #694 ) ;
#1907 = EDGE_LOOP ( 'NONE', ( #1550, #1509, #2914, #1912 ) ) ;
#1908 = LINE ( 'NONE', #407, #1360 ) ;
#1909 = DIRECTION ( 'NONE',  ( 0.000000000000000000, 0.000000000000000000, 1.000000000000000000 ) ) ;
#1910 = LINE ( 'NONE', #2234, #700 ) ;
#1911 = VECTOR ( 'NONE', #1916, 1000.000000000000000 ) ;
#1912 = ORIENTED_EDGE ( 'NONE', *, *, #4032, .F. ) ;
#1913 = VERTEX_POINT ( 'NONE', #3554 ) ;
#1914 = LINE ( 'NONE', #84, #3564 ) ;
#1915 = ORIENTED_EDGE ( 'NONE', *, *, #4582, .F. ) ;
#1916 = DIRECTION ( 'NONE',  ( 0.000000000000000000, 1.000000000000000000, 0.000000000000000000 ) ) ;
#1917 = DIRECTION ( 'NONE',  ( -1.000000000000000000, 0.000000000000000000, 0.000000000000000000 ) ) ;
#1918 = CARTESIAN_POINT ( 'NONE',  ( -12.64106361317946003, 13.48838797301254111, 8.499999999999994671 ) ) ;
#1919 = EDGE_CURVE ( 'NONE', #2115, #241, #2105, .T. ) ;
#1920 = ORIENTED_EDGE ( 'NONE', *, *, #278, .T. ) ;
#1921 = AXIS2_PLACEMENT_3D ( 'NONE', #746, #3438, #4893 ) ;
#1922 = CARTESIAN_POINT ( 'NONE',  ( -17.40430205396243935, -2.012776757066667791E-15, 8.939339828220180806 ) ) ;
#1923 = ADVANCED_FACE ( 'NONE', ( #2126 ), #4779, .T. ) ;
#1924 = PRESENTATION_STYLE_ASSIGNMENT (( #1969 ) ) ;
#1925 = DIRECTION ( 'NONE',  ( 1.000000000000000000, 1.734723475976807094E-16, -0.000000000000000000 ) ) ;
#1926 = FACE_OUTER_BOUND ( 'NONE', #3371, .T. ) ;
#1927 = CARTESIAN_POINT ( 'NONE',  ( 15.78503777425775390, -19.72129294843107417, 8.499999999999998224 ) ) ;
#1928 = AXIS2_PLACEMENT_3D ( 'NONE', #3143, #4668, #1243 ) ;
#1929 = ORIENTED_EDGE ( 'NONE', *, *, #2975, .F. ) ;
#1930 = ORIENTED_EDGE ( 'NONE', *, *, #4075, .T. ) ;
#1931 = DIRECTION ( 'NONE',  ( -0.000000000000000000, -0.000000000000000000, 1.000000000000000000 ) ) ;
#1932 = FACE_OUTER_BOUND ( 'NONE', #1712, .T. ) ;
#1933 = CIRCLE ( 'NONE', #3208, 1.402036092185268590 ) ;
#1934 = DIRECTION ( 'NONE',  ( 0.000000000000000000, -0.000000000000000000, -1.000000000000000000 ) ) ;
#1935 = EDGE_CURVE ( 'NONE', #3930, #1643, #3044, .T. ) ;
#1936 = ORIENTED_EDGE ( 'NONE', *, *, #4008, .F. ) ;
#1937 = ORIENTED_EDGE ( 'NONE', *, *, #805, .T. ) ;
#1938 = LINE ( 'NONE', #3459, #1401 ) ;
#1939 = VERTEX_POINT ( 'NONE', #226 ) ;
#1940 = DIRECTION ( 'NONE',  ( 0.000000000000000000, 0.000000000000000000, 1.000000000000000000 ) ) ;
#1941 = LINE ( 'NONE', #15, #324 ) ;
#1942 = CARTESIAN_POINT ( 'NONE',  ( -16.21496222574229051, -19.72129294843107417, 8.499999999999998224 ) ) ;
#1943 = VERTEX_POINT ( 'NONE', #2226 ) ;
#1944 = ORIENTED_EDGE ( 'NONE', *, *, #2576, .F. ) ;
#1945 = CARTESIAN_POINT ( 'NONE',  ( 15.78503777425770060, 22.52870705156892583, 5.000000000000001776 ) ) ;
#1946 = LINE ( 'NONE', #445, #1238 ) ;
#1947 = LINE ( 'NONE', #425, #309 ) ;
#1948 = CARTESIAN_POINT ( 'NONE',  ( -7.561064025910129244E-15, 27.96804687978908177, 8.939339828220180806 ) ) ;
#1949 = DIRECTION ( 'NONE',  ( 0.000000000000000000, -0.000000000000000000, -1.000000000000000000 ) ) ;
#1950 = ORIENTED_EDGE ( 'NONE', *, *, #2323, .T. ) ;
#1951 = VERTEX_POINT ( 'NONE', #3750 ) ;
#1952 = DIRECTION ( 'NONE',  ( -0.000000000000000000, -0.000000000000000000, 1.000000000000000000 ) ) ;
#1953 = CYLINDRICAL_SURFACE ( 'NONE', #3739, 2.749999999999995559 ) ;
#1954 = CARTESIAN_POINT ( 'NONE',  ( -16.96496222574226920, 25.27870705156888320, -4.002000000000000668 ) ) ;
#1955 = ADVANCED_FACE ( 'NONE', ( #2179 ), #3202, .T. ) ;
#1956 = ADVANCED_FACE ( 'NONE', ( #4823 ), #4451, .T. ) ;
#1957 = ORIENTED_EDGE ( 'NONE', *, *, #2324, .T. ) ;
#1958 = EDGE_CURVE ( 'NONE', #2564, #51, #3690, .T. ) ;
#1959 = ORIENTED_EDGE ( 'NONE', *, *, #2896, .F. ) ;
#1960 = CARTESIAN_POINT ( 'NONE',  ( -16.96496222574225854, -26.22129294843106706, -4.002000000000000668 ) ) ;
#1961 = VERTEX_POINT ( 'NONE', #4926 ) ;
#1962 = DIRECTION ( 'NONE',  ( 1.000000000000000000, 0.000000000000000000, 0.000000000000000000 ) ) ;
#1963 = DIRECTION ( 'NONE',  ( -0.000000000000000000, -0.000000000000000000, -1.000000000000000000 ) ) ;
#1964 = CIRCLE ( 'NONE', #1563, 2.749999999999995559 ) ;
#1965 = ORIENTED_EDGE ( 'NONE', *, *, #3421, .T. ) ;
#1966 = AXIS2_PLACEMENT_3D ( 'NONE', #1708, #4736, #4430 ) ;
#1967 = ORIENTED_EDGE ( 'NONE', *, *, #4858, .F. ) ;
#1968 = CARTESIAN_POINT ( 'NONE',  ( 15.78503777425773613, -22.47129294843107417, 5.000000000000001776 ) ) ;
#1969 = SURFACE_STYLE_USAGE ( .BOTH. , #4574 ) ;
#1970 = AXIS2_PLACEMENT_3D ( 'NONE', #2395, #504, #2444 ) ;
#1971 = DIRECTION ( 'NONE',  ( 1.000000000000000000, -2.312964634635742267E-15, 0.000000000000000000 ) ) ;
#1972 = DIRECTION ( 'NONE',  ( 1.000000000000000000, 0.000000000000000000, 0.000000000000000000 ) ) ;
#1973 = ADVANCED_FACE ( 'NONE', ( #1450 ), #4551, .F. ) ;
#1974 = ORIENTED_EDGE ( 'NONE', *, *, #1869, .T. ) ;
#1975 = ORIENTED_EDGE ( 'NONE', *, *, #4428, .F. ) ;
#1976 = CARTESIAN_POINT ( 'NONE',  ( 15.78503777425776100, 19.77870705156889031, -4.002000000000000668 ) ) ;
#1977 = CARTESIAN_POINT ( 'NONE',  ( -19.46496222574226209, -26.97129294843108838, 8.585786437626900636 ) ) ;
#1978 = CARTESIAN_POINT ( 'NONE',  ( 17.41371743069809241, -19.19870478464573793, 8.499999999999998224 ) ) ;
#1979 = CIRCLE ( 'NONE', #1109, 1.600000000000000755 ) ;
#1980 = ORIENTED_EDGE ( 'NONE', *, *, #2, .F. ) ;
#1981 = ORIENTED_EDGE ( 'NONE', *, *, #1133, .T. ) ;
#1982 = ORIENTED_EDGE ( 'NONE', *, *, #503, .F. ) ;
#1983 = VECTOR ( 'NONE', #529, 1000.000000000000000 ) ;
#1984 = CARTESIAN_POINT ( 'NONE',  ( -10.66696076089826661, 21.25670570879590571, 8.499999999999998224 ) ) ;
#1985 = LINE ( 'NONE', #1284, #3077 ) ;
#1986 = CIRCLE ( 'NONE', #1664, 1.000000000000000888 ) ;
#1987 = EDGE_CURVE ( 'NONE', #4228, #1868, #2732, .T. ) ;
#1988 = ORIENTED_EDGE ( 'NONE', *, *, #4661, .F. ) ;
#1989 = AXIS2_PLACEMENT_3D ( 'NONE', #4013, #923, #3987 ) ;
#1990 = ORIENTED_EDGE ( 'NONE', *, *, #3915, .T. ) ;
#1991 = CARTESIAN_POINT ( 'NONE',  ( 9.399830515202094006, 28.49390952209488503, 8.413477185914373990 ) ) ;
#1992 = CYLINDRICAL_SURFACE ( 'NONE', #2134, 1.600000000000002531 ) ;
#1993 = EDGE_CURVE ( 'NONE', #686, #4538, #3375, .T. ) ;
#1994 = VECTOR ( 'NONE', #1614, 1000.000000000000000 ) ;
#1995 = DIRECTION ( 'NONE',  ( 0.000000000000000000, 0.000000000000000000, -1.000000000000000000 ) ) ;
#1996 = DIRECTION ( 'NONE',  ( -1.734723475976807094E-16, 1.000000000000000000, 0.000000000000000000 ) ) ;
#1997 = DIRECTION ( 'NONE',  ( -0.000000000000000000, -0.000000000000000000, 1.000000000000000000 ) ) ;
#1998 = AXIS2_PLACEMENT_3D ( 'NONE', #1968, #3492, #2772 ) ;
#1999 = EDGE_CURVE ( 'NONE', #4937, #42, #583, .T. ) ;
#2000 = ORIENTED_EDGE ( 'NONE', *, *, #1935, .T. ) ;
#2001 = VERTEX_POINT ( 'NONE', #3397 ) ;
#2002 = FACE_OUTER_BOUND ( 'NONE', #2158, .T. ) ;
#2003 = CARTESIAN_POINT ( 'NONE',  ( -16.46496222574226209, -28.47129294843108482, 3.292323440001584611 ) ) ;
#2004 = DIRECTION ( 'NONE',  ( 0.000000000000000000, -0.000000000000000000, -1.000000000000000000 ) ) ;
#2005 = AXIS2_PLACEMENT_3D ( 'NONE', #330, #277, #3327 ) ;
#2006 = EDGE_LOOP ( 'NONE', ( #3850, #2467, #1281, #922 ) ) ;
#2007 = EDGE_LOOP ( 'NONE', ( #4835, #4600, #3472, #4165 ) ) ;
#2008 = CYLINDRICAL_SURFACE ( 'NONE', #1722, 1.000000000000000888 ) ;
#2009 = ORIENTED_EDGE ( 'NONE', *, *, #2046, .F. ) ;
#2010 = AXIS2_PLACEMENT_3D ( 'NONE', #704, #2599, #326 ) ;
#2011 = CARTESIAN_POINT ( 'NONE',  ( 9.696421766834003364, 19.84070686846390430, 9.999999999999998224 ) ) ;
#2012 = DIRECTION ( 'NONE',  ( 1.000000000000000000, 0.000000000000000000, 0.000000000000000000 ) ) ;
#2013 = EDGE_LOOP ( 'NONE', ( #1021, #3048, #4210, #1252 ) ) ;
#2014 = ORIENTED_EDGE ( 'NONE', *, *, #1159, .F. ) ;
#2015 = ORIENTED_EDGE ( 'NONE', *, *, #1644, .T. ) ;
#2016 = CARTESIAN_POINT ( 'NONE',  ( 10.45303777425773362, 25.68270705156890443, 8.499999999999998224 ) ) ;
#2017 = LINE ( 'NONE', #1636, #3487 ) ;
#2018 = EDGE_CURVE ( 'NONE', #535, #2442, #2893, .T. ) ;
#2019 = EDGE_CURVE ( 'NONE', #4480, #3974, #2603, .T. ) ;
#2020 = DIRECTION ( 'NONE',  ( 0.000000000000000000, 0.000000000000000000, -1.000000000000000000 ) ) ;
#2021 = DIRECTION ( 'NONE',  ( 1.000000000000000000, 0.000000000000000000, 0.000000000000000000 ) ) ;
#2022 = CARTESIAN_POINT ( 'NONE',  ( 16.03503777425773791, -26.97129294843108838, 9.999999999999998224 ) ) ;
#2023 = ORIENTED_EDGE ( 'NONE', *, *, #2128, .F. ) ;
#2024 = EDGE_LOOP ( 'NONE', ( #1634, #2657, #813, #812 ) ) ;
#2025 = CARTESIAN_POINT ( 'NONE',  ( -12.64106361317945293, -22.11161202698745498, 8.499999999999998224 ) ) ;
#2026 = DIRECTION ( 'NONE',  ( 0.000000000000000000, 0.000000000000000000, 1.000000000000000000 ) ) ;
#2027 = PLANE ( 'NONE',  #2317 ) ;
#2028 = CARTESIAN_POINT ( 'NONE',  ( -16.21496222574229762, 25.27870705156888320, 3.292323440001584611 ) ) ;
#2029 = ORIENTED_EDGE ( 'NONE', *, *, #2589, .F. ) ;
#2030 = ORIENTED_EDGE ( 'NONE', *, *, #2635, .T. ) ;
#2031 = CARTESIAN_POINT ( 'NONE',  ( -16.46496222574226920, 27.02870705156890097, 9.292893218813444989 ) ) ;
#2032 = ORIENTED_EDGE ( 'NONE', *, *, #3515, .T. ) ;
#2033 = DIRECTION ( 'NONE',  ( -0.000000000000000000, -0.000000000000000000, -1.000000000000000000 ) ) ;
#2034 = CARTESIAN_POINT ( 'NONE',  ( -10.88296222574226668, 25.68270705156890443, -0.1000000000000002554 ) ) ;
#2035 = VERTEX_POINT ( 'NONE', #3353 ) ;
#2036 = VERTEX_POINT ( 'NONE', #1473 ) ;
#2037 = CARTESIAN_POINT ( 'NONE',  ( -16.21496222574229762, 22.52870705156889031, 9.999999999999998224 ) ) ;
#2038 = CARTESIAN_POINT ( 'NONE',  ( -16.21496222574229762, 22.52870705156889031, 5.000000000000001776 ) ) ;
#2039 = AXIS2_PLACEMENT_3D ( 'NONE', #2061, #3957, #1310 ) ;
#2040 = CIRCLE ( 'NONE', #2922, 1.600000000000002531 ) ;
#2041 = CARTESIAN_POINT ( 'NONE',  ( 15.78503777425773613, -22.47129294843107417, 3.292323440001584611 ) ) ;
#2042 = VECTOR ( 'NONE', #1730, 1000.000000000000000 ) ;
#2043 = LINE ( 'NONE', #3220, #474 ) ;
#2044 = DIRECTION ( 'NONE',  ( -1.000000000000000000, 0.000000000000000000, 0.000000000000000000 ) ) ;
#2045 = AXIS2_PLACEMENT_3D ( 'NONE', #2058, #3663, #571 ) ;
#2046 = EDGE_CURVE ( 'NONE', #1061, #1086, #3773, .T. ) ;
#2047 = EDGE_CURVE ( 'NONE', #4903, #2892, #1772, .T. ) ;
#2048 = CIRCLE ( 'NONE', #4843, 0.9500000000000029532 ) ;
#2049 = VERTEX_POINT ( 'NONE', #684 ) ;
#2050 = ORIENTED_EDGE ( 'NONE', *, *, #3893, .T. ) ;
#2051 = CARTESIAN_POINT ( 'NONE',  ( 14.18503777425773293, -22.47129294843107417, 5.000000000000001776 ) ) ;
#2052 = LINE ( 'NONE', #125, #954 ) ;
#2053 = CARTESIAN_POINT ( 'NONE',  ( 17.53503777425774146, -26.97129294843108482, -4.000000000000000000 ) ) ;
#2054 = CIRCLE ( 'NONE', #4047, 1.000000000000000888 ) ;
#2055 = CARTESIAN_POINT ( 'NONE',  ( 17.41371743069809241, -26.97129294843108482, 8.499999999999998224 ) ) ;
#2056 = ORIENTED_EDGE ( 'NONE', *, *, #3370, .F. ) ;
#2057 = ORIENTED_EDGE ( 'NONE', *, *, #1987, .T. ) ;
#2058 = CARTESIAN_POINT ( 'NONE',  ( -16.46496222574226920, 27.02870705156890097, -4.000000000000000000 ) ) ;
#2059 = VERTEX_POINT ( 'NONE', #351 ) ;
#2060 = DIRECTION ( 'NONE',  ( 0.000000000000000000, 0.000000000000000000, 1.000000000000000000 ) ) ;
#2061 = CARTESIAN_POINT ( 'NONE',  ( 16.03503777425773791, -26.97129294843108838, 8.585786437626900636 ) ) ;
#2062 = CIRCLE ( 'NONE', #2622, 3.000000000000000888 ) ;
#2063 = CIRCLE ( 'NONE', #4060, 2.749999999999995559 ) ;
#2064 = EDGE_LOOP ( 'NONE', ( #65, #2133 ) ) ;
#2065 = VERTEX_POINT ( 'NONE', #3724 ) ;
#2066 = ORIENTED_EDGE ( 'NONE', *, *, #3301, .T. ) ;
#2067 = AXIS2_PLACEMENT_3D ( 'NONE', #1463, #2594, #997 ) ;
#2068 = DIRECTION ( 'NONE',  ( 1.889896820699131511E-15, -1.000000000000000000, 0.000000000000000000 ) ) ;
#2069 = DIRECTION ( 'NONE',  ( 0.7071067811865500152, 8.177564888978027451E-17, -0.7071067811865451302 ) ) ;
#2070 = VECTOR ( 'NONE', #4423, 1000.000000000000000 ) ;
#2071 = EDGE_CURVE ( 'NONE', #3936, #1765, #901, .T. ) ;
#2072 = AXIS2_PLACEMENT_3D ( 'NONE', #3234, #1231, #947 ) ;
#2073 = LINE ( 'NONE', #3119, #3328 ) ;
#2074 = DIRECTION ( 'NONE',  ( -0.7071067811865505703, -1.226634733346704487E-16, -0.7071067811865444641 ) ) ;
#2075 = CARTESIAN_POINT ( 'NONE',  ( 10.45303777425773362, -25.62529294843109540, 1.699999999999999289 ) ) ;
#2076 = CONICAL_SURFACE ( 'NONE', #1518, 1.999999999999998224, 0.7853981633974452814 ) ;
#2077 = ORIENTED_EDGE ( 'NONE', *, *, #769, .F. ) ;
#2078 = ORIENTED_EDGE ( 'NONE', *, *, #3425, .T. ) ;
#2079 = DIRECTION ( 'NONE',  ( -0.000000000000000000, -0.000000000000000000, 1.000000000000000000 ) ) ;
#2080 = VECTOR ( 'NONE', #2443, 1000.000000000000000 ) ;
#2081 = CARTESIAN_POINT ( 'NONE',  ( -7.679838017693791306E-15, 28.40738670800925902, 8.499999999999998224 ) ) ;
#2082 = DIRECTION ( 'NONE',  ( 0.000000000000000000, 0.000000000000000000, -1.000000000000000000 ) ) ;
#2083 = CARTESIAN_POINT ( 'NONE',  ( 1.050003391056464341, 19.84070686846390430, 9.999999999999998224 ) ) ;
#2084 = ADVANCED_FACE ( 'NONE', ( #2252 ), #2952, .F. ) ;
#2085 = ORIENTED_EDGE ( 'NONE', *, *, #1548, .F. ) ;
#2086 = ORIENTED_EDGE ( 'NONE', *, *, #3621, .F. ) ;
#2087 = CARTESIAN_POINT ( 'NONE',  ( 7.453037774257734505, 25.68270705156890443, 8.499999999999998224 ) ) ;
#2088 = ORIENTED_EDGE ( 'NONE', *, *, #1788, .T. ) ;
#2089 = PLANE ( 'NONE',  #1989 ) ;
#2090 = DIRECTION ( 'NONE',  ( -1.000000000000000000, 0.000000000000000000, 0.000000000000000000 ) ) ;
#2091 = EDGE_CURVE ( 'NONE', #2915, #3805, #1125, .T. ) ;
#2092 = VECTOR ( 'NONE', #3635, 1000.000000000000000 ) ;
#2093 = ORIENTED_EDGE ( 'NONE', *, *, #68, .F. ) ;
#2094 = ORIENTED_EDGE ( 'NONE', *, *, #374, .F. ) ;
#2095 = VERTEX_POINT ( 'NONE', #1825 ) ;
#2096 = CARTESIAN_POINT ( 'NONE',  ( -10.88296222574226668, 25.68270705156890443, 1.699999999999999289 ) ) ;
#2097 = LINE ( 'NONE', #4719, #2854 ) ;
#2098 = ADVANCED_FACE ( 'NONE', ( #3303 ), #1399, .F. ) ;
#2099 = CYLINDRICAL_SURFACE ( 'NONE', #4281, 3.000000000000000888 ) ;
#2100 = CARTESIAN_POINT ( 'NONE',  ( 16.97437760247791516, 2.944585131711334415E-15, 8.939339828220180806 ) ) ;
#2101 = CARTESIAN_POINT ( 'NONE',  ( 16.03503777425773791, 29.73581383275546131, 9.292893218813443212 ) ) ;
#2102 = ORIENTED_EDGE ( 'NONE', *, *, #4282, .T. ) ;
#2103 = DIRECTION ( 'NONE',  ( 1.000000000000000000, 0.000000000000000000, 0.000000000000000000 ) ) ;
#2104 = LINE ( 'NONE', #1795, #2298 ) ;
#2105 = LINE ( 'NONE', #2053, #2092 ) ;
#2106 = LINE ( 'NONE', #1705, #857 ) ;
#2107 = EDGE_LOOP ( 'NONE', ( #2260, #4244, #4928, #4834 ) ) ;
#2108 = ORIENTED_EDGE ( 'NONE', *, *, #3758, .T. ) ;
#2109 = DIRECTION ( 'NONE',  ( 1.734723475976807341E-16, -1.000000000000000000, 0.000000000000000000 ) ) ;
#2110 = ORIENTED_EDGE ( 'NONE', *, *, #4575, .F. ) ;
#2111 = FACE_OUTER_BOUND ( 'NONE', #3291, .T. ) ;
#2112 = DIRECTION ( 'NONE',  ( 0.000000000000000000, 0.000000000000000000, 1.000000000000000000 ) ) ;
#2113 = EDGE_CURVE ( 'NONE', #1336, #1735, #2730, .T. ) ;
#2114 = ADVANCED_FACE ( 'NONE', ( #4271 ), #2372, .F. ) ;
#2115 = VERTEX_POINT ( 'NONE', #1619 ) ;
#2116 = EDGE_LOOP ( 'NONE', ( #4147, #1714, #4027, #1512 ) ) ;
#2117 = EDGE_LOOP ( 'NONE', ( #4326, #4335, #2911, #481 ) ) ;
#2118 = DIRECTION ( 'NONE',  ( 0.000000000000000000, -0.7071067811865439090, 0.7071067811865512365 ) ) ;
#2119 = DIRECTION ( 'NONE',  ( 1.000000000000000000, 1.889896820699131511E-15, 0.000000000000000000 ) ) ;
#2120 = DIRECTION ( 'NONE',  ( -0.000000000000000000, 0.000000000000000000, -1.000000000000000000 ) ) ;
#2121 = DIRECTION ( 'NONE',  ( 1.000000000000000000, 0.000000000000000000, 0.000000000000000000 ) ) ;
#2122 = VECTOR ( 'NONE', #2816, 1000.000000000000000 ) ;
#2123 = VECTOR ( 'NONE', #4433, 1000.000000000000000 ) ;
#2124 = CARTESIAN_POINT ( 'NONE',  ( 10.45303777425773362, 25.68270705156890443, 3.292323440001584611 ) ) ;
#2125 = DIRECTION ( 'NONE',  ( 0.000000000000000000, 0.000000000000000000, -1.000000000000000000 ) ) ;
#2126 = FACE_OUTER_BOUND ( 'NONE', #4864, .T. ) ;
#2127 = CARTESIAN_POINT ( 'NONE',  ( 14.83503777425769599, 22.52870705156892583, -3.000000000000002665 ) ) ;
#2128 = EDGE_CURVE ( 'NONE', #3528, #4463, #4084, .T. ) ;
#2129 = AXIS2_PLACEMENT_3D ( 'NONE', #2331, #3853, #1934 ) ;
#2130 = CARTESIAN_POINT ( 'NONE',  ( 10.45303777425773362, 25.68270705156890443, 8.499999999999998224 ) ) ;
#2131 = EDGE_LOOP ( 'NONE', ( #3180, #3452 ) ) ;
#2132 = CARTESIAN_POINT ( 'NONE',  ( 17.53503777425773080, 30.02870705156891162, 3.292323440001584611 ) ) ;
#2133 = ORIENTED_EDGE ( 'NONE', *, *, #1999, .F. ) ;
#2134 = AXIS2_PLACEMENT_3D ( 'NONE', #2038, #115, #3544 ) ;
#2135 = DIRECTION ( 'NONE',  ( 1.000000000000000000, -0.000000000000000000, -0.000000000000000000 ) ) ;
#2136 = CARTESIAN_POINT ( 'NONE',  ( 18.32793099307119178, 3.179389215976351372E-15, 9.707106781186542577 ) ) ;
#2137 = ORIENTED_EDGE ( 'NONE', *, *, #3675, .F. ) ;
#2138 = ORIENTED_EDGE ( 'NONE', *, *, #1074, .F. ) ;
#2139 = ORIENTED_EDGE ( 'NONE', *, *, #730, .F. ) ;
#2140 = CARTESIAN_POINT ( 'NONE',  ( -16.21496222574226564, -22.47129294843110969, 8.499999999999998224 ) ) ;
#2141 = CARTESIAN_POINT ( 'NONE',  ( -19.46496222574226209, -28.47129294843108482, -4.000000000000000000 ) ) ;
#2142 = AXIS2_PLACEMENT_3D ( 'NONE', #3553, #2784, #512 ) ;
#2143 = FACE_OUTER_BOUND ( 'NONE', #2116, .T. ) ;
#2144 = EDGE_CURVE ( 'NONE', #1913, #1322, #2675, .T. ) ;
#2145 = VECTOR ( 'NONE', #1842, 1000.000000000000000 ) ;
#2146 = DIRECTION ( 'NONE',  ( 1.000000000000000000, 0.000000000000000000, 0.000000000000000000 ) ) ;
#2147 = AXIS2_PLACEMENT_3D ( 'NONE', #2700, #47, #4270 ) ;
#2148 = FACE_BOUND ( 'NONE', #3473, .T. ) ;
#2149 = VECTOR ( 'NONE', #2534, 1000.000000000000000 ) ;
#2150 = AXIS2_PLACEMENT_3D ( 'NONE', #4568, #4240, #1140 ) ;
#2151 = DIRECTION ( 'NONE',  ( 0.000000000000000000, 0.000000000000000000, -1.000000000000000000 ) ) ;
#2152 = CARTESIAN_POINT ( 'NONE',  ( -9.066960760898265193, 17.28171028643190610, -4.001000000000001222 ) ) ;
#2153 = DIRECTION ( 'NONE',  ( 1.000000000000000000, 0.000000000000000000, 0.000000000000000000 ) ) ;
#2154 = LINE ( 'NONE', #966, #3404 ) ;
#2155 = ADVANCED_FACE ( 'NONE', ( #1571 ), #3096, .F. ) ;
#2156 = VECTOR ( 'NONE', #3253, 1000.000000000000000 ) ;
#2157 = CARTESIAN_POINT ( 'NONE',  ( 11.40187074164454017, -28.47129294843108482, 8.378679656440352730 ) ) ;
#2158 = EDGE_LOOP ( 'NONE', ( #4465, #3346, #1149, #2614 ) ) ;
#2159 = LINE ( 'NONE', #3002, #4520 ) ;
#2160 = ORIENTED_EDGE ( 'NONE', *, *, #120, .T. ) ;
#2161 = CARTESIAN_POINT ( 'NONE',  ( -10.88296222574226668, -25.62529294843109540, -0.1000000000000002554 ) ) ;
#2162 = CARTESIAN_POINT ( 'NONE',  ( -10.88296222574226668, 25.68270705156890443, 1.699999999999999289 ) ) ;
#2163 = ORIENTED_EDGE ( 'NONE', *, *, #1136, .T. ) ;
#2164 = VERTEX_POINT ( 'NONE', #25 ) ;
#2165 = DIRECTION ( 'NONE',  ( -0.000000000000000000, -0.000000000000000000, 1.000000000000000000 ) ) ;
#2166 = DIRECTION ( 'NONE',  ( -1.000000000000000000, 0.000000000000000000, -0.000000000000000000 ) ) ;
#2167 = CARTESIAN_POINT ( 'NONE',  ( 15.78503777425775390, -19.72129294843107417, -4.002000000000000668 ) ) ;
#2168 =( BOUNDED_CURVE ( )  B_SPLINE_CURVE ( 3, ( #2586, #4106, #2205, #712 ),
 .UNSPECIFIED., .F., .F. ) 
 B_SPLINE_CURVE_WITH_KNOTS ( ( 4, 4 ),
 ( 2.643885820847025503, 3.141592653589793116 ),
 .UNSPECIFIED. ) 
 CURVE ( )  GEOMETRIC_REPRESENTATION_ITEM ( )  RATIONAL_B_SPLINE_CURVE ( ( 1.000000000000000000, 0.9794636360570614375, 0.9794636360570614375, 1.000000000000000000 ) ) 
 REPRESENTATION_ITEM ( '' )  );
#2169 = VECTOR ( 'NONE', #755, 1000.000000000000000 ) ;
#2170 = AXIS2_PLACEMENT_3D ( 'NONE', #2886, #4357, #2485 ) ;
#2171 = CYLINDRICAL_SURFACE ( 'NONE', #1582, 2.749999999999995559 ) ;
#2172 = VECTOR ( 'NONE', #2519, 1000.000000000000000 ) ;
#2173 = CARTESIAN_POINT ( 'NONE',  ( 10.45303777425773362, -25.62529294843109540, -0.1000000000000002554 ) ) ;
#2174 = EDGE_CURVE ( 'NONE', #2311, #2358, #809, .T. ) ;
#2175 = EDGE_CURVE ( 'NONE', #4394, #3616, #3525, .T. ) ;
#2176 = EDGE_CURVE ( 'NONE', #3537, #4290, #4624, .T. ) ;
#2177 = CARTESIAN_POINT ( 'NONE',  ( -16.96496222574226920, 25.27870705156888320, 3.292323440001584611 ) ) ;
#2178 = FACE_OUTER_BOUND ( 'NONE', #2352, .T. ) ;
#2179 = FACE_OUTER_BOUND ( 'NONE', #43, .T. ) ;
#2180 = CARTESIAN_POINT ( 'NONE',  ( 7.285040208365946235, -29.97129294843108838, 6.892323440001584700 ) ) ;
#2181 = ORIENTED_EDGE ( 'NONE', *, *, #1780, .F. ) ;
#2182 = DIRECTION ( 'NONE',  ( -0.000000000000000000, -0.000000000000000000, 1.000000000000000000 ) ) ;
#2183 = VERTEX_POINT ( 'NONE', #2752 ) ;
#2184 = DIRECTION ( 'NONE',  ( 1.000000000000000000, 0.000000000000000000, 0.000000000000000000 ) ) ;
#2185 = CARTESIAN_POINT ( 'NONE',  ( 17.53503777425773080, 27.02870705156891162, 8.378679656440352730 ) ) ;
#2186 = ORIENTED_EDGE ( 'NONE', *, *, #2635, .F. ) ;
#2187 = CARTESIAN_POINT ( 'NONE',  ( 8.294385674648733442, 19.84070686846390430, 8.499999999999998224 ) ) ;
#2188 = ORIENTED_EDGE ( 'NONE', *, *, #3255, .T. ) ;
#2189 = PLANE ( 'NONE',  #70 ) ;
#2190 = FACE_OUTER_BOUND ( 'NONE', #1613, .T. ) ;
#2191 = DIRECTION ( 'NONE',  ( -0.000000000000000000, -0.000000000000000000, -1.000000000000000000 ) ) ;
#2192 = EDGE_CURVE ( 'NONE', #239, #3081, #4649, .T. ) ;
#2193 = EDGE_CURVE ( 'NONE', #2268, #4756, #833, .T. ) ;
#2194 = ORIENTED_EDGE ( 'NONE', *, *, #1699, .F. ) ;
#2195 = CARTESIAN_POINT ( 'NONE',  ( 17.41371743069808531, 25.80129521535421944, 8.499999999999998224 ) ) ;
#2196 = CARTESIAN_POINT ( 'NONE',  ( 9.399830515202063808, -28.43649541895706534, 8.413477185914375767 ) ) ;
#2197 = EDGE_LOOP ( 'NONE', ( #4012, #3834, #2631, #1685 ) ) ;
#2198 = CARTESIAN_POINT ( 'NONE',  ( -17.96496222574225854, -26.22129294843106706, 8.378679656440352730 ) ) ;
#2199 = LINE ( 'NONE', #2152, #4933 ) ;
#2200 = DIRECTION ( 'NONE',  ( -0.000000000000000000, -0.000000000000000000, 1.000000000000000000 ) ) ;
#2201 = EDGE_CURVE ( 'NONE', #895, #2558, #4800, .T. ) ;
#2202 = AXIS2_PLACEMENT_3D ( 'NONE', #2962, #2865, #3711 ) ;
#2203 = ORIENTED_EDGE ( 'NONE', *, *, #3304, .F. ) ;
#2204 = EDGE_LOOP ( 'NONE', ( #1832, #3973, #2356, #1537 ) ) ;
#2205 = CARTESIAN_POINT ( 'NONE',  ( 17.53503777425774146, -26.05365503676488359, 8.378679656440354506 ) ) ;
#2206 = DIRECTION ( 'NONE',  ( -0.000000000000000000, -0.000000000000000000, 1.000000000000000000 ) ) ;
#2207 = AXIS2_PLACEMENT_3D ( 'NONE', #4780, #2484, #4381 ) ;
#2208 = EDGE_CURVE ( 'NONE', #3410, #2333, #496, .T. ) ;
#2209 = CARTESIAN_POINT ( 'NONE',  ( 18.03503777425773080, 27.02870705156891162, 8.585786437626898859 ) ) ;
#2210 = AXIS2_PLACEMENT_3D ( 'NONE', #4594, #4267, #850 ) ;
#2211 = VERTEX_POINT ( 'NONE', #4225 ) ;
#2212 = EDGE_LOOP ( 'NONE', ( #2163, #990, #1020, #3646 ) ) ;
#2213 = DIRECTION ( 'NONE',  ( 0.000000000000000000, -1.000000000000000000, 0.000000000000000000 ) ) ;
#2214 = ORIENTED_EDGE ( 'NONE', *, *, #1530, .F. ) ;
#2215 = DIRECTION ( 'NONE',  ( -0.000000000000000000, 1.000000000000000000, 0.000000000000000000 ) ) ;
#2216 = CARTESIAN_POINT ( 'NONE',  ( -19.46496222574226920, 30.02870705156890097, -4.000000000000000000 ) ) ;
#2217 = CARTESIAN_POINT ( 'NONE',  ( -16.21496222574226564, -22.47129294843110969, 3.292323440001584611 ) ) ;
#2218 = EDGE_CURVE ( 'NONE', #3974, #3857, #659, .T. ) ;
#2219 = VERTEX_POINT ( 'NONE', #3846 ) ;
#2220 = DIRECTION ( 'NONE',  ( 1.734723475976807341E-16, -1.000000000000000000, 0.000000000000000000 ) ) ;
#2221 = EDGE_CURVE ( 'NONE', #1784, #1868, #1597, .T. ) ;
#2222 = FACE_BOUND ( 'NONE', #2478, .T. ) ;
#2223 = CIRCLE ( 'NONE', #1258, 0.9500000000000029532 ) ;
#2224 = CIRCLE ( 'NONE', #792, 0.9500000000000029532 ) ;
#2225 = CARTESIAN_POINT ( 'NONE',  ( -10.88296222574226668, -25.62529294843109540, 3.292323440001584611 ) ) ;
#2226 = CARTESIAN_POINT ( 'NONE',  ( -16.46496222574226209, -29.97129294843108838, 8.585786437626900636 ) ) ;
#2227 = AXIS2_PLACEMENT_3D ( 'NONE', #1390, #1864, #2988 ) ;
#2228 = AXIS2_PLACEMENT_3D ( 'NONE', #607, #4401, #2103 ) ;
#2229 = VECTOR ( 'NONE', #2206, 1000.000000000000000 ) ;
#2230 = ORIENTED_EDGE ( 'NONE', *, *, #251, .F. ) ;
#2231 = ORIENTED_EDGE ( 'NONE', *, *, #2670, .F. ) ;
#2232 = DIRECTION ( 'NONE',  ( 0.000000000000000000, 0.000000000000000000, -1.000000000000000000 ) ) ;
#2233 = CARTESIAN_POINT ( 'NONE',  ( -10.66696076089826661, 17.28171028643190610, 9.999999999999998224 ) ) ;
#2234 = CARTESIAN_POINT ( 'NONE',  ( 17.53503777425773080, 27.02870705156891162, -4.000000000000000000 ) ) ;
#2235 = EDGE_CURVE ( 'NONE', #428, #867, #3867, .T. ) ;
#2236 = AXIS2_PLACEMENT_3D ( 'NONE', #4425, #3949, #588 ) ;
#2237 = ORIENTED_EDGE ( 'NONE', *, *, #250, .T. ) ;
#2238 = ORIENTED_EDGE ( 'NONE', *, *, #748, .F. ) ;
#2239 = CARTESIAN_POINT ( 'NONE',  ( -10.88296222574226668, 25.68270705156890443, 1.699999999999999289 ) ) ;
#2240 = ORIENTED_EDGE ( 'NONE', *, *, #7, .T. ) ;
#2241 = DIRECTION ( 'NONE',  ( -0.000000000000000000, -0.000000000000000000, 1.000000000000000000 ) ) ;
#2242 = DIRECTION ( 'NONE',  ( 0.000000000000000000, 0.000000000000000000, -1.000000000000000000 ) ) ;
#2243 = ADVANCED_FACE ( 'NONE', ( #3526 ), #97, .F. ) ;
#2244 = VECTOR ( 'NONE', #4096, 1000.000000000000000 ) ;
#2245 = LINE ( 'NONE', #3765, #2604 ) ;
#2246 = VERTEX_POINT ( 'NONE', #4176 ) ;
#2247 = DIRECTION ( 'NONE',  ( 1.156482317317871971E-16, -1.000000000000000000, 0.000000000000000000 ) ) ;
#2248 = DIRECTION ( 'NONE',  ( 1.000000000000000000, 0.000000000000000000, 0.000000000000000000 ) ) ;
#2249 = AXIS2_PLACEMENT_3D ( 'NONE', #4526, #1058, #2153 ) ;
#2250 = CYLINDRICAL_SURFACE ( 'NONE', #877, 1.600000000000000755 ) ;
#2251 = CARTESIAN_POINT ( 'NONE',  ( -19.46496222574226920, 27.02870705156890097, 8.999999999999991118 ) ) ;
#2252 = FACE_OUTER_BOUND ( 'NONE', #976, .T. ) ;
#2253 = EDGE_CURVE ( 'NONE', #1657, #2713, #4722, .T. ) ;
#2254 = VERTEX_POINT ( 'NONE', #4577 ) ;
#2255 = ORIENTED_EDGE ( 'NONE', *, *, #3705, .T. ) ;
#2256 = CARTESIAN_POINT ( 'NONE',  ( 7.453037774257734505, 25.68270705156890443, 1.699999999999999289 ) ) ;
#2257 = CARTESIAN_POINT ( 'NONE',  ( 15.78503777425770060, 22.52870705156892583, 9.999999999999998224 ) ) ;
#2258 = DIRECTION ( 'NONE',  ( 1.000000000000000000, 0.000000000000000000, 0.000000000000000000 ) ) ;
#2259 = ORIENTED_EDGE ( 'NONE', *, *, #4947, .T. ) ;
#2260 = ORIENTED_EDGE ( 'NONE', *, *, #1593, .T. ) ;
#2261 = PLANE ( 'NONE',  #4298 ) ;
#2262 = ORIENTED_EDGE ( 'NONE', *, *, #3040, .T. ) ;
#2263 = CARTESIAN_POINT ( 'NONE',  ( 17.62082421188463854, -26.97129294843108482, 8.999999999999998224 ) ) ;
#2264 = DIRECTION ( 'NONE',  ( -1.000000000000000000, 0.000000000000000000, 0.000000000000000000 ) ) ;
#2265 = EDGE_CURVE ( 'NONE', #183, #895, #2572, .T. ) ;
#2266 = CARTESIAN_POINT ( 'NONE',  ( 10.45303777425773362, -25.62529294843109540, -0.1000000000000002554 ) ) ;
#2267 = ADVANCED_FACE ( 'NONE', ( #3195 ), #958, .F. ) ;
#2268 = VERTEX_POINT ( 'NONE', #4400 ) ;
#2269 = DIRECTION ( 'NONE',  ( 1.000000000000000000, 0.000000000000000000, -0.000000000000000000 ) ) ;
#2270 = DIRECTION ( 'NONE',  ( 1.000000000000000000, 0.000000000000000000, 0.000000000000000000 ) ) ;
#2271 = PLANE ( 'NONE',  #1422 ) ;
#2272 = DIRECTION ( 'NONE',  ( 1.000000000000000000, 0.000000000000000000, 0.000000000000000000 ) ) ;
#2273 = CARTESIAN_POINT ( 'NONE',  ( 19.03503777425773080, 30.02870705156891162, 8.585786437626897083 ) ) ;
#2274 = ORIENTED_EDGE ( 'NONE', *, *, #3469, .T. ) ;
#2275 = ORIENTED_EDGE ( 'NONE', *, *, #1899, .F. ) ;
#2276 = DIRECTION ( 'NONE',  ( 1.000000000000000000, 2.703465157366451974E-16, 1.743152798421071938E-32 ) ) ;
#2277 = PLANE ( 'NONE',  #2543 ) ;
#2278 = EDGE_CURVE ( 'NONE', #4584, #543, #4021, .T. ) ;
#2279 = DIRECTION ( 'NONE',  ( 1.000000000000000000, 0.000000000000000000, -0.000000000000000000 ) ) ;
#2280 = CIRCLE ( 'NONE', #3156, 1.600000000000002531 ) ;
#2281 = ORIENTED_EDGE ( 'NONE', *, *, #929, .T. ) ;
#2282 = EDGE_CURVE ( 'NONE', #459, #4245, #1447, .T. ) ;
#2283 = EDGE_LOOP ( 'NONE', ( #4640, #315, #1094, #1065 ) ) ;
#2284 = FACE_BOUND ( 'NONE', #2064, .T. ) ;
#2285 = VERTEX_POINT ( 'NONE', #1295 ) ;
#2286 = DIRECTION ( 'NONE',  ( 0.000000000000000000, 0.000000000000000000, 1.000000000000000000 ) ) ;
#2287 = DIRECTION ( 'NONE',  ( 0.000000000000000000, 0.000000000000000000, 1.000000000000000000 ) ) ;
#2288 = DIRECTION ( 'NONE',  ( 1.000000000000000000, -0.000000000000000000, -0.000000000000000000 ) ) ;
#2289 = AXIS2_PLACEMENT_3D ( 'NONE', #760, #3005, #1084 ) ;
#2290 = EDGE_LOOP ( 'NONE', ( #3151, #1663, #1213, #4131, #4659, #1245, #1980, #3952 ) ) ;
#2291 = CARTESIAN_POINT ( 'NONE',  ( 10.45303777425773362, -25.62529294843109540, -0.1000000000000002554 ) ) ;
#2292 = CIRCLE ( 'NONE', #4669, 0.9499999999999995115 ) ;
#2293 = CARTESIAN_POINT ( 'NONE',  ( -9.807962225742267393, 25.68270705156890443, -0.1000000000000002554 ) ) ;
#2294 = CARTESIAN_POINT ( 'NONE',  ( 19.03503777425773080, 30.02870705156891162, -4.000000000000000000 ) ) ;
#2295 =( NAMED_UNIT ( * ) SI_UNIT ( $, .STERADIAN. ) SOLID_ANGLE_UNIT ( ) );
#2296 = CARTESIAN_POINT ( 'NONE',  ( 12.21093530270484706, 13.48838797301253933, -4.001000000000001222 ) ) ;
#2297 = EDGE_CURVE ( 'NONE', #2566, #1313, #2828, .T. ) ;
#2298 = VECTOR ( 'NONE', #4877, 1000.000000000000114 ) ;
#2299 = AXIS2_PLACEMENT_3D ( 'NONE', #4897, #1848, #272 ) ;
#2300 = VERTEX_POINT ( 'NONE', #933 ) ;
#2301 = CIRCLE ( 'NONE', #3896, 2.292893218813452538 ) ;
#2302 = ORIENTED_EDGE ( 'NONE', *, *, #1017, .T. ) ;
#2303 = DIRECTION ( 'NONE',  ( -0.000000000000000000, -0.000000000000000000, -1.000000000000000000 ) ) ;
#2304 = DIRECTION ( 'NONE',  ( 0.000000000000000000, 0.7071067811865500152, -0.7071067811865451302 ) ) ;
#2305 = AXIS2_PLACEMENT_3D ( 'NONE', #758, #2303, #77 ) ;
#2306 = DIRECTION ( 'NONE',  ( -1.000000000000000000, 0.000000000000000000, 0.000000000000000000 ) ) ;
#2307 = AXIS2_PLACEMENT_3D ( 'NONE', #1762, #2587, #4855 ) ;
#2308 = VERTEX_POINT ( 'NONE', #2449 ) ;
#2309 = VERTEX_POINT ( 'NONE', #584 ) ;
#2310 = CARTESIAN_POINT ( 'NONE',  ( 9.504204806870928834, -28.47129294843108482, 1.699999999999999289 ) ) ;
#2311 = VERTEX_POINT ( 'NONE', #4001 ) ;
#2312 = DIRECTION ( 'NONE',  ( 1.000000000000000000, 0.000000000000000000, 0.000000000000000000 ) ) ;
#2313 = FACE_OUTER_BOUND ( 'NONE', #1406, .T. ) ;
#2314 = DIRECTION ( 'NONE',  ( 1.000000000000000000, 0.000000000000000000, 0.000000000000000000 ) ) ;
#2315 = ORIENTED_EDGE ( 'NONE', *, *, #2580, .F. ) ;
#2316 = ORIENTED_EDGE ( 'NONE', *, *, #866, .F. ) ;
#2317 = AXIS2_PLACEMENT_3D ( 'NONE', #1276, #3611, #538 ) ;
#2318 = CARTESIAN_POINT ( 'NONE',  ( -18.46496222574226564, 30.02870705156890097, 8.585786437626900636 ) ) ;
#2319 = DIRECTION ( 'NONE',  ( 0.000000000000000000, 0.000000000000000000, -1.000000000000000000 ) ) ;
#2320 = CARTESIAN_POINT ( 'NONE',  ( 15.78503777425770060, 22.52870705156892583, 5.000000000000000888 ) ) ;
#2321 = EDGE_CURVE ( 'NONE', #3694, #3171, #2399, .T. ) ;
#2322 = CARTESIAN_POINT ( 'NONE',  ( -19.46496222574226209, -28.47129294843108482, -4.000000000000000000 ) ) ;
#2323 = EDGE_CURVE ( 'NONE', #2300, #836, #4698, .T. ) ;
#2324 = EDGE_CURVE ( 'NONE', #2830, #197, #4571, .T. ) ;
#2325 = AXIS2_PLACEMENT_3D ( 'NONE', #1352, #2883, #4404 ) ;
#2326 = ORIENTED_EDGE ( 'NONE', *, *, #1266, .F. ) ;
#2327 = ORIENTED_EDGE ( 'NONE', *, *, #3676, .F. ) ;
#2328 = CARTESIAN_POINT ( 'NONE',  ( -16.21496222574226564, -22.47129294843110969, 9.999999999999998224 ) ) ;
#2329 = DIRECTION ( 'NONE',  ( -1.000000000000000000, 0.000000000000000000, 0.000000000000000000 ) ) ;
#2330 = AXIS2_PLACEMENT_3D ( 'NONE', #751, #2699, #3018 ) ;
#2331 = CARTESIAN_POINT ( 'NONE',  ( -16.21496222574229407, 19.77870705156889031, -4.002000000000000668 ) ) ;
#2332 = ORIENTED_EDGE ( 'NONE', *, *, #1899, .T. ) ;
#2333 = VERTEX_POINT ( 'NONE', #4723 ) ;
#2334 = CARTESIAN_POINT ( 'NONE',  ( 16.03503777425773791, 28.61449348919581226, 9.999999999999998224 ) ) ;
#2335 = ORIENTED_EDGE ( 'NONE', *, *, #2353, .T. ) ;
#2336 = DIRECTION ( 'NONE',  ( -0.000000000000000000, -0.000000000000000000, -1.000000000000000000 ) ) ;
#2337 = CARTESIAN_POINT ( 'NONE',  ( -10.88296222574226668, -25.62529294843109540, -0.1000000000000002554 ) ) ;
#2338 = EDGE_LOOP ( 'NONE', ( #190, #2939 ) ) ;
#2339 = VERTEX_POINT ( 'NONE', #2101 ) ;
#2340 = CARTESIAN_POINT ( 'NONE',  ( 15.78503777425776100, 19.77870705156889031, 8.499999999999998224 ) ) ;
#2341 = EDGE_CURVE ( 'NONE', #2817, #2938, #3921, .T. ) ;
#2342 = ADVANCED_FACE ( 'NONE', ( #3574 ), #605, .F. ) ;
#2343 = CARTESIAN_POINT ( 'NONE',  ( 14.83503777425769599, 22.52870705156892583, 5.000000000000000888 ) ) ;
#2344 = DIRECTION ( 'NONE',  ( -0.000000000000000000, -0.000000000000000000, 1.000000000000000000 ) ) ;
#2345 = ORIENTED_EDGE ( 'NONE', *, *, #1249, .T. ) ;
#2346 = VERTEX_POINT ( 'NONE', #196 ) ;
#2347 = CYLINDRICAL_SURFACE ( 'NONE', #229, 0.9499999999999995115 ) ;
#2348 = EDGE_CURVE ( 'NONE', #4480, #1939, #2818, .T. ) ;
#2349 = FACE_OUTER_BOUND ( 'NONE', #2593, .T. ) ;
#2350 = EDGE_CURVE ( 'NONE', #2035, #4359, #1750, .T. ) ;
#2351 = CARTESIAN_POINT ( 'NONE',  ( 1.050003391056464341, 19.84070686846390430, -4.001000000000001222 ) ) ;
#2352 = EDGE_LOOP ( 'NONE', ( #2436, #3813, #3428, #3071 ) ) ;
#2353 = EDGE_CURVE ( 'NONE', #4929, #462, #3273, .T. ) ;
#2354 = ORIENTED_EDGE ( 'NONE', *, *, #4745, .T. ) ;
#2355 = DIRECTION ( 'NONE',  ( 1.000000000000000000, 0.000000000000000000, 0.000000000000000000 ) ) ;
#2356 = ORIENTED_EDGE ( 'NONE', *, *, #4312, .F. ) ;
#2357 = DIRECTION ( 'NONE',  ( 1.000000000000000000, 2.703465157366452467E-16, 8.715763992105133893E-33 ) ) ;
#2358 = VERTEX_POINT ( 'NONE', #555 ) ;
#2359 = FACE_OUTER_BOUND ( 'NONE', #665, .T. ) ;
#2360 = AXIS2_PLACEMENT_3D ( 'NONE', #986, #3661, #3283 ) ;
#2361 = AXIS2_PLACEMENT_3D ( 'NONE', #1160, #3039, #3486 ) ;
#2362 = ORIENTED_EDGE ( 'NONE', *, *, #1378, .F. ) ;
#2363 = VECTOR ( 'NONE', #1857, 1000.000000000000000 ) ;
#2364 = ORIENTED_EDGE ( 'NONE', *, *, #4446, .T. ) ;
#2365 = DIRECTION ( 'NONE',  ( 0.000000000000000000, 0.7071067811865500152, -0.7071067811865451302 ) ) ;
#2366 = FACE_OUTER_BOUND ( 'NONE', #1581, .T. ) ;
#2367 = AXIS2_PLACEMENT_3D ( 'NONE', #1763, #236, #1042 ) ;
#2368 = EDGE_CURVE ( 'NONE', #4229, #2036, #3605, .T. ) ;
#2369 = CIRCLE ( 'NONE', #219, 1.600000000000002531 ) ;
#2370 = DIRECTION ( 'NONE',  ( -0.000000000000000000, -0.000000000000000000, 1.000000000000000000 ) ) ;
#2371 = CARTESIAN_POINT ( 'NONE',  ( -19.46496222574226920, 28.52870705156889741, 8.378679656440354506 ) ) ;
#2372 = PLANE ( 'NONE',  #4166 ) ;
#2373 = EDGE_LOOP ( 'NONE', ( #4717, #1967, #4302, #3008 ) ) ;
#2374 = ORIENTED_EDGE ( 'NONE', *, *, #3242, .T. ) ;
#2375 = FACE_OUTER_BOUND ( 'NONE', #817, .T. ) ;
#2376 = DIRECTION ( 'NONE',  ( 0.000000000000000000, 0.000000000000000000, 1.000000000000000000 ) ) ;
#2377 =( BOUNDED_CURVE ( )  B_SPLINE_CURVE ( 3, ( #4478, #1778, #2525, #225 ),
 .UNSPECIFIED., .F., .F. ) 
 B_SPLINE_CURVE_WITH_KNOTS ( ( 4, 4 ),
 ( 1.734723475976808080E-16, 0.4977068327427636163 ),
 .UNSPECIFIED. ) 
 CURVE ( )  GEOMETRIC_REPRESENTATION_ITEM ( )  RATIONAL_B_SPLINE_CURVE ( ( 1.000000000000000000, 0.9794636360570617706, 0.9794636360570617706, 1.000000000000000000 ) ) 
 REPRESENTATION_ITEM ( '' )  );
#2378 = DIRECTION ( 'NONE',  ( 1.000000000000000000, 0.000000000000000000, 0.000000000000000000 ) ) ;
#2379 = ORIENTED_EDGE ( 'NONE', *, *, #4675, .F. ) ;
#2380 = ORIENTED_EDGE ( 'NONE', *, *, #404, .T. ) ;
#2381 = DIRECTION ( 'NONE',  ( 0.000000000000000000, 0.000000000000000000, 1.000000000000000000 ) ) ;
#2382 = EDGE_LOOP ( 'NONE', ( #489, #418, #3568, #4728, #4057, #442, #4002, #2078, #3736, #2488 ) ) ;
#2383 = TOROIDAL_SURFACE ( 'NONE', #715, 1.999999999999997780, 1.000000000000000000 ) ;
#2384 = CARTESIAN_POINT ( 'NONE',  ( 13.45303777425773539, 25.68270705156890443, 1.699999999999999289 ) ) ;
#2385 = EDGE_CURVE ( 'NONE', #1868, #4228, #1933, .T. ) ;
#2386 = AXIS2_PLACEMENT_3D ( 'NONE', #4525, #754, #3396 ) ;
#2387 = LINE ( 'NONE', #1232, #4919 ) ;
#2388 = AXIS2_PLACEMENT_3D ( 'NONE', #2263, #3484, #2286 ) ;
#2389 = EDGE_CURVE ( 'NONE', #10, #1199, #3920, .T. ) ;
#2390 = ORIENTED_EDGE ( 'NONE', *, *, #1147, .F. ) ;
#2391 = CIRCLE ( 'NONE', #4306, 0.9499999999999995115 ) ;
#2392 = EDGE_CURVE ( 'NONE', #317, #207, #3446, .T. ) ;
#2393 = ORIENTED_EDGE ( 'NONE', *, *, #932, .T. ) ;
#2394 = CYLINDRICAL_SURFACE ( 'NONE', #1598, 1.500000000000001332 ) ;
#2395 = CARTESIAN_POINT ( 'NONE',  ( 10.45303777425773362, 25.68270705156890443, 1.699999999999999289 ) ) ;
#2396 = CIRCLE ( 'NONE', #244, 1.378679656440354062 ) ;
#2397 = LINE ( 'NONE', #3917, #3419 ) ;
#2398 = CYLINDRICAL_SURFACE ( 'NONE', #1904, 1.000000000000000888 ) ;
#2399 = LINE ( 'NONE', #147, #4087 ) ;
#2400 = AXIS2_PLACEMENT_3D ( 'NONE', #2016, #3520, #2470 ) ;
#2401 = VERTEX_POINT ( 'NONE', #4445 ) ;
#2402 = EDGE_LOOP ( 'NONE', ( #331, #2255, #1741, #1626 ) ) ;
#2403 = DIRECTION ( 'NONE',  ( -0.000000000000000000, -0.000000000000000000, 1.000000000000000000 ) ) ;
#2404 = CARTESIAN_POINT ( 'NONE',  ( -16.96496222574225854, -26.22129294843106706, 3.292323440001584611 ) ) ;
#2405 = CARTESIAN_POINT ( 'NONE',  ( -10.66696076089826661, 21.25670570879590571, 8.499999999999998224 ) ) ;
#2406 = LINE ( 'NONE', #3176, #4599 ) ;
#2407 = EDGE_CURVE ( 'NONE', #2219, #3517, #3350, .T. ) ;
#2408 = AXIS2_PLACEMENT_3D ( 'NONE', #2702, #4598, #3121 ) ;
#2409 = VERTEX_POINT ( 'NONE', #3720 ) ;
#2410 = ORIENTED_EDGE ( 'NONE', *, *, #3469, .F. ) ;
#2411 = DIRECTION ( 'NONE',  ( 0.000000000000000000, 0.000000000000000000, -1.000000000000000000 ) ) ;
#2412 = ORIENTED_EDGE ( 'NONE', *, *, #7, .F. ) ;
#2413 = AXIS2_PLACEMENT_3D ( 'NONE', #2022, #3169, #4074 ) ;
#2414 = CARTESIAN_POINT ( 'NONE',  ( 12.21093530270484706, 13.48838797301253933, 9.999999999999998224 ) ) ;
#2415 = DIRECTION ( 'NONE',  ( 1.000000000000000000, 0.000000000000000000, 0.000000000000000000 ) ) ;
#2416 = ORIENTED_EDGE ( 'NONE', *, *, #2722, .F. ) ;
#2417 = ORIENTED_EDGE ( 'NONE', *, *, #900, .T. ) ;
#2418 = ORIENTED_EDGE ( 'NONE', *, *, #4613, .T. ) ;
#2419 = ADVANCED_FACE ( 'NONE', ( #1097, #1026, #2148, #2222, #4149, #2948, #1073, #3701 ), #249, .F. ) ;
#2420 = DIRECTION ( 'NONE',  ( 1.156482317317871971E-16, -1.000000000000000000, 0.000000000000000000 ) ) ;
#2421 = EDGE_CURVE ( 'NONE', #304, #2665, #258, .T. ) ;
#2422 = PLANE ( 'NONE',  #1096 ) ;
#2423 = DIRECTION ( 'NONE',  ( 1.000000000000000000, 0.000000000000000000, 0.000000000000000000 ) ) ;
#2424 = DIRECTION ( 'NONE',  ( 0.000000000000000000, 0.000000000000000000, 1.000000000000000000 ) ) ;
#2425 = DIRECTION ( 'NONE',  ( 1.734723475976807094E-16, -1.000000000000000000, -0.000000000000000000 ) ) ;
#2426 = EDGE_LOOP ( 'NONE', ( #869, #1071, #1555, #3511 ) ) ;
#2427 = ORIENTED_EDGE ( 'NONE', *, *, #3393, .T. ) ;
#2428 = FACE_OUTER_BOUND ( 'NONE', #4911, .T. ) ;
#2429 = LINE ( 'NONE', #3149, #4775 ) ;
#2430 = DIRECTION ( 'NONE',  ( -1.000000000000000000, 0.000000000000000000, 0.000000000000000000 ) ) ;
#2431 = DIRECTION ( 'NONE',  ( -0.000000000000000000, -0.000000000000000000, 1.000000000000000000 ) ) ;
#2432 = ORIENTED_EDGE ( 'NONE', *, *, #1682, .F. ) ;
#2433 = EDGE_CURVE ( 'NONE', #104, #543, #1819, .T. ) ;
#2434 = ORIENTED_EDGE ( 'NONE', *, *, #1897, .T. ) ;
#2435 = CARTESIAN_POINT ( 'NONE',  ( -16.46496222574226209, -28.55707938605798901, 9.999999999999998224 ) ) ;
#2436 = ORIENTED_EDGE ( 'NONE', *, *, #2728, .T. ) ;
#2437 = DIRECTION ( 'NONE',  ( -0.000000000000000000, -0.000000000000000000, 1.000000000000000000 ) ) ;
#2438 = CARTESIAN_POINT ( 'NONE',  ( 4.793649565339142882, 12.66714344531767900, 9.999999999999998224 ) ) ;
#2439 = ADVANCED_FACE ( 'NONE', ( #3678 ), #1053, .T. ) ;
#2440 = ORIENTED_EDGE ( 'NONE', *, *, #4177, .T. ) ;
#2441 = VERTEX_POINT ( 'NONE', #1849 ) ;
#2442 = VERTEX_POINT ( 'NONE', #273 ) ;
#2443 = DIRECTION ( 'NONE',  ( -0.000000000000000000, 1.000000000000000000, -0.000000000000000000 ) ) ;
#2444 = DIRECTION ( 'NONE',  ( -1.000000000000000000, 0.000000000000000000, 0.000000000000000000 ) ) ;
#2445 = AXIS2_PLACEMENT_3D ( 'NONE', #989, #4336, #1331 ) ;
#2446 = LINE ( 'NONE', #4666, #4206 ) ;
#2447 = CIRCLE ( 'NONE', #2851, 1.499999999999999556 ) ;
#2448 = CARTESIAN_POINT ( 'NONE',  ( -9.727450725633183026, 28.45342862436082143, 8.453958083648430488 ) ) ;
#2449 = CARTESIAN_POINT ( 'NONE',  ( -15.26496222574226458, -22.47129294843110969, 5.000000000000000888 ) ) ;
#2450 = AXIS2_PLACEMENT_3D ( 'NONE', #4269, #910, #1216 ) ;
#2451 = ORIENTED_EDGE ( 'NONE', *, *, #3213, .F. ) ;
#2452 = EDGE_CURVE ( 'NONE', #304, #2164, #4845, .T. ) ;
#2453 = ORIENTED_EDGE ( 'NONE', *, *, #3562, .F. ) ;
#2454 = CARTESIAN_POINT ( 'NONE',  ( -17.96496222574226564, 18.77870705156889031, -4.000000000000000000 ) ) ;
#2455 = DIRECTION ( 'NONE',  ( 1.000000000000000000, 0.000000000000000000, 0.000000000000000000 ) ) ;
#2456 = FACE_OUTER_BOUND ( 'NONE', #1321, .T. ) ;
#2457 = CARTESIAN_POINT ( 'NONE',  ( -16.46496222574226209, -29.97129294843108838, -4.000000000000000000 ) ) ;
#2458 = DIRECTION ( 'NONE',  ( -0.000000000000000000, -0.000000000000000000, -1.000000000000000000 ) ) ;
#2459 = ORIENTED_EDGE ( 'NONE', *, *, #1673, .T. ) ;
#2460 = CARTESIAN_POINT ( 'NONE',  ( -16.46496222574226209, -28.34997260487144288, 8.499999999999998224 ) ) ;
#2461 = ORIENTED_EDGE ( 'NONE', *, *, #2981, .T. ) ;
#2462 = CARTESIAN_POINT ( 'NONE',  ( 13.45303777425773539, 25.68270705156890443, 1.699999999999999289 ) ) ;
#2463 = CARTESIAN_POINT ( 'NONE',  ( -7.714959791634052877, -28.47129294843108482, 3.292323440001584611 ) ) ;
#2464 = AXIS2_PLACEMENT_3D ( 'NONE', #1505, #3029, #4561 ) ;
#2465 = CIRCLE ( 'NONE', #3894, 3.000000000000000888 ) ;
#2466 = ORIENTED_EDGE ( 'NONE', *, *, #2590, .T. ) ;
#2467 = ORIENTED_EDGE ( 'NONE', *, *, #4375, .F. ) ;
#2468 = ORIENTED_EDGE ( 'NONE', *, *, #824, .T. ) ;
#2469 = VECTOR ( 'NONE', #1813, 1000.000000000000000 ) ;
#2470 = DIRECTION ( 'NONE',  ( -1.000000000000000000, 0.000000000000000000, 0.000000000000000000 ) ) ;
#2471 = DIRECTION ( 'NONE',  ( 0.000000000000000000, 0.000000000000000000, 1.000000000000000000 ) ) ;
#2472 = AXIS2_PLACEMENT_3D ( 'NONE', #380, #3103, #1150 ) ;
#2473 = AXIS2_PLACEMENT_3D ( 'NONE', #2934, #1785, #1806 ) ;
#2474 = CARTESIAN_POINT ( 'NONE',  ( 2.015431251695973813, 12.66714344531767900, 9.999999999999998224 ) ) ;
#2475 = DIRECTION ( 'NONE',  ( -0.000000000000000000, 1.000000000000000000, -0.000000000000000000 ) ) ;
#2476 = CARTESIAN_POINT ( 'NONE',  ( -9.807962225742267393, 25.68270705156890443, -0.1000000000000002554 ) ) ;
#2477 = AXIS2_PLACEMENT_3D ( 'NONE', #4241, #3462, #2264 ) ;
#2478 = EDGE_LOOP ( 'NONE', ( #2194, #4765, #2412, #2800 ) ) ;
#2479 = VECTOR ( 'NONE', #3065, 1000.000000000000000 ) ;
#2480 = ADVANCED_FACE ( 'NONE', ( #4046 ), #2579, .T. ) ;
#2481 = CARTESIAN_POINT ( 'NONE',  ( -18.46496222574225854, -26.97129294843108838, 8.585786437626900636 ) ) ;
#2482 = CARTESIAN_POINT ( 'NONE',  ( -11.93616948479793827, -28.43649541895706534, 8.413477185914377543 ) ) ;
#2483 = EDGE_CURVE ( 'NONE', #3945, #847, #3319, .T. ) ;
#2484 = DIRECTION ( 'NONE',  ( 0.000000000000000000, 0.000000000000000000, -1.000000000000000000 ) ) ;
#2485 = DIRECTION ( 'NONE',  ( 0.000000000000000000, 0.000000000000000000, -1.000000000000000000 ) ) ;
#2486 = ORIENTED_EDGE ( 'NONE', *, *, #1747, .T. ) ;
#2487 = CARTESIAN_POINT ( 'NONE',  ( 16.03503777425773791, 29.02870705156891162, 8.585786437626898859 ) ) ;
#2488 = ORIENTED_EDGE ( 'NONE', *, *, #4282, .F. ) ;
#2489 = DIRECTION ( 'NONE',  ( -0.000000000000000000, -0.000000000000000000, 1.000000000000000000 ) ) ;
#2490 = CARTESIAN_POINT ( 'NONE',  ( 16.03503777425773791, -28.97129294843108482, 8.585786437626900636 ) ) ;
#2491 = AXIS2_PLACEMENT_3D ( 'NONE', #4103, #1099, #2555 ) ;
#2492 = ORIENTED_EDGE ( 'NONE', *, *, #2632, .F. ) ;
#2493 = ORIENTED_EDGE ( 'NONE', *, *, #2046, .T. ) ;
#2494 = ORIENTED_EDGE ( 'NONE', *, *, #3053, .T. ) ;
#2495 = DIRECTION ( 'NONE',  ( -1.000000000000000000, 0.000000000000000000, 0.000000000000000000 ) ) ;
#2496 = DIRECTION ( 'NONE',  ( -0.000000000000000000, -0.000000000000000000, 1.000000000000000000 ) ) ;
#2497 = EDGE_CURVE ( 'NONE', #4463, #1781, #1775, .T. ) ;
#2498 = DIRECTION ( 'NONE',  ( 0.000000000000000000, 0.000000000000000000, 1.000000000000000000 ) ) ;
#2499 = CARTESIAN_POINT ( 'NONE',  ( 10.45303777425773362, 25.68270705156890443, 1.699999999999999289 ) ) ;
#2500 = DIRECTION ( 'NONE',  ( 1.000000000000000000, 0.000000000000000000, 0.000000000000000000 ) ) ;
#2501 = LINE ( 'NONE', #302, #3016 ) ;
#2502 = DIRECTION ( 'NONE',  ( -0.000000000000000000, -0.000000000000000000, -1.000000000000000000 ) ) ;
#2503 = PLANE ( 'NONE',  #3480 ) ;
#2504 = ORIENTED_EDGE ( 'NONE', *, *, #4876, .F. ) ;
#2505 = EDGE_CURVE ( 'NONE', #650, #2254, #3348, .T. ) ;
#2506 = ORIENTED_EDGE ( 'NONE', *, *, #3692, .T. ) ;
#2507 = DIRECTION ( 'NONE',  ( -1.000000000000000000, -1.889896820699138611E-15, 0.000000000000000000 ) ) ;
#2508 = ORIENTED_EDGE ( 'NONE', *, *, #98, .T. ) ;
#2509 = DIRECTION ( 'NONE',  ( -1.949127501097536693E-16, -1.000000000000000000, 0.000000000000000000 ) ) ;
#2510 = DIRECTION ( 'NONE',  ( -1.000000000000000000, 0.000000000000000000, 0.000000000000000000 ) ) ;
#2511 = EDGE_CURVE ( 'NONE', #1234, #3410, #3855, .T. ) ;
#2512 = ORIENTED_EDGE ( 'NONE', *, *, #3054, .T. ) ;
#2513 = EDGE_LOOP ( 'NONE', ( #4473, #2203 ) ) ;
#2514 = ORIENTED_EDGE ( 'NONE', *, *, #2353, .F. ) ;
#2515 = PLANE ( 'NONE',  #2629 ) ;
#2516 = CARTESIAN_POINT ( 'NONE',  ( 16.73503777425774075, -22.47129294843107417, 3.292323440001584611 ) ) ;
#2517 = CARTESIAN_POINT ( 'NONE',  ( -16.21496222574229762, 25.27870705156888320, -4.002000000000000668 ) ) ;
#2518 = FACE_OUTER_BOUND ( 'NONE', #2212, .T. ) ;
#2519 = DIRECTION ( 'NONE',  ( 1.000000000000000000, 1.889896820699138217E-15, -0.000000000000000000 ) ) ;
#2520 = AXIS2_PLACEMENT_3D ( 'NONE', #1791, #4894, #4515 ) ;
#2521 = EDGE_CURVE ( 'NONE', #3575, #441, #3844, .T. ) ;
#2522 = VECTOR ( 'NONE', #1656, 1000.000000000000000 ) ;
#2523 = CIRCLE ( 'NONE', #3477, 1.000000000000000888 ) ;
#2524 = DIRECTION ( 'NONE',  ( 1.000000000000000000, 1.156482317317871133E-15, 0.000000000000000000 ) ) ;
#2525 = CARTESIAN_POINT ( 'NONE',  ( 17.49374975392582954, 25.94859523798343659, 8.419967676772255771 ) ) ;
#2526 = DIRECTION ( 'NONE',  ( -0.000000000000000000, -0.000000000000000000, 1.000000000000000000 ) ) ;
#2527 = CARTESIAN_POINT ( 'NONE',  ( -17.84364188218261660, -2.063585631329678767E-15, 8.499999999999998224 ) ) ;
#2528 = VECTOR ( 'NONE', #3979, 1000.000000000000000 ) ;
#2529 = DIRECTION ( 'NONE',  ( 1.000000000000000000, 0.000000000000000000, 0.000000000000000000 ) ) ;
#2530 = VERTEX_POINT ( 'NONE', #1871 ) ;
#2531 = CARTESIAN_POINT ( 'NONE',  ( 0.000000000000000000, -28.47129294843108482, 8.378679656440352730 ) ) ;
#2532 = VERTEX_POINT ( 'NONE', #1373 ) ;
#2533 = VECTOR ( 'NONE', #2496, 1000.000000000000000 ) ;
#2534 = DIRECTION ( 'NONE',  ( -0.000000000000000000, -0.000000000000000000, 1.000000000000000000 ) ) ;
#2535 = PLANE ( 'NONE',  #2923 ) ;
#2536 = ORIENTED_EDGE ( 'NONE', *, *, #3445, .F. ) ;
#2537 = ORIENTED_EDGE ( 'NONE', *, *, #3980, .T. ) ;
#2538 = VERTEX_POINT ( 'NONE', #2901 ) ;
#2539 = EDGE_CURVE ( 'NONE', #2001, #1847, #909, .T. ) ;
#2540 = LINE ( 'NONE', #1413, #4941 ) ;
#2541 = DIRECTION ( 'NONE',  ( -1.000000000000000000, 0.000000000000000000, 0.000000000000000000 ) ) ;
#2542 = EDGE_CURVE ( 'NONE', #2339, #4104, #3417, .T. ) ;
#2543 = AXIS2_PLACEMENT_3D ( 'NONE', #1477, #2304, #1858 ) ;
#2544 = LINE ( 'NONE', #2517, #2697 ) ;
#2545 = ADVANCED_FACE ( 'NONE', ( #1167, #4948 ), #3887, .T. ) ;
#2546 = AXIS2_PLACEMENT_3D ( 'NONE', #1792, #4072, #4517 ) ;
#2547 = CIRCLE ( 'NONE', #4782, 1.000000000000000888 ) ;
#2548 = FACE_OUTER_BOUND ( 'NONE', #970, .T. ) ;
#2549 = MANIFOLD_SOLID_BREP ( 'Boss-Extrude2', #4724 ) ;
#2550 = AXIS2_PLACEMENT_3D ( 'NONE', #4329, #124, #3657 ) ;
#2551 = DIRECTION ( 'NONE',  ( -1.000000000000000000, 0.000000000000000000, 0.000000000000000000 ) ) ;
#2552 = TOROIDAL_SURFACE ( 'NONE', #2150, 1.999999999999997780, 1.000000000000000000 ) ;
#2553 = FACE_OUTER_BOUND ( 'NONE', #2382, .T. ) ;
#2554 = LINE ( 'NONE', #1057, #4778 ) ;
#2555 = DIRECTION ( 'NONE',  ( -1.000000000000000000, 0.000000000000000000, 0.000000000000000000 ) ) ;
#2556 = AXIS2_PLACEMENT_3D ( 'NONE', #2871, #2495, #4017 ) ;
#2557 = LINE ( 'NONE', #4453, #905 ) ;
#2558 = VERTEX_POINT ( 'NONE', #4194 ) ;
#2559 = DIRECTION ( 'NONE',  ( -1.734723475976806848E-16, 1.000000000000000000, -1.232595164407830946E-32 ) ) ;
#2560 = EDGE_LOOP ( 'NONE', ( #1701, #2110 ) ) ;
#2561 = CARTESIAN_POINT ( 'NONE',  ( -16.21496222574229051, -25.22129294843106706, 8.499999999999998224 ) ) ;
#2562 = EDGE_CURVE ( 'NONE', #2979, #1600, #422, .T. ) ;
#2563 = CARTESIAN_POINT ( 'NONE',  ( -10.66696076089826661, 21.25670570879590571, -4.001000000000001222 ) ) ;
#2564 = VERTEX_POINT ( 'NONE', #3442 ) ;
#2565 = ADVANCED_FACE ( 'NONE', ( #775 ), #2749, .T. ) ;
#2566 = VERTEX_POINT ( 'NONE', #2293 ) ;
#2567 = DIRECTION ( 'NONE',  ( -1.000000000000000000, 0.000000000000000000, 0.000000000000000000 ) ) ;
#2568 = ORIENTED_EDGE ( 'NONE', *, *, #740, .F. ) ;
#2569 = DIRECTION ( 'NONE',  ( 1.000000000000000000, -0.000000000000000000, 1.204669080539449344E-16 ) ) ;
#2570 = DIRECTION ( 'NONE',  ( 0.000000000000000000, -0.000000000000000000, -1.000000000000000000 ) ) ;
#2571 = DIRECTION ( 'NONE',  ( 0.000000000000000000, 0.000000000000000000, 1.000000000000000000 ) ) ;
#2572 = CIRCLE ( 'NONE', #3919, 1.000000000000000888 ) ;
#2573 = ADVANCED_FACE ( 'NONE', ( #1568 ), #22, .T. ) ;
#2574 = VECTOR ( 'NONE', #4755, 1000.000000000000000 ) ;
#2575 = EDGE_LOOP ( 'NONE', ( #3089, #123, #2793, #3197 ) ) ;
#2576 = EDGE_CURVE ( 'NONE', #10, #3293, #1946, .T. ) ;
#2577 = CARTESIAN_POINT ( 'NONE',  ( -9.934129258355456571, -28.47129294843108482, 1.699999999999999289 ) ) ;
#2578 = VECTOR ( 'NONE', #1697, 1000.000000000000000 ) ;
#2579 = CYLINDRICAL_SURFACE ( 'NONE', #3290, 1.074999999999999512 ) ;
#2580 = EDGE_CURVE ( 'NONE', #2945, #4735, #3467, .T. ) ;
#2581 = CARTESIAN_POINT ( 'NONE',  ( -7.714959791634051989, -29.97129294843108838, -0.3076765599984150334 ) ) ;
#2582 = DIRECTION ( 'NONE',  ( -0.000000000000000000, -0.000000000000000000, -1.000000000000000000 ) ) ;
#2583 = CARTESIAN_POINT ( 'NONE',  ( -10.66696076089826661, 17.28171028643190610, -4.001000000000001222 ) ) ;
#2584 = VERTEX_POINT ( 'NONE', #3093 ) ;
#2585 = ORIENTED_EDGE ( 'NONE', *, *, #4405, .T. ) ;
#2586 = CARTESIAN_POINT ( 'NONE',  ( 17.41371743069809241, -25.74388111221639974, 8.499999999999998224 ) ) ;
#2587 = DIRECTION ( 'NONE',  ( 0.000000000000000000, 0.000000000000000000, 1.000000000000000000 ) ) ;
#2588 = FACE_OUTER_BOUND ( 'NONE', #4088, .T. ) ;
#2589 = EDGE_CURVE ( 'NONE', #643, #2990, #121, .T. ) ;
#2590 = EDGE_CURVE ( 'NONE', #197, #897, #4619, .T. ) ;
#2591 = VERTEX_POINT ( 'NONE', #1215 ) ;
#2592 = FACE_OUTER_BOUND ( 'NONE', #2738, .T. ) ;
#2593 = EDGE_LOOP ( 'NONE', ( #1886, #2842, #3483, #935 ) ) ;
#2594 = DIRECTION ( 'NONE',  ( -0.000000000000000000, -0.000000000000000000, -1.000000000000000000 ) ) ;
#2595 = FACE_OUTER_BOUND ( 'NONE', #1364, .T. ) ;
#2596 = FACE_OUTER_BOUND ( 'NONE', #1579, .T. ) ;
#2597 = EDGE_LOOP ( 'NONE', ( #2274, #4651, #2836, #3622 ) ) ;
#2598 = CARTESIAN_POINT ( 'NONE',  ( 15.78503777425776988, 25.27870705156888320, -4.002000000000000668 ) ) ;
#2599 = DIRECTION ( 'NONE',  ( -0.000000000000000000, 0.000000000000000000, 1.000000000000000000 ) ) ;
#2600 = DIRECTION ( 'NONE',  ( 1.000000000000000000, 1.734723475976807094E-16, -0.000000000000000000 ) ) ;
#2601 = ADVANCED_FACE ( 'NONE', ( #4918 ), #370, .T. ) ;
#2602 = PLANE ( 'NONE',  #1746 ) ;
#2603 = LINE ( 'NONE', #4901, #4644 ) ;
#2604 = VECTOR ( 'NONE', #3439, 1000.000000000000000 ) ;
#2605 = ADVANCED_FACE ( 'NONE', ( #2366 ), #1992, .F. ) ;
#2606 = ORIENTED_EDGE ( 'NONE', *, *, #827, .T. ) ;
#2607 = ORIENTED_EDGE ( 'NONE', *, *, #1134, .F. ) ;
#2608 = LINE ( 'NONE', #4559, #1891 ) ;
#2609 = DIRECTION ( 'NONE',  ( 1.000000000000000000, 2.703465157366452467E-16, -0.000000000000000000 ) ) ;
#2610 = VECTOR ( 'NONE', #3636, 1000.000000000000000 ) ;
#2611 = DIRECTION ( 'NONE',  ( 0.000000000000000000, 0.000000000000000000, -1.000000000000000000 ) ) ;
#2612 = TOROIDAL_SURFACE ( 'NONE', #1637, 1.585786437626902634, 1.000000000000000000 ) ;
#2613 = ORIENTED_EDGE ( 'NONE', *, *, #1220, .F. ) ;
#2614 = ORIENTED_EDGE ( 'NONE', *, *, #1747, .F. ) ;
#2615 = CARTESIAN_POINT ( 'NONE',  ( 0.000000000000000000, -28.55707938605798546, 8.999999999999998224 ) ) ;
#2616 = ORIENTED_EDGE ( 'NONE', *, *, #2201, .T. ) ;
#2617 = CARTESIAN_POINT ( 'NONE',  ( 14.18503777425769918, 22.52870705156892583, 9.999999999999998224 ) ) ;
#2618 = CARTESIAN_POINT ( 'NONE',  ( -1.987927293224997172, 19.84070686846390430, 8.499999999999998224 ) ) ;
#2619 = DIRECTION ( 'NONE',  ( 0.000000000000000000, 0.000000000000000000, 1.000000000000000000 ) ) ;
#2620 = ADVANCED_FACE ( 'NONE', ( #1694 ), #4371, .F. ) ;
#2621 = ORIENTED_EDGE ( 'NONE', *, *, #3087, .F. ) ;
#2622 = AXIS2_PLACEMENT_3D ( 'NONE', #965, #2125, #3634 ) ;
#2623 = DIRECTION ( 'NONE',  ( -1.000000000000000000, -2.703465157366452467E-16, 0.000000000000000000 ) ) ;
#2624 = DIRECTION ( 'NONE',  ( 1.911638545475383559E-16, -0.7071067811865505703, -0.7071067811865444641 ) ) ;
#2625 = AXIS2_PLACEMENT_3D ( 'NONE', #4102, #4077, #3252 ) ;
#2626 = VECTOR ( 'NONE', #96, 1000.000000000000114 ) ;
#2627 = CARTESIAN_POINT ( 'NONE',  ( -17.96496222574225854, -26.05365503676488359, 8.378679656440352730 ) ) ;
#2628 = DIRECTION ( 'NONE',  ( -0.000000000000000000, -0.000000000000000000, 1.000000000000000000 ) ) ;
#2629 = AXIS2_PLACEMENT_3D ( 'NONE', #2897, #2569, #1789 ) ;
#2630 = AXIS2_PLACEMENT_3D ( 'NONE', #2864, #1630, #870 ) ;
#2631 = ORIENTED_EDGE ( 'NONE', *, *, #228, .T. ) ;
#2632 = EDGE_CURVE ( 'NONE', #3879, #340, #4744, .T. ) ;
#2633 = VERTEX_POINT ( 'NONE', #1316 ) ;
#2634 = LINE ( 'NONE', #4157, #1725 ) ;
#2635 = EDGE_CURVE ( 'NONE', #1939, #2333, #2846, .T. ) ;
#2636 = LINE ( 'NONE', #381, #3581 ) ;
#2637 = CARTESIAN_POINT ( 'NONE',  ( 16.53503777425773791, -18.72129294843107417, 8.499999999999998224 ) ) ;
#2638 = CIRCLE ( 'NONE', #2556, 1.000000000000000888 ) ;
#2639 = VERTEX_POINT ( 'NONE', #3996 ) ;
#2640 = ORIENTED_EDGE ( 'NONE', *, *, #368, .F. ) ;
#2641 = DIRECTION ( 'NONE',  ( -0.000000000000000000, -0.000000000000000000, 1.000000000000000000 ) ) ;
#2642 = ORIENTED_EDGE ( 'NONE', *, *, #2778, .T. ) ;
#2643 = DIRECTION ( 'NONE',  ( 0.000000000000000000, -0.000000000000000000, 1.000000000000000000 ) ) ;
#2644 = CARTESIAN_POINT ( 'NONE',  ( -17.96496222574225854, -26.97129294843108838, 8.378679656440352730 ) ) ;
#2645 = CARTESIAN_POINT ( 'NONE',  ( 0.000000000000000000, -28.34997260487144288, 8.499999999999998224 ) ) ;
#2646 = ORIENTED_EDGE ( 'NONE', *, *, #2993, .T. ) ;
#2647 = DIRECTION ( 'NONE',  ( -0.000000000000000000, -0.000000000000000000, -1.000000000000000000 ) ) ;
#2648 = CARTESIAN_POINT ( 'NONE',  ( 16.53503777425774501, -25.22129294843106706, -4.002000000000000668 ) ) ;
#2649 = AXIS2_PLACEMENT_3D ( 'NONE', #426, #3823, #3891 ) ;
#2650 = EDGE_CURVE ( 'NONE', #161, #2566, #3394, .T. ) ;
#2651 = VECTOR ( 'NONE', #1395, 1000.000000000000000 ) ;
#2652 = FACE_BOUND ( 'NONE', #4907, .T. ) ;
#2653 = DIRECTION ( 'NONE',  ( 0.7071067811865500152, 8.177564888978027451E-17, -0.7071067811865451302 ) ) ;
#2654 = DIRECTION ( 'NONE',  ( -1.000000000000000000, 0.000000000000000000, 0.000000000000000000 ) ) ;
#2655 = EDGE_CURVE ( 'NONE', #1643, #3825, #4768, .T. ) ;
#2656 = EDGE_LOOP ( 'NONE', ( #2393, #3905, #27, #735 ) ) ;
#2657 = ORIENTED_EDGE ( 'NONE', *, *, #52, .F. ) ;
#2658 = CARTESIAN_POINT ( 'NONE',  ( -9.066960760898265193, 21.25670570879590571, 9.999999999999998224 ) ) ;
#2659 = CARTESIAN_POINT ( 'NONE',  ( -17.96496222574225499, -18.88893086009725408, 8.378679656440352730 ) ) ;
#2660 = CARTESIAN_POINT ( 'NONE',  ( 9.197601288496661809, -28.34997260487144288, 8.499999999999998224 ) ) ;
#2661 = EDGE_CURVE ( 'NONE', #4104, #1877, #2054, .T. ) ;
#2662 = VERTEX_POINT ( 'NONE', #3191 ) ;
#2663 = ORIENTED_EDGE ( 'NONE', *, *, #1771, .F. ) ;
#2664 = LINE ( 'NONE', #3245, #4859 ) ;
#2665 = VERTEX_POINT ( 'NONE', #581 ) ;
#2666 = APPLICATION_CONTEXT ( 'automotive_design' ) ;
#2667 = CARTESIAN_POINT ( 'NONE',  ( 16.03503777425773791, 30.02870705156891162, 8.585786437626897083 ) ) ;
#2668 = LINE ( 'NONE', #2405, #568 ) ;
#2669 = CARTESIAN_POINT ( 'NONE',  ( 16.03503777425773436, 27.02870705156891162, 8.585786437626898859 ) ) ;
#2670 = EDGE_CURVE ( 'NONE', #3618, #4503, #2097, .T. ) ;
#2671 = ORIENTED_EDGE ( 'NONE', *, *, #3248, .F. ) ;
#2672 = DIRECTION ( 'NONE',  ( 1.000000000000000000, 0.000000000000000000, 0.000000000000000000 ) ) ;
#2673 = EDGE_CURVE ( 'NONE', #2985, #1787, #3626, .T. ) ;
#2674 = CARTESIAN_POINT ( 'NONE',  ( 16.03503777425773436, 27.02870705156891162, 9.292893218813443212 ) ) ;
#2675 = LINE ( 'NONE', #1927, #1055 ) ;
#2676 = VERTEX_POINT ( 'NONE', #3570 ) ;
#2677 = ORIENTED_EDGE ( 'NONE', *, *, #2341, .T. ) ;
#2678 = DIRECTION ( 'NONE',  ( 1.000000000000000000, 0.000000000000000000, 0.000000000000000000 ) ) ;
#2679 = FACE_OUTER_BOUND ( 'NONE', #4712, .T. ) ;
#2680 = CARTESIAN_POINT ( 'NONE',  ( -17.84364188218262015, 25.80129521535420878, 8.499999999999998224 ) ) ;
#2681 = VECTOR ( 'NONE', #2288, 1000.000000000000000 ) ;
#2682 = AXIS2_PLACEMENT_3D ( 'NONE', #1628, #2717, #4238 ) ;
#2683 = EDGE_LOOP ( 'NONE', ( #174, #3535, #2869, #1975 ) ) ;
#2684 = CIRCLE ( 'NONE', #2928, 1.000000000000000888 ) ;
#2685 = ORIENTED_EDGE ( 'NONE', *, *, #987, .F. ) ;
#2686 = CARTESIAN_POINT ( 'NONE',  ( -12.64106361317945293, -22.11161202698745498, -4.001000000000001222 ) ) ;
#2687 = ORIENTED_EDGE ( 'NONE', *, *, #3854, .F. ) ;
#2688 = CARTESIAN_POINT ( 'NONE',  ( 15.78503777425775390, -25.22129294843106706, 3.292323440001584611 ) ) ;
#2689 = DIRECTION ( 'NONE',  ( 0.000000000000000000, 0.000000000000000000, -1.000000000000000000 ) ) ;
#2690 = FACE_OUTER_BOUND ( 'NONE', #2290, .T. ) ;
#2691 = VECTOR ( 'NONE', #1995, 1000.000000000000000 ) ;
#2692 = ADVANCED_FACE ( 'NONE', ( #1666 ), #91, .F. ) ;
#2693 = VERTEX_POINT ( 'NONE', #1291 ) ;
#2694 = ORIENTED_EDGE ( 'NONE', *, *, #2192, .T. ) ;
#2695 = EDGE_CURVE ( 'NONE', #4606, #3902, #4665, .T. ) ;
#2696 = FACE_OUTER_BOUND ( 'NONE', #3265, .T. ) ;
#2697 = VECTOR ( 'NONE', #322, 1000.000000000000000 ) ;
#2698 = ADVANCED_FACE ( 'NONE', ( #168 ), #2824, .T. ) ;
#2699 = DIRECTION ( 'NONE',  ( 0.000000000000000000, 0.000000000000000000, -1.000000000000000000 ) ) ;
#2700 = CARTESIAN_POINT ( 'NONE',  ( 17.62082421188464210, 3.056725742641680849E-15, 8.999999999999998224 ) ) ;
#2701 = DIRECTION ( 'NONE',  ( 1.000000000000000000, 0.000000000000000000, 0.000000000000000000 ) ) ;
#2702 = CARTESIAN_POINT ( 'NONE',  ( 10.45303777425773362, -25.62529294843109540, 8.499999999999998224 ) ) ;
#2703 = AXIS2_PLACEMENT_3D ( 'NONE', #4630, #3003, #1531 ) ;
#2704 = AXIS2_PLACEMENT_3D ( 'NONE', #3120, #1124, #2751 ) ;
#2705 = ORIENTED_EDGE ( 'NONE', *, *, #2144, .F. ) ;
#2706 = VECTOR ( 'NONE', #2241, 1000.000000000000000 ) ;
#2707 = VERTEX_POINT ( 'NONE', #4345 ) ;
#2708 = CARTESIAN_POINT ( 'NONE',  ( -17.96496222574226564, 27.02870705156890097, 8.378679656440352730 ) ) ;
#2709 = PLANE ( 'NONE',  #142 ) ;
#2710 = CIRCLE ( 'NONE', #2305, 1.500000000000001332 ) ;
#2711 = PLANE ( 'NONE',  #2129 ) ;
#2712 = VECTOR ( 'NONE', #4539, 1000.000000000000000 ) ;
#2713 = VERTEX_POINT ( 'NONE', #876 ) ;
#2714 = ORIENTED_EDGE ( 'NONE', *, *, #3939, .F. ) ;
#2715 = EDGE_CURVE ( 'NONE', #4253, #2693, #4688, .T. ) ;
#2716 = EDGE_LOOP ( 'NONE', ( #420, #240, #1803, #741 ) ) ;
#2717 = DIRECTION ( 'NONE',  ( -0.000000000000000000, -0.000000000000000000, 1.000000000000000000 ) ) ;
#2718 = VERTEX_POINT ( 'NONE', #1264 ) ;
#2719 = LINE ( 'NONE', #3060, #2949 ) ;
#2720 = FACE_BOUND ( 'NONE', #1810, .T. ) ;
#2721 = FACE_OUTER_BOUND ( 'NONE', #1271, .T. ) ;
#2722 = EDGE_CURVE ( 'NONE', #441, #2219, #2017, .T. ) ;
#2723 = CIRCLE ( 'NONE', #3514, 1.074999999999999512 ) ;
#2724 = ORIENTED_EDGE ( 'NONE', *, *, #4507, .F. ) ;
#2725 = ORIENTED_EDGE ( 'NONE', *, *, #74, .F. ) ;
#2726 = CARTESIAN_POINT ( 'NONE',  ( -14.61496222574226245, -22.47129294843110969, 9.999999999999998224 ) ) ;
#2727 = CARTESIAN_POINT ( 'NONE',  ( 10.45303777425773362, 25.68270705156890443, -0.1000000000000002554 ) ) ;
#2728 = EDGE_CURVE ( 'NONE', #3963, #4606, #4692, .T. ) ;
#2729 = CARTESIAN_POINT ( 'NONE',  ( 2.015431251695973813, 12.66714344531767900, 8.499999999999998224 ) ) ;
#2730 = LINE ( 'NONE', #3069, #733 ) ;
#2731 = ADVANCED_FACE ( 'NONE', ( #907 ), #2422, .T. ) ;
#2732 = CIRCLE ( 'NONE', #4007, 1.402036092185268590 ) ;
#2733 = ORIENTED_EDGE ( 'NONE', *, *, #423, .T. ) ;
#2734 = ORIENTED_EDGE ( 'NONE', *, *, #4634, .T. ) ;
#2735 = PLANE ( 'NONE',  #557 ) ;
#2736 = DIRECTION ( 'NONE',  ( 0.000000000000000000, -0.000000000000000000, -1.000000000000000000 ) ) ;
#2737 = DIRECTION ( 'NONE',  ( 1.000000000000000000, -1.889896820699124017E-15, 0.000000000000000000 ) ) ;
#2738 = EDGE_LOOP ( 'NONE', ( #1990, #1627, #3007, #3923 ) ) ;
#2739 = EDGE_LOOP ( 'NONE', ( #4105, #2761, #1965, #3316 ) ) ;
#2740 = LINE ( 'NONE', #1155, #3078 ) ;
#2741 = EDGE_LOOP ( 'NONE', ( #20, #3015, #757, #3799 ) ) ;
#2742 = DIRECTION ( 'NONE',  ( -0.000000000000000000, -0.000000000000000000, -1.000000000000000000 ) ) ;
#2743 = EDGE_CURVE ( 'NONE', #134, #3694, #2292, .T. ) ;
#2744 = DIRECTION ( 'NONE',  ( 0.000000000000000000, 0.000000000000000000, 1.000000000000000000 ) ) ;
#2745 = EDGE_CURVE ( 'NONE', #1418, #4431, #2280, .T. ) ;
#2746 = ORIENTED_EDGE ( 'NONE', *, *, #3167, .T. ) ;
#2747 = ORIENTED_EDGE ( 'NONE', *, *, #1867, .F. ) ;
#2748 = LINE ( 'NONE', #551, #4555 ) ;
#2749 = PLANE ( 'NONE',  #780 ) ;
#2750 = DIRECTION ( 'NONE',  ( 0.7071067811865444641, 1.226634733346693887E-16, -0.7071067811865505703 ) ) ;
#2751 = DIRECTION ( 'NONE',  ( 0.000000000000000000, -0.000000000000000000, -1.000000000000000000 ) ) ;
#2752 = CARTESIAN_POINT ( 'NONE',  ( 18.74214455544429114, -26.97129294843108482, 9.292893218813439660 ) ) ;
#2753 = ORIENTED_EDGE ( 'NONE', *, *, #4770, .T. ) ;
#2754 = EDGE_CURVE ( 'NONE', #3204, #4429, #1770, .T. ) ;
#2755 = EDGE_LOOP ( 'NONE', ( #599, #787, #3376, #4572 ) ) ;
#2756 = DIRECTION ( 'NONE',  ( 0.000000000000000000, 0.000000000000000000, 1.000000000000000000 ) ) ;
#2757 = EDGE_CURVE ( 'NONE', #3541, #3114, #2544, .T. ) ;
#2758 = CARTESIAN_POINT ( 'NONE',  ( 16.03503777425773791, -28.47129294843108482, 3.292323440001584611 ) ) ;
#2759 = DIRECTION ( 'NONE',  ( -0.000000000000000000, 0.000000000000000000, 1.000000000000000000 ) ) ;
#2760 = EDGE_CURVE ( 'NONE', #1322, #3644, #377, .T. ) ;
#2761 = ORIENTED_EDGE ( 'NONE', *, *, #3297, .T. ) ;
#2762 = ORIENTED_EDGE ( 'NONE', *, *, #3255, .F. ) ;
#2763 = DIRECTION ( 'NONE',  ( -0.000000000000000000, -0.000000000000000000, 1.000000000000000000 ) ) ;
#2764 = ORIENTED_EDGE ( 'NONE', *, *, #3997, .F. ) ;
#2765 = CARTESIAN_POINT ( 'NONE',  ( -16.21496222574229762, 22.52870705156889031, -4.002000000000000668 ) ) ;
#2766 = CARTESIAN_POINT ( 'NONE',  ( 2.452039483241733375, 19.84070686846390430, 9.999999999999998224 ) ) ;
#2767 = AXIS2_PLACEMENT_3D ( 'NONE', #392, #2744, #2314 ) ;
#2768 = ORIENTED_EDGE ( 'NONE', *, *, #2743, .F. ) ;
#2769 = VECTOR ( 'NONE', #1454, 1000.000000000000000 ) ;
#2770 = EDGE_LOOP ( 'NONE', ( #2494, #3214, #1044, #386 ) ) ;
#2771 = ORIENTED_EDGE ( 'NONE', *, *, #3992, .F. ) ;
#2772 = DIRECTION ( 'NONE',  ( 1.000000000000000000, 0.000000000000000000, 0.000000000000000000 ) ) ;
#2773 = CARTESIAN_POINT ( 'NONE',  ( -19.46496222574226920, 29.02870705156890097, 8.585786437626897083 ) ) ;
#2774 = AXIS2_PLACEMENT_3D ( 'NONE', #4733, #2813, #80 ) ;
#2775 = UNCERTAINTY_MEASURE_WITH_UNIT (LENGTH_MEASURE( 1.000000000000000082E-05 ), #4197, 'distance_accuracy_value', 'NONE');
#2776 = AXIS2_PLACEMENT_3D ( 'NONE', #3598, #3218, #4397 ) ;
#2777 = DIRECTION ( 'NONE',  ( -0.000000000000000000, -0.000000000000000000, 1.000000000000000000 ) ) ;
#2778 = EDGE_CURVE ( 'NONE', #51, #1877, #1881, .T. ) ;
#2779 = CARTESIAN_POINT ( 'NONE',  ( -16.21496222574226564, -22.47129294843110969, 8.499999999999998224 ) ) ;
#2780 = DIRECTION ( 'NONE',  ( 1.000000000000000000, 2.703465157366452467E-16, -0.000000000000000000 ) ) ;
#2781 = EDGE_LOOP ( 'NONE', ( #4334, #4535, #85, #232 ) ) ;
#2782 = ORIENTED_EDGE ( 'NONE', *, *, #4472, .T. ) ;
#2783 = DIRECTION ( 'NONE',  ( -0.000000000000000000, -0.000000000000000000, 1.000000000000000000 ) ) ;
#2784 = DIRECTION ( 'NONE',  ( -0.000000000000000000, -0.000000000000000000, 1.000000000000000000 ) ) ;
#2785 = VECTOR ( 'NONE', #3682, 1000.000000000000000 ) ;
#2786 = CARTESIAN_POINT ( 'NONE',  ( 12.21093530270484706, 13.48838797301253933, 8.499999999999994671 ) ) ;
#2787 = ADVANCED_FACE ( 'NONE', ( #3315 ), #1744, .F. ) ;
#2788 = CIRCLE ( 'NONE', #2067, 0.9499999999999995115 ) ;
#2789 = VERTEX_POINT ( 'NONE', #3651 ) ;
#2790 = EDGE_CURVE ( 'NONE', #1831, #3832, #1736, .T. ) ;
#2791 = ORIENTED_EDGE ( 'NONE', *, *, #4591, .T. ) ;
#2792 = DIRECTION ( 'NONE',  ( 0.000000000000000000, 0.000000000000000000, 1.000000000000000000 ) ) ;
#2793 = ORIENTED_EDGE ( 'NONE', *, *, #908, .T. ) ;
#2794 = CIRCLE ( 'NONE', #1506, 3.000000000000000888 ) ;
#2795 = CARTESIAN_POINT ( 'NONE',  ( 15.78503777425770060, 22.52870705156892583, 5.000000000000001776 ) ) ;
#2796 = CARTESIAN_POINT ( 'NONE',  ( -18.05074866336916273, -26.97129294843108838, 8.999999999999998224 ) ) ;
#2797 = AXIS2_PLACEMENT_3D ( 'NONE', #3689, #3665, #263 ) ;
#2798 = ORIENTED_EDGE ( 'NONE', *, *, #2511, .F. ) ;
#2799 = VECTOR ( 'NONE', #3075, 1000.000000000000000 ) ;
#2800 = ORIENTED_EDGE ( 'NONE', *, *, #4679, .F. ) ;
#2801 = CARTESIAN_POINT ( 'NONE',  ( 10.45303777425773362, -25.62529294843109540, 1.699999999999999289 ) ) ;
#2802 = CARTESIAN_POINT ( 'NONE',  ( -19.46496222574226209, -26.97129294843108838, 8.999999999999991118 ) ) ;
#2803 = AXIS2_PLACEMENT_3D ( 'NONE', #156, #1300, #4380 ) ;
#2804 = DIRECTION ( 'NONE',  ( 1.000000000000000000, 0.000000000000000000, 0.000000000000000000 ) ) ;
#2805 = CARTESIAN_POINT ( 'NONE',  ( -9.934129258355479664, 28.52870705156890097, 8.378679656440352730 ) ) ;
#2806 = DIRECTION ( 'NONE',  ( -0.000000000000000000, -0.000000000000000000, 1.000000000000000000 ) ) ;
#2807 = ADVANCED_FACE ( 'NONE', ( #4838 ), #4868, .T. ) ;
#2808 = EDGE_LOOP ( 'NONE', ( #2108, #4457, #4633, #438 ) ) ;
#2809 = ORIENTED_EDGE ( 'NONE', *, *, #4613, .F. ) ;
#2810 = CARTESIAN_POINT ( 'NONE',  ( -9.807962225742267393, -25.62529294843109540, -0.1000000000000002554 ) ) ;
#2811 = DIRECTION ( 'NONE',  ( -1.000000000000000000, 1.889896820699131511E-15, 0.000000000000000000 ) ) ;
#2812 = CARTESIAN_POINT ( 'NONE',  ( -16.46496222574226920, 30.02870705156890097, 8.585786437626900636 ) ) ;
#2813 = DIRECTION ( 'NONE',  ( -0.000000000000000000, -0.000000000000000000, 1.000000000000000000 ) ) ;
#2814 = ORIENTED_EDGE ( 'NONE', *, *, #374, .T. ) ;
#2815 = ORIENTED_EDGE ( 'NONE', *, *, #3425, .F. ) ;
#2816 = DIRECTION ( 'NONE',  ( 0.000000000000000000, 0.000000000000000000, -1.000000000000000000 ) ) ;
#2817 = VERTEX_POINT ( 'NONE', #2899 ) ;
#2818 = CIRCLE ( 'NONE', #1372, 3.000000000000000000 ) ;
#2819 = CARTESIAN_POINT ( 'NONE',  ( 15.78503777425773613, -22.47129294843107417, -3.000000000000002665 ) ) ;
#2820 = DIRECTION ( 'NONE',  ( -0.000000000000000000, -0.000000000000000000, -1.000000000000000000 ) ) ;
#2821 = VERTEX_POINT ( 'NONE', #1070 ) ;
#2822 = ORIENTED_EDGE ( 'NONE', *, *, #1548, .T. ) ;
#2823 = DIRECTION ( 'NONE',  ( 0.000000000000000000, 0.000000000000000000, 1.000000000000000000 ) ) ;
#2824 = CYLINDRICAL_SURFACE ( 'NONE', #457, 1.000000000000000888 ) ;
#2825 = EDGE_CURVE ( 'NONE', #134, #2308, #4494, .T. ) ;
#2826 = DIRECTION ( 'NONE',  ( -1.000000000000000000, 0.000000000000000000, 0.000000000000000000 ) ) ;
#2827 = LINE ( 'NONE', #4322, #2626 ) ;
#2828 = LINE ( 'NONE', #2476, #1209 ) ;
#2829 = ORIENTED_EDGE ( 'NONE', *, *, #1521, .T. ) ;
#2830 = VERTEX_POINT ( 'NONE', #1815 ) ;
#2831 = DIRECTION ( 'NONE',  ( -1.000000000000000000, 0.000000000000000000, 0.000000000000000000 ) ) ;
#2832 = FACE_OUTER_BOUND ( 'NONE', #9, .T. ) ;
#2833 = LINE ( 'NONE', #4354, #1595 ) ;
#2834 = CARTESIAN_POINT ( 'NONE',  ( -19.46496222574226920, 27.02870705156890097, 3.292323440001584611 ) ) ;
#2835 = LINE ( 'NONE', #2180, #1451 ) ;
#2836 = ORIENTED_EDGE ( 'NONE', *, *, #3135, .T. ) ;
#2837 = CARTESIAN_POINT ( 'NONE',  ( -10.66696076089826661, 17.28171028643190610, 9.999999999999998224 ) ) ;
#2838 = ORIENTED_EDGE ( 'NONE', *, *, #446, .F. ) ;
#2839 = PLANE ( 'NONE',  #3271 ) ;
#2840 = DIRECTION ( 'NONE',  ( 1.000000000000000000, 0.000000000000000000, 0.000000000000000000 ) ) ;
#2841 =( BOUNDED_CURVE ( )  B_SPLINE_CURVE ( 3, ( #609, #2482, #940, #4803 ),
 .UNSPECIFIED., .F., .F. ) 
 B_SPLINE_CURVE_WITH_KNOTS ( ( 4, 4 ),
 ( 3.463395796891678202, 3.573362445082399752 ),
 .UNSPECIFIED. ) 
 CURVE ( )  GEOMETRIC_REPRESENTATION_ITEM ( )  RATIONAL_B_SPLINE_CURVE ( ( 1.000000000000000000, 0.9989925318741211813, 0.9989925318741211813, 1.000000000000000000 ) ) 
 REPRESENTATION_ITEM ( '' )  );
#2842 = ORIENTED_EDGE ( 'NONE', *, *, #811, .T. ) ;
#2843 = ORIENTED_EDGE ( 'NONE', *, *, #4582, .T. ) ;
#2844 = VERTEX_POINT ( 'NONE', #1416 ) ;
#2845 = DIRECTION ( 'NONE',  ( 0.000000000000000000, 0.000000000000000000, -1.000000000000000000 ) ) ;
#2846 = LINE ( 'NONE', #603, #1250 ) ;
#2847 = ADVANCED_FACE ( 'NONE', ( #4041 ), #4769, .T. ) ;
#2848 = ADVANCED_FACE ( 'NONE', ( #4818 ), #2612, .T. ) ;
#2849 = LINE ( 'NONE', #143, #2691 ) ;
#2850 = ADVANCED_FACE ( 'NONE', ( #2596 ), #2918, .T. ) ;
#2851 = AXIS2_PLACEMENT_3D ( 'NONE', #3150, #4677, #1251 ) ;
#2852 = CARTESIAN_POINT ( 'NONE',  ( -9.627525739981193098, -28.34997260487144288, 8.499999999999998224 ) ) ;
#2853 = CARTESIAN_POINT ( 'NONE',  ( -10.66696076089826661, 21.25670570879590571, -4.001000000000001222 ) ) ;
#2854 = VECTOR ( 'NONE', #4018, 1000.000000000000000 ) ;
#2855 = VERTEX_POINT ( 'NONE', #1092 ) ;
#2856 = CARTESIAN_POINT ( 'NONE',  ( 9.710935302704854166, -22.11161202698745853, 9.999999999999998224 ) ) ;
#2857 = DIRECTION ( 'NONE',  ( 0.000000000000000000, -1.000000000000000000, 0.000000000000000000 ) ) ;
#2858 = FACE_OUTER_BOUND ( 'NONE', #1510, .T. ) ;
#2859 = DIRECTION ( 'NONE',  ( 0.000000000000000000, -0.000000000000000000, -1.000000000000000000 ) ) ;
#2860 = CARTESIAN_POINT ( 'NONE',  ( 7.285040208365947123, -11.83278339979662874, 3.292323440001584611 ) ) ;
#2861 = ORIENTED_EDGE ( 'NONE', *, *, #1017, .F. ) ;
#2862 = DIRECTION ( 'NONE',  ( 0.000000000000000000, 0.000000000000000000, 1.000000000000000000 ) ) ;
#2863 = ORIENTED_EDGE ( 'NONE', *, *, #3014, .T. ) ;
#2864 = CARTESIAN_POINT ( 'NONE',  ( -16.21496222574229762, 22.52870705156889031, 8.499999999999998224 ) ) ;
#2865 = DIRECTION ( 'NONE',  ( -1.000000000000000000, -1.949127501097536693E-16, 0.000000000000000000 ) ) ;
#2866 = AXIS2_PLACEMENT_3D ( 'NONE', #4353, #939, #2455 ) ;
#2867 = EDGE_CURVE ( 'NONE', #2855, #428, #2369, .T. ) ;
#2868 = AXIS2_PLACEMENT_3D ( 'NONE', #3298, #4819, #2946 ) ;
#2869 = ORIENTED_EDGE ( 'NONE', *, *, #4942, .T. ) ;
#2870 = EDGE_LOOP ( 'NONE', ( #2771, #1839, #4183, #3993 ) ) ;
#2871 = CARTESIAN_POINT ( 'NONE',  ( -16.46496222574226209, -28.97129294843108482, 8.585786437626900636 ) ) ;
#2872 = CARTESIAN_POINT ( 'NONE',  ( -10.88296222574226668, 25.68270705156890443, -0.1000000000000002554 ) ) ;
#2873 = AXIS2_PLACEMENT_3D ( 'NONE', #2124, #153, #1676 ) ;
#2874 = CIRCLE ( 'NONE', #1348, 1.402036092185269034 ) ;
#2875 = LINE ( 'NONE', #4890, #1032 ) ;
#2876 = CYLINDRICAL_SURFACE ( 'NONE', #1028, 2.999999999999999112 ) ;
#2877 = CARTESIAN_POINT ( 'NONE',  ( -9.066960760898265193, 21.25670570879590571, -4.001000000000001222 ) ) ;
#2878 = VECTOR ( 'NONE', #2541, 1000.000000000000000 ) ;
#2879 = ADVANCED_FACE ( 'NONE', ( #2143 ), #4093, .F. ) ;
#2880 = DIRECTION ( 'NONE',  ( -0.000000000000000000, 0.000000000000000000, 1.000000000000000000 ) ) ;
#2881 = AXIS2_PLACEMENT_3D ( 'NONE', #773, #1895, #830 ) ;
#2882 = DIRECTION ( 'NONE',  ( -0.000000000000000000, -0.000000000000000000, 1.000000000000000000 ) ) ;
#2883 = DIRECTION ( 'NONE',  ( 0.000000000000000000, 0.000000000000000000, -1.000000000000000000 ) ) ;
#2884 = CARTESIAN_POINT ( 'NONE',  ( 7.285040208365946235, -28.47129294843108482, 6.892323440001584700 ) ) ;
#2885 = ADVANCED_FACE ( 'NONE', ( #3463 ), #4190, .T. ) ;
#2886 = CARTESIAN_POINT ( 'NONE',  ( -19.46496222574226209, -28.97129294843108482, 8.585786437626900636 ) ) ;
#2887 = VERTEX_POINT ( 'NONE', #3388 ) ;
#2888 = CARTESIAN_POINT ( 'NONE',  ( 2.015431251695973813, 12.66714344531767900, 8.499999999999998224 ) ) ;
#2889 = ORIENTED_EDGE ( 'NONE', *, *, #275, .F. ) ;
#2890 = DIRECTION ( 'NONE',  ( 0.000000000000000000, -0.000000000000000000, 1.000000000000000000 ) ) ;
#2891 = CARTESIAN_POINT ( 'NONE',  ( -17.16496222574230046, 22.52870705156889031, -3.000000000000002665 ) ) ;
#2892 = VERTEX_POINT ( 'NONE', #3785 ) ;
#2893 = CIRCLE ( 'NONE', #335, 2.749999999999995559 ) ;
#2894 = EDGE_LOOP ( 'NONE', ( #3859, #3624 ) ) ;
#2896 = EDGE_CURVE ( 'NONE', #1830, #4394, #4914, .T. ) ;
#2895 = ORIENTED_EDGE ( 'NONE', *, *, #4227, .T. ) ;
#2897 = CARTESIAN_POINT ( 'NONE',  ( 7.285040208365947123, -11.83278339979662874, -0.3076765599984150334 ) ) ;
#2898 = CARTESIAN_POINT ( 'NONE',  ( -10.88296222574226668, 25.68270705156890443, 1.699999999999999289 ) ) ;
#2899 = CARTESIAN_POINT ( 'NONE',  ( 16.53503777425773436, 19.77870705156889031, 8.499999999999998224 ) ) ;
#2900 = LINE ( 'NONE', #4474, #3264 ) ;
#2901 = CARTESIAN_POINT ( 'NONE',  ( 14.83503777425769599, 22.52870705156892583, 3.292323440001584611 ) ) ;
#2902 = DIRECTION ( 'NONE',  ( -0.000000000000000000, -0.000000000000000000, 1.000000000000000000 ) ) ;
#2903 = DIRECTION ( 'NONE',  ( -0.000000000000000000, -0.000000000000000000, 1.000000000000000000 ) ) ;
#2904 = CARTESIAN_POINT ( 'NONE',  ( -16.46496222574226209, -28.97129294843108482, 9.999999999999998224 ) ) ;
#2905 = CARTESIAN_POINT ( 'NONE',  ( -16.96496222574226564, 26.27870705156888320, 8.499999999999998224 ) ) ;
#2906 = EDGE_CURVE ( 'NONE', #4163, #239, #3804, .T. ) ;
#2907 = CARTESIAN_POINT ( 'NONE',  ( 16.03503777425773791, -26.97129294843108838, 8.939339828220180806 ) ) ;
#2908 = EDGE_CURVE ( 'NONE', #2441, #395, #4042, .T. ) ;
#2909 = ORIENTED_EDGE ( 'NONE', *, *, #404, .F. ) ;
#2910 = CARTESIAN_POINT ( 'NONE',  ( 9.504204806870959032, 28.52870705156890452, 1.699999999999999289 ) ) ;
#2911 = ORIENTED_EDGE ( 'NONE', *, *, #52, .T. ) ;
#2912 = LINE ( 'NONE', #4432, #4701 ) ;
#2913 = CARTESIAN_POINT ( 'NONE',  ( -10.88296222574226668, -25.62529294843109540, -0.1000000000000002554 ) ) ;
#2914 = ORIENTED_EDGE ( 'NONE', *, *, #4277, .T. ) ;
#2915 = VERTEX_POINT ( 'NONE', #3413 ) ;
#2916 = DIRECTION ( 'NONE',  ( 0.000000000000000000, -0.000000000000000000, 1.000000000000000000 ) ) ;
#2917 = DIRECTION ( 'NONE',  ( -1.734723475976807094E-16, 1.000000000000000000, 0.000000000000000000 ) ) ;
#2918 = PLANE ( 'NONE',  #3250 ) ;
#2919 = FACE_OUTER_BOUND ( 'NONE', #181, .T. ) ;
#2920 = DIRECTION ( 'NONE',  ( -1.000000000000000000, -2.703465157366452467E-16, 0.000000000000000000 ) ) ;
#2921 = AXIS2_PLACEMENT_3D ( 'NONE', #4061, #992, #4486 ) ;
#2922 = AXIS2_PLACEMENT_3D ( 'NONE', #11, #1607, #1580 ) ;
#2923 = AXIS2_PLACEMENT_3D ( 'NONE', #2563, #4108, #4413 ) ;
#2924 = AXIS2_PLACEMENT_3D ( 'NONE', #3402, #2232, #3755 ) ;
#2925 = CYLINDRICAL_SURFACE ( 'NONE', #4462, 1.402036092185269034 ) ;
#2926 = DIRECTION ( 'NONE',  ( -0.000000000000000000, -0.000000000000000000, 1.000000000000000000 ) ) ;
#2927 = DIRECTION ( 'NONE',  ( -0.7071067811865505703, -1.226634733346704487E-16, -0.7071067811865444641 ) ) ;
#2928 = AXIS2_PLACEMENT_3D ( 'NONE', #2637, #2983, #4506 ) ;
#2929 = CYLINDRICAL_SURFACE ( 'NONE', #2170, 1.000000000000000000 ) ;
#2930 = ORIENTED_EDGE ( 'NONE', *, *, #271, .T. ) ;
#2931 = CARTESIAN_POINT ( 'NONE',  ( -10.66696076089826661, 21.25670570879590571, 9.999999999999998224 ) ) ;
#2932 = VERTEX_POINT ( 'NONE', #1561 ) ;
#2933 =( GEOMETRIC_REPRESENTATION_CONTEXT ( 3 ) GLOBAL_UNCERTAINTY_ASSIGNED_CONTEXT ( ( #3916 ) ) GLOBAL_UNIT_ASSIGNED_CONTEXT ( ( #3493, #1193, #4174 ) ) REPRESENTATION_CONTEXT ( 'NONE', 'WORKASPACE' ) );
#2934 = CARTESIAN_POINT ( 'NONE',  ( -19.46496222574226209, -28.47129294843108482, -4.000000000000000000 ) ) ;
#2935 = DIRECTION ( 'NONE',  ( -1.000000000000000000, 0.000000000000000000, 0.000000000000000000 ) ) ;
#2936 = ADVANCED_FACE ( 'NONE', ( #767 ), #1488, .T. ) ;
#2937 = ADVANCED_FACE ( 'NONE', ( #2690 ), #4612, .T. ) ;
#2938 = VERTEX_POINT ( 'NONE', #1892 ) ;
#2939 = ORIENTED_EDGE ( 'NONE', *, *, #4650, .T. ) ;
#2940 = DIRECTION ( 'NONE',  ( -1.000000000000000000, 0.000000000000000000, 0.000000000000000000 ) ) ;
#2941 = LINE ( 'NONE', #978, #4231 ) ;
#2942 = VECTOR ( 'NONE', #199, 1000.000000000000000 ) ;
#2943 = AXIS2_PLACEMENT_3D ( 'NONE', #301, #2151, #1823 ) ;
#2944 = AXIS2_PLACEMENT_3D ( 'NONE', #3696, #267, #4836 ) ;
#2945 = VERTEX_POINT ( 'NONE', #61 ) ;
#2946 = DIRECTION ( 'NONE',  ( 1.000000000000000000, 0.000000000000000000, -0.000000000000000000 ) ) ;
#2947 = VECTOR ( 'NONE', #3898, 1000.000000000000114 ) ;
#2948 = FACE_BOUND ( 'NONE', #1590, .T. ) ;
#2949 = VECTOR ( 'NONE', #2357, 1000.000000000000000 ) ;
#2950 = CARTESIAN_POINT ( 'NONE',  ( -12.13839871150334027, -28.34997260487144288, 8.499999999999998224 ) ) ;
#2951 = DIRECTION ( 'NONE',  ( 1.000000000000000000, 0.000000000000000000, 0.000000000000000000 ) ) ;
#2952 = CYLINDRICAL_SURFACE ( 'NONE', #1525, 1.000000000000000888 ) ;
#2953 = EDGE_CURVE ( 'NONE', #104, #1781, #4639, .T. ) ;
#2954 = EDGE_CURVE ( 'NONE', #4756, #3114, #1964, .T. ) ;
#2955 = AXIS2_PLACEMENT_3D ( 'NONE', #2216, #290, #4817 ) ;
#2956 = ORIENTED_EDGE ( 'NONE', *, *, #2790, .T. ) ;
#2957 = ORIENTED_EDGE ( 'NONE', *, *, #3534, .T. ) ;
#2958 = DIRECTION ( 'NONE',  ( 1.000000000000000000, 0.000000000000000000, 0.000000000000000000 ) ) ;
#2959 = CIRCLE ( 'NONE', #3831, 2.749999999999995559 ) ;
#2960 = CYLINDRICAL_SURFACE ( 'NONE', #151, 1.074999999999999512 ) ;
#2961 = VECTOR ( 'NONE', #1931, 1000.000000000000000 ) ;
#2962 = CARTESIAN_POINT ( 'NONE',  ( 9.710935302704847061, 13.48838797301253933, -4.001000000000001222 ) ) ;
#2963 = ORIENTED_EDGE ( 'NONE', *, *, #2483, .F. ) ;
#2964 = ORIENTED_EDGE ( 'NONE', *, *, #1684, .F. ) ;
#2965 = DIRECTION ( 'NONE',  ( 0.000000000000000000, 0.000000000000000000, 1.000000000000000000 ) ) ;
#2966 = ORIENTED_EDGE ( 'NONE', *, *, #3229, .F. ) ;
#2967 = LINE ( 'NONE', #1068, #2145 ) ;
#2968 = CARTESIAN_POINT ( 'NONE',  ( -15.26496222574230011, 22.52870705156889031, 3.292323440001584611 ) ) ;
#2969 = DIRECTION ( 'NONE',  ( 1.000000000000000000, 0.000000000000000000, 0.000000000000000000 ) ) ;
#2970 = VECTOR ( 'NONE', #855, 1000.000000000000000 ) ;
#2971 = ADVANCED_FACE ( 'NONE', ( #2721 ), #4214, .T. ) ;
#2972 = ORIENTED_EDGE ( 'NONE', *, *, #753, .F. ) ;
#2973 = PLANE ( 'NONE',  #575 ) ;
#2974 = CARTESIAN_POINT ( 'NONE',  ( 9.297526274148635750, -28.39601452122300884, 8.453958083648430488 ) ) ;
#2975 = EDGE_CURVE ( 'NONE', #2358, #3832, #3861, .T. ) ;
#2976 = CARTESIAN_POINT ( 'NONE',  ( -18.46496222574226209, -2.135440230401338314E-15, 9.999999999999998224 ) ) ;
#2977 = DIRECTION ( 'NONE',  ( 1.000000000000000000, 0.000000000000000000, 0.000000000000000000 ) ) ;
#2978 = ORIENTED_EDGE ( 'NONE', *, *, #3519, .F. ) ;
#2979 = VERTEX_POINT ( 'NONE', #1584 ) ;
#2980 = LINE ( 'NONE', #3851, #4554 ) ;
#2981 = EDGE_CURVE ( 'NONE', #2938, #3517, #440, .T. ) ;
#2982 = CARTESIAN_POINT ( 'NONE',  ( 16.03503777425773791, -28.34997260487144288, 8.499999999999998224 ) ) ;
#2983 = DIRECTION ( 'NONE',  ( 0.000000000000000000, -0.000000000000000000, -1.000000000000000000 ) ) ;
#2984 = ORIENTED_EDGE ( 'NONE', *, *, #4127, .F. ) ;
#2985 = VERTEX_POINT ( 'NONE', #1918 ) ;
#2986 = CARTESIAN_POINT ( 'NONE',  ( 9.710935302704854166, -22.11161202698745853, 8.499999999999998224 ) ) ;
#2987 = ORIENTED_EDGE ( 'NONE', *, *, #3213, .T. ) ;
#2988 = DIRECTION ( 'NONE',  ( 1.000000000000000000, 0.000000000000000000, 0.000000000000000000 ) ) ;
#2989 = DIRECTION ( 'NONE',  ( 1.000000000000000000, 0.000000000000000000, 0.000000000000000000 ) ) ;
#2990 = VERTEX_POINT ( 'NONE', #3112 ) ;
#2991 = LINE ( 'NONE', #2598, #3741 ) ;
#2992 = CARTESIAN_POINT ( 'NONE',  ( 9.197601288496661809, -28.34997260487144288, 8.499999999999998224 ) ) ;
#2993 = EDGE_CURVE ( 'NONE', #543, #2821, #3320, .T. ) ;
#2994 =( BOUNDED_CURVE ( )  B_SPLINE_CURVE ( 3, ( #2805, #3142, #2448, #1242 ),
 .UNSPECIFIED., .F., .F. ) 
 B_SPLINE_CURVE_WITH_KNOTS ( ( 4, 4 ),
 ( 3.463395796891670653, 3.573362445082396643 ),
 .UNSPECIFIED. ) 
 CURVE ( )  GEOMETRIC_REPRESENTATION_ITEM ( )  RATIONAL_B_SPLINE_CURVE ( ( 1.000000000000000000, 0.9989925318741210702, 0.9989925318741210702, 1.000000000000000000 ) ) 
 REPRESENTATION_ITEM ( '' )  );
#2995 = EDGE_CURVE ( 'NONE', #1761, #1288, #4541, .T. ) ;
#2996 = PLANE ( 'NONE',  #633 ) ;
#2997 = DIRECTION ( 'NONE',  ( 0.000000000000000000, -0.000000000000000000, -1.000000000000000000 ) ) ;
#2998 = CARTESIAN_POINT ( 'NONE',  ( 12.21093530270483996, -22.11161202698745853, -4.001000000000001222 ) ) ;
#2999 = VECTOR ( 'NONE', #345, 1000.000000000000000 ) ;
#3000 = ORIENTED_EDGE ( 'NONE', *, *, #3838, .F. ) ;
#3001 = ORIENTED_EDGE ( 'NONE', *, *, #399, .T. ) ;
#3002 = CARTESIAN_POINT ( 'NONE',  ( 16.73503777425774075, -22.47129294843107417, -3.000000000000002665 ) ) ;
#3003 = DIRECTION ( 'NONE',  ( -0.000000000000000000, -0.000000000000000000, 1.000000000000000000 ) ) ;
#3004 = AXIS2_PLACEMENT_3D ( 'NONE', #1681, #3873, #539 ) ;
#3005 = DIRECTION ( 'NONE',  ( 0.000000000000000000, -0.000000000000000000, -1.000000000000000000 ) ) ;
#3006 = AXIS2_PLACEMENT_3D ( 'NONE', #699, #4143, #676 ) ;
#3007 = ORIENTED_EDGE ( 'NONE', *, *, #328, .F. ) ;
#3008 = ORIENTED_EDGE ( 'NONE', *, *, #2192, .F. ) ;
#3009 = DIRECTION ( 'NONE',  ( -1.000000000000000000, 0.000000000000000000, 0.000000000000000000 ) ) ;
#3010 = EDGE_LOOP ( 'NONE', ( #4212, #1606, #3557, #4656 ) ) ;
#3011 = CARTESIAN_POINT ( 'NONE',  ( 15.78503777425770060, 22.52870705156892583, 5.000000000000001776 ) ) ;
#3012 = CARTESIAN_POINT ( 'NONE',  ( 16.03503777425773791, -28.47129294843108482, 8.378679656440350954 ) ) ;
#3013 = CARTESIAN_POINT ( 'NONE',  ( 17.41371743069808886, 3.020798443105850681E-15, 8.499999999999998224 ) ) ;
#3014 = EDGE_CURVE ( 'NONE', #413, #2985, #2245, .T. ) ;
#3015 = ORIENTED_EDGE ( 'NONE', *, *, #1054, .T. ) ;
#3016 = VECTOR ( 'NONE', #635, 1000.000000000000000 ) ;
#3017 = CARTESIAN_POINT ( 'NONE',  ( -12.64106361317946003, 13.48838797301254111, 9.999999999999998224 ) ) ;
#3018 = DIRECTION ( 'NONE',  ( -1.000000000000000000, 0.000000000000000000, -0.000000000000000000 ) ) ;
#3019 = CIRCLE ( 'NONE', #2299, 3.000000000000000000 ) ;
#3020 = CARTESIAN_POINT ( 'NONE',  ( -17.40430205396243579, -26.97129294843108838, 8.939339828220180806 ) ) ;
#3021 = DIRECTION ( 'NONE',  ( 0.000000000000000000, 0.000000000000000000, -1.000000000000000000 ) ) ;
#3022 = CIRCLE ( 'NONE', #2472, 2.749999999999995559 ) ;
#3023 = AXIS2_PLACEMENT_3D ( 'NONE', #3384, #2641, #4565 ) ;
#3024 = EDGE_CURVE ( 'NONE', #3124, #3410, #16, .T. ) ;
#3025 = VECTOR ( 'NONE', #1485, 1000.000000000000114 ) ;
#3026 = ORIENTED_EDGE ( 'NONE', *, *, #4830, .T. ) ;
#3027 = ORIENTED_EDGE ( 'NONE', *, *, #3380, .T. ) ;
#3028 = DIRECTION ( 'NONE',  ( 1.204669080539449344E-16, 0.000000000000000000, -1.000000000000000000 ) ) ;
#3029 = DIRECTION ( 'NONE',  ( 0.000000000000000000, 0.000000000000000000, 1.000000000000000000 ) ) ;
#3030 = EDGE_CURVE ( 'NONE', #1765, #3936, #1162, .T. ) ;
#3031 = CARTESIAN_POINT ( 'NONE',  ( 16.03503777425773791, -29.26418616724453869, 9.707106781186544353 ) ) ;
#3032 = ORIENTED_EDGE ( 'NONE', *, *, #2071, .F. ) ;
#3033 = VERTEX_POINT ( 'NONE', #871 ) ;
#3034 = CARTESIAN_POINT ( 'NONE',  ( 11.70847426001880720, -28.34997260487144288, 8.499999999999998224 ) ) ;
#3035 = EDGE_LOOP ( 'NONE', ( #436, #3688, #1200, #600 ) ) ;
#3036 = DIRECTION ( 'NONE',  ( -0.000000000000000000, -0.000000000000000000, -1.000000000000000000 ) ) ;
#3037 = DIRECTION ( 'NONE',  ( 1.000000000000000000, 0.000000000000000000, 0.000000000000000000 ) ) ;
#3038 = AXIS2_PLACEMENT_3D ( 'NONE', #1922, #4173, #2247 ) ;
#3039 = DIRECTION ( 'NONE',  ( 0.000000000000000000, -0.000000000000000000, -1.000000000000000000 ) ) ;
#3040 = EDGE_CURVE ( 'NONE', #3407, #1541, #2387, .T. ) ;
#3041 = ORIENTED_EDGE ( 'NONE', *, *, #424, .F. ) ;
#3042 = CARTESIAN_POINT ( 'NONE',  ( -17.96496222574225854, -26.97129294843108838, 3.292323440001584611 ) ) ;
#3043 = SURFACE_STYLE_FILL_AREA ( #1520 ) ;
#3044 = CIRCLE ( 'NONE', #4407, 0.9499999999999995115 ) ;
#3045 = VECTOR ( 'NONE', #1446, 1000.000000000000000 ) ;
#3046 = CARTESIAN_POINT ( 'NONE',  ( -12.64106361317946003, 13.48838797301254111, 9.999999999999998224 ) ) ;
#3047 = DIRECTION ( 'NONE',  ( 1.000000000000000000, 0.000000000000000000, 0.000000000000000000 ) ) ;
#3048 = ORIENTED_EDGE ( 'NONE', *, *, #3451, .F. ) ;
#3049 = ORIENTED_EDGE ( 'NONE', *, *, #1652, .T. ) ;
#3050 = DIRECTION ( 'NONE',  ( 1.000000000000000000, 0.000000000000000000, 0.000000000000000000 ) ) ;
#3051 = DIRECTION ( 'NONE',  ( 1.000000000000000000, 0.000000000000000000, 0.000000000000000000 ) ) ;
#3052 = DIRECTION ( 'NONE',  ( 0.000000000000000000, 0.000000000000000000, -1.000000000000000000 ) ) ;
#3053 = EDGE_CURVE ( 'NONE', #1787, #1278, #1985, .T. ) ;
#3054 = EDGE_CURVE ( 'NONE', #2358, #3991, #3399, .T. ) ;
#3055 = EDGE_LOOP ( 'NONE', ( #1920, #3079, #1691, #561 ) ) ;
#3056 = ADVANCED_FACE ( 'NONE', ( #3235 ), #186, .T. ) ;
#3057 = VERTEX_POINT ( 'NONE', #3211 ) ;
#3058 = CARTESIAN_POINT ( 'NONE',  ( -15.26496222574226458, -22.47129294843110969, 3.292323440001584611 ) ) ;
#3059 = EDGE_LOOP ( 'NONE', ( #2762, #2000, #132, #1060 ) ) ;
#3060 = CARTESIAN_POINT ( 'NONE',  ( -7.926992468920545814E-15, 29.32160027038235839, 9.707106781186544353 ) ) ;
#3061 = DIRECTION ( 'NONE',  ( 1.000000000000000000, 0.000000000000000000, 0.000000000000000000 ) ) ;
#3062 = DIRECTION ( 'NONE',  ( -1.000000000000000000, 0.000000000000000000, -0.000000000000000000 ) ) ;
#3063 = ORIENTED_EDGE ( 'NONE', *, *, #4251, .T. ) ;
#3064 = EDGE_LOOP ( 'NONE', ( #2909, #558, #4254, #1088 ) ) ;
#3065 = DIRECTION ( 'NONE',  ( 1.000000000000000000, -0.000000000000000000, 0.000000000000000000 ) ) ;
#3066 = CARTESIAN_POINT ( 'NONE',  ( -16.46496222574226209, -28.47129294843108482, -4.000000000000000000 ) ) ;
#3067 = DIRECTION ( 'NONE',  ( -0.000000000000000000, -0.000000000000000000, -1.000000000000000000 ) ) ;
#3068 = LINE ( 'NONE', #2251, #3501 ) ;
#3069 = CARTESIAN_POINT ( 'NONE',  ( -17.96496222574225854, -26.97129294843108838, -4.000000000000000000 ) ) ;
#3070 = ADVANCED_FACE ( 'NONE', ( #3563 ), #3185, .T. ) ;
#3071 = ORIENTED_EDGE ( 'NONE', *, *, #1852, .T. ) ;
#3073 = EDGE_CURVE ( 'NONE', #3450, #4010, #128, .T. ) ;
#3072 = ORIENTED_EDGE ( 'NONE', *, *, #464, .F. ) ;
#3074 = CARTESIAN_POINT ( 'NONE',  ( -16.21496222574226564, -22.47129294843110969, 5.000000000000001776 ) ) ;
#3075 = DIRECTION ( 'NONE',  ( -0.000000000000000000, -0.000000000000000000, -1.000000000000000000 ) ) ;
#3076 = LINE ( 'NONE', #1954, #540 ) ;
#3077 = VECTOR ( 'NONE', #1711, 1000.000000000000000 ) ;
#3078 = VECTOR ( 'NONE', #4284, 1000.000000000000000 ) ;
#3079 = ORIENTED_EDGE ( 'NONE', *, *, #4358, .T. ) ;
#3080 = CIRCLE ( 'NONE', #4522, 1.499999999999999556 ) ;
#3081 = VERTEX_POINT ( 'NONE', #846 ) ;
#3082 = CYLINDRICAL_SURFACE ( 'NONE', #2682, 1.402036092185269034 ) ;
#3083 = ORIENTED_EDGE ( 'NONE', *, *, #2760, .T. ) ;
#3084 = PLANE ( 'NONE',  #4548 ) ;
#3085 = DIRECTION ( 'NONE',  ( -0.000000000000000000, -0.000000000000000000, 1.000000000000000000 ) ) ;
#3086 = DIRECTION ( 'NONE',  ( -0.000000000000000000, -0.000000000000000000, -1.000000000000000000 ) ) ;
#3087 = EDGE_CURVE ( 'NONE', #4606, #2676, #2523, .T. ) ;
#3088 = VERTEX_POINT ( 'NONE', #3134 ) ;
#3089 = ORIENTED_EDGE ( 'NONE', *, *, #629, .T. ) ;
#3090 = ORIENTED_EDGE ( 'NONE', *, *, #275, .T. ) ;
#3091 = ORIENTED_EDGE ( 'NONE', *, *, #4099, .F. ) ;
#3092 = PLANE ( 'NONE',  #327 ) ;
#3093 = CARTESIAN_POINT ( 'NONE',  ( -9.934129258355479664, 28.52870705156890097, 8.378679656440352730 ) ) ;
#3094 = EDGE_CURVE ( 'NONE', #1459, #937, #285, .T. ) ;
#3095 = FACE_OUTER_BOUND ( 'NONE', #3586, .T. ) ;
#3096 = CYLINDRICAL_SURFACE ( 'NONE', #13, 1.402036092185268590 ) ;
#3097 = AXIS2_PLACEMENT_3D ( 'NONE', #2404, #2376, #3926 ) ;
#3098 = CIRCLE ( 'NONE', #4144, 0.9499999999999995115 ) ;
#3099 = ADVANCED_FACE ( 'NONE', ( #4263 ), #4339, .F. ) ;
#3100 = ORIENTED_EDGE ( 'NONE', *, *, #522, .F. ) ;
#3101 = CIRCLE ( 'NONE', #4146, 2.999999999999999112 ) ;
#3102 = ORIENTED_EDGE ( 'NONE', *, *, #4908, .F. ) ;
#3103 = DIRECTION ( 'NONE',  ( -0.000000000000000000, 0.000000000000000000, 1.000000000000000000 ) ) ;
#3104 = LINE ( 'NONE', #4905, #2799 ) ;
#3105 = FACE_OUTER_BOUND ( 'NONE', #4870, .T. ) ;
#3106 = CIRCLE ( 'NONE', #4468, 1.600000000000000755 ) ;
#3107 = ORIENTED_EDGE ( 'NONE', *, *, #4921, .T. ) ;
#3108 = ORIENTED_EDGE ( 'NONE', *, *, #2661, .F. ) ;
#3109 = LINE ( 'NONE', #2686, #4122 ) ;
#3110 = VERTEX_POINT ( 'NONE', #4313 ) ;
#3111 = CARTESIAN_POINT ( 'NONE',  ( 15.78503777425770060, 22.52870705156892583, 3.292323440001584611 ) ) ;
#3112 = CARTESIAN_POINT ( 'NONE',  ( -12.13839871150333138, 28.40738670800925547, 8.499999999999998224 ) ) ;
#3113 = AXIS2_PLACEMENT_3D ( 'NONE', #890, #2242, #1917 ) ;
#3114 = VERTEX_POINT ( 'NONE', #899 ) ;
#3115 = ORIENTED_EDGE ( 'NONE', *, *, #4377, .T. ) ;
#3116 = AXIS2_PLACEMENT_3D ( 'NONE', #2318, #443, #4545 ) ;
#3117 = CARTESIAN_POINT ( 'NONE',  ( 15.78503777425770060, 22.52870705156892583, -3.000000000000002665 ) ) ;
#3118 = ADVANCED_FACE ( 'NONE', ( #2359 ), #1610, .F. ) ;
#3119 = CARTESIAN_POINT ( 'NONE',  ( -10.14106361317946003, 13.48838797301254111, -4.001000000000001222 ) ) ;
#3120 = CARTESIAN_POINT ( 'NONE',  ( -10.66696076089826661, 17.28171028643190610, -4.001000000000001222 ) ) ;
#3121 = DIRECTION ( 'NONE',  ( -1.000000000000000000, 0.000000000000000000, 0.000000000000000000 ) ) ;
#3122 = ADVANCED_FACE ( 'NONE', ( #3988 ), #1797, .T. ) ;
#3123 = VECTOR ( 'NONE', #3582, 1000.000000000000114 ) ;
#3124 = VERTEX_POINT ( 'NONE', #3157 ) ;
#3125 = VERTEX_POINT ( 'NONE', #948 ) ;
#3126 = DIRECTION ( 'NONE',  ( 0.000000000000000000, 0.000000000000000000, -1.000000000000000000 ) ) ;
#3127 = DIRECTION ( 'NONE',  ( 1.000000000000000000, 0.000000000000000000, 0.000000000000000000 ) ) ;
#3128 = PLANE ( 'NONE',  #777 ) ;
#3129 = ORIENTED_EDGE ( 'NONE', *, *, #2867, .T. ) ;
#3130 = ORIENTED_EDGE ( 'NONE', *, *, #929, .F. ) ;
#3131 = DIRECTION ( 'NONE',  ( 1.000000000000000000, 0.000000000000000000, 0.000000000000000000 ) ) ;
#3132 = ORIENTED_EDGE ( 'NONE', *, *, #497, .T. ) ;
#3133 = DIRECTION ( 'NONE',  ( 1.000000000000000000, 0.000000000000000000, 0.000000000000000000 ) ) ;
#3134 = CARTESIAN_POINT ( 'NONE',  ( -7.882962225742265794, 25.68270705156890443, 1.699999999999999289 ) ) ;
#3135 = EDGE_CURVE ( 'NONE', #3464, #2532, #4595, .T. ) ;
#3136 = ORIENTED_EDGE ( 'NONE', *, *, #1993, .T. ) ;
#3137 = ORIENTED_EDGE ( 'NONE', *, *, #2144, .T. ) ;
#3138 = ORIENTED_EDGE ( 'NONE', *, *, #2505, .F. ) ;
#3139 = DIRECTION ( 'NONE',  ( -0.000000000000000000, -0.000000000000000000, -1.000000000000000000 ) ) ;
#3140 = CARTESIAN_POINT ( 'NONE',  ( 9.710935302704854166, -22.11161202698745853, -4.001000000000001222 ) ) ;
#3141 = CARTESIAN_POINT ( 'NONE',  ( 17.62082421188463854, 27.02870705156891162, 8.999999999999998224 ) ) ;
#3142 = CARTESIAN_POINT ( 'NONE',  ( -9.829754966686612860, 28.49390952209487793, 8.413477185914375767 ) ) ;
#3143 = CARTESIAN_POINT ( 'NONE',  ( -12.64106361317945293, -22.11161202698745498, -4.001000000000001222 ) ) ;
#3144 = EDGE_CURVE ( 'NONE', #3733, #3088, #934, .T. ) ;
#3145 = EDGE_CURVE ( 'NONE', #1490, #4385, #136, .T. ) ;
#3146 = ORIENTED_EDGE ( 'NONE', *, *, #3330, .F. ) ;
#3147 = VERTEX_POINT ( 'NONE', #3592 ) ;
#3148 = CARTESIAN_POINT ( 'NONE',  ( -16.96496222574226920, 25.27870705156888320, 8.499999999999998224 ) ) ;
#3149 = CARTESIAN_POINT ( 'NONE',  ( -19.46496222574226209, -29.97129294843108838, 3.292323440001584611 ) ) ;
#3150 = CARTESIAN_POINT ( 'NONE',  ( -16.46496222574226209, -26.97129294843108838, 3.292323440001584611 ) ) ;
#3151 = ORIENTED_EDGE ( 'NONE', *, *, #4725, .F. ) ;
#3152 = ORIENTED_EDGE ( 'NONE', *, *, #4646, .T. ) ;
#3153 = LINE ( 'NONE', #3858, #4273 ) ;
#3154 = EDGE_LOOP ( 'NONE', ( #3807, #358, #388, #3556 ) ) ;
#3155 = DIRECTION ( 'NONE',  ( 0.000000000000000000, -0.000000000000000000, -1.000000000000000000 ) ) ;
#3156 = AXIS2_PLACEMENT_3D ( 'NONE', #1368, #2571, #2969 ) ;
#3157 = CARTESIAN_POINT ( 'NONE',  ( -9.627525739981193098, -28.34997260487144288, 8.499999999999998224 ) ) ;
#3158 = ORIENTED_EDGE ( 'NONE', *, *, #4742, .F. ) ;
#3159 = VECTOR ( 'NONE', #4904, 1000.000000000000000 ) ;
#3160 = VERTEX_POINT ( 'NONE', #2463 ) ;
#3161 = CARTESIAN_POINT ( 'NONE',  ( -9.066960760898265193, 21.25670570879590571, 9.999999999999998224 ) ) ;
#3162 = DIRECTION ( 'NONE',  ( 0.000000000000000000, -0.000000000000000000, 1.000000000000000000 ) ) ;
#3163 = ADVANCED_FACE ( 'NONE', ( #3620 ), #974, .F. ) ;
#3164 = CIRCLE ( 'NONE', #212, 1.402036092185269034 ) ;
#3165 = VECTOR ( 'NONE', #4940, 1000.000000000000000 ) ;
#3166 = CARTESIAN_POINT ( 'NONE',  ( 15.78503777425773613, -22.47129294843107417, 5.000000000000000888 ) ) ;
#3167 = EDGE_CURVE ( 'NONE', #2095, #462, #448, .T. ) ;
#3168 = DIRECTION ( 'NONE',  ( -0.000000000000000000, -0.000000000000000000, 1.000000000000000000 ) ) ;
#3169 = DIRECTION ( 'NONE',  ( -0.000000000000000000, 0.000000000000000000, 1.000000000000000000 ) ) ;
#3170 = ORIENTED_EDGE ( 'NONE', *, *, #1958, .F. ) ;
#3171 = VERTEX_POINT ( 'NONE', #4390 ) ;
#3172 = CARTESIAN_POINT ( 'NONE',  ( 15.78503777425770060, 22.52870705156892583, 3.292323440001584611 ) ) ;
#3173 = CARTESIAN_POINT ( 'NONE',  ( -9.066960760898265193, 21.25670570879590571, 8.499999999999998224 ) ) ;
#3174 = ADVANCED_FACE ( 'NONE', ( #2588 ), #4085, .T. ) ;
#3175 = DIRECTION ( 'NONE',  ( -1.000000000000000000, 0.000000000000000000, 0.000000000000000000 ) ) ;
#3176 = CARTESIAN_POINT ( 'NONE',  ( 0.000000000000000000, -28.55707938605798546, 9.999999999999998224 ) ) ;
#3177 = TOROIDAL_SURFACE ( 'NONE', #1259, 2.000000000000000000, 1.000000000000000000 ) ;
#3178 = CIRCLE ( 'NONE', #3345, 0.9500000000000029532 ) ;
#3179 = ORIENTED_EDGE ( 'NONE', *, *, #1993, .F. ) ;
#3180 = ORIENTED_EDGE ( 'NONE', *, *, #2715, .F. ) ;
#3181 = CARTESIAN_POINT ( 'NONE',  ( 16.03503777425773791, 28.52870705156890807, 3.292323440001584611 ) ) ;
#3182 = EDGE_LOOP ( 'NONE', ( #4415, #3032 ) ) ;
#3183 = CIRCLE ( 'NONE', #394, 0.9500000000000029532 ) ;
#3184 = CYLINDRICAL_SURFACE ( 'NONE', #4391, 2.749999999999995559 ) ;
#3185 = CYLINDRICAL_SURFACE ( 'NONE', #4678, 1.000000000000000888 ) ;
#3186 = CIRCLE ( 'NONE', #2072, 1.499999999999999556 ) ;
#3187 = EDGE_CURVE ( 'NONE', #4229, #2584, #3643, .T. ) ;
#3188 = ORIENTED_EDGE ( 'NONE', *, *, #1349, .T. ) ;
#3189 = ORIENTED_EDGE ( 'NONE', *, *, #3024, .F. ) ;
#3190 = CARTESIAN_POINT ( 'NONE',  ( 9.297526274148662395, 28.45342862436082854, 8.453958083648428712 ) ) ;
#3191 = CARTESIAN_POINT ( 'NONE',  ( 11.70847426001878588, 28.40738670800926258, 8.499999999999998224 ) ) ;
#3192 = AXIS2_PLACEMENT_3D ( 'NONE', #391, #766, #3061 ) ;
#3193 = LINE ( 'NONE', #931, #4123 ) ;
#3194 = LINE ( 'NONE', #1696, #4856 ) ;
#3195 = FACE_OUTER_BOUND ( 'NONE', #2204, .T. ) ;
#3196 = ORIENTED_EDGE ( 'NONE', *, *, #1987, .F. ) ;
#3197 = ORIENTED_EDGE ( 'NONE', *, *, #3519, .T. ) ;
#3198 = CARTESIAN_POINT ( 'NONE',  ( 9.710935302704847061, 13.48838797301253933, 9.999999999999998224 ) ) ;
#3199 = DIRECTION ( 'NONE',  ( -0.000000000000000000, -0.000000000000000000, 1.000000000000000000 ) ) ;
#3200 = DIRECTION ( 'NONE',  ( -1.000000000000000000, -2.703465157366452467E-16, 0.000000000000000000 ) ) ;
#3201 = DIRECTION ( 'NONE',  ( 0.7071067811865454633, -0.000000000000000000, 0.7071067811865496822 ) ) ;
#3202 = CONICAL_SURFACE ( 'NONE', #3767, 1.999999999999998224, 0.7853981633974452814 ) ;
#3203 = VECTOR ( 'NONE', #3614, 1000.000000000000000 ) ;
#3204 = VERTEX_POINT ( 'NONE', #4812 ) ;
#3205 = ORIENTED_EDGE ( 'NONE', *, *, #4880, .F. ) ;
#3206 = CARTESIAN_POINT ( 'NONE',  ( -17.16496222574230046, 22.52870705156889031, 5.000000000000000888 ) ) ;
#3207 = ORIENTED_EDGE ( 'NONE', *, *, #3959, .T. ) ;
#3208 = AXIS2_PLACEMENT_3D ( 'NONE', #4297, #4324, #882 ) ;
#3209 = CARTESIAN_POINT ( 'NONE',  ( 14.18503777425769918, 22.52870705156892583, 5.000000000000001776 ) ) ;
#3210 = ADVANCED_FACE ( 'NONE', ( #210 ), #2535, .F. ) ;
#3211 = CARTESIAN_POINT ( 'NONE',  ( 17.53503777425773436, 18.77870705156889031, 8.378679656440352730 ) ) ;
#3212 = EDGE_CURVE ( 'NONE', #2268, #4945, #46, .T. ) ;
#3213 = EDGE_CURVE ( 'NONE', #1847, #2001, #4760, .T. ) ;
#3214 = ORIENTED_EDGE ( 'NONE', *, *, #1821, .T. ) ;
#3215 = EDGE_LOOP ( 'NONE', ( #3895, #3115 ) ) ;
#3216 = ORIENTED_EDGE ( 'NONE', *, *, #4052, .F. ) ;
#3217 = CARTESIAN_POINT ( 'NONE',  ( 4.793649565339142882, 11.01227139059988147, 9.999999999999998224 ) ) ;
#3218 = DIRECTION ( 'NONE',  ( -2.703465157366452467E-16, 1.000000000000000000, 0.000000000000000000 ) ) ;
#3219 = CARTESIAN_POINT ( 'NONE',  ( -16.96496222574226209, -25.22129294843106706, 3.292323440001584611 ) ) ;
#3220 = CARTESIAN_POINT ( 'NONE',  ( -10.66696076089826661, 21.25670570879590571, 9.999999999999998224 ) ) ;
#3221 = DIRECTION ( 'NONE',  ( 1.000000000000000000, -3.469446951953611033E-15, 0.000000000000000000 ) ) ;
#3222 = ORIENTED_EDGE ( 'NONE', *, *, #1530, .T. ) ;
#3223 = ORIENTED_EDGE ( 'NONE', *, *, #3817, .T. ) ;
#3224 = DIRECTION ( 'NONE',  ( 0.000000000000000000, 0.000000000000000000, 1.000000000000000000 ) ) ;
#3225 = CARTESIAN_POINT ( 'NONE',  ( -16.21496222574229051, -19.72129294843107417, -4.002000000000000668 ) ) ;
#3226 = CARTESIAN_POINT ( 'NONE',  ( -3.389963385410266206, 19.84070686846390430, -4.001000000000001222 ) ) ;
#3227 = CYLINDRICAL_SURFACE ( 'NONE', #2207, 1.000000000000000888 ) ;
#3228 = ADVANCED_FACE ( 'NONE', ( #1808 ), #1386, .F. ) ;
#3229 = EDGE_CURVE ( 'NONE', #3479, #1961, #776, .T. ) ;
#3230 = CARTESIAN_POINT ( 'NONE',  ( 11.52803777425773468, -25.62529294843109540, 1.699999999999999289 ) ) ;
#3231 = EDGE_LOOP ( 'NONE', ( #266, #3091, #314, #1043 ) ) ;
#3232 = LINE ( 'NONE', #2910, #2122 ) ;
#3233 = ORIENTED_EDGE ( 'NONE', *, *, #2954, .T. ) ;
#3234 = CARTESIAN_POINT ( 'NONE',  ( 16.03503777425773791, -26.97129294843108838, 8.378679656440350954 ) ) ;
#3235 = FACE_OUTER_BOUND ( 'NONE', #152, .T. ) ;
#3236 = EDGE_LOOP ( 'NONE', ( #2085, #1430 ) ) ;
#3237 = ORIENTED_EDGE ( 'NONE', *, *, #341, .F. ) ;
#3238 = EDGE_LOOP ( 'NONE', ( #2302, #1181, #3308, #1608 ) ) ;
#3239 = CARTESIAN_POINT ( 'NONE',  ( -17.96496222574226564, 30.02870705156890097, -4.000000000000000000 ) ) ;
#3240 = ADVANCED_FACE ( 'NONE', ( #3289 ), #4014, .T. ) ;
#3241 = DIRECTION ( 'NONE',  ( 0.000000000000000000, 0.000000000000000000, -1.000000000000000000 ) ) ;
#3242 = EDGE_CURVE ( 'NONE', #2558, #4376, #1016, .T. ) ;
#3243 = AXIS2_PLACEMENT_3D ( 'NONE', #2913, #3262, #2935 ) ;
#3244 = AXIS2_PLACEMENT_3D ( 'NONE', #3588, #3931, #518 ) ;
#3245 = CARTESIAN_POINT ( 'NONE',  ( -11.95796222574226597, 25.68270705156890443, -0.1000000000000002554 ) ) ;
#3246 = VECTOR ( 'NONE', #2431, 1000.000000000000000 ) ;
#3247 = DIRECTION ( 'NONE',  ( -0.000000000000000000, -0.000000000000000000, -1.000000000000000000 ) ) ;
#3248 = EDGE_CURVE ( 'NONE', #742, #1961, #1064, .T. ) ;
#3249 = DIRECTION ( 'NONE',  ( 1.000000000000000000, 2.703465157366451974E-16, 1.743152798421071938E-32 ) ) ;
#3250 = AXIS2_PLACEMENT_3D ( 'NONE', #1442, #999, #4441 ) ;
#3251 = CYLINDRICAL_SURFACE ( 'NONE', #4223, 3.000000000000000888 ) ;
#3252 = DIRECTION ( 'NONE',  ( 1.000000000000000000, 0.000000000000000000, 0.000000000000000000 ) ) ;
#3253 = DIRECTION ( 'NONE',  ( -0.000000000000000000, -0.000000000000000000, 1.000000000000000000 ) ) ;
#3254 = CARTESIAN_POINT ( 'NONE',  ( 16.03503777425773436, 27.02870705156891162, 8.378679656440350954 ) ) ;
#3255 = EDGE_CURVE ( 'NONE', #3930, #359, #1361, .T. ) ;
#3256 = ORIENTED_EDGE ( 'NONE', *, *, #4362, .F. ) ;
#3257 = VECTOR ( 'NONE', #982, 1000.000000000000000 ) ;
#3258 = EDGE_LOOP ( 'NONE', ( #353, #3129 ) ) ;
#3259 = DIRECTION ( 'NONE',  ( 0.000000000000000000, 0.000000000000000000, -1.000000000000000000 ) ) ;
#3260 = VERTEX_POINT ( 'NONE', #646 ) ;
#3261 = CYLINDRICAL_SURFACE ( 'NONE', #2307, 2.749999999999995559 ) ;
#3262 = DIRECTION ( 'NONE',  ( 0.000000000000000000, 0.000000000000000000, -1.000000000000000000 ) ) ;
#3263 = AXIS2_PLACEMENT_3D ( 'NONE', #4550, #2997, #2272 ) ;
#3264 = VECTOR ( 'NONE', #3654, 1000.000000000000000 ) ;
#3265 = EDGE_LOOP ( 'NONE', ( #1222, #1589, #649, #76 ) ) ;
#3266 = ORIENTED_EDGE ( 'NONE', *, *, #4560, .F. ) ;
#3267 = ORIENTED_EDGE ( 'NONE', *, *, #120, .F. ) ;
#3268 = VECTOR ( 'NONE', #2165, 1000.000000000000000 ) ;
#3269 = LINE ( 'NONE', #3697, #3751 ) ;
#3270 = DIRECTION ( 'NONE',  ( -0.000000000000000000, 0.000000000000000000, 1.000000000000000000 ) ) ;
#3271 = AXIS2_PLACEMENT_3D ( 'NONE', #4363, #235, #2890 ) ;
#3272 = DIRECTION ( 'NONE',  ( 1.911638545475383559E-16, -0.7071067811865505703, -0.7071067811865444641 ) ) ;
#3273 = LINE ( 'NONE', #4799, #2578 ) ;
#3274 = EDGE_CURVE ( 'NONE', #2532, #3464, #768, .T. ) ;
#3275 = AXIS2_PLACEMENT_3D ( 'NONE', #1158, #2689, #723 ) ;
#3276 = EDGE_CURVE ( 'NONE', #239, #3147, #3802, .T. ) ;
#3277 = ADVANCED_FACE ( 'NONE', ( #4887, #4832 ), #618, .T. ) ;
#3278 = CARTESIAN_POINT ( 'NONE',  ( 2.452039483241733375, 19.84070686846390430, -4.001000000000001222 ) ) ;
#3279 = CIRCLE ( 'NONE', #3912, 1.600000000000002531 ) ;
#3280 = DIRECTION ( 'NONE',  ( -1.000000000000000000, 1.889896820699131511E-15, -0.000000000000000000 ) ) ;
#3281 = LINE ( 'NONE', #2904, #3123 ) ;
#3282 = DIRECTION ( 'NONE',  ( 0.000000000000000000, 0.000000000000000000, -1.000000000000000000 ) ) ;
#3283 = DIRECTION ( 'NONE',  ( -1.000000000000000000, 0.000000000000000000, 0.000000000000000000 ) ) ;
#3284 = ORIENTED_EDGE ( 'NONE', *, *, #1884, .T. ) ;
#3285 = CARTESIAN_POINT ( 'NONE',  ( 15.78503777425776988, 25.27870705156888320, 8.499999999999998224 ) ) ;
#3286 = EDGE_LOOP ( 'NONE', ( #1740, #265, #1356, #2379 ) ) ;
#3287 = CARTESIAN_POINT ( 'NONE',  ( 15.78503777425773613, -22.47129294843107417, 5.000000000000000888 ) ) ;
#3288 = AXIS2_PLACEMENT_3D ( 'NONE', #1197, #401, #1902 ) ;
#3289 = FACE_OUTER_BOUND ( 'NONE', #2013, .T. ) ;
#3290 = AXIS2_PLACEMENT_3D ( 'NONE', #3373, #728, #2248 ) ;
#3291 = EDGE_LOOP ( 'NONE', ( #615, #2459, #166, #4130, #1655, #4215, #3440, #3001 ) ) ;
#3292 = ORIENTED_EDGE ( 'NONE', *, *, #2019, .T. ) ;
#3293 = VERTEX_POINT ( 'NONE', #2185 ) ;
#3294 = DIRECTION ( 'NONE',  ( 1.000000000000000000, 2.703465157366452467E-16, -0.000000000000000000 ) ) ;
#3295 = DIRECTION ( 'NONE',  ( -1.734723475976806848E-16, 1.000000000000000000, -1.232595164407830946E-32 ) ) ;
#3296 = CARTESIAN_POINT ( 'NONE',  ( -16.46496222574226209, -26.97129294843108838, 8.999999999999998224 ) ) ;
#3297 = EDGE_CURVE ( 'NONE', #2633, #1208, #1642, .T. ) ;
#3298 = CARTESIAN_POINT ( 'NONE',  ( 7.285040208365946235, -11.83278339979662874, 6.892323440001584700 ) ) ;
#3299 = DIRECTION ( 'NONE',  ( 0.000000000000000000, 0.000000000000000000, -1.000000000000000000 ) ) ;
#3300 = LINE ( 'NONE', #4523, #3344 ) ;
#3301 = EDGE_CURVE ( 'NONE', #2915, #3293, #1910, .T. ) ;
#3302 = CARTESIAN_POINT ( 'NONE',  ( -9.934129258355456571, -28.47129294843108482, 8.378679656440352730 ) ) ;
#3303 = FACE_OUTER_BOUND ( 'NONE', #1139, .T. ) ;
#3304 = EDGE_CURVE ( 'NONE', #2164, #82, #293, .T. ) ;
#3305 = FACE_OUTER_BOUND ( 'NONE', #4393, .T. ) ;
#3306 = VERTEX_POINT ( 'NONE', #1178 ) ;
#3307 = CARTESIAN_POINT ( 'NONE',  ( 16.03503777425773791, -29.67839972961763451, 9.292893218813444989 ) ) ;
#3308 = ORIENTED_EDGE ( 'NONE', *, *, #3676, .T. ) ;
#3309 = DIRECTION ( 'NONE',  ( -0.000000000000000000, -0.000000000000000000, -1.000000000000000000 ) ) ;
#3310 = DIRECTION ( 'NONE',  ( 0.000000000000000000, 0.000000000000000000, 1.000000000000000000 ) ) ;
#3311 = ORIENTED_EDGE ( 'NONE', *, *, #3915, .F. ) ;
#3312 = ORIENTED_EDGE ( 'NONE', *, *, #4921, .F. ) ;
#3313 = LINE ( 'NONE', #4865, #2706 ) ;
#3314 = CARTESIAN_POINT ( 'NONE',  ( -16.46496222574226920, 28.40738670800925547, 8.499999999999998224 ) ) ;
#3315 = FACE_OUTER_BOUND ( 'NONE', #1453, .T. ) ;
#3316 = ORIENTED_EDGE ( 'NONE', *, *, #98, .F. ) ;
#3317 = EDGE_CURVE ( 'NONE', #1784, #2887, #4443, .T. ) ;
#3318 = DIRECTION ( 'NONE',  ( 1.000000000000000000, 0.000000000000000000, 0.000000000000000000 ) ) ;
#3319 = LINE ( 'NONE', #4518, #2172 ) ;
#3320 = CIRCLE ( 'NONE', #4195, 3.000000000000000888 ) ;
#3321 = VECTOR ( 'NONE', #4386, 1000.000000000000000 ) ;
#3322 = EDGE_CURVE ( 'NONE', #1913, #3575, #1108, .T. ) ;
#3323 = AXIS2_PLACEMENT_3D ( 'NONE', #3381, #4906, #8 ) ;
#3324 = AXIS2_PLACEMENT_3D ( 'NONE', #354, #4930, #2958 ) ;
#3325 = CARTESIAN_POINT ( 'NONE',  ( -16.21496222574229051, -19.72129294843107417, -4.002000000000000668 ) ) ;
#3326 = CARTESIAN_POINT ( 'NONE',  ( 9.710935302704847061, 13.48838797301253933, 9.999999999999998224 ) ) ;
#3327 = DIRECTION ( 'NONE',  ( 0.000000000000000000, 0.000000000000000000, -1.000000000000000000 ) ) ;
#3328 = VECTOR ( 'NONE', #2370, 1000.000000000000000 ) ;
#3329 = DIRECTION ( 'NONE',  ( 0.000000000000000000, 0.000000000000000000, -1.000000000000000000 ) ) ;
#3330 = EDGE_CURVE ( 'NONE', #834, #509, #3076, .T. ) ;
#3331 = ORIENTED_EDGE ( 'NONE', *, *, #4177, .F. ) ;
#3332 = CARTESIAN_POINT ( 'NONE',  ( 17.41371743069808886, 3.020798443105850681E-15, 8.499999999999998224 ) ) ;
#3333 = DIRECTION ( 'NONE',  ( 0.000000000000000000, 0.000000000000000000, -1.000000000000000000 ) ) ;
#3334 = CARTESIAN_POINT ( 'NONE',  ( -10.66696076089826661, 21.25670570879590571, -4.001000000000001222 ) ) ;
#3335 = VERTEX_POINT ( 'NONE', #4134 ) ;
#3336 = EDGE_LOOP ( 'NONE', ( #2768, #4615 ) ) ;
#3337 = DIRECTION ( 'NONE',  ( 0.000000000000000000, 0.000000000000000000, -1.000000000000000000 ) ) ;
#3338 = ORIENTED_EDGE ( 'NONE', *, *, #1468, .F. ) ;
#3339 = DIRECTION ( 'NONE',  ( -0.000000000000000000, 0.000000000000000000, 1.000000000000000000 ) ) ;
#3340 = DIRECTION ( 'NONE',  ( 0.000000000000000000, -1.000000000000000000, 0.000000000000000000 ) ) ;
#3341 = ADVANCED_FACE ( 'NONE', ( #4932, #1152 ), #4605, .T. ) ;
#3342 = CIRCLE ( 'NONE', #647, 1.074999999999999512 ) ;
#3343 = DIRECTION ( 'NONE',  ( -0.000000000000000000, 0.000000000000000000, 1.000000000000000000 ) ) ;
#3344 = VECTOR ( 'NONE', #4151, 1000.000000000000000 ) ;
#3345 = AXIS2_PLACEMENT_3D ( 'NONE', #3166, #3523, #1293 ) ;
#3346 = ORIENTED_EDGE ( 'NONE', *, *, #797, .T. ) ;
#3347 = CARTESIAN_POINT ( 'NONE',  ( -9.627525739981200203, 28.40738670800925547, 8.499999999999998224 ) ) ;
#3348 = LINE ( 'NONE', #4873, #3045 ) ;
#3349 = CONICAL_SURFACE ( 'NONE', #1588, 1.999999999999998224, 0.7853981633974452814 ) ;
#3350 =( BOUNDED_CURVE ( )  B_SPLINE_CURVE ( 3, ( #1420, #658, #4120, #1001 ),
 .UNSPECIFIED., .F., .F. ) 
 B_SPLINE_CURVE_WITH_KNOTS ( ( 4, 4 ),
 ( 1.734723475976808080E-16, 0.4977068327427636163 ),
 .UNSPECIFIED. ) 
 CURVE ( )  GEOMETRIC_REPRESENTATION_ITEM ( )  RATIONAL_B_SPLINE_CURVE ( ( 1.000000000000000000, 0.9794636360570617706, 0.9794636360570617706, 1.000000000000000000 ) ) 
 REPRESENTATION_ITEM ( '' )  );
#3351 = CARTESIAN_POINT ( 'NONE',  ( -17.81496222574226707, -22.47129294843110969, 5.000000000000001776 ) ) ;
#3352 = LINE ( 'NONE', #683, #4454 ) ;
#3353 = CARTESIAN_POINT ( 'NONE',  ( -10.66696076089826661, 21.25670570879590571, 8.499999999999994671 ) ) ;
#3354 = VECTOR ( 'NONE', #2823, 1000.000000000000000 ) ;
#3355 = AXIS2_PLACEMENT_3D ( 'NONE', #1945, #3441, #3864 ) ;
#3356 = VERTEX_POINT ( 'NONE', #1457 ) ;
#3357 = VERTEX_POINT ( 'NONE', #3031 ) ;
#3358 = CARTESIAN_POINT ( 'NONE',  ( -19.46496222574226209, -28.47129294843108482, 3.292323440001584611 ) ) ;
#3359 = LINE ( 'NONE', #991, #3747 ) ;
#3360 = DIRECTION ( 'NONE',  ( 0.000000000000000000, -1.000000000000000000, 0.000000000000000000 ) ) ;
#3361 = ORIENTED_EDGE ( 'NONE', *, *, #2282, .T. ) ;
#3362 = ORIENTED_EDGE ( 'NONE', *, *, #3145, .F. ) ;
#3363 = FACE_OUTER_BOUND ( 'NONE', #1675, .T. ) ;
#3364 = ORIENTED_EDGE ( 'NONE', *, *, #2521, .F. ) ;
#3365 = ADVANCED_FACE ( 'NONE', ( #4159 ), #2711, .T. ) ;
#3366 = DIRECTION ( 'NONE',  ( -1.000000000000000000, 0.000000000000000000, 0.000000000000000000 ) ) ;
#3367 = DIRECTION ( 'NONE',  ( 1.000000000000000000, 0.000000000000000000, -0.000000000000000000 ) ) ;
#3368 = EDGE_CURVE ( 'NONE', #3517, #1913, #2684, .T. ) ;
#3369 = DIRECTION ( 'NONE',  ( -0.000000000000000000, -0.000000000000000000, 1.000000000000000000 ) ) ;
#3370 = EDGE_CURVE ( 'NONE', #2346, #2300, #1880, .T. ) ;
#3371 = EDGE_LOOP ( 'NONE', ( #2815, #1950, #4156, #2714 ) ) ;
#3372 = FACE_OUTER_BOUND ( 'NONE', #189, .T. ) ;
#3373 = CARTESIAN_POINT ( 'NONE',  ( -10.88296222574226668, 25.68270705156890443, -0.1000000000000002554 ) ) ;
#3374 = FACE_BOUND ( 'NONE', #2513, .T. ) ;
#3375 = LINE ( 'NONE', #2583, #1850 ) ;
#3376 = ORIENTED_EDGE ( 'NONE', *, *, #598, .F. ) ;
#3377 = EDGE_LOOP ( 'NONE', ( #4530, #4626, #1137, #4452 ) ) ;
#3378 = LINE ( 'NONE', #3358, #2769 ) ;
#3379 = DIRECTION ( 'NONE',  ( 0.000000000000000000, 0.000000000000000000, 1.000000000000000000 ) ) ;
#3380 = EDGE_CURVE ( 'NONE', #1279, #306, #452, .T. ) ;
#3381 = CARTESIAN_POINT ( 'NONE',  ( 16.03503777425773791, -26.97129294843108838, 8.585786437626900636 ) ) ;
#3382 = ORIENTED_EDGE ( 'NONE', *, *, #645, .F. ) ;
#3383 = EDGE_LOOP ( 'NONE', ( #818, #57, #4369, #1383 ) ) ;
#3384 = CARTESIAN_POINT ( 'NONE',  ( 8.294385674648733442, 19.84070686846390430, -4.001000000000001222 ) ) ;
#3385 = VERTEX_POINT ( 'NONE', #3757 ) ;
#3386 = LINE ( 'NONE', #4892, #2469 ) ;
#3387 = PLANE ( 'NONE',  #4553 ) ;
#3388 = CARTESIAN_POINT ( 'NONE',  ( 9.696421766834003364, 19.84070686846390430, 8.499999999999998224 ) ) ;
#3389 = ORIENTED_EDGE ( 'NONE', *, *, #598, .T. ) ;
#3390 = EDGE_CURVE ( 'NONE', #937, #3450, #30, .T. ) ;
#3391 = PLANE ( 'NONE',  #2881 ) ;
#3392 = CARTESIAN_POINT ( 'NONE',  ( 11.40187074164454017, -28.47129294843108482, 1.699999999999999289 ) ) ;
#3393 = EDGE_CURVE ( 'NONE', #2707, #2591, #4884, .T. ) ;
#3394 = CIRCLE ( 'NONE', #365, 1.074999999999999512 ) ;
#3395 = DIRECTION ( 'NONE',  ( -0.000000000000000000, -0.000000000000000000, -1.000000000000000000 ) ) ;
#3396 = DIRECTION ( 'NONE',  ( 1.000000000000000000, 0.000000000000000000, 0.000000000000000000 ) ) ;
#3397 = CARTESIAN_POINT ( 'NONE',  ( -11.95796222574226597, -25.62529294843109540, -0.1000000000000002554 ) ) ;
#3398 = CIRCLE ( 'NONE', #1239, 3.000000000000000888 ) ;
#3399 = CIRCLE ( 'NONE', #3956, 1.000000000000000888 ) ;
#3400 = ORIENTED_EDGE ( 'NONE', *, *, #2385, .F. ) ;
#3401 = VERTEX_POINT ( 'NONE', #1132 ) ;
#3402 = CARTESIAN_POINT ( 'NONE',  ( 10.45303777425773362, 25.68270705156890443, -0.1000000000000002554 ) ) ;
#3403 = CARTESIAN_POINT ( 'NONE',  ( 15.78503777425770060, 22.52870705156892583, 3.292323440001584611 ) ) ;
#3404 = VECTOR ( 'NONE', #201, 1000.000000000000000 ) ;
#3405 = EDGE_CURVE ( 'NONE', #3081, #2095, #49, .T. ) ;
#3406 = AXIS2_PLACEMENT_3D ( 'NONE', #2727, #831, #2270 ) ;
#3407 = VERTEX_POINT ( 'NONE', #1478 ) ;
#3408 = ORIENTED_EDGE ( 'NONE', *, *, #3647, .T. ) ;
#3409 = DIRECTION ( 'NONE',  ( 1.000000000000000000, -0.000000000000000000, 0.000000000000000000 ) ) ;
#3410 = VERTEX_POINT ( 'NONE', #2660 ) ;
#3411 = CARTESIAN_POINT ( 'NONE',  ( -12.64106361317946003, 13.48838797301254111, -4.001000000000001222 ) ) ;
#3412 = CARTESIAN_POINT ( 'NONE',  ( -11.93616948479792050, 28.49390952209487793, 8.413477185914375767 ) ) ;
#3413 = CARTESIAN_POINT ( 'NONE',  ( 17.53503777425773080, 27.02870705156891162, 3.292323440001584611 ) ) ;
#3414 = ORIENTED_EDGE ( 'NONE', *, *, #2385, .T. ) ;
#3415 = CIRCLE ( 'NONE', #1179, 0.9499999999999995115 ) ;
#3416 = CYLINDRICAL_SURFACE ( 'NONE', #4632, 0.9500000000000029532 ) ;
#3417 = LINE ( 'NONE', #804, #3693 ) ;
#3418 = VECTOR ( 'NONE', #4224, 1000.000000000000000 ) ;
#3419 = VECTOR ( 'NONE', #95, 1000.000000000000000 ) ;
#3420 = DIRECTION ( 'NONE',  ( 0.7071067811865451302, 8.177564888977971984E-17, 0.7071067811865500152 ) ) ;
#3421 = EDGE_CURVE ( 'NONE', #1208, #2979, #382, .T. ) ;
#3422 = DIRECTION ( 'NONE',  ( 1.911638545475383559E-16, -0.7071067811865505703, -0.7071067811865444641 ) ) ;
#3423 = DIRECTION ( 'NONE',  ( 0.000000000000000000, 0.000000000000000000, 1.000000000000000000 ) ) ;
#3424 = VECTOR ( 'NONE', #390, 1000.000000000000000 ) ;
#3425 = EDGE_CURVE ( 'NONE', #2300, #2662, #444, .T. ) ;
#3426 = EDGE_CURVE ( 'NONE', #1951, #950, #1093, .T. ) ;
#3427 = ORIENTED_EDGE ( 'NONE', *, *, #187, .T. ) ;
#3428 = ORIENTED_EDGE ( 'NONE', *, *, #4947, .F. ) ;
#3429 = CARTESIAN_POINT ( 'NONE',  ( 11.40187074164453840, -28.47129294843108482, 3.292323440001584611 ) ) ;
#3430 = CARTESIAN_POINT ( 'NONE',  ( 13.45303777425773539, -25.62529294843109540, 1.699999999999999289 ) ) ;
#3431 = CARTESIAN_POINT ( 'NONE',  ( -16.46496222574226920, 28.52870705156889741, -4.000000000000000000 ) ) ;
#3432 = VECTOR ( 'NONE', #3764, 1000.000000000000000 ) ;
#3433 = ORIENTED_EDGE ( 'NONE', *, *, #2993, .F. ) ;
#3434 = ORIENTED_EDGE ( 'NONE', *, *, #3766, .F. ) ;
#3435 = CARTESIAN_POINT ( 'NONE',  ( -17.81496222574229904, 22.52870705156889031, 9.999999999999998224 ) ) ;
#3436 = ORIENTED_EDGE ( 'NONE', *, *, #4805, .T. ) ;
#3437 = CARTESIAN_POINT ( 'NONE',  ( 15.78503777425775390, -25.22129294843106706, -4.002000000000000668 ) ) ;
#3438 = DIRECTION ( 'NONE',  ( -0.000000000000000000, -0.000000000000000000, 1.000000000000000000 ) ) ;
#3439 = DIRECTION ( 'NONE',  ( -1.949127501097536693E-16, 1.000000000000000000, 0.000000000000000000 ) ) ;
#3440 = ORIENTED_EDGE ( 'NONE', *, *, #1285, .F. ) ;
#3441 = DIRECTION ( 'NONE',  ( -0.000000000000000000, -0.000000000000000000, 1.000000000000000000 ) ) ;
#3442 = CARTESIAN_POINT ( 'NONE',  ( -19.17206900692881533, 27.02870705156890097, 9.292893218813444989 ) ) ;
#3443 = ADVANCED_FACE ( 'NONE', ( #863 ), #127, .T. ) ;
#3444 = VECTOR ( 'NONE', #1997, 1000.000000000000000 ) ;
#3445 = EDGE_CURVE ( 'NONE', #1199, #3110, #131, .T. ) ;
#3446 = CIRCLE ( 'NONE', #2413, 1.585786437626902190 ) ;
#3447 = CARTESIAN_POINT ( 'NONE',  ( -17.96496222574226564, 30.02870705156890097, 8.378679656440352730 ) ) ;
#3448 = CARTESIAN_POINT ( 'NONE',  ( -11.95796222574226597, -25.62529294843109540, 1.699999999999999289 ) ) ;
#3449 = CARTESIAN_POINT ( 'NONE',  ( 6.892349582463465296, 19.84070686846390430, -4.001000000000001222 ) ) ;
#3450 = VERTEX_POINT ( 'NONE', #2834 ) ;
#3451 = EDGE_CURVE ( 'NONE', #1943, #1459, #941, .T. ) ;
#3452 = ORIENTED_EDGE ( 'NONE', *, *, #4618, .F. ) ;
#3453 = CARTESIAN_POINT ( 'NONE',  ( -10.88296222574226668, -25.62529294843109540, 1.699999999999999289 ) ) ;
#3454 = EDGE_CURVE ( 'NONE', #498, #2309, #1408, .T. ) ;
#3455 = CARTESIAN_POINT ( 'NONE',  ( -17.92367420541036083, -19.05140476201651722, 8.419967676772253995 ) ) ;
#3456 = CARTESIAN_POINT ( 'NONE',  ( 11.50624503331337500, 28.49390952209488503, 8.413477185914375767 ) ) ;
#3457 = ORIENTED_EDGE ( 'NONE', *, *, #3073, .F. ) ;
#3458 = ORIENTED_EDGE ( 'NONE', *, *, #3393, .F. ) ;
#3459 = CARTESIAN_POINT ( 'NONE',  ( 15.78503777425775390, -19.72129294843107417, -4.002000000000000668 ) ) ;
#3460 = VERTEX_POINT ( 'NONE', #567 ) ;
#3461 = LINE ( 'NONE', #38, #3025 ) ;
#3462 = DIRECTION ( 'NONE',  ( 0.000000000000000000, 0.000000000000000000, -1.000000000000000000 ) ) ;
#3463 = FACE_OUTER_BOUND ( 'NONE', #33, .T. ) ;
#3464 = VERTEX_POINT ( 'NONE', #2083 ) ;
#3465 = ORIENTED_EDGE ( 'NONE', *, *, #3817, .F. ) ;
#3466 = DIRECTION ( 'NONE',  ( 0.000000000000000000, 0.000000000000000000, -1.000000000000000000 ) ) ;
#3467 = LINE ( 'NONE', #3066, #862 ) ;
#3468 = EDGE_CURVE ( 'NONE', #3707, #2441, #4019, .T. ) ;
#3469 = EDGE_CURVE ( 'NONE', #3033, #2789, #3164, .T. ) ;
#3470 = DIRECTION ( 'NONE',  ( 1.000000000000000000, 2.703465157366452467E-16, -0.000000000000000000 ) ) ;
#3471 = DIRECTION ( 'NONE',  ( -0.000000000000000000, -0.000000000000000000, 1.000000000000000000 ) ) ;
#3472 = ORIENTED_EDGE ( 'NONE', *, *, #3791, .F. ) ;
#3473 = EDGE_LOOP ( 'NONE', ( #3465, #107 ) ) ;
#3474 = CARTESIAN_POINT ( 'NONE',  ( -1.987927293224997172, 19.84070686846390430, -4.001000000000001222 ) ) ;
#3475 = DIRECTION ( 'NONE',  ( 1.000000000000000000, 0.000000000000000000, 0.000000000000000000 ) ) ;
#3476 = DIRECTION ( 'NONE',  ( -0.000000000000000000, -0.000000000000000000, 1.000000000000000000 ) ) ;
#3477 = AXIS2_PLACEMENT_3D ( 'NONE', #2796, #3907, #4287 ) ;
#3478 = ORIENTED_EDGE ( 'NONE', *, *, #2392, .F. ) ;
#3479 = VERTEX_POINT ( 'NONE', #3950 ) ;
#3480 = AXIS2_PLACEMENT_3D ( 'NONE', #227, #1756, #3282 ) ;
#3481 = ORIENTED_EDGE ( 'NONE', *, *, #3579, .F. ) ;
#3482 = CARTESIAN_POINT ( 'NONE',  ( 10.45303777425773362, 25.68270705156890443, -0.1000000000000002554 ) ) ;
#3483 = ORIENTED_EDGE ( 'NONE', *, *, #592, .T. ) ;
#3484 = DIRECTION ( 'NONE',  ( 0.000000000000000000, 1.000000000000000000, 0.000000000000000000 ) ) ;
#3485 = ADVANCED_FACE ( 'NONE', ( #3105 ), #3128, .T. ) ;
#3486 = DIRECTION ( 'NONE',  ( 1.000000000000000000, 0.000000000000000000, 0.000000000000000000 ) ) ;
#3487 = VECTOR ( 'NONE', #3162, 1000.000000000000000 ) ;
#3488 = ORIENTED_EDGE ( 'NONE', *, *, #2673, .F. ) ;
#3489 = EDGE_CURVE ( 'NONE', #524, #3125, #839, .T. ) ;
#3490 = ORIENTED_EDGE ( 'NONE', *, *, #3939, .T. ) ;
#3491 = ORIENTED_EDGE ( 'NONE', *, *, #3053, .F. ) ;
#3492 = DIRECTION ( 'NONE',  ( 0.000000000000000000, 0.000000000000000000, 1.000000000000000000 ) ) ;
#3493 =( LENGTH_UNIT ( ) NAMED_UNIT ( * ) SI_UNIT ( .MILLI., .METRE. ) );
#3494 = VECTOR ( 'NONE', #3531, 1000.000000000000000 ) ;
#3495 = FACE_OUTER_BOUND ( 'NONE', #3286, .T. ) ;
#3496 = DIRECTION ( 'NONE',  ( 1.000000000000000000, 0.000000000000000000, 0.000000000000000000 ) ) ;
#3497 = CIRCLE ( 'NONE', #2625, 1.600000000000002531 ) ;
#3498 = EDGE_CURVE ( 'NONE', #2789, #3464, #157, .T. ) ;
#3499 = VECTOR ( 'NONE', #4596, 1000.000000000000000 ) ;
#3500 = VERTEX_POINT ( 'NONE', #1653 ) ;
#3501 = VECTOR ( 'NONE', #4597, 1000.000000000000114 ) ;
#3502 = CIRCLE ( 'NONE', #556, 1.402036092185268590 ) ;
#3503 = ORIENTED_EDGE ( 'NONE', *, *, #3959, .F. ) ;
#3504 = DIRECTION ( 'NONE',  ( -0.000000000000000000, -0.000000000000000000, 1.000000000000000000 ) ) ;
#3505 = DIRECTION ( 'NONE',  ( 0.000000000000000000, -1.000000000000000000, 0.000000000000000000 ) ) ;
#3506 = CARTESIAN_POINT ( 'NONE',  ( 11.70847426001878588, 28.40738670800926258, 8.499999999999998224 ) ) ;
#3507 =( BOUNDED_CURVE ( )  B_SPLINE_CURVE ( 3, ( #4913, #1090, #3811, #4213 ),
 .UNSPECIFIED., .F., .F. ) 
 B_SPLINE_CURVE_WITH_KNOTS ( ( 4, 4 ),
 ( 2.643885820847025503, 3.141592653589793116 ),
 .UNSPECIFIED. ) 
 CURVE ( )  GEOMETRIC_REPRESENTATION_ITEM ( )  RATIONAL_B_SPLINE_CURVE ( ( 1.000000000000000000, 0.9794636360570614375, 0.9794636360570614375, 1.000000000000000000 ) ) 
 REPRESENTATION_ITEM ( '' )  );
#3508 = ORIENTED_EDGE ( 'NONE', *, *, #4227, .F. ) ;
#3509 = EDGE_LOOP ( 'NONE', ( #2362, #3984, #3152, #691 ) ) ;
#3510 = CARTESIAN_POINT ( 'NONE',  ( 16.97437760247791516, 2.944585131711334415E-15, 8.939339828220180806 ) ) ;
#3511 = ORIENTED_EDGE ( 'NONE', *, *, #4189, .F. ) ;
#3512 = FACE_OUTER_BOUND ( 'NONE', #2107, .T. ) ;
#3513 = CARTESIAN_POINT ( 'NONE',  ( -16.46496222574226920, 27.02870705156890097, 3.292323440001584611 ) ) ;
#3514 = AXIS2_PLACEMENT_3D ( 'NONE', #2801, #4691, #951 ) ;
#3515 = EDGE_CURVE ( 'NONE', #306, #643, #1411, .T. ) ;
#3516 = VERTEX_POINT ( 'NONE', #103 ) ;
#3517 = VERTEX_POINT ( 'NONE', #1978 ) ;
#3518 = VECTOR ( 'NONE', #4573, 1000.000000000000000 ) ;
#3519 = EDGE_CURVE ( 'NONE', #1288, #323, #4763, .T. ) ;
#3520 = DIRECTION ( 'NONE',  ( 0.000000000000000000, 0.000000000000000000, -1.000000000000000000 ) ) ;
#3521 = EDGE_CURVE ( 'NONE', #4290, #719, #3900, .T. ) ;
#3522 = DIRECTION ( 'NONE',  ( 1.000000000000000000, 0.000000000000000000, 0.000000000000000000 ) ) ;
#3523 = DIRECTION ( 'NONE',  ( -0.000000000000000000, -0.000000000000000000, -1.000000000000000000 ) ) ;
#3524 = LINE ( 'NONE', #3604, #146 ) ;
#3525 = CIRCLE ( 'NONE', #3843, 1.000000000000000888 ) ;
#3526 = FACE_OUTER_BOUND ( 'NONE', #2781, .T. ) ;
#3527 = COLOUR_RGB ( '',0.7921568627450980005, 0.8196078431372548767, 0.9333333333333333481 ) ;
#3528 = VERTEX_POINT ( 'NONE', #2055 ) ;
#3529 = ORIENTED_EDGE ( 'NONE', *, *, #4826, .T. ) ;
#3530 = LINE ( 'NONE', #5, #2961 ) ;
#3531 = DIRECTION ( 'NONE',  ( -2.409338161078898687E-16, 0.000000000000000000, 1.000000000000000000 ) ) ;
#3532 = DIRECTION ( 'NONE',  ( 1.000000000000000000, 0.000000000000000000, 0.000000000000000000 ) ) ;
#3533 = ORIENTED_EDGE ( 'NONE', *, *, #3468, .F. ) ;
#3534 = EDGE_CURVE ( 'NONE', #4735, #1336, #2447, .T. ) ;
#3535 = ORIENTED_EDGE ( 'NONE', *, *, #3248, .T. ) ;
#3536 = CARTESIAN_POINT ( 'NONE',  ( -11.95796222574226597, 25.68270705156890443, -0.1000000000000002554 ) ) ;
#3537 = VERTEX_POINT ( 'NONE', #2786 ) ;
#3538 = DIRECTION ( 'NONE',  ( -0.000000000000000000, -0.000000000000000000, 1.000000000000000000 ) ) ;
#3539 = DIRECTION ( 'NONE',  ( -2.703465157366443593E-16, 1.000000000000000000, 0.000000000000000000 ) ) ;
#3540 = EDGE_CURVE ( 'NONE', #337, #317, #2406, .T. ) ;
#3541 = VERTEX_POINT ( 'NONE', #2028 ) ;
#3542 = ORIENTED_EDGE ( 'NONE', *, *, #4466, .T. ) ;
#3543 = DIRECTION ( 'NONE',  ( 1.000000000000000000, 0.000000000000000000, 0.000000000000000000 ) ) ;
#3544 = DIRECTION ( 'NONE',  ( 1.000000000000000000, 0.000000000000000000, 0.000000000000000000 ) ) ;
#3545 = EDGE_CURVE ( 'NONE', #3407, #3618, #3555, .T. ) ;
#3546 = FACE_BOUND ( 'NONE', #1387, .T. ) ;
#3547 = CARTESIAN_POINT ( 'NONE',  ( -16.21496222574226564, -22.47129294843110969, 5.000000000000000888 ) ) ;
#3548 = CARTESIAN_POINT ( 'NONE',  ( -19.46496222574226209, -28.47129294843108482, 3.292323440001584611 ) ) ;
#3549 = EDGE_CURVE ( 'NONE', #3293, #836, #3080, .T. ) ;
#3550 = ORIENTED_EDGE ( 'NONE', *, *, #1884, .F. ) ;
#3551 = EDGE_LOOP ( 'NONE', ( #3856, #1556 ) ) ;
#3552 = LINE ( 'NONE', #224, #961 ) ;
#3553 = CARTESIAN_POINT ( 'NONE',  ( 15.78503777425770060, 22.52870705156892583, -3.000000000000002665 ) ) ;
#3554 = CARTESIAN_POINT ( 'NONE',  ( 16.53503777425773791, -19.72129294843107417, 8.499999999999998224 ) ) ;
#3555 = LINE ( 'NONE', #3584, #1731 ) ;
#3556 = ORIENTED_EDGE ( 'NONE', *, *, #1500, .T. ) ;
#3557 = ORIENTED_EDGE ( 'NONE', *, *, #3847, .T. ) ;
#3558 = CARTESIAN_POINT ( 'NONE',  ( 10.45303777425773362, -25.62529294843109540, -0.1000000000000002554 ) ) ;
#3559 = ORIENTED_EDGE ( 'NONE', *, *, #772, .F. ) ;
#3560 = DIRECTION ( 'NONE',  ( 1.000000000000000000, 0.000000000000000000, 0.000000000000000000 ) ) ;
#3561 = AXIS2_PLACEMENT_3D ( 'NONE', #465, #924, #4365 ) ;
#3562 = EDGE_CURVE ( 'NONE', #509, #2707, #1244, .T. ) ;
#3563 = FACE_OUTER_BOUND ( 'NONE', #3231, .T. ) ;
#3564 = VECTOR ( 'NONE', #58, 1000.000000000000000 ) ;
#3565 = AXIS2_PLACEMENT_3D ( 'NONE', #2905, #2859, #1379 ) ;
#3566 = VERTEX_POINT ( 'NONE', #4426 ) ;
#3567 = VECTOR ( 'NONE', #642, 1000.000000000000000 ) ;
#3568 = ORIENTED_EDGE ( 'NONE', *, *, #62, .T. ) ;
#3569 = CARTESIAN_POINT ( 'NONE',  ( 16.03503777425773791, -26.97129294843108838, 3.292323440001584611 ) ) ;
#3570 = CARTESIAN_POINT ( 'NONE',  ( -18.05074866336916628, -26.97129294843108838, 9.999999999999998224 ) ) ;
#3571 = VECTOR ( 'NONE', #3201, 1000.000000000000114 ) ;
#3572 = CARTESIAN_POINT ( 'NONE',  ( -17.96496222574226564, 26.27870705156888320, 3.292323440001584611 ) ) ;
#3573 = FACE_OUTER_BOUND ( 'NONE', #406, .T. ) ;
#3574 = FACE_OUTER_BOUND ( 'NONE', #1358, .T. ) ;
#3575 = VERTEX_POINT ( 'NONE', #3684 ) ;
#3576 = EDGE_CURVE ( 'NONE', #4234, #1490, #3612, .T. ) ;
#3577 = ORIENTED_EDGE ( 'NONE', *, *, #4402, .F. ) ;
#3578 = CARTESIAN_POINT ( 'NONE',  ( 17.38503777425770380, 22.52870705156892583, 5.000000000000001776 ) ) ;
#3579 = EDGE_CURVE ( 'NONE', #2441, #3616, #257, .T. ) ;
#3580 = DIRECTION ( 'NONE',  ( -1.000000000000000000, 0.000000000000000000, 0.000000000000000000 ) ) ;
#3581 = VECTOR ( 'NONE', #815, 1000.000000000000000 ) ;
#3582 = DIRECTION ( 'NONE',  ( 0.000000000000000000, -0.7071067811865451302, -0.7071067811865500152 ) ) ;
#3583 = EDGE_CURVE ( 'NONE', #2095, #1943, #179, .T. ) ;
#3584 = CARTESIAN_POINT ( 'NONE',  ( 7.285040208365946235, -28.47129294843108482, 6.892323440001584700 ) ) ;
#3585 = AXIS2_PLACEMENT_3D ( 'NONE', #4164, #1862, #3009 ) ;
#3586 = EDGE_LOOP ( 'NONE', ( #972, #89, #3170, #1549 ) ) ;
#3587 = ORIENTED_EDGE ( 'NONE', *, *, #464, .T. ) ;
#3588 = CARTESIAN_POINT ( 'NONE',  ( -16.46496222574226920, 27.02870705156890097, -4.000000000000000000 ) ) ;
#3589 = ORIENTED_EDGE ( 'NONE', *, *, #516, .F. ) ;
#3590 = CIRCLE ( 'NONE', #2550, 3.000000000000000000 ) ;
#3591 = DIRECTION ( 'NONE',  ( 1.000000000000000000, 0.000000000000000000, 0.000000000000000000 ) ) ;
#3592 = CARTESIAN_POINT ( 'NONE',  ( 18.74214455544428404, 27.02870705156891162, 9.292893218813443212 ) ) ;
#3593 = VECTOR ( 'NONE', #3036, 1000.000000000000000 ) ;
#3594 = VERTEX_POINT ( 'NONE', #3660 ) ;
#3595 = ORIENTED_EDGE ( 'NONE', *, *, #1033, .F. ) ;
#3596 = ORIENTED_EDGE ( 'NONE', *, *, #399, .F. ) ;
#3597 = DIRECTION ( 'NONE',  ( 1.000000000000000000, 1.889896820699131511E-15, 0.000000000000000000 ) ) ;
#3598 = CARTESIAN_POINT ( 'NONE',  ( -19.46496222574226920, 28.52870705156889741, -4.000000000000000000 ) ) ;
#3599 =( BOUNDED_CURVE ( )  B_SPLINE_CURVE ( 3, ( #1175, #3455, #2659, #4181 ),
 .UNSPECIFIED., .F., .F. ) 
 B_SPLINE_CURVE_WITH_KNOTS ( ( 4, 4 ),
 ( 2.643885820847028612, 3.141592653589793116 ),
 .UNSPECIFIED. ) 
 CURVE ( )  GEOMETRIC_REPRESENTATION_ITEM ( )  RATIONAL_B_SPLINE_CURVE ( ( 1.000000000000000000, 0.9794636360570617706, 0.9794636360570617706, 1.000000000000000000 ) ) 
 REPRESENTATION_ITEM ( '' )  );
#3600 = AXIS2_PLACEMENT_3D ( 'NONE', #39, #2287, #513 ) ;
#3601 = DIRECTION ( 'NONE',  ( -0.000000000000000000, -0.000000000000000000, -1.000000000000000000 ) ) ;
#3602 = CIRCLE ( 'NONE', #826, 3.000000000000000000 ) ;
#3603 = EDGE_CURVE ( 'NONE', #2530, #3160, #2106, .T. ) ;
#3604 = CARTESIAN_POINT ( 'NONE',  ( 15.78503777425775390, -19.72129294843107417, 3.292323440001584611 ) ) ;
#3605 = LINE ( 'NONE', #172, #1774 ) ;
#3606 = ADVANCED_FACE ( 'NONE', ( #638 ), #3227, .F. ) ;
#3607 = EDGE_LOOP ( 'NONE', ( #2746, #2514, #2964, #1573 ) ) ;
#3608 = ORIENTED_EDGE ( 'NONE', *, *, #2908, .T. ) ;
#3609 = FACE_OUTER_BOUND ( 'NONE', #35, .T. ) ;
#3610 = LINE ( 'NONE', #537, #3494 ) ;
#3611 = DIRECTION ( 'NONE',  ( 0.000000000000000000, 0.000000000000000000, 1.000000000000000000 ) ) ;
#3612 = LINE ( 'NONE', #1006, #2042 ) ;
#3613 = VECTOR ( 'NONE', #118, 1000.000000000000000 ) ;
#3614 = DIRECTION ( 'NONE',  ( -0.000000000000000000, -1.000000000000000000, 0.000000000000000000 ) ) ;
#3615 = EDGE_CURVE ( 'NONE', #2538, #950, #4025, .T. ) ;
#3616 = VERTEX_POINT ( 'NONE', #589 ) ;
#3617 = CARTESIAN_POINT ( 'NONE',  ( 9.710935302704854166, -22.11161202698745853, 9.999999999999998224 ) ) ;
#3618 = VERTEX_POINT ( 'NONE', #2884 ) ;
#3619 = CARTESIAN_POINT ( 'NONE',  ( 15.78503777425770060, 22.52870705156892583, 9.999999999999998224 ) ) ;
#3620 = FACE_OUTER_BOUND ( 'NONE', #1466, .T. ) ;
#3621 = EDGE_CURVE ( 'NONE', #453, #1429, #2154, .T. ) ;
#3622 = ORIENTED_EDGE ( 'NONE', *, *, #709, .F. ) ;
#3623 = ORIENTED_EDGE ( 'NONE', *, *, #993, .T. ) ;
#3624 = ORIENTED_EDGE ( 'NONE', *, *, #1075, .T. ) ;
#3625 = DIRECTION ( 'NONE',  ( -1.000000000000000000, 0.000000000000000000, 0.000000000000000000 ) ) ;
#3626 = LINE ( 'NONE', #140, #3656 ) ;
#3627 = LINE ( 'NONE', #2474, #1169 ) ;
#3628 = CARTESIAN_POINT ( 'NONE',  ( 2.015431251695973813, 11.01227139059988147, -4.001000000000001222 ) ) ;
#3629 = CARTESIAN_POINT ( 'NONE',  ( 16.53503777425773436, 18.77870705156889031, 8.499999999999998224 ) ) ;
#3630 = ADVANCED_FACE ( 'NONE', ( #4406 ), #2503, .F. ) ;
#3631 = ADVANCED_FACE ( 'NONE', ( #4804 ), #2099, .T. ) ;
#3632 = ORIENTED_EDGE ( 'NONE', *, *, #270, .F. ) ;
#3633 = DIRECTION ( 'NONE',  ( -0.000000000000000000, -0.000000000000000000, -1.000000000000000000 ) ) ;
#3634 = DIRECTION ( 'NONE',  ( -1.000000000000000000, 0.000000000000000000, 0.000000000000000000 ) ) ;
#3635 = DIRECTION ( 'NONE',  ( -0.000000000000000000, -0.000000000000000000, -1.000000000000000000 ) ) ;
#3636 = DIRECTION ( 'NONE',  ( 1.156482317317871971E-16, -1.000000000000000000, -0.000000000000000000 ) ) ;
#3637 = EDGE_LOOP ( 'NONE', ( #4036, #2957, #4139, #3049 ) ) ;
#3638 = CARTESIAN_POINT ( 'NONE',  ( -19.46496222574226209, -26.97129294843108838, -4.000000000000000000 ) ) ;
#3639 = VERTEX_POINT ( 'NONE', #3572 ) ;
#3640 = CARTESIAN_POINT ( 'NONE',  ( -16.46496222574226920, 30.02870705156890097, -4.000000000000000000 ) ) ;
#3641 = ORIENTED_EDGE ( 'NONE', *, *, #2221, .T. ) ;
#3642 = DIRECTION ( 'NONE',  ( -0.000000000000000000, -0.000000000000000000, 1.000000000000000000 ) ) ;
#3643 = LINE ( 'NONE', #597, #617 ) ;
#3644 = VERTEX_POINT ( 'NONE', #4647 ) ;
#3645 = ORIENTED_EDGE ( 'NONE', *, *, #2193, .T. ) ;
#3646 = ORIENTED_EDGE ( 'NONE', *, *, #908, .F. ) ;
#3647 = EDGE_CURVE ( 'NONE', #3357, #1272, #3968, .T. ) ;
#3648 = PLANE ( 'NONE',  #4796 ) ;
#3649 = VECTOR ( 'NONE', #2507, 1000.000000000000000 ) ;
#3650 = EDGE_CURVE ( 'NONE', #1279, #1085, #3193, .T. ) ;
#3651 = CARTESIAN_POINT ( 'NONE',  ( 1.050003391056464341, 19.84070686846390430, 8.499999999999998224 ) ) ;
#3652 = AXIS2_PLACEMENT_3D ( 'NONE', #3334, #1433, #4788 ) ;
#3653 = ADVANCED_FACE ( 'NONE', ( #3999 ), #3967, .F. ) ;
#3654 = DIRECTION ( 'NONE',  ( -0.000000000000000000, -0.000000000000000000, -1.000000000000000000 ) ) ;
#3655 = DIRECTION ( 'NONE',  ( -1.000000000000000000, 0.000000000000000000, 0.000000000000000000 ) ) ;
#3656 = VECTOR ( 'NONE', #3522, 1000.000000000000000 ) ;
#3657 = DIRECTION ( 'NONE',  ( -1.000000000000000000, 0.000000000000000000, 0.000000000000000000 ) ) ;
#3658 = LINE ( 'NONE', #4424, #467 ) ;
#3659 = DIRECTION ( 'NONE',  ( 1.000000000000000000, 0.000000000000000000, 0.000000000000000000 ) ) ;
#3660 = CARTESIAN_POINT ( 'NONE',  ( -16.46496222574226920, 29.32160027038235128, 9.707106781186544353 ) ) ;
#3661 = DIRECTION ( 'NONE',  ( 0.000000000000000000, 0.000000000000000000, -1.000000000000000000 ) ) ;
#3662 = EDGE_LOOP ( 'NONE', ( #3223, #3641, #3414, #3632 ) ) ;
#3663 = DIRECTION ( 'NONE',  ( 0.000000000000000000, 0.000000000000000000, 1.000000000000000000 ) ) ;
#3664 = ORIENTED_EDGE ( 'NONE', *, *, #2505, .T. ) ;
#3665 = DIRECTION ( 'NONE',  ( -0.000000000000000000, 0.000000000000000000, 1.000000000000000000 ) ) ;
#3666 = DIRECTION ( 'NONE',  ( 0.000000000000000000, 0.000000000000000000, -1.000000000000000000 ) ) ;
#3667 = CIRCLE ( 'NONE', #3585, 3.000000000000000888 ) ;
#3668 = ORIENTED_EDGE ( 'NONE', *, *, #4847, .T. ) ;
#3669 = ORIENTED_EDGE ( 'NONE', *, *, #1346, .F. ) ;
#3670 = EDGE_LOOP ( 'NONE', ( #577, #2050 ) ) ;
#3671 = FACE_OUTER_BOUND ( 'NONE', #2808, .T. ) ;
#3672 = VECTOR ( 'NONE', #1538, 1000.000000000000114 ) ;
#3673 = CARTESIAN_POINT ( 'NONE',  ( 17.53503777425773791, 3.041844167914499252E-15, 8.378679656440352730 ) ) ;
#3674 = DIRECTION ( 'NONE',  ( 1.156482317317871971E-16, -1.000000000000000000, 0.000000000000000000 ) ) ;
#3675 = EDGE_CURVE ( 'NONE', #3805, #2049, #2446, .T. ) ;
#3676 = EDGE_CURVE ( 'NONE', #4385, #2059, #3627, .T. ) ;
#3677 = CARTESIAN_POINT ( 'NONE',  ( 15.78503777425773613, -22.47129294843107417, 5.000000000000001776 ) ) ;
#3678 = FACE_OUTER_BOUND ( 'NONE', #781, .T. ) ;
#3679 = VECTOR ( 'NONE', #3085, 1000.000000000000000 ) ;
#3680 = FACE_OUTER_BOUND ( 'NONE', #1841, .T. ) ;
#3681 = AXIS2_PLACEMENT_3D ( 'NONE', #750, #1870, #2623 ) ;
#3682 = DIRECTION ( 'NONE',  ( 1.949127501097536200E-16, -1.000000000000000000, 0.000000000000000000 ) ) ;
#3683 = DIRECTION ( 'NONE',  ( 1.000000000000000000, 0.000000000000000000, 0.000000000000000000 ) ) ;
#3684 = CARTESIAN_POINT ( 'NONE',  ( 16.53503777425773791, -19.72129294843107417, 3.292323440001584611 ) ) ;
#3685 = CARTESIAN_POINT ( 'NONE',  ( -16.46496222574226920, 28.61449348919580160, 9.999999999999998224 ) ) ;
#3686 = ORIENTED_EDGE ( 'NONE', *, *, #2297, .T. ) ;
#3687 = LINE ( 'NONE', #4056, #856 ) ;
#3688 = ORIENTED_EDGE ( 'NONE', *, *, #503, .T. ) ;
#3689 = CARTESIAN_POINT ( 'NONE',  ( 16.03503777425773436, 27.02870705156891162, 9.999999999999998224 ) ) ;
#3690 = CIRCLE ( 'NONE', #2005, 1.000000000000000000 ) ;
#3691 = DIRECTION ( 'NONE',  ( 1.734723475976807094E-16, -1.000000000000000000, 3.081487911019577365E-33 ) ) ;
#3692 = EDGE_CURVE ( 'NONE', #3528, #2115, #3889, .T. ) ;
#3693 = VECTOR ( 'NONE', #397, 1000.000000000000000 ) ;
#3694 = VERTEX_POINT ( 'NONE', #553 ) ;
#3695 = VERTEX_POINT ( 'NONE', #194 ) ;
#3696 = CARTESIAN_POINT ( 'NONE',  ( -10.88296222574226668, -25.62529294843109540, 8.499999999999998224 ) ) ;
#3697 = CARTESIAN_POINT ( 'NONE',  ( -16.21496222574229762, 25.27870705156888320, 3.292323440001584611 ) ) ;
#3698 = DIRECTION ( 'NONE',  ( 0.000000000000000000, 1.000000000000000000, 0.000000000000000000 ) ) ;
#3699 = EDGE_CURVE ( 'NONE', #1787, #453, #2073, .T. ) ;
#3700 = CARTESIAN_POINT ( 'NONE',  ( -10.14106361317946003, -22.11161202698745498, 8.499999999999998224 ) ) ;
#3701 = FACE_BOUND ( 'NONE', #3182, .T. ) ;
#3702 = LINE ( 'NONE', #1056, #1828 ) ;
#3703 = CARTESIAN_POINT ( 'NONE',  ( 15.78503777425773613, -22.47129294843107417, -3.000000000000002665 ) ) ;
#3704 = CARTESIAN_POINT ( 'NONE',  ( 16.03503777425773791, -26.97129294843108838, 9.999999999999998224 ) ) ;
#3705 = EDGE_CURVE ( 'NONE', #2713, #1657, #2048, .T. ) ;
#3706 = LINE ( 'NONE', #4026, #2574 ) ;
#3707 = VERTEX_POINT ( 'NONE', #528 ) ;
#3708 = CYLINDRICAL_SURFACE ( 'NONE', #1410, 1.000000000000000888 ) ;
#3709 = EDGE_LOOP ( 'NONE', ( #1759, #427, #821, #1312 ) ) ;
#3710 = DIRECTION ( 'NONE',  ( 0.000000000000000000, 0.000000000000000000, 1.000000000000000000 ) ) ;
#3711 = DIRECTION ( 'NONE',  ( 1.949127501097536693E-16, -1.000000000000000000, 0.000000000000000000 ) ) ;
#3712 = ORIENTED_EDGE ( 'NONE', *, *, #1285, .T. ) ;
#3713 = CYLINDRICAL_SURFACE ( 'NONE', #1906, 1.000000000000000888 ) ;
#3714 = VERTEX_POINT ( 'NONE', #4720 ) ;
#3715 = CARTESIAN_POINT ( 'NONE',  ( 16.03503777425773791, -28.55707938605798901, 8.999999999999998224 ) ) ;
#3716 = FACE_OUTER_BOUND ( 'NONE', #105, .T. ) ;
#3717 = DIRECTION ( 'NONE',  ( -0.000000000000000000, -0.000000000000000000, 1.000000000000000000 ) ) ;
#3718 = ORIENTED_EDGE ( 'NONE', *, *, #3521, .F. ) ;
#3719 = CARTESIAN_POINT ( 'NONE',  ( -17.84364188218261660, -26.97129294843108838, 8.499999999999998224 ) ) ;
#3720 = CARTESIAN_POINT ( 'NONE',  ( 19.03503777425773080, 27.02870705156891162, 3.292323440001584611 ) ) ;
#3721 = AXIS2_PLACEMENT_3D ( 'NONE', #310, #1738, #1409 ) ;
#3722 = PLANE ( 'NONE',  #2943 ) ;
#3723 = CARTESIAN_POINT ( 'NONE',  ( -13.46496222574230295, 22.52870705156889031, 8.499999999999998224 ) ) ;
#3724 = CARTESIAN_POINT ( 'NONE',  ( 11.52803777425773468, 25.68270705156890443, -0.1000000000000002554 ) ) ;
#3725 = EDGE_CURVE ( 'NONE', #3260, #4512, #2849, .T. ) ;
#3726 = ORIENTED_EDGE ( 'NONE', *, *, #2908, .F. ) ;
#3727 = EDGE_CURVE ( 'NONE', #3694, #134, #542, .T. ) ;
#3728 = EDGE_LOOP ( 'NONE', ( #2966, #4016 ) ) ;
#3729 = DIRECTION ( 'NONE',  ( -1.000000000000000000, -1.889896820699131511E-15, 0.000000000000000000 ) ) ;
#3730 = EDGE_CURVE ( 'NONE', #3775, #2558, #1809, .T. ) ;
#3731 = PLANE ( 'NONE',  #73 ) ;
#3732 = DIRECTION ( 'NONE',  ( 1.000000000000000000, 0.000000000000000000, 0.000000000000000000 ) ) ;
#3733 = VERTEX_POINT ( 'NONE', #1669 ) ;
#3734 = EDGE_LOOP ( 'NONE', ( #613, #2364, #4435, #4367 ) ) ;
#3735 = LINE ( 'NONE', #3761, #879 ) ;
#3736 = ORIENTED_EDGE ( 'NONE', *, *, #1479, .T. ) ;
#3737 = LINE ( 'NONE', #289, #637 ) ;
#3738 = DIRECTION ( 'NONE',  ( 0.000000000000000000, -1.000000000000000000, 0.000000000000000000 ) ) ;
#3739 = AXIS2_PLACEMENT_3D ( 'NONE', #6, #3777, #334 ) ;
#3740 = CARTESIAN_POINT ( 'NONE',  ( -16.21496222574229762, 22.52870705156889031, 5.000000000000001776 ) ) ;
#3741 = VECTOR ( 'NONE', #1000, 1000.000000000000000 ) ;
#3742 = AXIS2_PLACEMENT_3D ( 'NONE', #4936, #2213, #1113 ) ;
#3743 = ORIENTED_EDGE ( 'NONE', *, *, #3242, .F. ) ;
#3744 = PLANE ( 'NONE',  #2868 ) ;
#3745 = VECTOR ( 'NONE', #2079, 1000.000000000000000 ) ;
#3746 = CARTESIAN_POINT ( 'NONE',  ( -7.561064025910129244E-15, 27.96804687978908177, 8.939339828220180806 ) ) ;
#3747 = VECTOR ( 'NONE', #2135, 1000.000000000000000 ) ;
#3748 = EDGE_CURVE ( 'NONE', #2401, #648, #3178, .T. ) ;
#3749 = FACE_OUTER_BOUND ( 'NONE', #2597, .T. ) ;
#3750 = CARTESIAN_POINT ( 'NONE',  ( 16.73503777425770522, 22.52870705156892583, 5.000000000000000888 ) ) ;
#3751 = VECTOR ( 'NONE', #1769, 1000.000000000000000 ) ;
#3752 = CIRCLE ( 'NONE', #4398, 2.292893218813452538 ) ;
#3753 = EDGE_LOOP ( 'NONE', ( #2056, #3542, #1363, #1191 ) ) ;
#3754 = ORIENTED_EDGE ( 'NONE', *, *, #827, .F. ) ;
#3755 = DIRECTION ( 'NONE',  ( -1.000000000000000000, 0.000000000000000000, 0.000000000000000000 ) ) ;
#3756 = FACE_OUTER_BOUND ( 'NONE', #3862, .T. ) ;
#3757 = CARTESIAN_POINT ( 'NONE',  ( 17.38503777425773578, -22.47129294843107417, 5.000000000000001776 ) ) ;
#3758 = EDGE_CURVE ( 'NONE', #2639, #3537, #2397, .T. ) ;
#3759 = EDGE_LOOP ( 'NONE', ( #4702, #532, #1460, #3267 ) ) ;
#3760 = ORIENTED_EDGE ( 'NONE', *, *, #3839, .T. ) ;
#3761 = CARTESIAN_POINT ( 'NONE',  ( -16.21496222574229051, -19.72129294843107417, 3.292323440001584611 ) ) ;
#3762 = ORIENTED_EDGE ( 'NONE', *, *, #3766, .T. ) ;
#3763 = CARTESIAN_POINT ( 'NONE',  ( -16.46496222574226920, 28.61449348919580160, 8.999999999999998224 ) ) ;
#3764 = DIRECTION ( 'NONE',  ( 1.000000000000000000, 0.000000000000000000, 0.000000000000000000 ) ) ;
#3765 = CARTESIAN_POINT ( 'NONE',  ( -12.64106361317946003, 13.48838797301254111, 8.499999999999998224 ) ) ;
#3766 = EDGE_CURVE ( 'NONE', #2558, #3147, #1617, .T. ) ;
#3767 = AXIS2_PLACEMENT_3D ( 'NONE', #3704, #256, #2654 ) ;
#3768 = VERTEX_POINT ( 'NONE', #3219 ) ;
#3769 = DIRECTION ( 'NONE',  ( -1.000000000000000000, 0.000000000000000000, 0.000000000000000000 ) ) ;
#3770 = CARTESIAN_POINT ( 'NONE',  ( 16.53503777425773791, -18.72129294843107417, 3.292323440001584611 ) ) ;
#3771 = CARTESIAN_POINT ( 'NONE',  ( 15.78503777425773613, -22.47129294843107417, 5.000000000000001776 ) ) ;
#3772 = EDGE_CURVE ( 'NONE', #2065, #4481, #312, .T. ) ;
#3773 = LINE ( 'NONE', #2998, #738 ) ;
#3774 = ORIENTED_EDGE ( 'NONE', *, *, #1867, .T. ) ;
#3775 = VERTEX_POINT ( 'NONE', #955 ) ;
#3776 = CARTESIAN_POINT ( 'NONE',  ( -16.21496222574229051, -25.22129294843106706, 3.292323440001584611 ) ) ;
#3777 = DIRECTION ( 'NONE',  ( 0.000000000000000000, 0.000000000000000000, 1.000000000000000000 ) ) ;
#3778 = DIRECTION ( 'NONE',  ( 0.000000000000000000, 0.000000000000000000, 1.000000000000000000 ) ) ;
#3779 = ORIENTED_EDGE ( 'NONE', *, *, #1631, .F. ) ;
#3780 = ORIENTED_EDGE ( 'NONE', *, *, #4725, .T. ) ;
#3781 = DIRECTION ( 'NONE',  ( 0.000000000000000000, 0.000000000000000000, 1.000000000000000000 ) ) ;
#3782 = ORIENTED_EDGE ( 'NONE', *, *, #4169, .T. ) ;
#3783 = DIRECTION ( 'NONE',  ( -1.000000000000000000, 1.889896820699124017E-15, 0.000000000000000000 ) ) ;
#3784 = FACE_OUTER_BOUND ( 'NONE', #3753, .T. ) ;
#3785 = CARTESIAN_POINT ( 'NONE',  ( -9.807962225742267393, -25.62529294843109540, 1.699999999999999289 ) ) ;
#3786 = ADVANCED_FACE ( 'NONE', ( #3546, #1638, #1317, #4694, #1268, #4185, #316, #4537, #1511, #1138, #2284, #720 ), #2261, .T. ) ;
#3787 = ORIENTED_EDGE ( 'NONE', *, *, #4249, .F. ) ;
#3788 = ADVANCED_FACE ( 'NONE', ( #3363 ), #959, .T. ) ;
#3789 = FACE_OUTER_BOUND ( 'NONE', #570, .T. ) ;
#3790 = DIRECTION ( 'NONE',  ( 0.7071067811865454633, 8.659560562354906974E-17, -0.7071067811865496822 ) ) ;
#3791 = EDGE_CURVE ( 'NONE', #2219, #3057, #2875, .T. ) ;
#3792 = AXIS2_PLACEMENT_3D ( 'NONE', #4471, #1465, #2989 ) ;
#3793 = DIRECTION ( 'NONE',  ( 0.000000000000000000, 0.000000000000000000, 1.000000000000000000 ) ) ;
#3794 = CARTESIAN_POINT ( 'NONE',  ( 15.78503777425773613, -22.47129294843107417, 3.292323440001584611 ) ) ;
#3795 = CIRCLE ( 'NONE', #2360, 1.500000000000001332 ) ;
#3796 = AXIS2_PLACEMENT_3D ( 'NONE', #2034, #109, #4761 ) ;
#3797 = ORIENTED_EDGE ( 'NONE', *, *, #4679, .T. ) ;
#3798 = AXIS2_PLACEMENT_3D ( 'NONE', #2328, #2756, #1623 ) ;
#3799 = ORIENTED_EDGE ( 'NONE', *, *, #1605, .F. ) ;
#3800 = CARTESIAN_POINT ( 'NONE',  ( -12.64106361317945293, -22.11161202698745498, 9.999999999999998224 ) ) ;
#3801 = CARTESIAN_POINT ( 'NONE',  ( 9.378037774257734327, 25.68270705156890443, -0.1000000000000002554 ) ) ;
#3802 = CIRCLE ( 'NONE', #4044, 1.000000000000000000 ) ;
#3803 = DIRECTION ( 'NONE',  ( -1.156482317317871971E-16, 1.000000000000000000, 0.000000000000000000 ) ) ;
#3804 = CIRCLE ( 'NONE', #1651, 2.999999999999999112 ) ;
#3805 = VERTEX_POINT ( 'NONE', #4771 ) ;
#3806 = EDGE_CURVE ( 'NONE', #161, #1692, #2664, .T. ) ;
#3807 = ORIENTED_EDGE ( 'NONE', *, *, #2452, .F. ) ;
#3808 = DIRECTION ( 'NONE',  ( 0.000000000000000000, -0.000000000000000000, -1.000000000000000000 ) ) ;
#3809 = EDGE_LOOP ( 'NONE', ( #2088, #99 ) ) ;
#3810 = CARTESIAN_POINT ( 'NONE',  ( -17.96496222574226564, 30.02870705156890097, 3.292323440001584611 ) ) ;
#3811 = CARTESIAN_POINT ( 'NONE',  ( 17.53503777425773436, 18.94634496323507733, 8.378679656440354506 ) ) ;
#3812 = DIRECTION ( 'NONE',  ( 1.000000000000000000, 0.000000000000000000, 0.000000000000000000 ) ) ;
#3813 = ORIENTED_EDGE ( 'NONE', *, *, #2695, .T. ) ;
#3814 = VECTOR ( 'NONE', #4276, 1000.000000000000000 ) ;
#3815 = FACE_OUTER_BOUND ( 'NONE', #3551, .T. ) ;
#3816 = VECTOR ( 'NONE', #1145, 1000.000000000000000 ) ;
#3817 = EDGE_CURVE ( 'NONE', #2887, #1784, #3502, .T. ) ;
#3818 = AXIS2_PLACEMENT_3D ( 'NONE', #4863, #3781, #1840 ) ;
#3819 = EDGE_CURVE ( 'NONE', #4758, #2409, #3101, .T. ) ;
#3820 = AXIS2_PLACEMENT_3D ( 'NONE', #1350, #2880, #2500 ) ;
#3821 = DIRECTION ( 'NONE',  ( -1.734723475976807094E-16, 1.000000000000000000, 0.000000000000000000 ) ) ;
#3822 =( NAMED_UNIT ( * ) PLANE_ANGLE_UNIT ( ) SI_UNIT ( $, .RADIAN. ) );
#3823 = DIRECTION ( 'NONE',  ( 0.000000000000000000, -0.000000000000000000, -1.000000000000000000 ) ) ;
#3824 = ORIENTED_EDGE ( 'NONE', *, *, #2728, .F. ) ;
#3825 = VERTEX_POINT ( 'NONE', #1066 ) ;
#3826 = LINE ( 'NONE', #3800, #4476 ) ;
#3827 = CARTESIAN_POINT ( 'NONE',  ( -16.21496222574229407, 19.77870705156889031, 3.292323440001584611 ) ) ;
#3828 = CARTESIAN_POINT ( 'NONE',  ( -19.46496222574226920, 30.02870705156890097, 3.292323440001584611 ) ) ;
#3829 = CIRCLE ( 'NONE', #2236, 1.000000000000000888 ) ;
#3830 = ORIENTED_EDGE ( 'NONE', *, *, #2867, .F. ) ;
#3831 = AXIS2_PLACEMENT_3D ( 'NONE', #1329, #2458, #969 ) ;
#3832 = VERTEX_POINT ( 'NONE', #1887 ) ;
#3833 = DIRECTION ( 'NONE',  ( 1.949127501097536200E-16, 1.000000000000000000, -0.000000000000000000 ) ) ;
#3834 = ORIENTED_EDGE ( 'NONE', *, *, #1527, .T. ) ;
#3835 = DIRECTION ( 'NONE',  ( -2.409338161078898687E-16, 0.000000000000000000, 1.000000000000000000 ) ) ;
#3836 = CARTESIAN_POINT ( 'NONE',  ( -16.21496222574229407, 19.77870705156889031, 8.499999999999998224 ) ) ;
#3837 = CARTESIAN_POINT ( 'NONE',  ( -17.96496222574226564, 30.02870705156890097, 3.292323440001584611 ) ) ;
#3838 = EDGE_CURVE ( 'NONE', #3639, #834, #3982, .T. ) ;
#3839 = EDGE_CURVE ( 'NONE', #3081, #2183, #476, .T. ) ;
#3840 = EDGE_LOOP ( 'NONE', ( #1622, #1645, #3, #1114 ) ) ;
#3841 = ORIENTED_EDGE ( 'NONE', *, *, #3187, .F. ) ;
#3842 = CARTESIAN_POINT ( 'NONE',  ( 15.78503777425773613, -22.47129294843107417, 5.000000000000001776 ) ) ;
#3843 = AXIS2_PLACEMENT_3D ( 'NONE', #4250, #1949, #4951 ) ;
#3844 = CIRCLE ( 'NONE', #173, 1.000000000000000888 ) ;
#3845 = CARTESIAN_POINT ( 'NONE',  ( -14.61496222574226245, -22.47129294843110969, 5.000000000000001776 ) ) ;
#3846 = CARTESIAN_POINT ( 'NONE',  ( 17.53503777425774146, -18.72129294843107417, 8.378679656440352730 ) ) ;
#3847 = EDGE_CURVE ( 'NONE', #1692, #1313, #4062, .T. ) ;
#3848 = EDGE_LOOP ( 'NONE', ( #2186, #4657, #3292, #1535, #4015, #41, #2646, #4285, #1860, #4741 ) ) ;
#3849 = EDGE_CURVE ( 'NONE', #3335, #620, #1986, .T. ) ;
#3850 = ORIENTED_EDGE ( 'NONE', *, *, #1854, .F. ) ;
#3851 = CARTESIAN_POINT ( 'NONE',  ( -19.46496222574226920, 28.52870705156889741, 8.378679656440354506 ) ) ;
#3852 = DIRECTION ( 'NONE',  ( 1.000000000000000000, 0.000000000000000000, 0.000000000000000000 ) ) ;
#3853 = DIRECTION ( 'NONE',  ( 0.000000000000000000, -1.000000000000000000, 0.000000000000000000 ) ) ;
#3854 = EDGE_CURVE ( 'NONE', #3991, #4566, #3735, .T. ) ;
#3855 =( BOUNDED_CURVE ( )  B_SPLINE_CURVE ( 3, ( #680, #2196, #2974, #2992 ),
 .UNSPECIFIED., .F., .F. ) 
 B_SPLINE_CURVE_WITH_KNOTS ( ( 4, 4 ),
 ( 3.463395796891676870, 3.573362445082399308 ),
 .UNSPECIFIED. ) 
 CURVE ( )  GEOMETRIC_REPRESENTATION_ITEM ( )  RATIONAL_B_SPLINE_CURVE ( ( 1.000000000000000000, 0.9989925318741211813, 0.9989925318741211813, 1.000000000000000000 ) ) 
 REPRESENTATION_ITEM ( '' )  );
#3856 = ORIENTED_EDGE ( 'NONE', *, *, #1438, .T. ) ;
#3857 = VERTEX_POINT ( 'NONE', #3034 ) ;
#3858 = CARTESIAN_POINT ( 'NONE',  ( 12.21093530270484706, 13.48838797301253933, 9.999999999999998224 ) ) ;
#3859 = ORIENTED_EDGE ( 'NONE', *, *, #4312, .T. ) ;
#3860 = DIRECTION ( 'NONE',  ( 1.000000000000000000, 0.000000000000000000, 0.000000000000000000 ) ) ;
#3861 = LINE ( 'NONE', #3837, #531 ) ;
#3862 = EDGE_LOOP ( 'NONE', ( #137, #3645, #3787, #2139 ) ) ;
#3863 = EDGE_LOOP ( 'NONE', ( #3533, #3559, #50, #2238, #3726 ) ) ;
#3864 = DIRECTION ( 'NONE',  ( 1.000000000000000000, 0.000000000000000000, 0.000000000000000000 ) ) ;
#3865 = DIRECTION ( 'NONE',  ( 1.156482317317871971E-16, -1.000000000000000000, 0.000000000000000000 ) ) ;
#3866 = DIRECTION ( 'NONE',  ( 1.000000000000000000, 0.000000000000000000, 0.000000000000000000 ) ) ;
#3867 = LINE ( 'NONE', #479, #3444 ) ;
#3868 = EDGE_LOOP ( 'NONE', ( #1330, #904, #4607, #4422, #1572 ) ) ;
#3870 = ORIENTED_EDGE ( 'NONE', *, *, #3087, .T. ) ;
#3869 = AXIS2_PLACEMENT_3D ( 'NONE', #4309, #843, #2355 ) ;
#3871 = DIRECTION ( 'NONE',  ( -0.000000000000000000, -0.000000000000000000, 1.000000000000000000 ) ) ;
#3872 = CYLINDRICAL_SURFACE ( 'NONE', #3977, 1.600000000000002531 ) ;
#3873 = DIRECTION ( 'NONE',  ( 0.000000000000000000, 0.000000000000000000, -1.000000000000000000 ) ) ;
#3874 = VECTOR ( 'NONE', #3691, 1000.000000000000000 ) ;
#3875 = ADVANCED_FACE ( 'NONE', ( #1461 ), #4089, .F. ) ;
#3876 = EDGE_LOOP ( 'NONE', ( #2705, #4066, #2607, #2160 ) ) ;
#3877 = ADVANCED_FACE ( 'NONE', ( #2592 ), #3713, .T. ) ;
#3878 = AXIS2_PLACEMENT_3D ( 'NONE', #432, #2611, #739 ) ;
#3879 = VERTEX_POINT ( 'NONE', #2986 ) ;
#3880 = DIRECTION ( 'NONE',  ( 0.000000000000000000, 0.000000000000000000, -1.000000000000000000 ) ) ;
#3881 = ORIENTED_EDGE ( 'NONE', *, *, #4709, .F. ) ;
#3882 = CARTESIAN_POINT ( 'NONE',  ( -7.714959791634051989, -11.83278339979662874, -0.3076765599984150334 ) ) ;
#3883 = DIRECTION ( 'NONE',  ( 0.000000000000000000, 0.000000000000000000, 1.000000000000000000 ) ) ;
#3884 = ORIENTED_EDGE ( 'NONE', *, *, #1076, .T. ) ;
#3885 = VERTEX_POINT ( 'NONE', #4138 ) ;
#3886 = CARTESIAN_POINT ( 'NONE',  ( 9.197601288496683125, 28.40738670800926258, 8.499999999999998224 ) ) ;
#3887 = PLANE ( 'NONE',  #2330 ) ;
#3888 = VECTOR ( 'NONE', #102, 1000.000000000000000 ) ;
#3889 = LINE ( 'NONE', #477, #297 ) ;
#3890 = DIRECTION ( 'NONE',  ( 1.000000000000000000, 0.000000000000000000, 0.000000000000000000 ) ) ;
#3891 = DIRECTION ( 'NONE',  ( 1.000000000000000000, 1.513130626182850663E-15, 0.000000000000000000 ) ) ;
#3892 = VECTOR ( 'NONE', #1030, 1000.000000000000000 ) ;
#3893 = EDGE_CURVE ( 'NONE', #2246, #3306, #3667, .T. ) ;
#3894 = AXIS2_PLACEMENT_3D ( 'NONE', #23, #3067, #1971 ) ;
#3895 = ORIENTED_EDGE ( 'NONE', *, *, #3748, .T. ) ;
#3896 = AXIS2_PLACEMENT_3D ( 'NONE', #4910, #743, #1305 ) ;
#3897 = ORIENTED_EDGE ( 'NONE', *, *, #4646, .F. ) ;
#3898 = DIRECTION ( 'NONE',  ( 0.000000000000000000, -0.7071067811865451302, -0.7071067811865500152 ) ) ;
#3899 = FACE_OUTER_BOUND ( 'NONE', #4792, .T. ) ;
#3900 = LINE ( 'NONE', #486, #3960 ) ;
#3901 = CIRCLE ( 'NONE', #800, 2.749999999999995559 ) ;
#3902 = VERTEX_POINT ( 'NONE', #339 ) ;
#3903 = ORIENTED_EDGE ( 'NONE', *, *, #1631, .T. ) ;
#3904 = DIRECTION ( 'NONE',  ( 1.000000000000000000, 0.000000000000000000, 0.000000000000000000 ) ) ;
#3905 = ORIENTED_EDGE ( 'NONE', *, *, #3468, .T. ) ;
#3906 = DIRECTION ( 'NONE',  ( 1.000000000000000000, 0.000000000000000000, 0.000000000000000000 ) ) ;
#3907 = DIRECTION ( 'NONE',  ( 0.000000000000000000, 1.000000000000000000, -0.000000000000000000 ) ) ;
#3908 = VECTOR ( 'NONE', #2118, 1000.000000000000000 ) ;
#3909 = EDGE_CURVE ( 'NONE', #3902, #3594, #2301, .T. ) ;
#3910 = EDGE_LOOP ( 'NONE', ( #2316, #4663, #718, #1404, #3102 ) ) ;
#3911 = ORIENTED_EDGE ( 'NONE', *, *, #2521, .T. ) ;
#3912 = AXIS2_PLACEMENT_3D ( 'NONE', #2037, #875, #525 ) ;
#3913 = DIRECTION ( 'NONE',  ( 0.000000000000000000, -0.000000000000000000, -1.000000000000000000 ) ) ;
#3914 = CARTESIAN_POINT ( 'NONE',  ( -16.46496222574226920, 29.02870705156890097, 8.585786437626898859 ) ) ;
#3915 = EDGE_CURVE ( 'NONE', #3357, #317, #2547, .T. ) ;
#3916 = UNCERTAINTY_MEASURE_WITH_UNIT (LENGTH_MEASURE( 1.000000000000000082E-05 ), #3493, 'distance_accuracy_value', 'NONE');
#3917 = CARTESIAN_POINT ( 'NONE',  ( 9.710935302704847061, 13.48838797301253933, 8.499999999999998224 ) ) ;
#3918 = LINE ( 'NONE', #4721, #1661 ) ;
#3919 = AXIS2_PLACEMENT_3D ( 'NONE', #1270, #980, #1721 ) ;
#3920 = LINE ( 'NONE', #4374, #1131 ) ;
#3921 = CIRCLE ( 'NONE', #18, 1.000000000000000888 ) ;
#3922 = EDGE_CURVE ( 'NONE', #4429, #3566, #148, .T. ) ;
#3923 = ORIENTED_EDGE ( 'NONE', *, *, #3647, .F. ) ;
#3924 = ORIENTED_EDGE ( 'NONE', *, *, #383, .T. ) ;
#3925 = LINE ( 'NONE', #4729, #4622 ) ;
#3926 = DIRECTION ( 'NONE',  ( 1.000000000000000000, 0.000000000000000000, 0.000000000000000000 ) ) ;
#3927 = CARTESIAN_POINT ( 'NONE',  ( 2.015431251695973813, 12.66714344531767900, 8.499999999999998224 ) ) ;
#3928 = CARTESIAN_POINT ( 'NONE',  ( -16.21496222574226564, -22.47129294843110969, 3.292323440001584611 ) ) ;
#3929 = VERTEX_POINT ( 'NONE', #2617 ) ;
#3930 = VERTEX_POINT ( 'NONE', #722 ) ;
#3931 = DIRECTION ( 'NONE',  ( 0.000000000000000000, 0.000000000000000000, 1.000000000000000000 ) ) ;
#3932 = ORIENTED_EDGE ( 'NONE', *, *, #1040, .F. ) ;
#3933 = CARTESIAN_POINT ( 'NONE',  ( -16.21496222574226564, -22.47129294843110969, 5.000000000000000888 ) ) ;
#3934 = DIRECTION ( 'NONE',  ( 1.000000000000000000, 2.703465157366452467E-16, 0.000000000000000000 ) ) ;
#3935 = VERTEX_POINT ( 'NONE', #342 ) ;
#3936 = VERTEX_POINT ( 'NONE', #4091 ) ;
#3937 = CARTESIAN_POINT ( 'NONE',  ( -16.46496222574226209, -29.97129294843108838, 3.292323440001584611 ) ) ;
#3938 = CARTESIAN_POINT ( 'NONE',  ( 15.78503777425773613, -22.47129294843107417, 5.000000000000001776 ) ) ;
#3939 = EDGE_CURVE ( 'NONE', #2662, #801, #4467, .T. ) ;
#3940 = ADVANCED_FACE ( 'NONE', ( #4140 ), #2515, .F. ) ;
#3941 = DIRECTION ( 'NONE',  ( -0.000000000000000000, -0.000000000000000000, 1.000000000000000000 ) ) ;
#3942 = EDGE_CURVE ( 'NONE', #708, #1951, #2967, .T. ) ;
#3943 = CARTESIAN_POINT ( 'NONE',  ( -7.735828614373006620E-15, 28.61449348919580515, 9.999999999999998224 ) ) ;
#3944 = DIRECTION ( 'NONE',  ( -0.000000000000000000, -0.000000000000000000, 1.000000000000000000 ) ) ;
#3945 = VERTEX_POINT ( 'NONE', #1439 ) ;
#3946 = ORIENTED_EDGE ( 'NONE', *, *, #4527, .T. ) ;
#3947 = CARTESIAN_POINT ( 'NONE',  ( 7.285040208365947123, -29.97129294843108838, 3.292323440001584611 ) ) ;
#3948 = CARTESIAN_POINT ( 'NONE',  ( -19.46496222574226209, -28.47129294843108482, 3.292323440001584611 ) ) ;
#3949 = DIRECTION ( 'NONE',  ( 0.000000000000000000, -0.000000000000000000, -1.000000000000000000 ) ) ;
#3950 = CARTESIAN_POINT ( 'NONE',  ( 17.38503777425773578, -22.47129294843107417, 9.999999999999998224 ) ) ;
#3951 = ORIENTED_EDGE ( 'NONE', *, *, #2368, .F. ) ;
#3952 = ORIENTED_EDGE ( 'NONE', *, *, #4826, .F. ) ;
#3953 = CYLINDRICAL_SURFACE ( 'NONE', #936, 1.074999999999999512 ) ;
#3954 = ORIENTED_EDGE ( 'NONE', *, *, #4316, .F. ) ;
#3955 = DIRECTION ( 'NONE',  ( 0.000000000000000000, 0.000000000000000000, 1.000000000000000000 ) ) ;
#3956 = AXIS2_PLACEMENT_3D ( 'NONE', #1257, #1689, #2840 ) ;
#3957 = DIRECTION ( 'NONE',  ( 0.000000000000000000, 0.000000000000000000, 1.000000000000000000 ) ) ;
#3958 = CIRCLE ( 'NONE', #1966, 0.9999999999999991118 ) ;
#3959 = EDGE_CURVE ( 'NONE', #207, #3775, #2540, .T. ) ;
#3960 = VECTOR ( 'NONE', #1625, 1000.000000000000000 ) ;
#3961 = ORIENTED_EDGE ( 'NONE', *, *, #4075, .F. ) ;
#3962 = ORIENTED_EDGE ( 'NONE', *, *, #1161, .T. ) ;
#3963 = VERTEX_POINT ( 'NONE', #696 ) ;
#3964 = PLANE ( 'NONE',  #1195 ) ;
#3965 = EDGE_CURVE ( 'NONE', #42, #4937, #4461, .T. ) ;
#3966 = DIRECTION ( 'NONE',  ( -0.000000000000000000, -0.000000000000000000, 1.000000000000000000 ) ) ;
#3967 = CONICAL_SURFACE ( 'NONE', #2450, 0.9393398282201738114, 0.7853981633974452814 ) ;
#3968 = LINE ( 'NONE', #4321, #1327 ) ;
#3969 = CARTESIAN_POINT ( 'NONE',  ( 12.21093530270483996, -22.11161202698745853, 8.499999999999998224 ) ) ;
#3970 = DIRECTION ( 'NONE',  ( -0.000000000000000000, -0.000000000000000000, 1.000000000000000000 ) ) ;
#3971 = EDGE_CURVE ( 'NONE', #1643, #3930, #2788, .T. ) ;
#3972 = EDGE_CURVE ( 'NONE', #1080, #4385, #3313, .T. ) ;
#3973 = ORIENTED_EDGE ( 'NONE', *, *, #2321, .T. ) ;
#3974 = VERTEX_POINT ( 'NONE', #318 ) ;
#3975 = CARTESIAN_POINT ( 'NONE',  ( -12.64106361317946003, 13.48838797301254111, -4.001000000000001222 ) ) ;
#3976 = CARTESIAN_POINT ( 'NONE',  ( -16.21496222574229762, 25.27870705156888320, -4.002000000000000668 ) ) ;
#3977 = AXIS2_PLACEMENT_3D ( 'NONE', #1602, #4704, #3127 ) ;
#3978 = CARTESIAN_POINT ( 'NONE',  ( -17.81496222574229904, 22.52870705156889031, 5.000000000000001776 ) ) ;
#3979 = DIRECTION ( 'NONE',  ( -0.000000000000000000, -0.000000000000000000, -1.000000000000000000 ) ) ;
#3980 = EDGE_CURVE ( 'NONE', #56, #3594, #1585, .T. ) ;
#3981 = VECTOR ( 'NONE', #4821, 1000.000000000000000 ) ;
#3982 = CIRCLE ( 'NONE', #3818, 1.000000000000000888 ) ;
#3983 = CARTESIAN_POINT ( 'NONE',  ( -1.987927293224997172, 19.84070686846390430, 9.999999999999998224 ) ) ;
#3984 = ORIENTED_EDGE ( 'NONE', *, *, #32, .F. ) ;
#3985 = FACE_OUTER_BOUND ( 'NONE', #1206, .T. ) ;
#3986 = ORIENTED_EDGE ( 'NONE', *, *, #4805, .F. ) ;
#3987 = DIRECTION ( 'NONE',  ( 0.000000000000000000, 0.000000000000000000, -1.000000000000000000 ) ) ;
#3988 = FACE_OUTER_BOUND ( 'NONE', #859, .T. ) ;
#3989 = VECTOR ( 'NONE', #3783, 1000.000000000000000 ) ;
#3990 = ORIENTED_EDGE ( 'NONE', *, *, #1527, .F. ) ;
#3992 = EDGE_CURVE ( 'NONE', #4481, #2693, #4816, .T. ) ;
#3991 = VERTEX_POINT ( 'NONE', #1089 ) ;
#3993 = ORIENTED_EDGE ( 'NONE', *, *, #2715, .T. ) ;
#3994 = PLANE ( 'NONE',  #247 ) ;
#3995 = VECTOR ( 'NONE', #3340, 1000.000000000000000 ) ;
#3996 = CARTESIAN_POINT ( 'NONE',  ( 9.710935302704847061, 13.48838797301253933, 8.499999999999994671 ) ) ;
#3997 = EDGE_CURVE ( 'NONE', #3088, #306, #3386, .T. ) ;
#3998 = VECTOR ( 'NONE', #2647, 1000.000000000000000 ) ;
#3999 = FACE_OUTER_BOUND ( 'NONE', #2575, .T. ) ;
#4000 = DIRECTION ( 'NONE',  ( 1.000000000000000000, 0.000000000000000000, 0.000000000000000000 ) ) ;
#4001 = CARTESIAN_POINT ( 'NONE',  ( -17.96496222574225854, -18.72129294843107417, 8.378679656440352730 ) ) ;
#4002 = ORIENTED_EDGE ( 'NONE', *, *, #3370, .T. ) ;
#4003 = CARTESIAN_POINT ( 'NONE',  ( 16.73503777425770522, 22.52870705156892583, 3.292323440001584611 ) ) ;
#4004 = DIRECTION ( 'NONE',  ( 1.000000000000000000, 0.000000000000000000, 0.000000000000000000 ) ) ;
#4005 = FACE_BOUND ( 'NONE', #3336, .T. ) ;
#4006 = DIRECTION ( 'NONE',  ( 0.000000000000000000, 1.000000000000000000, 0.000000000000000000 ) ) ;
#4007 = AXIS2_PLACEMENT_3D ( 'NONE', #662, #1853, #3683 ) ;
#4008 = EDGE_CURVE ( 'NONE', #56, #585, #4383, .T. ) ;
#4009 = CARTESIAN_POINT ( 'NONE',  ( -19.46496222574226920, 27.02870705156890097, 8.585786437626900636 ) ) ;
#4010 = VERTEX_POINT ( 'NONE', #1366 ) ;
#4011 = DIRECTION ( 'NONE',  ( 0.000000000000000000, 0.000000000000000000, 1.000000000000000000 ) ) ;
#4012 = ORIENTED_EDGE ( 'NONE', *, *, #1919, .T. ) ;
#4013 = CARTESIAN_POINT ( 'NONE',  ( 4.793649565339142882, 12.66714344531767900, -4.001000000000001222 ) ) ;
#4014 = CYLINDRICAL_SURFACE ( 'NONE', #2921, 2.999999999999999112 ) ;
#4015 = ORIENTED_EDGE ( 'NONE', *, *, #403, .T. ) ;
#4016 = ORIENTED_EDGE ( 'NONE', *, *, #4942, .F. ) ;
#4017 = DIRECTION ( 'NONE',  ( 0.000000000000000000, 0.000000000000000000, 1.000000000000000000 ) ) ;
#4018 = DIRECTION ( 'NONE',  ( -0.000000000000000000, -1.000000000000000000, -0.000000000000000000 ) ) ;
#4019 =( BOUNDED_CURVE ( )  B_SPLINE_CURVE ( 3, ( #458, #55, #4706, #1576 ),
 .UNSPECIFIED., .F., .F. ) 
 B_SPLINE_CURVE_WITH_KNOTS ( ( 4, 4 ),
 ( 1.156482317317873451E-16, 0.4977068327427713879 ),
 .UNSPECIFIED. ) 
 CURVE ( )  GEOMETRIC_REPRESENTATION_ITEM ( )  RATIONAL_B_SPLINE_CURVE ( ( 1.000000000000000000, 0.9794636360570612155, 0.9794636360570612155, 1.000000000000000000 ) ) 
 REPRESENTATION_ITEM ( '' )  );
#4020 = CYLINDRICAL_SURFACE ( 'NONE', #81, 0.9499999999999995115 ) ;
#4021 = LINE ( 'NONE', #3548, #3613 ) ;
#4022 = ORIENTED_EDGE ( 'NONE', *, *, #155, .T. ) ;
#4023 = CARTESIAN_POINT ( 'NONE',  ( -11.83179519312907679, -28.47129294843108482, 3.292323440001584611 ) ) ;
#4024 = CARTESIAN_POINT ( 'NONE',  ( -16.96496222574226564, 19.77870705156889031, 3.292323440001584611 ) ) ;
#4025 = LINE ( 'NONE', #2127, #1569 ) ;
#4026 = CARTESIAN_POINT ( 'NONE',  ( -10.66696076089826661, 17.28171028643190610, 8.499999999999998224 ) ) ;
#4027 = ORIENTED_EDGE ( 'NONE', *, *, #1266, .T. ) ;
#4028 = DIRECTION ( 'NONE',  ( 0.000000000000000000, 0.000000000000000000, 1.000000000000000000 ) ) ;
#4029 = ORIENTED_EDGE ( 'NONE', *, *, #2421, .F. ) ;
#4030 = CARTESIAN_POINT ( 'NONE',  ( -10.66696076089826661, 21.25670570879590571, 9.999999999999998224 ) ) ;
#4031 = DIRECTION ( 'NONE',  ( -0.000000000000000000, -0.000000000000000000, 1.000000000000000000 ) ) ;
#4032 = EDGE_CURVE ( 'NONE', #711, #3885, #4417, .T. ) ;
#4033 = ADVANCED_FACE ( 'NONE', ( #3671 ), #2189, .F. ) ;
#4034 = ORIENTED_EDGE ( 'NONE', *, *, #2113, .F. ) ;
#4035 = VECTOR ( 'NONE', #1594, 1000.000000000000000 ) ;
#4036 = ORIENTED_EDGE ( 'NONE', *, *, #2580, .T. ) ;
#4037 = ORIENTED_EDGE ( 'NONE', *, *, #4116, .T. ) ;
#4038 = DIRECTION ( 'NONE',  ( -0.000000000000000000, -0.000000000000000000, 1.000000000000000000 ) ) ;
#4039 = DIRECTION ( 'NONE',  ( 0.000000000000000000, 0.000000000000000000, -1.000000000000000000 ) ) ;
#4040 = AXIS2_PLACEMENT_3D ( 'NONE', #3482, #3880, #461 ) ;
#4041 = FACE_OUTER_BOUND ( 'NONE', #1566, .T. ) ;
#4042 = CIRCLE ( 'NONE', #2361, 1.000000000000000888 ) ;
#4043 = CIRCLE ( 'NONE', #211, 1.000000000000000888 ) ;
#4044 = AXIS2_PLACEMENT_3D ( 'NONE', #2209, #3360, #3666 ) ;
#4045 = PLANE ( 'NONE',  #3038 ) ;
#4046 = FACE_OUTER_BOUND ( 'NONE', #3010, .T. ) ;
#4047 = AXIS2_PLACEMENT_3D ( 'NONE', #3914, #979, #2471 ) ;
#4048 = DIRECTION ( 'NONE',  ( 0.000000000000000000, 0.000000000000000000, 1.000000000000000000 ) ) ;
#4049 = CARTESIAN_POINT ( 'NONE',  ( -16.21496222574229762, 22.52870705156889031, 5.000000000000000888 ) ) ;
#4050 = CARTESIAN_POINT ( 'NONE',  ( -9.807962225742267393, -25.62529294843109540, -0.1000000000000002554 ) ) ;
#4051 = CARTESIAN_POINT ( 'NONE',  ( -19.46496222574226209, -29.97129294843108838, 8.585786437626900636 ) ) ;
#4052 = EDGE_CURVE ( 'NONE', #3857, #4463, #3737, .T. ) ;
#4053 = CARTESIAN_POINT ( 'NONE',  ( -9.066960760898265193, 17.28171028643190610, 9.999999999999998224 ) ) ;
#4054 = CIRCLE ( 'NONE', #1743, 1.600000000000002531 ) ;
#4055 = EDGE_LOOP ( 'NONE', ( #1863, #4536, #734, #2009 ) ) ;
#4056 = CARTESIAN_POINT ( 'NONE',  ( 17.53503777425773791, 3.041844167914499252E-15, 8.378679656440352730 ) ) ;
#4057 = ORIENTED_EDGE ( 'NONE', *, *, #296, .T. ) ;
#4058 = EDGE_CURVE ( 'NONE', #1578, #4601, #4543, .T. ) ;
#4059 = CARTESIAN_POINT ( 'NONE',  ( 16.03503777425773436, 27.02870705156891162, 9.999999999999998224 ) ) ;
#4060 = AXIS2_PLACEMENT_3D ( 'NONE', #2779, #1318, #4296 ) ;
#4061 = CARTESIAN_POINT ( 'NONE',  ( -16.46496222574226209, -26.97129294843108838, -4.000000000000000000 ) ) ;
#4062 = CIRCLE ( 'NONE', #1426, 1.074999999999999512 ) ;
#4063 = CIRCLE ( 'NONE', #149, 1.000000000000000888 ) ;
#4064 = VERTEX_POINT ( 'NONE', #745 ) ;
#4065 = EDGE_LOOP ( 'NONE', ( #2468, #4586, #1081, #2262 ) ) ;
#4066 = ORIENTED_EDGE ( 'NONE', *, *, #3322, .T. ) ;
#4067 = CARTESIAN_POINT ( 'NONE',  ( -7.679838017693791306E-15, 28.40738670800925902, 8.499999999999998224 ) ) ;
#4068 = CIRCLE ( 'NONE', #4866, 0.9999999999999991118 ) ;
#4069 = CARTESIAN_POINT ( 'NONE',  ( 4.793649565339142882, 11.01227139059988147, -4.001000000000001222 ) ) ;
#4070 = DIRECTION ( 'NONE',  ( 1.000000000000000000, 0.000000000000000000, 0.000000000000000000 ) ) ;
#4071 = ADVANCED_FACE ( 'NONE', ( #60 ), #1157, .F. ) ;
#4072 = DIRECTION ( 'NONE',  ( 0.000000000000000000, 0.000000000000000000, -1.000000000000000000 ) ) ;
#4073 = EDGE_CURVE ( 'NONE', #836, #801, #14, .T. ) ;
#4074 = DIRECTION ( 'NONE',  ( 1.000000000000000000, 0.000000000000000000, 0.000000000000000000 ) ) ;
#4075 = EDGE_CURVE ( 'NONE', #207, #4376, #796, .T. ) ;
#4076 = DIRECTION ( 'NONE',  ( 1.000000000000000000, 2.703465157366452467E-16, -0.000000000000000000 ) ) ;
#4077 = DIRECTION ( 'NONE',  ( 0.000000000000000000, 0.000000000000000000, 1.000000000000000000 ) ) ;
#4078 = DIRECTION ( 'NONE',  ( 1.000000000000000000, 0.000000000000000000, 0.000000000000000000 ) ) ;
#4079 = DIRECTION ( 'NONE',  ( -0.000000000000000000, 0.000000000000000000, 1.000000000000000000 ) ) ;
#4080 = ORIENTED_EDGE ( 'NONE', *, *, #4008, .T. ) ;
#4081 = DIRECTION ( 'NONE',  ( -0.000000000000000000, -0.000000000000000000, 1.000000000000000000 ) ) ;
#4082 = ORIENTED_EDGE ( 'NONE', *, *, #2071, .T. ) ;
#4083 = CARTESIAN_POINT ( 'NONE',  ( -17.81496222574226707, -22.47129294843110969, 9.999999999999998224 ) ) ;
#4084 = CIRCLE ( 'NONE', #171, 1.378679656440354062 ) ;
#4085 = CYLINDRICAL_SURFACE ( 'NONE', #4833, 3.000000000000000888 ) ;
#4086 = ORIENTED_EDGE ( 'NONE', *, *, #1771, .T. ) ;
#4087 = VECTOR ( 'NONE', #3944, 1000.000000000000000 ) ;
#4088 = EDGE_LOOP ( 'NONE', ( #4683, #1974, #996, #378, #4852, #3623, #4737, #419, #3027, #2764 ) ) ;
#4089 = CYLINDRICAL_SURFACE ( 'NONE', #3023, 1.402036092185268590 ) ;
#4090 = EDGE_LOOP ( 'NONE', ( #1988, #4082, #894, #4556 ) ) ;
#4091 = CARTESIAN_POINT ( 'NONE',  ( -4.791999477595536128, 19.84070686846390430, 8.499999999999998224 ) ) ;
#4092 = DIRECTION ( 'NONE',  ( 0.000000000000000000, 0.000000000000000000, -1.000000000000000000 ) ) ;
#4093 = PLANE ( 'NONE',  #3006 ) ;
#4094 = PRODUCT_RELATED_PRODUCT_CATEGORY ( 'part', '', ( #1226 ) ) ;
#4095 = ORIENTED_EDGE ( 'NONE', *, *, #3971, .T. ) ;
#4096 = DIRECTION ( 'NONE',  ( 0.000000000000000000, 0.000000000000000000, -1.000000000000000000 ) ) ;
#4097 = CARTESIAN_POINT ( 'NONE',  ( -10.88296222574226668, -25.62529294843109540, -0.1000000000000002554 ) ) ;
#4098 = ADVANCED_FACE ( 'NONE', ( #4610 ), #1185, .F. ) ;
#4099 = EDGE_CURVE ( 'NONE', #3594, #895, #2719, .T. ) ;
#4100 = EDGE_CURVE ( 'NONE', #3357, #462, #3461, .T. ) ;
#4101 = FACE_OUTER_BOUND ( 'NONE', #844, .T. ) ;
#4102 = CARTESIAN_POINT ( 'NONE',  ( -16.21496222574229762, 22.52870705156889031, 5.000000000000001776 ) ) ;
#4103 = CARTESIAN_POINT ( 'NONE',  ( -10.88296222574226668, -25.62529294843109540, 1.699999999999999289 ) ) ;
#4104 = VERTEX_POINT ( 'NONE', #4587 ) ;
#4105 = ORIENTED_EDGE ( 'NONE', *, *, #884, .T. ) ;
#4106 = CARTESIAN_POINT ( 'NONE',  ( 17.49374975392583664, -25.89118113484562045, 8.419967676772255771 ) ) ;
#4107 = CARTESIAN_POINT ( 'NONE',  ( -16.96496222574225854, -19.72129294843107417, 8.499999999999998224 ) ) ;
#4108 = DIRECTION ( 'NONE',  ( -0.000000000000000000, 1.000000000000000000, 0.000000000000000000 ) ) ;
#4109 = ORIENTED_EDGE ( 'NONE', *, *, #4209, .F. ) ;
#4110 = EDGE_LOOP ( 'NONE', ( #3196, #3400 ) ) ;
#4111 = DIRECTION ( 'NONE',  ( -1.000000000000000000, 0.000000000000000000, 0.000000000000000000 ) ) ;
#4112 = ORIENTED_EDGE ( 'NONE', *, *, #527, .F. ) ;
#4113 = DIRECTION ( 'NONE',  ( -1.734723475976807094E-16, 1.000000000000000000, -0.000000000000000000 ) ) ;
#4114 = CARTESIAN_POINT ( 'NONE',  ( 4.793649565339142882, 12.66714344531767900, 8.499999999999998224 ) ) ;
#4115 = DIRECTION ( 'NONE',  ( 1.000000000000000000, 0.000000000000000000, 0.000000000000000000 ) ) ;
#4116 = EDGE_CURVE ( 'NONE', #3714, #3945, #3901, .T. ) ;
#4117 = EDGE_CURVE ( 'NONE', #197, #535, #1513, .T. ) ;
#4118 = ORIENTED_EDGE ( 'NONE', *, *, #3909, .T. ) ;
#4119 = DIRECTION ( 'NONE',  ( -0.000000000000000000, -0.000000000000000000, 1.000000000000000000 ) ) ;
#4120 = CARTESIAN_POINT ( 'NONE',  ( 17.49374975392583664, -19.05140476201651722, 8.419967676772255771 ) ) ;
#4121 = VECTOR ( 'NONE', #4170, 1000.000000000000000 ) ;
#4122 = VECTOR ( 'NONE', #1254, 1000.000000000000000 ) ;
#4123 = VECTOR ( 'NONE', #4346, 1000.000000000000000 ) ;
#4124 = CARTESIAN_POINT ( 'NONE',  ( -14.61496222574229620, 22.52870705156889031, 9.999999999999998224 ) ) ;
#4125 = PLANE ( 'NONE',  #4142 ) ;
#4126 = DIRECTION ( 'NONE',  ( 0.000000000000000000, -0.000000000000000000, -1.000000000000000000 ) ) ;
#4127 = EDGE_CURVE ( 'NONE', #535, #3644, #1583, .T. ) ;
#4128 = ADVANCED_FACE ( 'NONE', ( #362 ), #1115, .F. ) ;
#4129 = AXIS2_PLACEMENT_3D ( 'NONE', #2167, #3698, #269 ) ;
#4130 = ORIENTED_EDGE ( 'NONE', *, *, #3545, .F. ) ;
#4131 = ORIENTED_EDGE ( 'NONE', *, *, #3451, .T. ) ;
#4132 = CARTESIAN_POINT ( 'NONE',  ( -13.46496222574226920, -22.47129294843110969, 3.292323440001584611 ) ) ;
#4133 = EDGE_CURVE ( 'NONE', #686, #2035, #765, .T. ) ;
#4134 = CARTESIAN_POINT ( 'NONE',  ( 17.53503777425773436, 18.77870705156889031, 3.292323440001584611 ) ) ;
#4135 = CIRCLE ( 'NONE', #4853, 1.378679656440354062 ) ;
#4136 = EDGE_LOOP ( 'NONE', ( #1221, #3508, #238, #1308 ) ) ;
#4137 = ORIENTED_EDGE ( 'NONE', *, *, #368, .T. ) ;
#4138 = CARTESIAN_POINT ( 'NONE',  ( 17.38503777425770380, 22.52870705156892583, 9.999999999999998224 ) ) ;
#4139 = ORIENTED_EDGE ( 'NONE', *, *, #2113, .T. ) ;
#4140 = FACE_OUTER_BOUND ( 'NONE', #4808, .T. ) ;
#4141 = CARTESIAN_POINT ( 'NONE',  ( -16.46496222574226920, 27.02870705156890097, 8.499999999999998224 ) ) ;
#4142 = AXIS2_PLACEMENT_3D ( 'NONE', #1948, #3422, #1449 ) ;
#4143 = DIRECTION ( 'NONE',  ( 1.000000000000000000, 1.734723475976807094E-16, -0.000000000000000000 ) ) ;
#4144 = AXIS2_PLACEMENT_3D ( 'NONE', #3547, #3247, #507 ) ;
#4145 = EDGE_CURVE ( 'NONE', #3356, #711, #1190, .T. ) ;
#4146 = AXIS2_PLACEMENT_3D ( 'NONE', #1436, #1719, #1087 ) ;
#4147 = ORIENTED_EDGE ( 'NONE', *, *, #446, .T. ) ;
#4148 = FACE_OUTER_BOUND ( 'NONE', #2024, .T. ) ;
#4149 = FACE_BOUND ( 'NONE', #4888, .T. ) ;
#4150 = AXIS2_PLACEMENT_3D ( 'NONE', #3882, #463, #3835 ) ;
#4151 = DIRECTION ( 'NONE',  ( -0.000000000000000000, -0.000000000000000000, -1.000000000000000000 ) ) ;
#4152 = CARTESIAN_POINT ( 'NONE',  ( -16.46496222574226209, -29.67839972961763451, 9.292893218813444989 ) ) ;
#4153 = CARTESIAN_POINT ( 'NONE',  ( -3.389963385410266206, 19.84070686846390430, 9.999999999999998224 ) ) ;
#4154 = AXIS2_PLACEMENT_3D ( 'NONE', #3842, #1567, #2269 ) ;
#4155 = EDGE_LOOP ( 'NONE', ( #1633, #260 ) ) ;
#4156 = ORIENTED_EDGE ( 'NONE', *, *, #4073, .T. ) ;
#4157 = CARTESIAN_POINT ( 'NONE',  ( 7.285040208365947123, -28.47129294843108482, -0.3076765599984150334 ) ) ;
#4158 = CARTESIAN_POINT ( 'NONE',  ( -11.83179519312905370, 28.52870705156890097, 3.292323440001584611 ) ) ;
#4159 = FACE_OUTER_BOUND ( 'NONE', #3840, .T. ) ;
#4160 = EDGE_CURVE ( 'NONE', #836, #332, #4167, .T. ) ;
#4161 = ADVANCED_FACE ( 'NONE', ( #4938 ), #2552, .T. ) ;
#4162 = ORIENTED_EDGE ( 'NONE', *, *, #1468, .T. ) ;
#4163 = VERTEX_POINT ( 'NONE', #2667 ) ;
#4164 = CARTESIAN_POINT ( 'NONE',  ( -10.88296222574226668, -25.62529294843109540, 1.699999999999999289 ) ) ;
#4165 = ORIENTED_EDGE ( 'NONE', *, *, #2407, .T. ) ;
#4166 = AXIS2_PLACEMENT_3D ( 'NONE', #2322, #779, #48 ) ;
#4167 = LINE ( 'NONE', #1889, #3593 ) ;
#4168 = CARTESIAN_POINT ( 'NONE',  ( -10.14106361317946003, -22.11161202698745498, -4.001000000000001222 ) ) ;
#4169 = EDGE_CURVE ( 'NONE', #3825, #359, #1829, .T. ) ;
#4170 = DIRECTION ( 'NONE',  ( 1.734723475976807094E-16, -1.000000000000000000, -0.000000000000000000 ) ) ;
#4171 = AXIS2_PLACEMENT_3D ( 'NONE', #222, #1641, #1320 ) ;
#4172 = ORIENTED_EDGE ( 'NONE', *, *, #3515, .F. ) ;
#4173 = DIRECTION ( 'NONE',  ( 0.7071067811865500152, 8.177564888978027451E-17, -0.7071067811865451302 ) ) ;
#4174 =( NAMED_UNIT ( * ) SI_UNIT ( $, .STERADIAN. ) SOLID_ANGLE_UNIT ( ) );
#4175 = LINE ( 'NONE', #3046, #3816 ) ;
#4176 = CARTESIAN_POINT ( 'NONE',  ( -13.88296222574226668, -25.62529294843109540, 1.699999999999999289 ) ) ;
#4177 = EDGE_CURVE ( 'NONE', #3639, #2633, #4187, .T. ) ;
#4178 = EDGE_LOOP ( 'NONE', ( #3550, #3222, #214, #3382 ) ) ;
#4179 = ORIENTED_EDGE ( 'NONE', *, *, #566, .F. ) ;
#4180 = DIRECTION ( 'NONE',  ( 0.000000000000000000, 0.000000000000000000, 1.000000000000000000 ) ) ;
#4181 = CARTESIAN_POINT ( 'NONE',  ( -17.96496222574225854, -18.72129294843107417, 8.378679656440352730 ) ) ;
#4182 = CARTESIAN_POINT ( 'NONE',  ( -17.96496222574226920, 26.11106913990269973, 8.378679656440352730 ) ) ;
#4183 = ORIENTED_EDGE ( 'NONE', *, *, #1682, .T. ) ;
#4184 = EDGE_LOOP ( 'NONE', ( #2725, #4881, #2694, #3188 ) ) ;
#4185 = FACE_BOUND ( 'NONE', #4110, .T. ) ;
#4186 = ORIENTED_EDGE ( 'NONE', *, *, #202, .F. ) ;
#4187 = LINE ( 'NONE', #3810, #3424 ) ;
#4188 = CARTESIAN_POINT ( 'NONE',  ( 6.892349582463465296, 19.84070686846390430, 8.499999999999998224 ) ) ;
#4189 = EDGE_CURVE ( 'NONE', #2409, #239, #793, .T. ) ;
#4190 = PLANE ( 'NONE',  #4288 ) ;
#4191 = ADVANCED_FACE ( 'NONE', ( #1559 ), #3084, .T. ) ;
#4192 = ORIENTED_EDGE ( 'NONE', *, *, #155, .F. ) ;
#4193 = CARTESIAN_POINT ( 'NONE',  ( -9.807962225742267393, 25.68270705156890443, 1.699999999999999289 ) ) ;
#4194 = CARTESIAN_POINT ( 'NONE',  ( 18.32793099307118823, 27.02870705156891162, 9.707106781186542577 ) ) ;
#4195 = AXIS2_PLACEMENT_3D ( 'NONE', #40, #1963, #1211 ) ;
#4196 = CARTESIAN_POINT ( 'NONE',  ( -16.46496222574226920, 27.02870705156890097, 8.585786437626900636 ) ) ;
#4197 =( LENGTH_UNIT ( ) NAMED_UNIT ( * ) SI_UNIT ( .MILLI., .METRE. ) );
#4198 = DIRECTION ( 'NONE',  ( -1.000000000000000000, 0.000000000000000000, 0.000000000000000000 ) ) ;
#4199 = VECTOR ( 'NONE', #4207, 1000.000000000000000 ) ;
#4200 = VECTOR ( 'NONE', #333, 1000.000000000000000 ) ;
#4201 = ORIENTED_EDGE ( 'NONE', *, *, #2218, .F. ) ;
#4202 = ORIENTED_EDGE ( 'NONE', *, *, #2091, .F. ) ;
#4203 = CARTESIAN_POINT ( 'NONE',  ( -17.96496222574226564, 30.02870705156890097, -4.000000000000000000 ) ) ;
#4204 = CYLINDRICAL_SURFACE ( 'NONE', #2703, 3.000000000000000888 ) ;
#4205 = EDGE_CURVE ( 'NONE', #3935, #858, #108, .T. ) ;
#4206 = VECTOR ( 'NONE', #2777, 1000.000000000000000 ) ;
#4207 = DIRECTION ( 'NONE',  ( -0.000000000000000000, 0.000000000000000000, -1.000000000000000000 ) ) ;
#4208 = ORIENTED_EDGE ( 'NONE', *, *, #1283, .F. ) ;
#4209 = EDGE_CURVE ( 'NONE', #1781, #2115, #3186, .T. ) ;
#4210 = ORIENTED_EDGE ( 'NONE', *, *, #469, .T. ) ;
#4211 = DIRECTION ( 'NONE',  ( -1.734723475976807094E-16, 1.000000000000000000, 0.000000000000000000 ) ) ;
#4212 = ORIENTED_EDGE ( 'NONE', *, *, #2650, .F. ) ;
#4213 = CARTESIAN_POINT ( 'NONE',  ( 17.53503777425773436, 18.77870705156889031, 8.378679656440352730 ) ) ;
#4214 = CYLINDRICAL_SURFACE ( 'NONE', #371, 1.074999999999999512 ) ;
#4215 = ORIENTED_EDGE ( 'NONE', *, *, #501, .T. ) ;
#4216 = ORIENTED_EDGE ( 'NONE', *, *, #2670, .T. ) ;
#4217 = VECTOR ( 'NONE', #3505, 1000.000000000000000 ) ;
#4218 = ADVANCED_FACE ( 'NONE', ( #4759 ), #3184, .T. ) ;
#4219 = DIRECTION ( 'NONE',  ( -1.000000000000000000, -1.156482317317871971E-16, 0.000000000000000000 ) ) ;
#4220 = FILL_AREA_STYLE_COLOUR ( '', #3527 ) ;
#4221 = VECTOR ( 'NONE', #3420, 1000.000000000000114 ) ;
#4222 = AXIS2_PLACEMENT_3D ( 'NONE', #1768, #4492, #4513 ) ;
#4223 = AXIS2_PLACEMENT_3D ( 'NONE', #176, #2403, #1298 ) ;
#4224 = DIRECTION ( 'NONE',  ( -0.000000000000000000, -0.000000000000000000, 1.000000000000000000 ) ) ;
#4225 = CARTESIAN_POINT ( 'NONE',  ( 17.53503777425774146, -26.22129294843106706, 8.378679656440352730 ) ) ;
#4226 = VECTOR ( 'NONE', #596, 1000.000000000000000 ) ;
#4227 = EDGE_CURVE ( 'NONE', #3541, #2268, #883, .T. ) ;
#4228 = VERTEX_POINT ( 'NONE', #2011 ) ;
#4229 = VERTEX_POINT ( 'NONE', #162 ) ;
#4230 = CARTESIAN_POINT ( 'NONE',  ( 15.78503777425775390, -25.22129294843106706, 3.292323440001584611 ) ) ;
#4231 = VECTOR ( 'NONE', #1338, 1000.000000000000000 ) ;
#4232 = DIRECTION ( 'NONE',  ( 1.949127501097536693E-16, 1.000000000000000000, 0.000000000000000000 ) ) ;
#4233 = DIRECTION ( 'NONE',  ( -0.000000000000000000, -0.000000000000000000, -1.000000000000000000 ) ) ;
#4234 = VERTEX_POINT ( 'NONE', #1334 ) ;
#4235 = MECHANICAL_DESIGN_GEOMETRIC_PRESENTATION_REPRESENTATION (  '', ( #1532 ), #2933 ) ;
#4236 = ORIENTED_EDGE ( 'NONE', *, *, #3705, .F. ) ;
#4237 = ORIENTED_EDGE ( 'NONE', *, *, #1591, .T. ) ;
#4238 = DIRECTION ( 'NONE',  ( 1.000000000000000000, 0.000000000000000000, 0.000000000000000000 ) ) ;
#4239 = EDGE_LOOP ( 'NONE', ( #1930, #3743, #4786, #3503 ) ) ;
#4240 = DIRECTION ( 'NONE',  ( 0.000000000000000000, 0.000000000000000000, 1.000000000000000000 ) ) ;
#4241 = CARTESIAN_POINT ( 'NONE',  ( -10.88296222574226668, -25.62529294843109540, 1.699999999999999289 ) ) ;
#4242 = DIRECTION ( 'NONE',  ( 1.000000000000000000, -1.156482317317871725E-15, 0.000000000000000000 ) ) ;
#4243 = ORIENTED_EDGE ( 'NONE', *, *, #1869, .F. ) ;
#4244 = ORIENTED_EDGE ( 'NONE', *, *, #1605, .T. ) ;
#4245 = VERTEX_POINT ( 'NONE', #2384 ) ;
#4246 = CARTESIAN_POINT ( 'NONE',  ( -17.96496222574226564, 30.02870705156890097, 8.378679656440352730 ) ) ;
#4247 = AXIS2_PLACEMENT_3D ( 'NONE', #2499, #912, #2044 ) ;
#4248 = CARTESIAN_POINT ( 'NONE',  ( 16.03503777425773791, 29.32160027038236549, 9.707106781186544353 ) ) ;
#4249 = EDGE_CURVE ( 'NONE', #695, #4756, #1668, .T. ) ;
#4250 = CARTESIAN_POINT ( 'NONE',  ( -16.96496222574225854, -18.72129294843107417, 8.499999999999998224 ) ) ;
#4251 = EDGE_CURVE ( 'NONE', #3204, #3768, #4311, .T. ) ;
#4252 = ADVANCED_FACE ( 'NONE', ( #3512 ), #2089, .F. ) ;
#4253 = VERTEX_POINT ( 'NONE', #1609 ) ;
#4254 = ORIENTED_EDGE ( 'NONE', *, *, #1498, .F. ) ;
#4255 = CARTESIAN_POINT ( 'NONE',  ( -16.21496222574226564, -22.47129294843110969, -4.002000000000000668 ) ) ;
#4256 = DIRECTION ( 'NONE',  ( 0.000000000000000000, 0.000000000000000000, -1.000000000000000000 ) ) ;
#4257 = DIRECTION ( 'NONE',  ( 1.000000000000000000, 0.000000000000000000, 0.000000000000000000 ) ) ;
#4258 = ORIENTED_EDGE ( 'NONE', *, *, #4402, .T. ) ;
#4259 = ORIENTED_EDGE ( 'NONE', *, *, #2745, .T. ) ;
#4260 = FACE_OUTER_BOUND ( 'NONE', #517, .T. ) ;
#4261 = ORIENTED_EDGE ( 'NONE', *, *, #3791, .T. ) ;
#4262 = DIRECTION ( 'NONE',  ( 0.000000000000000000, 0.000000000000000000, 1.000000000000000000 ) ) ;
#4263 = FACE_OUTER_BOUND ( 'NONE', #2197, .T. ) ;
#4264 = ORIENTED_EDGE ( 'NONE', *, *, #1134, .T. ) ;
#4265 = EDGE_LOOP ( 'NONE', ( #2972, #4793, #2861, #1010 ) ) ;
#4266 = ORIENTED_EDGE ( 'NONE', *, *, #4815, .T. ) ;
#4267 = DIRECTION ( 'NONE',  ( -1.000000000000000000, -1.156482317317871971E-16, 0.000000000000000000 ) ) ;
#4268 = ADVANCED_FACE ( 'NONE', ( #86 ), #4660, .F. ) ;
#4269 = CARTESIAN_POINT ( 'NONE',  ( -16.46496222574226209, -26.97129294843108838, 8.939339828220180806 ) ) ;
#4270 = DIRECTION ( 'NONE',  ( 1.000000000000000000, 1.734723475976807094E-16, 0.000000000000000000 ) ) ;
#4271 = FACE_OUTER_BOUND ( 'NONE', #3383, .T. ) ;
#4272 = ORIENTED_EDGE ( 'NONE', *, *, #3489, .T. ) ;
#4274 = EDGE_LOOP ( 'NONE', ( #2930, #2427, #1437, #4272 ) ) ;
#4273 = VECTOR ( 'NONE', #3833, 1000.000000000000000 ) ;
#4275 = CYLINDRICAL_SURFACE ( 'NONE', #4841, 2.749999999999995559 ) ;
#4276 = DIRECTION ( 'NONE',  ( 1.000000000000000000, -0.000000000000000000, -0.000000000000000000 ) ) ;
#4277 = EDGE_CURVE ( 'NONE', #3929, #3885, #3106, .T. ) ;
#4278 = DIRECTION ( 'NONE',  ( 0.000000000000000000, -0.000000000000000000, -1.000000000000000000 ) ) ;
#4279 = AXIS2_PLACEMENT_3D ( 'NONE', #4460, #1835, #4857 ) ;
#4280 = ORIENTED_EDGE ( 'NONE', *, *, #1837, .F. ) ;
#4281 = AXIS2_PLACEMENT_3D ( 'NONE', #880, #3941, #2804 ) ;
#4282 = EDGE_CURVE ( 'NONE', #4245, #3500, #494, .T. ) ;
#4283 = ORIENTED_EDGE ( 'NONE', *, *, #3849, .T. ) ;
#4284 = DIRECTION ( 'NONE',  ( -0.000000000000000000, -0.000000000000000000, 1.000000000000000000 ) ) ;
#4285 = ORIENTED_EDGE ( 'NONE', *, *, #144, .T. ) ;
#4286 = CARTESIAN_POINT ( 'NONE',  ( 15.78503777425776100, 19.77870705156889031, -4.002000000000000668 ) ) ;
#4287 = DIRECTION ( 'NONE',  ( 0.000000000000000000, 0.000000000000000000, 1.000000000000000000 ) ) ;
#4288 = AXIS2_PLACEMENT_3D ( 'NONE', #2266, #747, #3062 ) ;
#4289 = ORIENTED_EDGE ( 'NONE', *, *, #4671, .T. ) ;
#4290 = VERTEX_POINT ( 'NONE', #2414 ) ;
#4291 = CARTESIAN_POINT ( 'NONE',  ( -16.46496222574226209, -26.97129294843108838, 9.707106781186542577 ) ) ;
#4292 = DIRECTION ( 'NONE',  ( 0.000000000000000000, -1.000000000000000000, 0.000000000000000000 ) ) ;
#4293 = ADVANCED_FACE ( 'NONE', ( #4686 ), #1256, .F. ) ;
#4294 = AXIS2_PLACEMENT_3D ( 'NONE', #3976, #1224, #2811 ) ;
#4295 = CARTESIAN_POINT ( 'NONE',  ( 10.45303777425773362, 25.68270705156890443, -0.1000000000000002554 ) ) ;
#4296 = DIRECTION ( 'NONE',  ( 1.000000000000000000, 0.000000000000000000, 0.000000000000000000 ) ) ;
#4297 = CARTESIAN_POINT ( 'NONE',  ( 8.294385674648733442, 19.84070686846390430, 9.999999999999998224 ) ) ;
#4298 = AXIS2_PLACEMENT_3D ( 'NONE', #4511, #360, #672 ) ;
#4299 = VECTOR ( 'NONE', #956, 1000.000000000000000 ) ;
#4300 = ORIENTED_EDGE ( 'NONE', *, *, #522, .T. ) ;
#4301 = PRODUCT_DEFINITION_FORMATION_WITH_SPECIFIED_SOURCE ( 'ANY', '', #1226, .NOT_KNOWN. ) ;
#4302 = ORIENTED_EDGE ( 'NONE', *, *, #3839, .F. ) ;
#4303 = DIRECTION ( 'NONE',  ( 1.949127501097536693E-16, -1.000000000000000000, 0.000000000000000000 ) ) ;
#4304 = CARTESIAN_POINT ( 'NONE',  ( -18.75785544455571596, -26.97129294843108838, 9.707106781186540800 ) ) ;
#4305 = DIRECTION ( 'NONE',  ( 1.000000000000000000, 0.000000000000000000, 0.000000000000000000 ) ) ;
#4306 = AXIS2_PLACEMENT_3D ( 'NONE', #3933, #2033, #3560 ) ;
#4307 = EDGE_LOOP ( 'NONE', ( #3130, #2086, #2390, #3589 ) ) ;
#4308 = ORIENTED_EDGE ( 'NONE', *, *, #4446, .F. ) ;
#4309 = CARTESIAN_POINT ( 'NONE',  ( 16.03503777425773436, 27.02870705156891162, 8.999999999999998224 ) ) ;
#4310 = ORIENTED_EDGE ( 'NONE', *, *, #3922, .T. ) ;
#4311 = LINE ( 'NONE', #4389, #1752 ) ;
#4312 = EDGE_CURVE ( 'NONE', #2308, #3171, #2391, .T. ) ;
#4313 = CARTESIAN_POINT ( 'NONE',  ( 16.53503777425773436, 25.27870705156888320, 8.499999999999998224 ) ) ;
#4314 = AXIS2_PLACEMENT_3D ( 'NONE', #794, #1186, #3200 ) ;
#4315 = ADVANCED_FACE ( 'NONE', ( #135 ), #1282, .T. ) ;
#4316 = EDGE_CURVE ( 'NONE', #3356, #3929, #1688, .T. ) ;
#4317 = ORIENTED_EDGE ( 'NONE', *, *, #466, .T. ) ;
#4318 = ORIENTED_EDGE ( 'NONE', *, *, #1467, .F. ) ;
#4319 = DIRECTION ( 'NONE',  ( 1.000000000000000000, 0.000000000000000000, 0.000000000000000000 ) ) ;
#4320 = DIRECTION ( 'NONE',  ( 0.7071067811865451302, 0.000000000000000000, 0.7071067811865500152 ) ) ;
#4321 = CARTESIAN_POINT ( 'NONE',  ( 0.000000000000000000, -29.26418616724453869, 9.707106781186544353 ) ) ;
#4322 = CARTESIAN_POINT ( 'NONE',  ( 18.03503777425773436, -26.97129294843108482, 9.999999999999998224 ) ) ;
#4323 = AXIS2_PLACEMENT_3D ( 'NONE', #707, #2927, #1031 ) ;
#4324 = DIRECTION ( 'NONE',  ( 0.000000000000000000, 0.000000000000000000, 1.000000000000000000 ) ) ;
#4325 = PRESENTATION_LAYER_ASSIGNMENT (  '', '', ( #1532 ) ) ;
#4326 = ORIENTED_EDGE ( 'NONE', *, *, #3390, .F. ) ;
#4327 = ORIENTED_EDGE ( 'NONE', *, *, #1699, .T. ) ;
#4328 = ORIENTED_EDGE ( 'NONE', *, *, #4618, .T. ) ;
#4329 = CARTESIAN_POINT ( 'NONE',  ( 10.45303777425773362, 25.68270705156890443, 1.699999999999999289 ) ) ;
#4330 = LINE ( 'NONE', #917, #3814 ) ;
#4331 = CARTESIAN_POINT ( 'NONE',  ( -10.88296222574226668, -25.62529294843109540, 8.499999999999998224 ) ) ;
#4332 = DIRECTION ( 'NONE',  ( -0.000000000000000000, -0.000000000000000000, -1.000000000000000000 ) ) ;
#4333 = ADVANCED_FACE ( 'NONE', ( #1309 ), #2839, .F. ) ;
#4334 = ORIENTED_EDGE ( 'NONE', *, *, #769, .T. ) ;
#4335 = ORIENTED_EDGE ( 'NONE', *, *, #34, .T. ) ;
#4336 = DIRECTION ( 'NONE',  ( 0.000000000000000000, 0.000000000000000000, -1.000000000000000000 ) ) ;
#4337 = ORIENTED_EDGE ( 'NONE', *, *, #1438, .F. ) ;
#4338 = CARTESIAN_POINT ( 'NONE',  ( 15.78503777425773613, -22.47129294843107417, -4.002000000000000668 ) ) ;
#4339 = CYLINDRICAL_SURFACE ( 'NONE', #3561, 1.500000000000001332 ) ;
#4340 = ORIENTED_EDGE ( 'NONE', *, *, #3854, .T. ) ;
#4341 = ORIENTED_EDGE ( 'NONE', *, *, #3942, .T. ) ;
#4342 = EDGE_CURVE ( 'NONE', #3537, #1061, #4458, .T. ) ;
#4343 = CARTESIAN_POINT ( 'NONE',  ( 16.53503777425773436, 19.77870705156889031, -4.002000000000000668 ) ) ;
#4344 = ADVANCED_FACE ( 'NONE', ( #616 ), #3261, .T. ) ;
#4345 = CARTESIAN_POINT ( 'NONE',  ( -17.84364188218262015, 25.80129521535420878, 8.499999999999998224 ) ) ;
#4346 = DIRECTION ( 'NONE',  ( 1.000000000000000000, 2.703465157366452467E-16, -0.000000000000000000 ) ) ;
#4347 = DIRECTION ( 'NONE',  ( 0.000000000000000000, -1.000000000000000000, 0.000000000000000000 ) ) ;
#4348 = ADVANCED_FACE ( 'NONE', ( #4412 ), #2960, .T. ) ;
#4349 = CARTESIAN_POINT ( 'NONE',  ( -19.46496222574226920, 28.52870705156889741, 8.378679656440354506 ) ) ;
#4350 = ORIENTED_EDGE ( 'NONE', *, *, #4133, .T. ) ;
#4351 = ORIENTED_EDGE ( 'NONE', *, *, #4851, .T. ) ;
#4352 = LINE ( 'NONE', #2454, #3745 ) ;
#4353 = CARTESIAN_POINT ( 'NONE',  ( -3.389963385410266206, 19.84070686846390430, -4.001000000000001222 ) ) ;
#4354 = CARTESIAN_POINT ( 'NONE',  ( -19.17206900692881177, -2.217215879291118662E-15, 9.292893218813444989 ) ) ;
#4355 = CARTESIAN_POINT ( 'NONE',  ( 16.53503777425773080, 26.27870705156888320, 8.499999999999998224 ) ) ;
#4356 = ADVANCED_FACE ( 'NONE', ( #2111 ), #4811, .F. ) ;
#4357 = DIRECTION ( 'NONE',  ( 1.000000000000000000, 0.000000000000000000, 0.000000000000000000 ) ) ;
#4358 = EDGE_CURVE ( 'NONE', #1782, #2059, #208, .T. ) ;
#4359 = VERTEX_POINT ( 'NONE', #4030 ) ;
#4360 = LINE ( 'NONE', #3285, #3649 ) ;
#4361 = ORIENTED_EDGE ( 'NONE', *, *, #2757, .F. ) ;
#4362 = EDGE_CURVE ( 'NONE', #3775, #183, #4944, .T. ) ;
#4363 = CARTESIAN_POINT ( 'NONE',  ( 2.015431251695973813, 12.66714344531767900, -4.001000000000001222 ) ) ;
#4364 = AXIS2_PLACEMENT_3D ( 'NONE', #2766, #4687, #2415 ) ;
#4365 = DIRECTION ( 'NONE',  ( 1.000000000000000000, 0.000000000000000000, 0.000000000000000000 ) ) ;
#4366 = AXIS2_PLACEMENT_3D ( 'NONE', #892, #2759, #2378 ) ;
#4367 = ORIENTED_EDGE ( 'NONE', *, *, #3274, .T. ) ;
#4368 = ORIENTED_EDGE ( 'NONE', *, *, #3730, .T. ) ;
#4369 = ORIENTED_EDGE ( 'NONE', *, *, #228, .F. ) ;
#4370 = CARTESIAN_POINT ( 'NONE',  ( 16.03503777425773436, 27.02870705156891162, -4.000000000000000000 ) ) ;
#4371 = PLANE ( 'NONE',  #2776 ) ;
#4372 = DIRECTION ( 'NONE',  ( 0.000000000000000000, 1.000000000000000000, 0.000000000000000000 ) ) ;
#4373 = LINE ( 'NONE', #3943, #1983 ) ;
#4374 = CARTESIAN_POINT ( 'NONE',  ( 17.41371743069808886, 3.020798443105850681E-15, 8.499999999999998224 ) ) ;
#4375 = EDGE_CURVE ( 'NONE', #2945, #2254, #3359, .T. ) ;
#4376 = VERTEX_POINT ( 'NONE', #1063 ) ;
#4377 = EDGE_CURVE ( 'NONE', #648, #2401, #1267, .T. ) ;
#4378 = DIRECTION ( 'NONE',  ( 0.000000000000000000, 0.000000000000000000, -1.000000000000000000 ) ) ;
#4379 = DIRECTION ( 'NONE',  ( 1.000000000000000000, 0.000000000000000000, 0.000000000000000000 ) ) ;
#4380 = DIRECTION ( 'NONE',  ( 0.000000000000000000, -0.000000000000000000, -1.000000000000000000 ) ) ;
#4381 = DIRECTION ( 'NONE',  ( -1.000000000000000000, 0.000000000000000000, 0.000000000000000000 ) ) ;
#4382 = VECTOR ( 'NONE', #3866, 1000.000000000000000 ) ;
#4383 = CIRCLE ( 'NONE', #2227, 1.585786437626902190 ) ;
#4384 = PLANE ( 'NONE',  #4915 ) ;
#4385 = VERTEX_POINT ( 'NONE', #1384 ) ;
#4386 = DIRECTION ( 'NONE',  ( 0.000000000000000000, 1.000000000000000000, 0.000000000000000000 ) ) ;
#4387 = EDGE_LOOP ( 'NONE', ( #1855, #902, #4766, #4564 ) ) ;
#4388 = AXIS2_PLACEMENT_3D ( 'NONE', #3975, #1273, #4303 ) ;
#4389 = CARTESIAN_POINT ( 'NONE',  ( -16.96496222574226209, -25.22129294843106706, -4.002000000000000668 ) ) ;
#4390 = CARTESIAN_POINT ( 'NONE',  ( -17.16496222574226493, -22.47129294843110969, 5.000000000000000888 ) ) ;
#4391 = AXIS2_PLACEMENT_3D ( 'NONE', #2765, #3955, #3133 ) ;
#4392 = ORIENTED_EDGE ( 'NONE', *, *, #3445, .T. ) ;
#4393 = EDGE_LOOP ( 'NONE', ( #410, #4266, #234, #4784 ) ) ;
#4394 = VERTEX_POINT ( 'NONE', #4107 ) ;
#4395 = PLANE ( 'NONE',  #968 ) ;
#4396 = VECTOR ( 'NONE', #2430, 1000.000000000000000 ) ;
#4397 = DIRECTION ( 'NONE',  ( -1.000000000000000000, -2.703465157366452467E-16, 0.000000000000000000 ) ) ;
#4398 = AXIS2_PLACEMENT_3D ( 'NONE', #4291, #3913, #4664 ) ;
#4399 = CARTESIAN_POINT ( 'NONE',  ( -18.05074866336916983, -2.087537164353565677E-15, 9.999999999999998224 ) ) ;
#4400 = CARTESIAN_POINT ( 'NONE',  ( -13.46496222574230295, 22.52870705156889031, 3.292323440001584611 ) ) ;
#4401 = DIRECTION ( 'NONE',  ( -0.000000000000000000, -0.000000000000000000, 1.000000000000000000 ) ) ;
#4402 = EDGE_CURVE ( 'NONE', #3879, #2639, #2912, .T. ) ;
#4403 = LINE ( 'NONE', #3326, #2785 ) ;
#4404 = DIRECTION ( 'NONE',  ( -1.000000000000000000, 0.000000000000000000, -0.000000000000000000 ) ) ;
#4405 = EDGE_CURVE ( 'NONE', #3902, #585, #4068, .T. ) ;
#4406 = FACE_OUTER_BOUND ( 'NONE', #2770, .T. ) ;
#4407 = AXIS2_PLACEMENT_3D ( 'NONE', #983, #2502, #3659 ) ;
#4408 = DIRECTION ( 'NONE',  ( -0.7071067811865505703, -1.226634733346704487E-16, -0.7071067811865444641 ) ) ;
#4409 = ORIENTED_EDGE ( 'NONE', *, *, #1729, .F. ) ;
#4410 = FACE_OUTER_BOUND ( 'NONE', #2739, .T. ) ;
#4411 = EDGE_LOOP ( 'NONE', ( #1888, #1189, #2440, #4891 ) ) ;
#4412 = FACE_OUTER_BOUND ( 'NONE', #523, .T. ) ;
#4413 = DIRECTION ( 'NONE',  ( 0.000000000000000000, -0.000000000000000000, 1.000000000000000000 ) ) ;
#4414 = ORIENTED_EDGE ( 'NONE', *, *, #2091, .T. ) ;
#4415 = ORIENTED_EDGE ( 'NONE', *, *, #3030, .F. ) ;
#4416 = ORIENTED_EDGE ( 'NONE', *, *, #296, .F. ) ;
#4417 = LINE ( 'NONE', #624, #3268 ) ;
#4418 = DIRECTION ( 'NONE',  ( -1.000000000000000000, -1.156482317317870246E-16, 0.000000000000000000 ) ) ;
#4419 = CARTESIAN_POINT ( 'NONE',  ( -16.21496222574229051, -25.22129294843106706, 8.499999999999998224 ) ) ;
#4420 = ADVANCED_FACE ( 'NONE', ( #1013 ), #3349, .T. ) ;
#4421 = DIRECTION ( 'NONE',  ( 0.000000000000000000, 0.000000000000000000, 1.000000000000000000 ) ) ;
#4422 = ORIENTED_EDGE ( 'NONE', *, *, #2175, .F. ) ;
#4423 = DIRECTION ( 'NONE',  ( -0.000000000000000000, -0.000000000000000000, 1.000000000000000000 ) ) ;
#4424 = CARTESIAN_POINT ( 'NONE',  ( 16.03503777425773791, 30.02870705156891162, -4.000000000000000000 ) ) ;
#4425 = CARTESIAN_POINT ( 'NONE',  ( 16.53503777425774146, -26.22129294843106706, 8.499999999999998224 ) ) ;
#4426 = CARTESIAN_POINT ( 'NONE',  ( -13.46496222574226920, -22.47129294843110969, 8.499999999999998224 ) ) ;
#4427 = LINE ( 'NONE', #1009, #17 ) ;
#4428 = EDGE_CURVE ( 'NONE', #3385, #3479, #644, .T. ) ;
#4429 = VERTEX_POINT ( 'NONE', #2561 ) ;
#4430 = DIRECTION ( 'NONE',  ( 0.000000000000000000, 0.000000000000000000, 1.000000000000000000 ) ) ;
#4431 = VERTEX_POINT ( 'NONE', #4083 ) ;
#4432 = CARTESIAN_POINT ( 'NONE',  ( 9.710935302704847061, 13.48838797301253933, 8.499999999999998224 ) ) ;
#4433 = DIRECTION ( 'NONE',  ( -0.000000000000000000, -0.000000000000000000, 1.000000000000000000 ) ) ;
#4434 = ADVANCED_FACE ( 'NONE', ( #4885 ), #3731, .T. ) ;
#4435 = ORIENTED_EDGE ( 'NONE', *, *, #709, .T. ) ;
#4436 = VECTOR ( 'NONE', #1236, 1000.000000000000000 ) ;
#4437 = ORIENTED_EDGE ( 'NONE', *, *, #2019, .F. ) ;
#4438 = DIRECTION ( 'NONE',  ( 1.000000000000000000, -0.000000000000000000, -0.000000000000000000 ) ) ;
#4439 = LINE ( 'NONE', #4069, #653 ) ;
#4440 = AXIS2_PLACEMENT_3D ( 'NONE', #1207, #1536, #3131 ) ;
#4441 = DIRECTION ( 'NONE',  ( -1.000000000000000000, -1.889896820699138217E-15, 0.000000000000000000 ) ) ;
#4442 = AXIS2_PLACEMENT_3D ( 'NONE', #2490, #2510, #2112 ) ;
#4443 = CIRCLE ( 'NONE', #2289, 1.402036092185268590 ) ;
#4444 = DIRECTION ( 'NONE',  ( 1.000000000000000000, 0.000000000000000000, 0.000000000000000000 ) ) ;
#4445 = CARTESIAN_POINT ( 'NONE',  ( 16.73503777425774075, -22.47129294843107417, 5.000000000000000888 ) ) ;
#4446 = EDGE_CURVE ( 'NONE', #2789, #3033, #2874, .T. ) ;
#4447 = ORIENTED_EDGE ( 'NONE', *, *, #3562, .T. ) ;
#4448 = VECTOR ( 'NONE', #2119, 1000.000000000000000 ) ;
#4449 = DIRECTION ( 'NONE',  ( 1.000000000000000000, 0.000000000000000000, 0.000000000000000000 ) ) ;
#4450 = LINE ( 'NONE', #587, #3892 ) ;
#4451 = CYLINDRICAL_SURFACE ( 'NONE', #4886, 3.000000000000000888 ) ;
#4452 = ORIENTED_EDGE ( 'NONE', *, *, #1015, .T. ) ;
#4453 = CARTESIAN_POINT ( 'NONE',  ( -19.46496222574226920, 30.02870705156890097, 8.585786437626900636 ) ) ;
#4454 = VECTOR ( 'NONE', #3280, 1000.000000000000000 ) ;
#4455 = EDGE_LOOP ( 'NONE', ( #2410, #4308 ) ) ;
#4456 = DIRECTION ( 'NONE',  ( -1.000000000000000000, 0.000000000000000000, 0.000000000000000000 ) ) ;
#4457 = ORIENTED_EDGE ( 'NONE', *, *, #2176, .T. ) ;
#4458 = LINE ( 'NONE', #1359, #4625 ) ;
#4459 = AXIS2_PLACEMENT_3D ( 'NONE', #3677, #4421, #1469 ) ;
#4460 = CARTESIAN_POINT ( 'NONE',  ( 15.78503777425773613, -22.47129294843107417, 9.999999999999998224 ) ) ;
#4461 = CIRCLE ( 'NONE', #4222, 1.402036092185269034 ) ;
#4462 = AXIS2_PLACEMENT_3D ( 'NONE', #3278, #4801, #4477 ) ;
#4463 = VERTEX_POINT ( 'NONE', #2982 ) ;
#4464 = CARTESIAN_POINT ( 'NONE',  ( 16.53503777425773436, 18.77870705156889031, 3.292323440001584611 ) ) ;
#4465 = ORIENTED_EDGE ( 'NONE', *, *, #3893, .F. ) ;
#4466 = EDGE_CURVE ( 'NONE', #2346, #332, #4505, .T. ) ;
#4467 = LINE ( 'NONE', #4067, #1826 ) ;
#4468 = AXIS2_PLACEMENT_3D ( 'NONE', #3619, #184, #3906 ) ;
#4469 = FACE_OUTER_BOUND ( 'NONE', #468, .T. ) ;
#4470 = EDGE_CURVE ( 'NONE', #3616, #2311, #3599, .T. ) ;
#4471 = CARTESIAN_POINT ( 'NONE',  ( 16.03503777425773791, -26.97129294843108838, 8.999999999999998224 ) ) ;
#4472 = EDGE_CURVE ( 'NONE', #3991, #4394, #2636, .T. ) ;
#4473 = ORIENTED_EDGE ( 'NONE', *, *, #1500, .F. ) ;
#4474 = CARTESIAN_POINT ( 'NONE',  ( -19.46496222574226920, 27.02870705156890097, -4.000000000000000000 ) ) ;
#4475 = VECTOR ( 'NONE', #2526, 1000.000000000000000 ) ;
#4476 = VECTOR ( 'NONE', #2678, 1000.000000000000000 ) ;
#4477 = DIRECTION ( 'NONE',  ( 1.000000000000000000, 0.000000000000000000, 0.000000000000000000 ) ) ;
#4478 = CARTESIAN_POINT ( 'NONE',  ( 17.53503777425773436, 26.27870705156888320, 8.378679656440352730 ) ) ;
#4479 = DIRECTION ( 'NONE',  ( -1.000000000000000000, 0.000000000000000000, 0.000000000000000000 ) ) ;
#4480 = VERTEX_POINT ( 'NONE', #3430 ) ;
#4481 = VERTEX_POINT ( 'NONE', #3801 ) ;
#4482 = CARTESIAN_POINT ( 'NONE',  ( -9.934129258355456571, -28.47129294843108482, 3.292323440001584611 ) ) ;
#4483 = CARTESIAN_POINT ( 'NONE',  ( 2.015431251695973813, 12.66714344531767900, -4.001000000000001222 ) ) ;
#4484 = EDGE_CURVE ( 'NONE', #3885, #3929, #4693, .T. ) ;
#4485 = AXIS2_PLACEMENT_3D ( 'NONE', #1425, #4126, #1796 ) ;
#4486 = DIRECTION ( 'NONE',  ( 1.000000000000000000, 0.000000000000000000, 0.000000000000000000 ) ) ;
#4487 = ADVANCED_FACE ( 'NONE', ( #3756 ), #1953, .T. ) ;
#4488 = AXIS2_PLACEMENT_3D ( 'NONE', #4097, #3299, #4820 ) ;
#4489 = ORIENTED_EDGE ( 'NONE', *, *, #2483, .T. ) ;
#4490 = DIRECTION ( 'NONE',  ( -0.000000000000000000, -0.000000000000000000, 1.000000000000000000 ) ) ;
#4491 = ORIENTED_EDGE ( 'NONE', *, *, #1837, .T. ) ;
#4492 = DIRECTION ( 'NONE',  ( 0.000000000000000000, 0.000000000000000000, 1.000000000000000000 ) ) ;
#4493 = PLANE ( 'NONE',  #888 ) ;
#4494 = LINE ( 'NONE', #245, #1007 ) ;
#4495 = ORIENTED_EDGE ( 'NONE', *, *, #2176, .F. ) ;
#4496 = ADVANCED_FACE ( 'NONE', ( #759 ), #1552, .F. ) ;
#4497 = CARTESIAN_POINT ( 'NONE',  ( 16.53503777425773791, -18.72129294843107417, -4.002000000000000668 ) ) ;
#4498 = CARTESIAN_POINT ( 'NONE',  ( 9.378037774257734327, -25.62529294843109540, -0.1000000000000002554 ) ) ;
#4499 = ADVANCED_FACE ( 'NONE', ( #2679 ), #2277, .F. ) ;
#4500 = CARTESIAN_POINT ( 'NONE',  ( -17.96496222574225854, -26.22129294843106706, 8.378679656440352730 ) ) ;
#4501 = CARTESIAN_POINT ( 'NONE',  ( -16.21496222574229407, 19.77870705156889031, 3.292323440001584611 ) ) ;
#4502 = DIRECTION ( 'NONE',  ( -0.000000000000000000, -0.000000000000000000, 1.000000000000000000 ) ) ;
#4503 = VERTEX_POINT ( 'NONE', #54 ) ;
#4504 = ORIENTED_EDGE ( 'NONE', *, *, #4058, .F. ) ;
#4505 = LINE ( 'NONE', #1083, #223 ) ;
#4506 = DIRECTION ( 'NONE',  ( 1.000000000000000000, 0.000000000000000000, 0.000000000000000000 ) ) ;
#4507 = EDGE_CURVE ( 'NONE', #4376, #3357, #1577, .T. ) ;
#4508 = ADVANCED_FACE ( 'NONE', ( #355 ), #4204, .T. ) ;
#4509 = ORIENTED_EDGE ( 'NONE', *, *, #2590, .F. ) ;
#4510 = ORIENTED_EDGE ( 'NONE', *, *, #4466, .F. ) ;
#4511 = CARTESIAN_POINT ( 'NONE',  ( 0.000000000000000000, 0.000000000000000000, 9.999999999999998224 ) ) ;
#4512 = VERTEX_POINT ( 'NONE', #4158 ) ;
#4513 = DIRECTION ( 'NONE',  ( 1.000000000000000000, 0.000000000000000000, 0.000000000000000000 ) ) ;
#4514 = CARTESIAN_POINT ( 'NONE',  ( 15.78503777425770060, 22.52870705156892583, 5.000000000000001776 ) ) ;
#4515 = DIRECTION ( 'NONE',  ( 1.000000000000000000, 0.000000000000000000, 0.000000000000000000 ) ) ;
#4516 = ORIENTED_EDGE ( 'NONE', *, *, #3322, .F. ) ;
#4517 = DIRECTION ( 'NONE',  ( -1.000000000000000000, 0.000000000000000000, 0.000000000000000000 ) ) ;
#4518 = CARTESIAN_POINT ( 'NONE',  ( 15.78503777425776988, 25.27870705156888320, 3.292323440001584611 ) ) ;
#4519 = VECTOR ( 'NONE', #1118, 1000.000000000000000 ) ;
#4520 = VECTOR ( 'NONE', #2182, 1000.000000000000000 ) ;
#4521 = ORIENTED_EDGE ( 'NONE', *, *, #2655, .F. ) ;
#4522 = AXIS2_PLACEMENT_3D ( 'NONE', #3254, #4754, #610 ) ;
#4523 = CARTESIAN_POINT ( 'NONE',  ( -17.96496222574226564, 27.02870705156890097, -4.000000000000000000 ) ) ;
#4524 = EDGE_CURVE ( 'NONE', #2591, #3639, #3104, .T. ) ;
#4525 = CARTESIAN_POINT ( 'NONE',  ( 0.000000000000000000, 0.000000000000000000, 0.000000000000000000 ) ) ;
#4526 = CARTESIAN_POINT ( 'NONE',  ( -16.46496222574226209, -26.97129294843108838, -4.000000000000000000 ) ) ;
#4527 = EDGE_CURVE ( 'NONE', #4945, #1831, #737, .T. ) ;
#4528 = AXIS2_PLACEMENT_3D ( 'NONE', #627, #654, #292 ) ;
#4529 = EDGE_LOOP ( 'NONE', ( #2798, #3596, #2014, #1474 ) ) ;
#4530 = ORIENTED_EDGE ( 'NONE', *, *, #3725, .F. ) ;
#4531 = CARTESIAN_POINT ( 'NONE',  ( 11.50624503331340343, -28.43649541895706534, 8.413477185914377543 ) ) ;
#4532 = DIRECTION ( 'NONE',  ( 1.000000000000000000, -1.949127501097536693E-16, 0.000000000000000000 ) ) ;
#4533 = DIRECTION ( 'NONE',  ( 0.000000000000000000, 0.000000000000000000, 1.000000000000000000 ) ) ;
#4534 = AXIS2_PLACEMENT_3D ( 'NONE', #1130, #1202, #3852 ) ;
#4535 = ORIENTED_EDGE ( 'NONE', *, *, #202, .T. ) ;
#4536 = ORIENTED_EDGE ( 'NONE', *, *, #2632, .T. ) ;
#4537 = FACE_BOUND ( 'NONE', #4307, .T. ) ;
#4538 = VERTEX_POINT ( 'NONE', #2233 ) ;
#4539 = DIRECTION ( 'NONE',  ( 0.000000000000000000, 0.000000000000000000, 1.000000000000000000 ) ) ;
#4540 = CARTESIAN_POINT ( 'NONE',  ( -17.84364188218261305, -25.74388111221639974, 8.499999999999998224 ) ) ;
#4541 = LINE ( 'NONE', #724, #4519 ) ;
#4542 = VECTOR ( 'NONE', #4648, 1000.000000000000000 ) ;
#4543 = CIRCLE ( 'NONE', #2944, 3.000000000000000888 ) ;
#4544 = ORIENTED_EDGE ( 'NONE', *, *, #3971, .F. ) ;
#4545 = DIRECTION ( 'NONE',  ( 1.000000000000000000, 0.000000000000000000, 0.000000000000000000 ) ) ;
#4546 = CARTESIAN_POINT ( 'NONE',  ( -10.88296222574226668, 25.68270705156890443, 8.499999999999998224 ) ) ;
#4547 = ADVANCED_FACE ( 'NONE', ( #1932 ), #29, .F. ) ;
#4548 = AXIS2_PLACEMENT_3D ( 'NONE', #4286, #546, #3155 ) ;
#4549 = FACE_OUTER_BOUND ( 'NONE', #4740, .T. ) ;
#4550 = CARTESIAN_POINT ( 'NONE',  ( -16.96496222574225854, -26.22129294843106706, 8.499999999999998224 ) ) ;
#4551 = CYLINDRICAL_SURFACE ( 'NONE', #2249, 1.499999999999999556 ) ;
#4552 = PRODUCT_DEFINITION ( 'UNKNOWN', '', #4301, #475 ) ;
#4553 = AXIS2_PLACEMENT_3D ( 'NONE', #4514, #1117, #3367 ) ;
#4554 = VECTOR ( 'NONE', #2276, 1000.000000000000000 ) ;
#4555 = VECTOR ( 'NONE', #114, 1000.000000000000000 ) ;
#4556 = ORIENTED_EDGE ( 'NONE', *, *, #3965, .T. ) ;
#4557 = ADVANCED_FACE ( 'NONE', ( #4603 ), #2709, .F. ) ;
#4558 = ORIENTED_EDGE ( 'NONE', *, *, #188, .F. ) ;
#4559 = CARTESIAN_POINT ( 'NONE',  ( -11.95796222574226597, -25.62529294843109540, -0.1000000000000002554 ) ) ;
#4560 = EDGE_CURVE ( 'NONE', #801, #10, #4135, .T. ) ;
#4561 = DIRECTION ( 'NONE',  ( 1.000000000000000000, 0.000000000000000000, 0.000000000000000000 ) ) ;
#4562 = CARTESIAN_POINT ( 'NONE',  ( -16.21496222574226564, -22.47129294843110969, 5.000000000000001776 ) ) ;
#4563 = ORIENTED_EDGE ( 'NONE', *, *, #383, .F. ) ;
#4564 = ORIENTED_EDGE ( 'NONE', *, *, #469, .F. ) ;
#4565 = DIRECTION ( 'NONE',  ( 1.000000000000000000, 0.000000000000000000, 0.000000000000000000 ) ) ;
#4566 = VERTEX_POINT ( 'NONE', #714 ) ;
#4567 = VECTOR ( 'NONE', #303, 1000.000000000000000 ) ;
#4568 = CARTESIAN_POINT ( 'NONE',  ( -16.46496222574226209, -26.97129294843108838, 8.585786437626900636 ) ) ;
#4569 = LINE ( 'NONE', #3836, #3432 ) ;
#4570 = DIRECTION ( 'NONE',  ( 1.000000000000000000, 0.000000000000000000, 0.000000000000000000 ) ) ;
#4571 = CIRCLE ( 'NONE', #4171, 1.000000000000000888 ) ;
#4572 = ORIENTED_EDGE ( 'NONE', *, *, #1194, .F. ) ;
#4573 = DIRECTION ( 'NONE',  ( -1.156482317317871725E-16, 1.000000000000000000, -1.232595164407830946E-32 ) ) ;
#4574 = SURFACE_SIDE_STYLE ('',( #3043 ) ) ;
#4575 = EDGE_CURVE ( 'NONE', #2538, #708, #2223, .T. ) ;
#4576 = FACE_OUTER_BOUND ( 'NONE', #4184, .T. ) ;
#4577 = CARTESIAN_POINT ( 'NONE',  ( -11.83179519312907679, -28.47129294843108482, 8.378679656440352730 ) ) ;
#4578 = ORIENTED_EDGE ( 'NONE', *, *, #623, .F. ) ;
#4579 = ORIENTED_EDGE ( 'NONE', *, *, #1802, .F. ) ;
#4580 = CARTESIAN_POINT ( 'NONE',  ( -10.88296222574226668, -25.62529294843109540, 1.699999999999999289 ) ) ;
#4581 = CARTESIAN_POINT ( 'NONE',  ( 12.21093530270484706, 13.48838797301253933, -4.001000000000001222 ) ) ;
#4582 = EDGE_CURVE ( 'NONE', #867, #165, #384, .T. ) ;
#4583 = ORIENTED_EDGE ( 'NONE', *, *, #3330, .T. ) ;
#4584 = VERTEX_POINT ( 'NONE', #2758 ) ;
#4585 = DIRECTION ( 'NONE',  ( -0.000000000000000000, 0.000000000000000000, 1.000000000000000000 ) ) ;
#4586 = ORIENTED_EDGE ( 'NONE', *, *, #3603, .T. ) ;
#4587 = CARTESIAN_POINT ( 'NONE',  ( -16.46496222574226920, 29.73581383275544709, 9.292893218813444989 ) ) ;
#4588 = DIRECTION ( 'NONE',  ( 0.000000000000000000, -0.000000000000000000, -1.000000000000000000 ) ) ;
#4589 = DIRECTION ( 'NONE',  ( 0.000000000000000000, -0.000000000000000000, -1.000000000000000000 ) ) ;
#4590 = EDGE_LOOP ( 'NONE', ( #819, #3063, #4764, #4300 ) ) ;
#4591 = EDGE_CURVE ( 'NONE', #3110, #847, #861, .T. ) ;
#4592 = ORIENTED_EDGE ( 'NONE', *, *, #4484, .T. ) ;
#4593 = PLANE ( 'NONE',  #4154 ) ;
#4594 = CARTESIAN_POINT ( 'NONE',  ( -19.46496222574226920, 30.02870705156890097, -4.000000000000000000 ) ) ;
#4595 = CIRCLE ( 'NONE', #4364, 1.402036092185269034 ) ;
#4596 = DIRECTION ( 'NONE',  ( 1.000000000000000000, 2.703465157366451974E-16, 1.743152798421071938E-32 ) ) ;
#4597 = DIRECTION ( 'NONE',  ( 0.7071067811865451302, 0.000000000000000000, 0.7071067811865500152 ) ) ;
#4598 = DIRECTION ( 'NONE',  ( 0.000000000000000000, 0.000000000000000000, -1.000000000000000000 ) ) ;
#4599 = VECTOR ( 'NONE', #514, 1000.000000000000000 ) ;
#4600 = ORIENTED_EDGE ( 'NONE', *, *, #1776, .T. ) ;
#4601 = VERTEX_POINT ( 'NONE', #564 ) ;
#4602 = DIRECTION ( 'NONE',  ( -0.000000000000000000, -0.000000000000000000, 1.000000000000000000 ) ) ;
#4603 = FACE_OUTER_BOUND ( 'NONE', #1037, .T. ) ;
#4604 = AXIS2_PLACEMENT_3D ( 'NONE', #116, #169, #1695 ) ;
#4605 = PLANE ( 'NONE',  #4839 ) ;
#4606 = VERTEX_POINT ( 'NONE', #4304 ) ;
#4607 = ORIENTED_EDGE ( 'NONE', *, *, #4470, .F. ) ;
#4608 = CARTESIAN_POINT ( 'NONE',  ( 17.62082421188463854, -26.97129294843108482, 9.999999999999998224 ) ) ;
#4609 = VERTEX_POINT ( 'NONE', #1977 ) ;
#4610 = FACE_OUTER_BOUND ( 'NONE', #2283, .T. ) ;
#4611 = FACE_OUTER_BOUND ( 'NONE', #3809, .T. ) ;
#4612 = PLANE ( 'NONE',  #1885 ) ;
#4613 = EDGE_CURVE ( 'NONE', #1600, #2990, #177, .T. ) ;
#4614 = ORIENTED_EDGE ( 'NONE', *, *, #110, .F. ) ;
#4615 = ORIENTED_EDGE ( 'NONE', *, *, #3727, .F. ) ;
#4616 = ADVANCED_FACE ( 'NONE', ( #3899 ), #889, .F. ) ;
#4617 = FACE_OUTER_BOUND ( 'NONE', #1907, .T. ) ;
#4618 = EDGE_CURVE ( 'NONE', #2693, #4253, #3342, .T. ) ;
#4619 = LINE ( 'NONE', #2648, #4035 ) ;
#4620 = VECTOR ( 'NONE', #1900, 1000.000000000000000 ) ;
#4621 = AXIS2_PLACEMENT_3D ( 'NONE', #3141, #4372, #4746 ) ;
#4622 = VECTOR ( 'NONE', #2831, 1000.000000000000000 ) ;
#4623 = CARTESIAN_POINT ( 'NONE',  ( 15.78503777425776988, 25.27870705156888320, 8.499999999999998224 ) ) ;
#4624 = LINE ( 'NONE', #2296, #2169 ) ;
#4625 = VECTOR ( 'NONE', #2509, 1000.000000000000000 ) ;
#4626 = ORIENTED_EDGE ( 'NONE', *, *, #1002, .F. ) ;
#4627 = EDGE_LOOP ( 'NONE', ( #885, #3361 ) ) ;
#4628 = FACE_OUTER_BOUND ( 'NONE', #1260, .T. ) ;
#4629 = CIRCLE ( 'NONE', #78, 1.500000000000001332 ) ;
#4630 = CARTESIAN_POINT ( 'NONE',  ( -10.88296222574226668, -25.62529294843109540, 1.699999999999999289 ) ) ;
#4631 = CARTESIAN_POINT ( 'NONE',  ( 15.78503777425775390, -25.22129294843106706, -4.002000000000000668 ) ) ;
#4632 = AXIS2_PLACEMENT_3D ( 'NONE', #3117, #1144, #2672 ) ;
#4633 = ORIENTED_EDGE ( 'NONE', *, *, #3521, .T. ) ;
#4634 = EDGE_CURVE ( 'NONE', #3768, #3935, #305, .T. ) ;
#4635 = EDGE_LOOP ( 'NONE', ( #83, #158, #1800, #4208, #1212, #3490, #579, #926, #4392, #3090, #3389, #1599, #2677, #2461, #1683, #3137, #3083, #1101, #2434, #3587, #919, #3216, #4201, #2663, #1253, #3189, #3986, #4504, #2747, #3881, #2978, #4, #4641, #1103, #4310, #3962, #550, #159, #3481, #3608, #1905, #4734, #3233, #3668, #4447, #1332, #4689, #2418, #2029, #4172 ) ) ;
#4636 = FACE_OUTER_BOUND ( 'NONE', #499, .T. ) ;
#4637 = EDGE_LOOP ( 'NONE', ( #4368, #576, #920, #3256 ) ) ;
#4638 = DIRECTION ( 'NONE',  ( 1.000000000000000000, 0.000000000000000000, 0.000000000000000000 ) ) ;
#4639 = LINE ( 'NONE', #825, #2681 ) ;
#4640 = ORIENTED_EDGE ( 'NONE', *, *, #2673, .T. ) ;
#4641 = ORIENTED_EDGE ( 'NONE', *, *, #4908, .T. ) ;
#4642 = CARTESIAN_POINT ( 'NONE',  ( 19.03503777425774146, -26.97129294843108482, -4.000000000000000000 ) ) ;
#4643 = DIRECTION ( 'NONE',  ( -1.000000000000000000, 0.000000000000000000, 0.000000000000000000 ) ) ;
#4644 = VECTOR ( 'NONE', #2200, 1000.000000000000000 ) ;
#4645 = EDGE_CURVE ( 'NONE', #3160, #3407, #3610, .T. ) ;
#4646 = EDGE_CURVE ( 'NONE', #4566, #1830, #838, .T. ) ;
#4647 = CARTESIAN_POINT ( 'NONE',  ( 15.78503777425775390, -25.22129294843106706, 8.499999999999998224 ) ) ;
#4648 = DIRECTION ( 'NONE',  ( -1.156482317317871725E-16, 1.000000000000000000, -1.232595164407830946E-32 ) ) ;
#4649 = LINE ( 'NONE', #2273, #1370 ) ;
#4650 = EDGE_CURVE ( 'NONE', #4064, #3401, #4054, .T. ) ;
#4651 = ORIENTED_EDGE ( 'NONE', *, *, #3498, .T. ) ;
#4652 = ORIENTED_EDGE ( 'NONE', *, *, #4100, .F. ) ;
#4653 = DIRECTION ( 'NONE',  ( 1.000000000000000000, 0.000000000000000000, 0.000000000000000000 ) ) ;
#4654 = PLANE ( 'NONE',  #4294 ) ;
#4655 = DIRECTION ( 'NONE',  ( -0.000000000000000000, -0.000000000000000000, -1.000000000000000000 ) ) ;
#4656 = ORIENTED_EDGE ( 'NONE', *, *, #2297, .F. ) ;
#4657 = ORIENTED_EDGE ( 'NONE', *, *, #2348, .F. ) ;
#4658 = CARTESIAN_POINT ( 'NONE',  ( 16.03503777425773791, -28.47129294843108482, -4.000000000000000000 ) ) ;
#4659 = ORIENTED_EDGE ( 'NONE', *, *, #4791, .F. ) ;
#4660 = CYLINDRICAL_SURFACE ( 'NONE', #1035, 0.9500000000000029532 ) ;
#4661 = EDGE_CURVE ( 'NONE', #3936, #4937, #2052, .T. ) ;
#4662 = ORIENTED_EDGE ( 'NONE', *, *, #2421, .T. ) ;
#4663 = ORIENTED_EDGE ( 'NONE', *, *, #4205, .F. ) ;
#4664 = DIRECTION ( 'NONE',  ( 1.000000000000000000, 0.000000000000000000, 0.000000000000000000 ) ) ;
#4665 = LINE ( 'NONE', #193, #4436 ) ;
#4666 = CARTESIAN_POINT ( 'NONE',  ( 17.53503777425773080, 26.27870705156888320, -4.000000000000000000 ) ) ;
#4667 = CARTESIAN_POINT ( 'NONE',  ( -9.934129258355456571, -28.47129294843108482, 8.378679656440352730 ) ) ;
#4668 = DIRECTION ( 'NONE',  ( 0.000000000000000000, -1.000000000000000000, 0.000000000000000000 ) ) ;
#4669 = AXIS2_PLACEMENT_3D ( 'NONE', #2217, #2191, #1845 ) ;
#4670 = ORIENTED_EDGE ( 'NONE', *, *, #3454, .T. ) ;
#4671 = EDGE_CURVE ( 'NONE', #650, #4735, #1648, .T. ) ;
#4673 = ORIENTED_EDGE ( 'NONE', *, *, #74, .T. ) ;
#4672 = VECTOR ( 'NONE', #1706, 1000.000000000000000 ) ;
#4674 = LINE ( 'NONE', #536, #1265 ) ;
#4675 = EDGE_CURVE ( 'NONE', #2718, #2095, #4752, .T. ) ;
#4676 = FACE_OUTER_BOUND ( 'NONE', #4090, .T. ) ;
#4677 = DIRECTION ( 'NONE',  ( -0.000000000000000000, -0.000000000000000000, -1.000000000000000000 ) ) ;
#4678 = AXIS2_PLACEMENT_3D ( 'NONE', #1335, #3934, #3539 ) ;
#4679 = EDGE_CURVE ( 'NONE', #865, #782, #1299, .T. ) ;
#4680 = CIRCLE ( 'NONE', #3324, 2.999999999999999112 ) ;
#4681 = ORIENTED_EDGE ( 'NONE', *, *, #2906, .F. ) ;
#4682 = AXIS2_PLACEMENT_3D ( 'NONE', #785, #4655, #4257 ) ;
#4683 = ORIENTED_EDGE ( 'NONE', *, *, #3144, .F. ) ;
#4684 = FACE_OUTER_BOUND ( 'NONE', #2007, .T. ) ;
#4685 = ORIENTED_EDGE ( 'NONE', *, *, #487, .F. ) ;
#4686 = FACE_OUTER_BOUND ( 'NONE', #1700, .T. ) ;
#4687 = DIRECTION ( 'NONE',  ( 0.000000000000000000, 0.000000000000000000, 1.000000000000000000 ) ) ;
#4688 = CIRCLE ( 'NONE', #1970, 1.074999999999999512 ) ;
#4689 = ORIENTED_EDGE ( 'NONE', *, *, #1802, .T. ) ;
#4690 = ORIENTED_EDGE ( 'NONE', *, *, #1745, .T. ) ;
#4691 = DIRECTION ( 'NONE',  ( 0.000000000000000000, 0.000000000000000000, -1.000000000000000000 ) ) ;
#4692 = LINE ( 'NONE', #2802, #4846 ) ;
#4693 = CIRCLE ( 'NONE', #1421, 1.600000000000000755 ) ;
#4694 = FACE_BOUND ( 'NONE', #701, .T. ) ;
#4695 = ADVANCED_FACE ( 'NONE', ( #2349 ), #3872, .F. ) ;
#4696 = CARTESIAN_POINT ( 'NONE',  ( 4.793649565339141994, 12.66714344531767900, 8.499999999999998224 ) ) ;
#4697 = CIRCLE ( 'NONE', #2546, 1.074999999999999512 ) ;
#4698 = LINE ( 'NONE', #4349, #4806 ) ;
#4699 = VECTOR ( 'NONE', #1323, 1000.000000000000000 ) ;
#4700 = ORIENTED_EDGE ( 'NONE', *, *, #110, .T. ) ;
#4701 = VECTOR ( 'NONE', #689, 1000.000000000000000 ) ;
#4702 = ORIENTED_EDGE ( 'NONE', *, *, #2018, .F. ) ;
#4703 = DIRECTION ( 'NONE',  ( -1.000000000000000000, 0.000000000000000000, 0.000000000000000000 ) ) ;
#4704 = DIRECTION ( 'NONE',  ( -0.000000000000000000, -0.000000000000000000, 1.000000000000000000 ) ) ;
#4705 = FACE_BOUND ( 'NONE', #1120, .T. ) ;
#4706 = CARTESIAN_POINT ( 'NONE',  ( -17.92367420541036083, 19.10881886515434047, 8.419967676772255771 ) ) ;
#4707 = ADVANCED_FACE ( 'NONE', ( #2832 ), #4654, .T. ) ;
#4708 = ORIENTED_EDGE ( 'NONE', *, *, #3692, .F. ) ;
#4709 = EDGE_CURVE ( 'NONE', #323, #791, #4330, .T. ) ;
#4710 = ORIENTED_EDGE ( 'NONE', *, *, #3727, .T. ) ;
#4711 = CARTESIAN_POINT ( 'NONE',  ( -17.84364188218261660, -2.063585631329678767E-15, 8.499999999999998224 ) ) ;
#4712 = EDGE_LOOP ( 'NONE', ( #4652, #3408, #2332, #2335 ) ) ;
#4713 = DIRECTION ( 'NONE',  ( 1.000000000000000000, 0.000000000000000000, 0.000000000000000000 ) ) ;
#4714 = DIRECTION ( 'NONE',  ( -0.000000000000000000, -0.000000000000000000, -1.000000000000000000 ) ) ;
#4715 = CIRCLE ( 'NONE', #2477, 3.000000000000000888 ) ;
#4716 = ORIENTED_EDGE ( 'NONE', *, *, #2542, .F. ) ;
#4717 = ORIENTED_EDGE ( 'NONE', *, *, #3276, .T. ) ;
#4718 = LINE ( 'NONE', #4343, #3354 ) ;
#4719 = CARTESIAN_POINT ( 'NONE',  ( 7.285040208365946235, -11.83278339979662874, 6.892323440001584700 ) ) ;
#4720 = CARTESIAN_POINT ( 'NONE',  ( 15.78503777425776100, 19.77870705156889031, 3.292323440001584611 ) ) ;
#4721 = CARTESIAN_POINT ( 'NONE',  ( 2.015431251695973813, 12.66714344531767900, 9.999999999999998224 ) ) ;
#4722 = CIRCLE ( 'NONE', #822, 0.9500000000000029532 ) ;
#4723 = CARTESIAN_POINT ( 'NONE',  ( 7.453037774257734505, -25.62529294843109540, 8.499999999999998224 ) ) ;
#4724 = CLOSED_SHELL ( 'NONE', ( #2573, #2480, #4348, #1715, #685, #559, #3174, #806, #1198, #4487, #788, #3875, #1898, #1403, #1328, #2267, #4695, #4268, #2692, #1286, #2605, #4434, #1204, #1495, #2439, #1303, #4922, #2114, #4356, #1620, #1369, #2620, #1827, #1872, #321, #1443, #3099, #1973, #356, #2936, #1647, #1100, #1018, #913, #3122, #3240, #2937, #4161, #2601, #967, #2698, #1434, #31, #4128, #1219, #3940, #447, #2850, #4344, #2807, #3485, #2879, #1119, #1545, #591, #3365, #4707, #1441, #2731, #2419, #4218, #2565, #1415, #1304, #606, #840, #4315, #141, #1670, #94, #852, #4191, #3653, #19, #344, #1718, #252, #2155, #3210, #3228, #930, #2342, #4098, #655, #2243, #3630, #4033, #3163, #1616, #4557, #1846, #4252, #4333, #4496, #4732, #1698, #1955, #4420, #3788, #1396, #4895, #4499, #2098, #4616, #1798, #4293, #1237, #3341, #626, #4772, #1393, #891, #563, #960, #2787, #3786, #2848, #2847, #119, #774, #3070, #1565, #3877, #952, #3606, #4547, #2084, #221, #3118, #1176, #4071, #185, #1956, #2545, #3631, #1554, #4508, #3277, #670, #864, #346, #2885, #2971, #1923, #3443, #3056, #4869, #218 ) ) ;
#4725 = EDGE_CURVE ( 'NONE', #2718, #671, #2429, .T. ) ;
#4726 = AXIS2_PLACEMENT_3D ( 'NONE', #2173, #300, #2551 ) ;
#4727 = ORIENTED_EDGE ( 'NONE', *, *, #1159, .T. ) ;
#4728 = ORIENTED_EDGE ( 'NONE', *, *, #1458, .T. ) ;
#4729 = CARTESIAN_POINT ( 'NONE',  ( 2.015431251695973813, 11.01227139059988147, 8.499999999999998224 ) ) ;
#4730 = DIRECTION ( 'NONE',  ( 0.000000000000000000, 0.000000000000000000, 1.000000000000000000 ) ) ;
#4731 = CARTESIAN_POINT ( 'NONE',  ( -16.21496222574229051, -19.72129294843107417, 8.499999999999998224 ) ) ;
#4732 = ADVANCED_FACE ( 'NONE', ( #4676 ), #484, .F. ) ;
#4733 = CARTESIAN_POINT ( 'NONE',  ( -10.88296222574226668, 25.68270705156890443, -0.1000000000000002554 ) ) ;
#4734 = ORIENTED_EDGE ( 'NONE', *, *, #4249, .T. ) ;
#4735 = VERTEX_POINT ( 'NONE', #2003 ) ;
#4736 = DIRECTION ( 'NONE',  ( -1.000000000000000000, 0.000000000000000000, 0.000000000000000000 ) ) ;
#4737 = ORIENTED_EDGE ( 'NONE', *, *, #3187, .T. ) ;
#4738 = DIRECTION ( 'NONE',  ( -0.000000000000000000, -0.000000000000000000, 1.000000000000000000 ) ) ;
#4739 = CARTESIAN_POINT ( 'NONE',  ( 16.53503777425774146, -26.22129294843106706, -4.002000000000000668 ) ) ;
#4740 = EDGE_LOOP ( 'NONE', ( #2240, #3136, #549, #1526 ) ) ;
#4741 = ORIENTED_EDGE ( 'NONE', *, *, #2208, .T. ) ;
#4742 = EDGE_CURVE ( 'NONE', #2665, #82, #2501, .T. ) ;
#4743 = FACE_OUTER_BOUND ( 'NONE', #2006, .T. ) ;
#4744 = LINE ( 'NONE', #3140, #2533 ) ;
#4745 = EDGE_CURVE ( 'NONE', #782, #112, #2199, .T. ) ;
#4746 = DIRECTION ( 'NONE',  ( 0.000000000000000000, 0.000000000000000000, 1.000000000000000000 ) ) ;
#4747 = PLANE ( 'NONE',  #4943 ) ;
#4748 = DIRECTION ( 'NONE',  ( -0.000000000000000000, -0.000000000000000000, 1.000000000000000000 ) ) ;
#4749 = EDGE_LOOP ( 'NONE', ( #4243, #949, #379, #2032 ) ) ;
#4750 = VERTEX_POINT ( 'NONE', #3302 ) ;
#4751 = DIRECTION ( 'NONE',  ( 0.000000000000000000, 0.000000000000000000, 1.000000000000000000 ) ) ;
#4752 = LINE ( 'NONE', #456, #1903 ) ;
#4753 = CARTESIAN_POINT ( 'NONE',  ( 15.78503777425776100, 19.77870705156889031, 3.292323440001584611 ) ) ;
#4754 = DIRECTION ( 'NONE',  ( -0.000000000000000000, -0.000000000000000000, 1.000000000000000000 ) ) ;
#4755 = DIRECTION ( 'NONE',  ( -1.000000000000000000, 0.000000000000000000, 0.000000000000000000 ) ) ;
#4756 = VERTEX_POINT ( 'NONE', #3723 ) ;
#4757 = LINE ( 'NONE', #3640, #4762 ) ;
#4758 = VERTEX_POINT ( 'NONE', #4777 ) ;
#4759 = FACE_OUTER_BOUND ( 'NONE', #4136, .T. ) ;
#4760 = CIRCLE ( 'NONE', #3243, 1.074999999999999512 ) ;
#4761 = DIRECTION ( 'NONE',  ( -1.000000000000000000, 0.000000000000000000, -0.000000000000000000 ) ) ;
#4762 = VECTOR ( 'NONE', #2862, 1000.000000000000000 ) ;
#4763 = CIRCLE ( 'NONE', #4366, 1.378679656440354062 ) ;
#4764 = ORIENTED_EDGE ( 'NONE', *, *, #497, .F. ) ;
#4765 = ORIENTED_EDGE ( 'NONE', *, *, #4133, .F. ) ;
#4766 = ORIENTED_EDGE ( 'NONE', *, *, #4860, .T. ) ;
#4767 = LINE ( 'NONE', #625, #2878 ) ;
#4768 = LINE ( 'NONE', #953, #628 ) ;
#4769 = TOROIDAL_SURFACE ( 'NONE', #3792, 1.585786437626902634, 1.000000000000000000 ) ;
#4770 = EDGE_CURVE ( 'NONE', #719, #340, #4403, .T. ) ;
#4771 = CARTESIAN_POINT ( 'NONE',  ( 17.53503777425773080, 26.27870705156888320, 3.292323440001584611 ) ) ;
#4772 = ADVANCED_FACE ( 'NONE', ( #608 ), #4849, .F. ) ;
#4773 = LINE ( 'NONE', #3628, #1107 ) ;
#4774 = DIRECTION ( 'NONE',  ( 0.000000000000000000, 0.000000000000000000, -1.000000000000000000 ) ) ;
#4775 = VECTOR ( 'NONE', #3580, 1000.000000000000000 ) ;
#4776 = CARTESIAN_POINT ( 'NONE',  ( -16.21496222574229407, 19.77870705156889031, 8.499999999999998224 ) ) ;
#4777 = CARTESIAN_POINT ( 'NONE',  ( 16.03503777425773791, 30.02870705156891162, 3.292323440001584611 ) ) ;
#4778 = VECTOR ( 'NONE', #2882, 1000.000000000000000 ) ;
#4779 = PLANE ( 'NONE',  #2325 ) ;
#4780 = CARTESIAN_POINT ( 'NONE',  ( -16.96496222574226564, 18.77870705156889031, -4.002000000000000668 ) ) ;
#4781 = AXIS2_PLACEMENT_3D ( 'NONE', #2294, #1925, #3821 ) ;
#4782 = AXIS2_PLACEMENT_3D ( 'NONE', #3715, #2940, #674 ) ;
#4783 = DIRECTION ( 'NONE',  ( -1.734723475976807094E-16, 1.000000000000000000, 0.000000000000000000 ) ) ;
#4784 = ORIENTED_EDGE ( 'NONE', *, *, #2576, .T. ) ;
#4785 = DIRECTION ( 'NONE',  ( -1.000000000000000000, 0.000000000000000000, 0.000000000000000000 ) ) ;
#4786 = ORIENTED_EDGE ( 'NONE', *, *, #3730, .F. ) ;
#4787 = DIRECTION ( 'NONE',  ( -1.000000000000000000, 0.000000000000000000, 0.000000000000000000 ) ) ;
#4788 = DIRECTION ( 'NONE',  ( -0.000000000000000000, 0.000000000000000000, 1.000000000000000000 ) ) ;
#4789 = AXIS2_PLACEMENT_3D ( 'NONE', #3011, #4912, #3860 ) ;
#4790 = ORIENTED_EDGE ( 'NONE', *, *, #1002, .T. ) ;
#4791 = EDGE_CURVE ( 'NONE', #2530, #1459, #1824, .T. ) ;
#4792 = EDGE_LOOP ( 'NONE', ( #1562, #1311, #4341, #886 ) ) ;
#4793 = ORIENTED_EDGE ( 'NONE', *, *, #1593, .F. ) ;
#4794 = ORIENTED_EDGE ( 'NONE', *, *, #4362, .T. ) ;
#4795 = PLANE ( 'NONE',  #2955 ) ;
#4796 = AXIS2_PLACEMENT_3D ( 'NONE', #268, #3738, #4837 ) ;
#4797 = DIRECTION ( 'NONE',  ( 1.000000000000000000, 0.000000000000000000, 0.000000000000000000 ) ) ;
#4798 = DIRECTION ( 'NONE',  ( -1.000000000000000000, -2.703465157366452467E-16, 0.000000000000000000 ) ) ;
#4799 = CARTESIAN_POINT ( 'NONE',  ( 0.000000000000000000, -29.67839972961763451, 9.292893218813444989 ) ) ;
#4800 = CIRCLE ( 'NONE', #2649, 2.292893218813454315 ) ;
#4801 = DIRECTION ( 'NONE',  ( -0.000000000000000000, -0.000000000000000000, 1.000000000000000000 ) ) ;
#4802 = DIRECTION ( 'NONE',  ( -0.000000000000000000, -0.000000000000000000, 1.000000000000000000 ) ) ;
#4803 = CARTESIAN_POINT ( 'NONE',  ( -12.13839871150334027, -28.34997260487144288, 8.499999999999998224 ) ) ;
#4804 = FACE_OUTER_BOUND ( 'NONE', #4749, .T. ) ;
#4805 = EDGE_CURVE ( 'NONE', #4601, #3124, #2062, .T. ) ;
#4806 = VECTOR ( 'NONE', #3249, 1000.000000000000000 ) ;
#4807 = ORIENTED_EDGE ( 'NONE', *, *, #1249, .F. ) ;
#4808 = EDGE_LOOP ( 'NONE', ( #64, #1228, #3529, #2231 ) ) ;
#4809 = LINE ( 'NONE', #2132, #1799 ) ;
#4810 = EDGE_LOOP ( 'NONE', ( #946, #515 ) ) ;
#4811 = PLANE ( 'NONE',  #2473 ) ;
#4812 = CARTESIAN_POINT ( 'NONE',  ( -16.96496222574226209, -25.22129294843106706, 8.499999999999998224 ) ) ;
#4813 = ORIENTED_EDGE ( 'NONE', *, *, #4100, .T. ) ;
#4815 = EDGE_CURVE ( 'NONE', #2049, #1199, #2377, .T. ) ;
#4814 = ORIENTED_EDGE ( 'NONE', *, *, #1283, .T. ) ;
#4816 = LINE ( 'NONE', #651, #393 ) ;
#4817 = DIRECTION ( 'NONE',  ( -1.000000000000000000, -2.703465157366452467E-16, 0.000000000000000000 ) ) ;
#4818 = FACE_OUTER_BOUND ( 'NONE', #338, .T. ) ;
#4819 = DIRECTION ( 'NONE',  ( 0.000000000000000000, -0.000000000000000000, 1.000000000000000000 ) ) ;
#4820 = DIRECTION ( 'NONE',  ( -1.000000000000000000, 0.000000000000000000, 0.000000000000000000 ) ) ;
#4821 = DIRECTION ( 'NONE',  ( 2.409338161078898687E-16, -0.000000000000000000, -1.000000000000000000 ) ) ;
#4822 = LINE ( 'NONE', #1351, #2942 ) ;
#4823 = FACE_OUTER_BOUND ( 'NONE', #848, .T. ) ;
#4824 = EDGE_CURVE ( 'NONE', #4163, #4758, #3658, .T. ) ;
#4825 = CARTESIAN_POINT ( 'NONE',  ( 15.78503777425775390, -25.22129294843106706, 8.499999999999998224 ) ) ;
#4826 = EDGE_CURVE ( 'NONE', #671, #4503, #276, .T. ) ;
#4827 = ORIENTED_EDGE ( 'NONE', *, *, #2047, .T. ) ;
#4828 = LINE ( 'NONE', #2531, #3567 ) ;
#4829 = ORIENTED_EDGE ( 'NONE', *, *, #3405, .F. ) ;
#4830 = EDGE_CURVE ( 'NONE', #359, #3825, #3415, .T. ) ;
#4831 = DIRECTION ( 'NONE',  ( 1.000000000000000000, 0.000000000000000000, 0.000000000000000000 ) ) ;
#4832 = FACE_OUTER_BOUND ( 'NONE', #3670, .T. ) ;
#4833 = AXIS2_PLACEMENT_3D ( 'NONE', #2162, #669, #284 ) ;
#4834 = ORIENTED_EDGE ( 'NONE', *, *, #3972, .F. ) ;
#4835 = ORIENTED_EDGE ( 'NONE', *, *, #2981, .F. ) ;
#4836 = DIRECTION ( 'NONE',  ( -1.000000000000000000, 0.000000000000000000, 0.000000000000000000 ) ) ;
#4837 = DIRECTION ( 'NONE',  ( 0.000000000000000000, -0.000000000000000000, -1.000000000000000000 ) ) ;
#4838 = FACE_OUTER_BOUND ( 'NONE', #3876, .T. ) ;
#4839 = AXIS2_PLACEMENT_3D ( 'NONE', #4562, #4533, #2279 ) ;
#4840 = CIRCLE ( 'NONE', #1487, 2.999999999999999112 ) ;
#4841 = AXIS2_PLACEMENT_3D ( 'NONE', #4255, #4180, #3050 ) ;
#4842 = ORIENTED_EDGE ( 'NONE', *, *, #251, .T. ) ;
#4843 = AXIS2_PLACEMENT_3D ( 'NONE', #2041, #3601, #2423 ) ;
#4844 = DIRECTION ( 'NONE',  ( 0.000000000000000000, 0.000000000000000000, 1.000000000000000000 ) ) ;
#4845 = LINE ( 'NONE', #4498, #505 ) ;
#4846 = VECTOR ( 'NONE', #4320, 1000.000000000000114 ) ;
#4847 = EDGE_CURVE ( 'NONE', #3114, #509, #3352, .T. ) ;
#4848 = CARTESIAN_POINT ( 'NONE',  ( 16.03503777425773436, 28.40738670800926613, 8.499999999999998224 ) ) ;
#4849 = CYLINDRICAL_SURFACE ( 'NONE', #4949, 0.9500000000000029532 ) ;
#4850 = DIRECTION ( 'NONE',  ( -0.000000000000000000, -0.000000000000000000, -1.000000000000000000 ) ) ;
#4851 = EDGE_CURVE ( 'NONE', #4104, #3594, #2104, .T. ) ;
#4852 = ORIENTED_EDGE ( 'NONE', *, *, #3725, .T. ) ;
#4853 = AXIS2_PLACEMENT_3D ( 'NONE', #431, #2736, #3475 ) ;
#4854 = EDGE_LOOP ( 'NONE', ( #3870, #3932, #122, #1587 ) ) ;
#4855 = DIRECTION ( 'NONE',  ( 1.000000000000000000, 0.000000000000000000, 0.000000000000000000 ) ) ;
#4856 = VECTOR ( 'NONE', #2475, 1000.000000000000000 ) ;
#4857 = DIRECTION ( 'NONE',  ( 1.000000000000000000, 0.000000000000000000, 0.000000000000000000 ) ) ;
#4858 = EDGE_CURVE ( 'NONE', #2183, #3147, #4822, .T. ) ;
#4859 = VECTOR ( 'NONE', #4490, 1000.000000000000000 ) ;
#4860 = EDGE_CURVE ( 'NONE', #3963, #4609, #786, .T. ) ;
#4861 = AXIS2_PLACEMENT_3D ( 'NONE', #1472, #2902, #329 ) ;
#4862 = ORIENTED_EDGE ( 'NONE', *, *, #3014, .F. ) ;
#4863 = CARTESIAN_POINT ( 'NONE',  ( -16.96496222574226564, 26.27870705156888320, 3.292323440001584611 ) ) ;
#4864 = EDGE_LOOP ( 'NONE', ( #2987, #63 ) ) ;
#4865 = CARTESIAN_POINT ( 'NONE',  ( 4.793649565339142882, 12.66714344531767900, -4.001000000000001222 ) ) ;
#4866 = AXIS2_PLACEMENT_3D ( 'NONE', #1407, #1737, #3710 ) ;
#4867 = CARTESIAN_POINT ( 'NONE',  ( -18.05074866336916983, -2.087537164353565677E-15, 8.999999999999998224 ) ) ;
#4868 = PLANE ( 'NONE',  #4129 ) ;
#4869 = ADVANCED_FACE ( 'NONE', ( #1398 ), #1376, .T. ) ;
#4870 = EDGE_LOOP ( 'NONE', ( #352, #2466, #995, #2984 ) ) ;
#4871 = AXIS2_PLACEMENT_3D ( 'NONE', #4867, #1391, #4418 ) ;
#4872 = DIRECTION ( 'NONE',  ( -0.000000000000000000, -0.000000000000000000, 1.000000000000000000 ) ) ;
#4873 = CARTESIAN_POINT ( 'NONE',  ( -11.83179519312907679, -28.47129294843108482, 1.699999999999999289 ) ) ;
#4874 = AXIS2_PLACEMENT_3D ( 'NONE', #2291, #3466, #3769 ) ;
#4875 = DIRECTION ( 'NONE',  ( -0.000000000000000000, -0.000000000000000000, 1.000000000000000000 ) ) ;
#4876 = EDGE_CURVE ( 'NONE', #865, #621, #4450, .T. ) ;
#4877 = DIRECTION ( 'NONE',  ( 0.000000000000000000, -0.7071067811865451302, 0.7071067811865500152 ) ) ;
#4878 = DIRECTION ( 'NONE',  ( 1.000000000000000000, 0.000000000000000000, 0.000000000000000000 ) ) ;
#4879 = EDGE_CURVE ( 'NONE', #2985, #1429, #2554, .T. ) ;
#4880 = EDGE_CURVE ( 'NONE', #428, #2855, #3497, .T. ) ;
#4881 = ORIENTED_EDGE ( 'NONE', *, *, #4189, .T. ) ;
#4882 = ORIENTED_EDGE ( 'NONE', *, *, #3167, .F. ) ;
#4883 = LINE ( 'NONE', #1833, #2363 ) ;
#4884 =( BOUNDED_CURVE ( )  B_SPLINE_CURVE ( 3, ( #2680, #336, #4182, #357 ),
 .UNSPECIFIED., .F., .F. ) 
 B_SPLINE_CURVE_WITH_KNOTS ( ( 4, 4 ),
 ( 2.643885820847018842, 3.141592653589793116 ),
 .UNSPECIFIED. ) 
 CURVE ( )  GEOMETRIC_REPRESENTATION_ITEM ( )  RATIONAL_B_SPLINE_CURVE ( ( 1.000000000000000000, 0.9794636360570608824, 0.9794636360570608824, 1.000000000000000000 ) ) 
 REPRESENTATION_ITEM ( '' )  );
#4885 = FACE_OUTER_BOUND ( 'NONE', #3709, .T. ) ;
#4886 = AXIS2_PLACEMENT_3D ( 'NONE', #732, #2628, #4878 ) ;
#4887 = FACE_BOUND ( 'NONE', #4810, .T. ) ;
#4888 = EDGE_LOOP ( 'NONE', ( #3488, #4862, #2077, #3491 ) ) ;
#4889 = ORIENTED_EDGE ( 'NONE', *, *, #4524, .F. ) ;
#4890 = CARTESIAN_POINT ( 'NONE',  ( 17.53503777425773791, 3.041844167914499252E-15, 8.378679656440352730 ) ) ;
#4891 = ORIENTED_EDGE ( 'NONE', *, *, #884, .F. ) ;
#4892 = CARTESIAN_POINT ( 'NONE',  ( -7.882962225742265794, 25.68270705156890443, 1.699999999999999289 ) ) ;
#4893 = DIRECTION ( 'NONE',  ( 1.000000000000000000, 0.000000000000000000, 0.000000000000000000 ) ) ;
#4894 = DIRECTION ( 'NONE',  ( -0.000000000000000000, -0.000000000000000000, -1.000000000000000000 ) ) ;
#4895 = ADVANCED_FACE ( 'NONE', ( #2178 ), #2602, .F. ) ;
#4896 = EDGE_LOOP ( 'NONE', ( #2671, #4337, #1128, #4935 ) ) ;
#4897 = CARTESIAN_POINT ( 'NONE',  ( 10.45303777425773362, 25.68270705156890443, 8.499999999999998224 ) ) ;
#4898 = CARTESIAN_POINT ( 'NONE',  ( 16.03503777425773791, -27.91063277665126208, 8.939339828220180806 ) ) ;
#4899 = FACE_OUTER_BOUND ( 'NONE', #903, .T. ) ;
#4900 = DIRECTION ( 'NONE',  ( 0.000000000000000000, 0.000000000000000000, 1.000000000000000000 ) ) ;
#4901 = CARTESIAN_POINT ( 'NONE',  ( 13.45303777425773539, -25.62529294843109540, 1.699999999999999289 ) ) ;
#4902 = ORIENTED_EDGE ( 'NONE', *, *, #1935, .F. ) ;
#4903 = VERTEX_POINT ( 'NONE', #3448 ) ;
#4904 = DIRECTION ( 'NONE',  ( 0.000000000000000000, -1.000000000000000000, 0.000000000000000000 ) ) ;
#4905 = CARTESIAN_POINT ( 'NONE',  ( -17.96496222574226564, 26.27870705156888320, -4.000000000000000000 ) ) ;
#4906 = DIRECTION ( 'NONE',  ( -0.000000000000000000, -0.000000000000000000, -1.000000000000000000 ) ) ;
#4907 = EDGE_LOOP ( 'NONE', ( #3782, #3026 ) ) ;
#4908 = EDGE_CURVE ( 'NONE', #1761, #3204, #471, .T. ) ;
#4909 = ORIENTED_EDGE ( 'NONE', *, *, #713, .F. ) ;
#4910 = CARTESIAN_POINT ( 'NONE',  ( -16.46496222574226920, 27.02870705156890097, 9.707106781186542577 ) ) ;
#4911 = EDGE_LOOP ( 'NONE', ( #2863, #150, #2281, #4186 ) ) ;
#4912 = DIRECTION ( 'NONE',  ( 0.000000000000000000, 0.000000000000000000, 1.000000000000000000 ) ) ;
#4913 = CARTESIAN_POINT ( 'NONE',  ( 17.41371743069808531, 19.25611888778355762, 8.499999999999998224 ) ) ;
#4914 = LINE ( 'NONE', #1942, #3165 ) ;
#4915 = AXIS2_PLACEMENT_3D ( 'NONE', #1732, #4408, #4783 ) ;
#4916 = ORIENTED_EDGE ( 'NONE', *, *, #4851, .F. ) ;
#4917 = FACE_BOUND ( 'NONE', #3215, .T. ) ;
#4918 = FACE_OUTER_BOUND ( 'NONE', #2117, .T. ) ;
#4919 = VECTOR ( 'NONE', #1659, 1000.000000000000000 ) ;
#4920 = VECTOR ( 'NONE', #3729, 1000.000000000000000 ) ;
#4921 = EDGE_CURVE ( 'NONE', #3147, #2339, #1341, .T. ) ;
#4922 = ADVANCED_FACE ( 'NONE', ( #1926 ), #4125, .T. ) ;
#4923 = VECTOR ( 'NONE', #3803, 1000.000000000000000 ) ;
#4924 = FACE_OUTER_BOUND ( 'NONE', #4239, .T. ) ;
#4925 = APPLICATION_PROTOCOL_DEFINITION ( 'draft international standard', 'automotive_design', 1998, #2666 ) ;
#4926 = CARTESIAN_POINT ( 'NONE',  ( 14.18503777425773293, -22.47129294843107417, 9.999999999999998224 ) ) ;
#4927 = AXIS2_PLACEMENT_3D ( 'NONE', #3938, #1615, #552 ) ;
#4928 = ORIENTED_EDGE ( 'NONE', *, *, #3145, .T. ) ;
#4929 = VERTEX_POINT ( 'NONE', #4152 ) ;
#4930 = DIRECTION ( 'NONE',  ( -0.000000000000000000, -0.000000000000000000, -1.000000000000000000 ) ) ;
#4931 = DIRECTION ( 'NONE',  ( 1.000000000000000000, 0.000000000000000000, 0.000000000000000000 ) ) ;
#4932 = FACE_OUTER_BOUND ( 'NONE', #2338, .T. ) ;
#4933 = VECTOR ( 'NONE', #4802, 1000.000000000000000 ) ;
#4934 = ORIENTED_EDGE ( 'NONE', *, *, #3576, .F. ) ;
#4935 = ORIENTED_EDGE ( 'NONE', *, *, #3229, .T. ) ;
#4936 = CARTESIAN_POINT ( 'NONE',  ( 18.03503777425774146, -26.97129294843108482, 8.585786437626897083 ) ) ;
#4937 = VERTEX_POINT ( 'NONE', #24 ) ;
#4938 = FACE_OUTER_BOUND ( 'NONE', #4387, .T. ) ;
#4939 = CARTESIAN_POINT ( 'NONE',  ( -11.83179519312905370, 28.52870705156890097, 8.378679656440354506 ) ) ;
#4940 = DIRECTION ( 'NONE',  ( -1.000000000000000000, 0.000000000000000000, 0.000000000000000000 ) ) ;
#4941 = VECTOR ( 'NONE', #4113, 1000.000000000000000 ) ;
#4942 = EDGE_CURVE ( 'NONE', #1961, #3479, #1979, .T. ) ;
#4943 = AXIS2_PLACEMENT_3D ( 'NONE', #2100, #2074, #1996 ) ;
#4944 = CIRCLE ( 'NONE', #2797, 1.585786437626902190 ) ;
#4945 = VERTEX_POINT ( 'NONE', #4501 ) ;
#4946 = LINE ( 'NONE', #1519, #729 ) ;
#4947 = EDGE_CURVE ( 'NONE', #2564, #3902, #3068, .T. ) ;
#4948 = FACE_OUTER_BOUND ( 'NONE', #4627, .T. ) ;
#4949 = AXIS2_PLACEMENT_3D ( 'NONE', #3703, #2903, #4379 ) ;
#4950 = LINE ( 'NONE', #3845, #3418 ) ;
#4951 = DIRECTION ( 'NONE',  ( 1.000000000000000000, -3.469446951953611033E-15, 0.000000000000000000 ) ) ;
ENDSEC;
END-ISO-10303-21;
