Removed Member From Class: ClassName=uproc_main Member=D?
Change Component Designator: OldDesignator=U? NewDesignator=U2
Change component parameters: Designator = "U?" ("U2"); Footprint = "44ML_M"; UniqueID = "\EXFHLFVK" ("\EXFHLFVK")
Change component parameters (AddParameter): Name = "Case/Package"; Value = "TQFP"; VariantName = "[No Variations]"
Change component parameters (AddParameter): Name = "Clock Frequency"; Value = "16MHz"; VariantName = "[No Variations]"
Change component parameters (AddParameter): Name = "ComponentLink1Description"; Value = "Manufacturer URL"; VariantName = "[No Variations]"
Change component parameters (AddParameter): Name = "ComponentLink1URL"; Value = "http://www.atmel.com/"; VariantName = "[No Variations]"
Change component parameters (AddParameter): Name = "ComponentLink2Description"; Value = "ATmega16U4/32U4 Datasheet"; VariantName = "[No Variations]"
Change component parameters (AddParameter): Name = "ComponentLink2URL"; Value = "http://www.atmel.com/dyn/resources/prod_documents/doc7766.pdf"; VariantName = "[No Variations]"
Change component parameters (AddParameter): Name = "ComponentLink3Description"; Value = "ATmega16U4 ATmega32U4 Summary"; VariantName = "[No Variations]"
Change component parameters (AddParameter): Name = "ComponentLink3URL"; Value = "http://www.atmel.com/dyn/resources/prod_documents/7766S.pdf"; VariantName = "[No Variations]"
Change component parameters (AddParameter): Name = "ComponentLink4Description"; Value = "https://datasheet.ciiva.com:443/pdfs/VipMasterIC/IC/ATML/ATML-S-A0001723807/ATML-S-A0001723807-1.pdf?src-supplier=IHS+Markit"; VariantName = "[No Variations]"
Change component parameters (AddParameter): Name = "ComponentLink4URL"; Value = "https://datasheet.ciiva.com:443/pdfs/VipMasterIC/IC/ATML/ATML-S-A0001723807/ATML-S-A0001723807-1.pdf?src-supplier=IHS+Markit"; VariantName = "[No Variations]"
Change component parameters (AddParameter): Name = "ComponentLink5Description"; Value = "https://datasheet.ciiva.com/22651/1684411-22651233.pdf?src-supplier=Farnell"; VariantName = "[No Variations]"
Change component parameters (AddParameter): Name = "ComponentLink5URL"; Value = "https://datasheet.ciiva.com/22651/1684411-22651233.pdf?src-supplier=Farnell"; VariantName = "[No Variations]"
Change component parameters (AddParameter): Name = "ComponentLink6Description"; Value = "https://datasheet.ciiva.com/15122/getdatasheetpartid-116246-15122378.pdf?src-supplier=Verical"; VariantName = "[No Variations]"
Change component parameters (AddParameter): Name = "ComponentLink6URL"; Value = "https://datasheet.ciiva.com/15122/getdatasheetpartid-116246-15122378.pdf?src-supplier=Verical"; VariantName = "[No Variations]"
Change component parameters (AddParameter): Name = "ComponentLink7Description"; Value = "https://datasheet.ciiva.com/1157/1684411-1157762.pdf?src-supplier=Element14"; VariantName = "[No Variations]"
Change component parameters (AddParameter): Name = "ComponentLink7URL"; Value = "https://datasheet.ciiva.com/1157/1684411-1157762.pdf?src-supplier=Element14"; VariantName = "[No Variations]"
Change component parameters (AddParameter): Name = "DatasheetVersion"; Value = "revF, Nov-2010"; VariantName = "[No Variations]"
Change component parameters (AddParameter): Name = "Height - Seated (Max)"; Value = "1.2mm"; VariantName = "[No Variations]"
Change component parameters (AddParameter): Name = "Interface"; Value = "SPI,USB,USART"; VariantName = "[No Variations]"
Change component parameters (AddParameter): Name = "JESD-30 Code"; Value = "S-PQFP-G44"; VariantName = "[No Variations]"
Change component parameters (AddParameter): Name = "Length"; Value = "10mm"; VariantName = "[No Variations]"
Change component parameters (AddParameter): Name = "Manufacturer"; Value = "Microchip"; VariantName = "[No Variations]"
Change component parameters (AddParameter): Name = "Manufacturer Part Number"; Value = "ATMEGA32U4-AU"; VariantName = "[No Variations]"
Change component parameters (AddParameter): Name = "Max Operating Temperature"; Value = "85°C"; VariantName = "[No Variations]"
Change component parameters (AddParameter): Name = "Max Supply Current"; Value = "15mA"; VariantName = "[No Variations]"
Change component parameters (AddParameter): Name = "Max Supply Voltage"; Value = "5.5V"; VariantName = "[No Variations]"
Change component parameters (AddParameter): Name = "Min Operating Temperature"; Value = "-40°C"; VariantName = "[No Variations]"
Change component parameters (AddParameter): Name = "Min Supply Voltage"; Value = "4.5V"; VariantName = "[No Variations]"
Change component parameters (AddParameter): Name = "MPN"; Value = "ATmega32U4-AU"; VariantName = "[No Variations]"
Change component parameters (AddParameter): Name = "Nominal Supply Voltage"; Value = "5V"; VariantName = "[No Variations]"
Change component parameters (AddParameter): Name = "Number of I/O Lines"; Value = "26"; VariantName = "[No Variations]"
Change component parameters (AddParameter): Name = "Package Body Material"; Value = "Plastic"; VariantName = "[No Variations]"
Change component parameters (AddParameter): Name = "Package Equivalence Code"; Value = "TQFP44,.47SQ,32"; VariantName = "[No Variations]"
Change component parameters (AddParameter): Name = "Package Shape"; Value = "Square"; VariantName = "[No Variations]"
Change component parameters (AddParameter): Name = "PackageDescription"; Value = "44-Pin Plastic Thin Quad Flat Pack, 10 x 10 x 1.0 mm Body, 0.8 mm Pitch (TQFP)"; VariantName = "[No Variations]"
Change component parameters (AddParameter): Name = "PackageReference"; Value = "44ML"; VariantName = "[No Variations]"
Change component parameters (AddParameter): Name = "PackageVersion"; Value = "rev.G, Jul-2007"; VariantName = "[No Variations]"
Change component parameters (AddParameter): Name = "Peripherals"; Value = "POR,PWM,WDT"; VariantName = "[No Variations]"
Change component parameters (AddParameter): Name = "Pins"; Value = "44"; VariantName = "[No Variations]"
Change component parameters (AddParameter): Name = "Power Supplies"; Value = "3/5"; VariantName = "[No Variations]"
Change component parameters (AddParameter): Name = "Pricing"; Value = "1=5.29, 25=4.84, 100=4.39 (USD)"; VariantName = "[No Variations]"
Change component parameters (AddParameter): Name = "Qualification Status"; Value = "Not Qualified"; VariantName = "[No Variations]"
Change component parameters (AddParameter): Name = "Reach SVHC Compliant"; Value = "Yes"; VariantName = "[No Variations]"
Change component parameters (AddParameter): Name = "RevisionNote"; Value = "DatasheetVersion updated. URLs added."; VariantName = "[No Variations]"
Change component parameters (AddParameter): Name = "RoHS"; Value = "Yes"; VariantName = "[No Variations]"
Change component parameters (AddParameter): Name = "RoHS Compliant"; Value = "Yes"; VariantName = "[No Variations]"
Change component parameters (AddParameter): Name = "Stock"; Value = "9921"; VariantName = "[No Variations]"
Change component parameters (AddParameter): Name = "Supplier"; Value = "Digikey"; VariantName = "[No Variations]"
Change component parameters (AddParameter): Name = "Supplier Part Number"; Value = "ATMEGA32U4-AU-ND"; VariantName = "[No Variations]"
Change component parameters (AddParameter): Name = "Surface Mount"; Value = "Yes"; VariantName = "[No Variations]"
Change component parameters (AddParameter): Name = "Technology"; Value = "CMOS"; VariantName = "[No Variations]"
Change component parameters (AddParameter): Name = "Temperature Grade"; Value = "INDUSTRIAL"; VariantName = "[No Variations]"
Change component parameters (AddParameter): Name = "Terminal Form"; Value = "Gull Wing"; VariantName = "[No Variations]"
Change component parameters (AddParameter): Name = "Terminal Pitch"; Value = "0.8mm"; VariantName = "[No Variations]"
Change component parameters (AddParameter): Name = "Terminal Position"; Value = "QUAD"; VariantName = "[No Variations]"
Change component parameters (AddParameter): Name = "Width"; Value = "10mm"; VariantName = "[No Variations]"
Added Component: Designator=C1(CAPC1608X09L)
Add component (AddParameter): Name = "Capacitance"; Value = "10uF"; VariantName = "[No Variations]"
Add component (AddParameter): Name = "Manufacturer Part Number"; Value = ""; VariantName = "[No Variations]"
Add component (AddParameter): Name = "Operating Temperature"; Value = ""; VariantName = "[No Variations]"
Add component (AddParameter): Name = "Ratings"; Value = ""; VariantName = "[No Variations]"
Add component (AddParameter): Name = "Temperature Coefficient"; Value = ""; VariantName = "[No Variations]"
Add component (AddParameter): Name = "Tolerance"; Value = ""; VariantName = "[No Variations]"
Add component (AddParameter): Name = "Voltage (Rated)"; Value = ""; VariantName = "[No Variations]"
Added Component: Designator=C2(CAPC1608X09L)
Add component (AddParameter): Name = "Capacitance"; Value = "10uF"; VariantName = "[No Variations]"
Add component (AddParameter): Name = "Manufacturer Part Number"; Value = ""; VariantName = "[No Variations]"
Add component (AddParameter): Name = "Operating Temperature"; Value = ""; VariantName = "[No Variations]"
Add component (AddParameter): Name = "Ratings"; Value = ""; VariantName = "[No Variations]"
Add component (AddParameter): Name = "Temperature Coefficient"; Value = ""; VariantName = "[No Variations]"
Add component (AddParameter): Name = "Tolerance"; Value = ""; VariantName = "[No Variations]"
Add component (AddParameter): Name = "Voltage (Rated)"; Value = ""; VariantName = "[No Variations]"
Added Component: Designator=C3(CAPC1608X09L)
Add component (AddParameter): Name = "Capacitance"; Value = "1uF"; VariantName = "[No Variations]"
Add component (AddParameter): Name = "Manufacturer Part Number"; Value = ""; VariantName = "[No Variations]"
Add component (AddParameter): Name = "Operating Temperature"; Value = ""; VariantName = "[No Variations]"
Add component (AddParameter): Name = "Ratings"; Value = ""; VariantName = "[No Variations]"
Add component (AddParameter): Name = "Temperature Coefficient"; Value = ""; VariantName = "[No Variations]"
Add component (AddParameter): Name = "Tolerance"; Value = ""; VariantName = "[No Variations]"
Add component (AddParameter): Name = "Voltage (Rated)"; Value = ""; VariantName = "[No Variations]"
Added Component: Designator=C4(CAPC1608X09L)
Add component (AddParameter): Name = "Capacitance"; Value = "0.1uF"; VariantName = "[No Variations]"
Add component (AddParameter): Name = "Manufacturer Part Number"; Value = ""; VariantName = "[No Variations]"
Add component (AddParameter): Name = "Operating Temperature"; Value = ""; VariantName = "[No Variations]"
Add component (AddParameter): Name = "Ratings"; Value = ""; VariantName = "[No Variations]"
Add component (AddParameter): Name = "Temperature Coefficient"; Value = ""; VariantName = "[No Variations]"
Add component (AddParameter): Name = "Tolerance"; Value = ""; VariantName = "[No Variations]"
Add component (AddParameter): Name = "Voltage (Rated)"; Value = ""; VariantName = "[No Variations]"
Added Component: Designator=C5(CAPC1608X09L)
Add component (AddParameter): Name = "Capacitance"; Value = "0.1uF"; VariantName = "[No Variations]"
Add component (AddParameter): Name = "Manufacturer Part Number"; Value = ""; VariantName = "[No Variations]"
Add component (AddParameter): Name = "Operating Temperature"; Value = ""; VariantName = "[No Variations]"
Add component (AddParameter): Name = "Ratings"; Value = ""; VariantName = "[No Variations]"
Add component (AddParameter): Name = "Temperature Coefficient"; Value = ""; VariantName = "[No Variations]"
Add component (AddParameter): Name = "Tolerance"; Value = ""; VariantName = "[No Variations]"
Add component (AddParameter): Name = "Voltage (Rated)"; Value = ""; VariantName = "[No Variations]"
Added Component: Designator=C6(CAPC1608X09L)
Add component (AddParameter): Name = "Capacitance"; Value = "1uF"; VariantName = "[No Variations]"
Add component (AddParameter): Name = "Manufacturer Part Number"; Value = ""; VariantName = "[No Variations]"
Add component (AddParameter): Name = "Operating Temperature"; Value = ""; VariantName = "[No Variations]"
Add component (AddParameter): Name = "Ratings"; Value = ""; VariantName = "[No Variations]"
Add component (AddParameter): Name = "Temperature Coefficient"; Value = ""; VariantName = "[No Variations]"
Add component (AddParameter): Name = "Tolerance"; Value = ""; VariantName = "[No Variations]"
Add component (AddParameter): Name = "Voltage (Rated)"; Value = ""; VariantName = "[No Variations]"
Added Component: Designator=C7(CAPC1608X09L)
Add component (AddParameter): Name = "Capacitance"; Value = "1uF"; VariantName = "[No Variations]"
Add component (AddParameter): Name = "Manufacturer Part Number"; Value = ""; VariantName = "[No Variations]"
Add component (AddParameter): Name = "Operating Temperature"; Value = ""; VariantName = "[No Variations]"
Add component (AddParameter): Name = "Ratings"; Value = ""; VariantName = "[No Variations]"
Add component (AddParameter): Name = "Temperature Coefficient"; Value = ""; VariantName = "[No Variations]"
Add component (AddParameter): Name = "Tolerance"; Value = ""; VariantName = "[No Variations]"
Add component (AddParameter): Name = "Voltage (Rated)"; Value = ""; VariantName = "[No Variations]"
Added Component: Designator=C8(CAPC1608X09L)
Add component (AddParameter): Name = "Capacitance"; Value = "22pF"; VariantName = "[No Variations]"
Add component (AddParameter): Name = "Manufacturer Part Number"; Value = ""; VariantName = "[No Variations]"
Add component (AddParameter): Name = "Operating Temperature"; Value = ""; VariantName = "[No Variations]"
Add component (AddParameter): Name = "Ratings"; Value = ""; VariantName = "[No Variations]"
Add component (AddParameter): Name = "Temperature Coefficient"; Value = ""; VariantName = "[No Variations]"
Add component (AddParameter): Name = "Tolerance"; Value = ""; VariantName = "[No Variations]"
Add component (AddParameter): Name = "Voltage (Rated)"; Value = ""; VariantName = "[No Variations]"
Added Component: Designator=C9(CAPC1608X09L)
Add component (AddParameter): Name = "Capacitance"; Value = "22pF"; VariantName = "[No Variations]"
Add component (AddParameter): Name = "Manufacturer Part Number"; Value = ""; VariantName = "[No Variations]"
Add component (AddParameter): Name = "Operating Temperature"; Value = ""; VariantName = "[No Variations]"
Add component (AddParameter): Name = "Ratings"; Value = ""; VariantName = "[No Variations]"
Add component (AddParameter): Name = "Temperature Coefficient"; Value = ""; VariantName = "[No Variations]"
Add component (AddParameter): Name = "Tolerance"; Value = ""; VariantName = "[No Variations]"
Add component (AddParameter): Name = "Voltage (Rated)"; Value = ""; VariantName = "[No Variations]"
Added Component: Designator=D1(FP-LTST-C191KRKT-MFG)
Add component (AddParameter): Name = "Case Code (Imperial)"; Value = "0603"; VariantName = "[No Variations]"
Add component (AddParameter): Name = "Case Code (Metric)"; Value = "1608"; VariantName = "[No Variations]"
Add component (AddParameter): Name = "Case/Package"; Value = "0603"; VariantName = "[No Variations]"
Add component (AddParameter): Name = "Category"; Value = "LEDs"; VariantName = "[No Variations]"
Add component (AddParameter): Name = "Channels"; Value = "1"; VariantName = "[No Variations]"
Add component (AddParameter): Name = "Color"; Value = "Red"; VariantName = "[No Variations]"
Add component (AddParameter): Name = "Color@wavelength"; Value = "Red"; VariantName = "[No Variations]"
Add component (AddParameter): Name = "ComponentLink1Description"; Value = "https://datasheet.ciiva.com:443/pdfs/VipMasterIC/IC/LITE/LITE-S-A0003156012/LITE-S-A0003156012-1.pdf?src-supplier=IHS+Markit"; VariantName = "[No Variations]"
Add component (AddParameter): Name = "ComponentLink1URL"; Value = "https://datasheet.ciiva.com:443/pdfs/VipMasterIC/IC/LITE/LITE-S-A0003156012/LITE-S-A0003156012-1.pdf?src-supplier=IHS+Markit"; VariantName = "[No Variations]"
Add component (AddParameter): Name = "ComponentLink2Description"; Value = "https://datasheet.ciiva.com/16212/ltst-c191krkt-16212419.pdf?src-supplier=Future+Electronics"; VariantName = "[No Variations]"
Add component (AddParameter): Name = "ComponentLink2URL"; Value = "https://datasheet.ciiva.com/16212/ltst-c191krkt-16212419.pdf?src-supplier=Future+Electronics"; VariantName = "[No Variations]"
Add component (AddParameter): Name = "ComponentLink3Description"; Value = "https://datasheet.ciiva.com/12400/lite-on-ltst-c191krkt-190135-12400910.pdf?src-supplier=Mouser"; VariantName = "[No Variations]"
Add component (AddParameter): Name = "ComponentLink3URL"; Value = "https://datasheet.ciiva.com/12400/lite-on-ltst-c191krkt-190135-12400910.pdf?src-supplier=Mouser"; VariantName = "[No Variations]"
Add component (AddParameter): Name = "ComponentLink4Description"; Value = "https://datasheet.ciiva.com/11773/0900766b80dc02b2-11773601.pdf?src-supplier=Rs"; VariantName = "[No Variations]"
Add component (AddParameter): Name = "ComponentLink4URL"; Value = "https://datasheet.ciiva.com/11773/0900766b80dc02b2-11773601.pdf?src-supplier=Rs"; VariantName = "[No Variations]"
Add component (AddParameter): Name = "ComponentLink5Description"; Value = "https://datasheet.ciiva.com/15117/getdatasheetpartid-141922-15117737.pdf?src-supplier=Verical"; VariantName = "[No Variations]"
Add component (AddParameter): Name = "ComponentLink5URL"; Value = "https://datasheet.ciiva.com/15117/getdatasheetpartid-141922-15117737.pdf?src-supplier=Verical"; VariantName = "[No Variations]"
Add component (AddParameter): Name = "ComponentLink6Description"; Value = "https://datasheet.ciiva.com/2109/s-110-ltst-c191krkt-2109970.pdf?src-supplier=Digikey"; VariantName = "[No Variations]"
Add component (AddParameter): Name = "ComponentLink6URL"; Value = "https://datasheet.ciiva.com/2109/s-110-ltst-c191krkt-2109970.pdf?src-supplier=Digikey"; VariantName = "[No Variations]"
Add component (AddParameter): Name = "ComponentLink7Description"; Value = "https://datasheet.ciiva.com/2109/s-110-ltst-c191krkt-2109971.pdf?src-supplier=Digikey"; VariantName = "[No Variations]"
Add component (AddParameter): Name = "ComponentLink7URL"; Value = "https://datasheet.ciiva.com/2109/s-110-ltst-c191krkt-2109971.pdf?src-supplier=Digikey"; VariantName = "[No Variations]"
Add component (AddParameter): Name = "ComponentLink8Description"; Value = "https://datasheet.ciiva.com/2109/s-110-ltst-c191krkt-2109972.pdf?src-supplier=Digikey"; VariantName = "[No Variations]"
Add component (AddParameter): Name = "ComponentLink8URL"; Value = "https://datasheet.ciiva.com/2109/s-110-ltst-c191krkt-2109972.pdf?src-supplier=Digikey"; VariantName = "[No Variations]"
Add component (AddParameter): Name = "Current"; Value = "2A"; VariantName = "[No Variations]"
Add component (AddParameter): Name = "Depth"; Value = "800µm"; VariantName = "[No Variations]"
Add component (AddParameter): Name = "Dominant Wavelength"; Value = "631nm"; VariantName = "[No Variations]"
Add component (AddParameter): Name = "Forward Current"; Value = "20mA"; VariantName = "[No Variations]"
Add component (AddParameter): Name = "Forward Voltage"; Value = "2V"; VariantName = "[No Variations]"
Add component (AddParameter): Name = "Height"; Value = "550µm"; VariantName = "[No Variations]"
Add component (AddParameter): Name = "Illumination Color"; Value = "Red"; VariantName = "[No Variations]"
Add component (AddParameter): Name = "JESD-609 Code"; Value = "e3"; VariantName = "[No Variations]"
Add component (AddParameter): Name = "Lead Free"; Value = "Lead Free"; VariantName = "[No Variations]"
Add component (AddParameter): Name = "Length"; Value = "1.6mm"; VariantName = "[No Variations]"
Add component (AddParameter): Name = "Lens Color"; Value = "Colorless"; VariantName = "[No Variations]"
Add component (AddParameter): Name = "Lens Style"; Value = "Clear"; VariantName = "[No Variations]"
Add component (AddParameter): Name = "Lens Transparency"; Value = "Clear"; VariantName = "[No Variations]"
Add component (AddParameter): Name = "Luminous Intensity"; Value = "54mcd"; VariantName = "[No Variations]"
Add component (AddParameter): Name = "Luminous Intensity-Nom"; Value = "54mcd"; VariantName = "[No Variations]"
Add component (AddParameter): Name = "Manufacturer"; Value = "Vishay Lite-On"; VariantName = "[No Variations]"
Add component (AddParameter): Name = "Manufacturer Part Number"; Value = "LTST-C191KRKT"; VariantName = "[No Variations]"
Add component (AddParameter): Name = "Max Operating Temperature"; Value = "85°C"; VariantName = "[No Variations]"
Add component (AddParameter): Name = "Min Operating Temperature"; Value = "-55°C"; VariantName = "[No Variations]"
Add component (AddParameter): Name = "Mount"; Value = "Surface Mount"; VariantName = "[No Variations]"
Add component (AddParameter): Name = "Mounting Technology"; Value = "Surface Mount"; VariantName = "[No Variations]"
Add component (AddParameter): Name = "NexarPartId"; Value = "549908"; VariantName = "[No Variations]"
Add component (AddParameter): Name = "Number of Elements"; Value = "1"; VariantName = "[No Variations]"
Add component (AddParameter): Name = "Number of LEDs"; Value = "1"; VariantName = "[No Variations]"
Add component (AddParameter): Name = "Number of Pins"; Value = "2"; VariantName = "[No Variations]"
Add component (AddParameter): Name = "Optoelectronic Device Type"; Value = "SINGLE COLOR LED"; VariantName = "[No Variations]"
Add component (AddParameter): Name = "Overall Height"; Value = "0.55mm"; VariantName = "[No Variations]"
Add component (AddParameter): Name = "Packaging"; Value = "Tape and Reel"; VariantName = "[No Variations]"
Add component (AddParameter): Name = "Pins"; Value = "2"; VariantName = "[No Variations]"
Add component (AddParameter): Name = "Power Dissipation"; Value = "75mW"; VariantName = "[No Variations]"
Add component (AddParameter): Name = "Power Rating"; Value = "75mW"; VariantName = "[No Variations]"
Add component (AddParameter): Name = "Pricing"; Value = "1=0.15, 10=0.1, 100=0.0687, 500=0.05446, 1000=0.0497, 2000=0.04563, 5000=0.04114, 10000=0.03833, 15000=0.03689, 25000=0.03525, 35000=0.03428, 50000=0.03333, 125000=0.03123, 250000=0.02992 (USD)"; VariantName = "[No Variations]"
Add component (AddParameter): Name = "Radiation Hardening"; Value = "No"; VariantName = "[No Variations]"
Add component (AddParameter): Name = "Reach SVHC Compliant"; Value = "Yes"; VariantName = "[No Variations]"
Add component (AddParameter): Name = "Reverse Voltage"; Value = "5V"; VariantName = "[No Variations]"
Add component (AddParameter): Name = "Reverse Voltage-Max"; Value = "5V"; VariantName = "[No Variations]"
Add component (AddParameter): Name = "RoHS"; Value = "Compliant"; VariantName = "[No Variations]"
Add component (AddParameter): Name = "RoHS Compliant"; Value = "Yes"; VariantName = "[No Variations]"
Add component (AddParameter): Name = "Schedule B"; Value = "8541402000, 8541402000"; VariantName = "[No Variations]"
Add component (AddParameter): Name = "Shape"; Value = "Rectangular"; VariantName = "[No Variations]"
Add component (AddParameter): Name = "Size"; Value = "1.1mm"; VariantName = "[No Variations]"
Add component (AddParameter): Name = "Stock"; Value = "867088"; VariantName = "[No Variations]"
Add component (AddParameter): Name = "Supplier"; Value = "Digikey"; VariantName = "[No Variations]"
Add component (AddParameter): Name = "Supplier Part Number"; Value = "160-1447-1-ND"; VariantName = "[No Variations]"
Add component (AddParameter): Name = "Terminal Finish"; Value = "Tin"; VariantName = "[No Variations]"
Add component (AddParameter): Name = "Terminal Pitch"; Value = "1.5mm"; VariantName = "[No Variations]"
Add component (AddParameter): Name = "Test Current"; Value = "20mA"; VariantName = "[No Variations]"
Add component (AddParameter): Name = "Viewing Angle"; Value = "130°"; VariantName = "[No Variations]"
Add component (AddParameter): Name = "Voltage"; Value = "2V"; VariantName = "[No Variations]"
Add component (AddParameter): Name = "Wavelength"; Value = "639nm"; VariantName = "[No Variations]"
Add component (AddParameter): Name = "Width"; Value = "800µm"; VariantName = "[No Variations]"
Added Component: Designator=D2(FP-SOD123-IPC_A)
Add component (AddParameter): Name = "Average Rectified Current"; Value = "1A"; VariantName = "[No Variations]"
Add component (AddParameter): Name = "Capacitance"; Value = "110pF"; VariantName = "[No Variations]"
Add component (AddParameter): Name = "Case/Package"; Value = "SOD-123-2"; VariantName = "[No Variations]"
Add component (AddParameter): Name = "Category"; Value = "Schottky Diodes"; VariantName = "[No Variations]"
Add component (AddParameter): Name = "ComponentLink1Description"; Value = "https://datasheet.ciiva.com:443/pdfs/VipMasterIC/IC/DIOD/DIOD-S-A0009689747/DIOD-S-A0009691035-1.pdf?src-supplier=IHS+Markit"; VariantName = "[No Variations]"
Add component (AddParameter): Name = "ComponentLink1URL"; Value = "https://datasheet.ciiva.com:443/pdfs/VipMasterIC/IC/DIOD/DIOD-S-A0009689747/DIOD-S-A0009691035-1.pdf?src-supplier=IHS+Markit"; VariantName = "[No Variations]"
Add component (AddParameter): Name = "Contact Plating"; Value = "Tin"; VariantName = "[No Variations]"
Add component (AddParameter): Name = "Current Rating"; Value = "1A"; VariantName = "[No Variations]"
Add component (AddParameter): Name = "Diode Element Material"; Value = "SILICON"; VariantName = "[No Variations]"
Add component (AddParameter): Name = "Diode Type"; Value = "RECTIFIER"; VariantName = "[No Variations]"
Add component (AddParameter): Name = "Element Configuration"; Value = "Single"; VariantName = "[No Variations]"
Add component (AddParameter): Name = "Forward Current"; Value = "1A"; VariantName = "[No Variations]"
Add component (AddParameter): Name = "Forward Voltage"; Value = "450mV"; VariantName = "[No Variations]"
Add component (AddParameter): Name = "Height"; Value = "1.25mm"; VariantName = "[No Variations]"
Add component (AddParameter): Name = "JESD-30 Code"; Value = "R-PDSO-G2"; VariantName = "[No Variations]"
Add component (AddParameter): Name = "JESD-609 Code"; Value = "e3"; VariantName = "[No Variations]"
Add component (AddParameter): Name = "Lead Free"; Value = "Lead Free"; VariantName = "[No Variations]"
Add component (AddParameter): Name = "Length"; Value = "2.85mm"; VariantName = "[No Variations]"
Add component (AddParameter): Name = "Manufacturer"; Value = "Diodes"; VariantName = "[No Variations]"
Add component (AddParameter): Name = "Manufacturer Part Number"; Value = "1N5819HW-7-F"; VariantName = "[No Variations]"
Add component (AddParameter): Name = "Max Forward Surge Current (Ifsm)"; Value = "25A"; VariantName = "[No Variations]"
Add component (AddParameter): Name = "Max Operating Temperature"; Value = "125°C"; VariantName = "[No Variations]"
Add component (AddParameter): Name = "Max Output current"; Value = "1A"; VariantName = "[No Variations]"
Add component (AddParameter): Name = "Max Power Dissipation"; Value = "450mW"; VariantName = "[No Variations]"
Add component (AddParameter): Name = "Max Repetitive Reverse Voltage (Vrrm)"; Value = "40V"; VariantName = "[No Variations]"
Add component (AddParameter): Name = "Max Reverse Voltage (DC)"; Value = "40V"; VariantName = "[No Variations]"
Add component (AddParameter): Name = "Min Operating Temperature"; Value = "-65°C"; VariantName = "[No Variations]"
Add component (AddParameter): Name = "Moisture Sensitivity Level"; Value = "1"; VariantName = "[No Variations]"
Add component (AddParameter): Name = "Non-rep Pk Forward Current-Max"; Value = "25A"; VariantName = "[No Variations]"
Add component (AddParameter): Name = "Number of Elements"; Value = "1"; VariantName = "[No Variations]"
Add component (AddParameter): Name = "Number of Pins"; Value = "2"; VariantName = "[No Variations]"
Add component (AddParameter): Name = "Output Current"; Value = "1A"; VariantName = "[No Variations]"
Add component (AddParameter): Name = "Package Body Material"; Value = "Plastic"; VariantName = "[No Variations]"
Add component (AddParameter): Name = "Package Quantity"; Value = "3000"; VariantName = "[No Variations]"
Add component (AddParameter): Name = "Package Shape"; Value = "Rectangular"; VariantName = "[No Variations]"
Add component (AddParameter): Name = "Package Style"; Value = "SMALL OUTLINEMeter"; VariantName = "[No Variations]"
Add component (AddParameter): Name = "Packaging"; Value = "Tape and Reel"; VariantName = "[No Variations]"
Add component (AddParameter): Name = "Peak Non-Repetitive Surge Current"; Value = "25A"; VariantName = "[No Variations]"
Add component (AddParameter): Name = "Peak Reflow Temperature (Cel)"; Value = "260°C"; VariantName = "[No Variations]"
Add component (AddParameter): Name = "Peak Reverse Current"; Value = "50uA"; VariantName = "[No Variations]"
Add component (AddParameter): Name = "Pins"; Value = "2"; VariantName = "[No Variations]"
Add component (AddParameter): Name = "Polarity"; Value = "Standard"; VariantName = "[No Variations]"
Add component (AddParameter): Name = "Pricing"; Value = "1=0.23, 10=0.143, 100=0.1103, 500=0.09626, 1000=0.08516, 3000=0.05656, 6000=0.0532, 9000=0.05304, 15000=0.03424 (USD)"; VariantName = "[No Variations]"
Add component (AddParameter): Name = "Qualification Status"; Value = "Not Qualified"; VariantName = "[No Variations]"
Add component (AddParameter): Name = "Radiation Hardening"; Value = "No"; VariantName = "[No Variations]"
Add component (AddParameter): Name = "REACH SVHC"; Value = "No SVHC"; VariantName = "[No Variations]"
Add component (AddParameter): Name = "Reach SVHC Compliant"; Value = "Yes"; VariantName = "[No Variations]"
Add component (AddParameter): Name = "Rep Pk Reverse Voltage-Max"; Value = "40V"; VariantName = "[No Variations]"
Add component (AddParameter): Name = "RoHS"; Value = "Yes"; VariantName = "[No Variations]"
Add component (AddParameter): Name = "RoHS Compliant"; Value = "Yes"; VariantName = "[No Variations]"
Add component (AddParameter): Name = "Stock"; Value = "233752"; VariantName = "[No Variations]"
Add component (AddParameter): Name = "Supplier"; Value = "Digikey"; VariantName = "[No Variations]"
Add component (AddParameter): Name = "Supplier Part Number"; Value = "1N5819HW-FDICT-ND"; VariantName = "[No Variations]"
Add component (AddParameter): Name = "Surface Mount"; Value = "Yes"; VariantName = "[No Variations]"
Add component (AddParameter): Name = "Technology"; Value = "SCHOTTKY"; VariantName = "[No Variations]"
Add component (AddParameter): Name = "Terminal Finish"; Value = "Tin"; VariantName = "[No Variations]"
Add component (AddParameter): Name = "Terminal Form"; Value = "Gull Wing"; VariantName = "[No Variations]"
Add component (AddParameter): Name = "Terminal Position"; Value = "DUAL"; VariantName = "[No Variations]"
Add component (AddParameter): Name = "Termination"; Value = "SMD/SMT"; VariantName = "[No Variations]"
Add component (AddParameter): Name = "Time @ Peak Reflow Temperature-Max (s)"; Value = "40s"; VariantName = "[No Variations]"
Add component (AddParameter): Name = "Voltage Rating (DC)"; Value = "40V"; VariantName = "[No Variations]"
Add component (AddParameter): Name = "Weight"; Value = "0.000353oz"; VariantName = "[No Variations]"
Add component (AddParameter): Name = "Width"; Value = "1.7mm"; VariantName = "[No Variations]"
Added Component: Designator=D3(FP-LTST-C191KGKT-MFG)
Add component (AddParameter): Name = "Case Code (Imperial)"; Value = "0603"; VariantName = "[No Variations]"
Add component (AddParameter): Name = "Case Code (Metric)"; Value = "1608"; VariantName = "[No Variations]"
Add component (AddParameter): Name = "Case/Package"; Value = "0603"; VariantName = "[No Variations]"
Add component (AddParameter): Name = "Channels"; Value = "1"; VariantName = "[No Variations]"
Add component (AddParameter): Name = "Color"; Value = "Green"; VariantName = "[No Variations]"
Add component (AddParameter): Name = "Color@wavelength"; Value = "Green"; VariantName = "[No Variations]"
Add component (AddParameter): Name = "ComponentLink1Description"; Value = "https://datasheet.ciiva.com:443/pdfs/VipMasterIC/IC/LITE/LITE-S-A0003156116/LITE-S-A0003156116-1.pdf?src-supplier=IHS+Markit"; VariantName = "[No Variations]"
Add component (AddParameter): Name = "ComponentLink1URL"; Value = "https://datasheet.ciiva.com:443/pdfs/VipMasterIC/IC/LITE/LITE-S-A0003156116/LITE-S-A0003156116-1.pdf?src-supplier=IHS+Markit"; VariantName = "[No Variations]"
Add component (AddParameter): Name = "ComponentLink2Description"; Value = "https://datasheet.ciiva.com/2109/ltst-c191kgkt-2109973.pdf?src-supplier=Digikey"; VariantName = "[No Variations]"
Add component (AddParameter): Name = "ComponentLink2URL"; Value = "https://datasheet.ciiva.com/2109/ltst-c191kgkt-2109973.pdf?src-supplier=Digikey"; VariantName = "[No Variations]"
Add component (AddParameter): Name = "Depth"; Value = "800µm"; VariantName = "[No Variations]"
Add component (AddParameter): Name = "Dominant Wavelength"; Value = "571nm"; VariantName = "[No Variations]"
Add component (AddParameter): Name = "Forward Current"; Value = "20mA"; VariantName = "[No Variations]"
Add component (AddParameter): Name = "Forward Voltage"; Value = "2V"; VariantName = "[No Variations]"
Add component (AddParameter): Name = "Height"; Value = "550µm"; VariantName = "[No Variations]"
Add component (AddParameter): Name = "Illumination Color"; Value = "Green"; VariantName = "[No Variations]"
Add component (AddParameter): Name = "JESD-609 Code"; Value = "e3"; VariantName = "[No Variations]"
Add component (AddParameter): Name = "Lead Free"; Value = "Lead Free"; VariantName = "[No Variations]"
Add component (AddParameter): Name = "Length"; Value = "1.6mm"; VariantName = "[No Variations]"
Add component (AddParameter): Name = "Lens Color"; Value = "Clear, Colorless"; VariantName = "[No Variations]"
Add component (AddParameter): Name = "Lens Style"; Value = "Clear"; VariantName = "[No Variations]"
Add component (AddParameter): Name = "Lens Transparency"; Value = "Clear"; VariantName = "[No Variations]"
Add component (AddParameter): Name = "Luminous Intensity"; Value = "35mcd"; VariantName = "[No Variations]"
Add component (AddParameter): Name = "Luminous Intensity-Nom"; Value = "35mcd"; VariantName = "[No Variations]"
Add component (AddParameter): Name = "Manufacturer"; Value = "Vishay Lite-On"; VariantName = "[No Variations]"
Add component (AddParameter): Name = "Manufacturer Part Number"; Value = "LTST-C191KGKT"; VariantName = "[No Variations]"
Add component (AddParameter): Name = "Max Operating Temperature"; Value = "85°C"; VariantName = "[No Variations]"
Add component (AddParameter): Name = "Min Operating Temperature"; Value = "-55°C"; VariantName = "[No Variations]"
Add component (AddParameter): Name = "Mount"; Value = "Surface Mount"; VariantName = "[No Variations]"
Add component (AddParameter): Name = "Mounting Technology"; Value = "Surface Mount"; VariantName = "[No Variations]"
Add component (AddParameter): Name = "NexarPartId"; Value = "549907"; VariantName = "[No Variations]"
Add component (AddParameter): Name = "Number of Elements"; Value = "1"; VariantName = "[No Variations]"
Add component (AddParameter): Name = "Number of LEDs"; Value = "1"; VariantName = "[No Variations]"
Add component (AddParameter): Name = "Number of Pins"; Value = "2"; VariantName = "[No Variations]"
Add component (AddParameter): Name = "Optoelectronic Device Type"; Value = "SINGLE COLOR LED"; VariantName = "[No Variations]"
Add component (AddParameter): Name = "Overall Height"; Value = "0.55mm"; VariantName = "[No Variations]"
Add component (AddParameter): Name = "Packaging"; Value = "Tape and Reel"; VariantName = "[No Variations]"
Add component (AddParameter): Name = "Pins"; Value = "2"; VariantName = "[No Variations]"
Add component (AddParameter): Name = "Power Dissipation"; Value = "75mW"; VariantName = "[No Variations]"
Add component (AddParameter): Name = "Power Rating"; Value = "75mW"; VariantName = "[No Variations]"
Add component (AddParameter): Name = "Pricing"; Value = "1=0.15, 10=0.1, 100=0.0688, 500=0.05448, 1000=0.04972, 2000=0.04564, 5000=0.04116, 10000=0.03835, 15000=0.0369, 25000=0.03527, 35000=0.03429, 50000=0.03334, 125000=0.03124, 250000=0.02993 (USD)"; VariantName = "[No Variations]"
Add component (AddParameter): Name = "Radiation Hardening"; Value = "No"; VariantName = "[No Variations]"
Add component (AddParameter): Name = "Reach SVHC Compliant"; Value = "Yes"; VariantName = "[No Variations]"
Add component (AddParameter): Name = "Reverse Voltage"; Value = "5V"; VariantName = "[No Variations]"
Add component (AddParameter): Name = "Reverse Voltage-Max"; Value = "5V"; VariantName = "[No Variations]"
Add component (AddParameter): Name = "RoHS"; Value = "Compliant"; VariantName = "[No Variations]"
Add component (AddParameter): Name = "RoHS Compliant"; Value = "Yes"; VariantName = "[No Variations]"
Add component (AddParameter): Name = "Schedule B"; Value = "8541402000, 8541402000"; VariantName = "[No Variations]"
Add component (AddParameter): Name = "Shape"; Value = "Rectangular"; VariantName = "[No Variations]"
Add component (AddParameter): Name = "Size"; Value = "1.1mm"; VariantName = "[No Variations]"
Add component (AddParameter): Name = "Stock"; Value = "1664852"; VariantName = "[No Variations]"
Add component (AddParameter): Name = "Supplier"; Value = "Digikey"; VariantName = "[No Variations]"
Add component (AddParameter): Name = "Supplier Part Number"; Value = "160-1446-1-ND"; VariantName = "[No Variations]"
Add component (AddParameter): Name = "Terminal Finish"; Value = "Tin"; VariantName = "[No Variations]"
Add component (AddParameter): Name = "Terminal Pitch"; Value = "1.5mm"; VariantName = "[No Variations]"
Add component (AddParameter): Name = "Test Current"; Value = "20mA"; VariantName = "[No Variations]"
Add component (AddParameter): Name = "Viewing Angle"; Value = "130°"; VariantName = "[No Variations]"
Add component (AddParameter): Name = "Wavelength"; Value = "574nm"; VariantName = "[No Variations]"
Add component (AddParameter): Name = "Width"; Value = "800µm"; VariantName = "[No Variations]"
Added Component: Designator=D4(FP-LTST-C191KSKT-MFG)
Add component (AddParameter): Name = "Case Code (Imperial)"; Value = "0603"; VariantName = "[No Variations]"
Add component (AddParameter): Name = "Case Code (Metric)"; Value = "1608"; VariantName = "[No Variations]"
Add component (AddParameter): Name = "Case/Package"; Value = "0603"; VariantName = "[No Variations]"
Add component (AddParameter): Name = "Category"; Value = "LEDs"; VariantName = "[No Variations]"
Add component (AddParameter): Name = "Channels"; Value = "1"; VariantName = "[No Variations]"
Add component (AddParameter): Name = "Color"; Value = "Yellow"; VariantName = "[No Variations]"
Add component (AddParameter): Name = "Color@wavelength"; Value = "Yellow"; VariantName = "[No Variations]"
Add component (AddParameter): Name = "ComponentLink1Description"; Value = "https://datasheet.ciiva.com:443/pdfs/VipMasterIC/IC/LITE/LITE-S-A0008870965/LITE-S-A0008870965-1.pdf?src-supplier=IHS+Markit"; VariantName = "[No Variations]"
Add component (AddParameter): Name = "ComponentLink1URL"; Value = "https://datasheet.ciiva.com:443/pdfs/VipMasterIC/IC/LITE/LITE-S-A0008870965/LITE-S-A0008870965-1.pdf?src-supplier=IHS+Markit"; VariantName = "[No Variations]"
Add component (AddParameter): Name = "ComponentLink2Description"; Value = "https://datasheet.ciiva.com/12400/lite-on-ltst-c191kskt-190097-12400797.pdf?src-supplier=Mouser"; VariantName = "[No Variations]"
Add component (AddParameter): Name = "ComponentLink2URL"; Value = "https://datasheet.ciiva.com/12400/lite-on-ltst-c191kskt-190097-12400797.pdf?src-supplier=Mouser"; VariantName = "[No Variations]"
Add component (AddParameter): Name = "ComponentLink3Description"; Value = "https://datasheet.ciiva.com/11773/0900766b80dc02b3-11773512.pdf?src-supplier=Rs"; VariantName = "[No Variations]"
Add component (AddParameter): Name = "ComponentLink3URL"; Value = "https://datasheet.ciiva.com/11773/0900766b80dc02b3-11773512.pdf?src-supplier=Rs"; VariantName = "[No Variations]"
Add component (AddParameter): Name = "ComponentLink4Description"; Value = "https://datasheet.ciiva.com/16213/lite-on20ltst-c191kskt-16213725.pdf?src-supplier=Future+Electronics"; VariantName = "[No Variations]"
Add component (AddParameter): Name = "ComponentLink4URL"; Value = "https://datasheet.ciiva.com/16213/lite-on20ltst-c191kskt-16213725.pdf?src-supplier=Future+Electronics"; VariantName = "[No Variations]"
Add component (AddParameter): Name = "ComponentLink5Description"; Value = "https://datasheet.ciiva.com/15117/getdatasheetpartid-141495-15117732.pdf?src-supplier=Verical"; VariantName = "[No Variations]"
Add component (AddParameter): Name = "ComponentLink5URL"; Value = "https://datasheet.ciiva.com/15117/getdatasheetpartid-141495-15117732.pdf?src-supplier=Verical"; VariantName = "[No Variations]"
Add component (AddParameter): Name = "ComponentLink6Description"; Value = "https://datasheet.ciiva.com/2109/s-110-ltst-c191kskt-2109984.pdf?src-supplier=Digikey"; VariantName = "[No Variations]"
Add component (AddParameter): Name = "ComponentLink6URL"; Value = "https://datasheet.ciiva.com/2109/s-110-ltst-c191kskt-2109984.pdf?src-supplier=Digikey"; VariantName = "[No Variations]"
Add component (AddParameter): Name = "Depth"; Value = "0.8mm"; VariantName = "[No Variations]"
Add component (AddParameter): Name = "Dominant Wavelength"; Value = "597nm"; VariantName = "[No Variations]"
Add component (AddParameter): Name = "Forward Current"; Value = "30mA"; VariantName = "[No Variations]"
Add component (AddParameter): Name = "Forward Voltage"; Value = "2.4V"; VariantName = "[No Variations]"
Add component (AddParameter): Name = "Height"; Value = "0.55mm"; VariantName = "[No Variations]"
Add component (AddParameter): Name = "Illumination Color"; Value = "Yellow"; VariantName = "[No Variations]"
Add component (AddParameter): Name = "JESD-609 Code"; Value = "e3"; VariantName = "[No Variations]"
Add component (AddParameter): Name = "Lead Free"; Value = "Lead Free"; VariantName = "[No Variations]"
Add component (AddParameter): Name = "Length"; Value = "1.6mm"; VariantName = "[No Variations]"
Add component (AddParameter): Name = "Lens Color"; Value = "Colorless"; VariantName = "[No Variations]"
Add component (AddParameter): Name = "Lens Style"; Value = "Diffused"; VariantName = "[No Variations]"
Add component (AddParameter): Name = "Lens Transparency"; Value = "Clear"; VariantName = "[No Variations]"
Add component (AddParameter): Name = "Luminous Intensity"; Value = "180mcd"; VariantName = "[No Variations]"
Add component (AddParameter): Name = "Luminous Intensity-Nom"; Value = "104mcd"; VariantName = "[No Variations]"
Add component (AddParameter): Name = "Manufacturer"; Value = "Vishay Lite-On"; VariantName = "[No Variations]"
Add component (AddParameter): Name = "Manufacturer Part Number"; Value = "LTST-C191KSKT"; VariantName = "[No Variations]"
Add component (AddParameter): Name = "Max Operating Temperature"; Value = "85°C"; VariantName = "[No Variations]"
Add component (AddParameter): Name = "Min Operating Temperature"; Value = "-55°C"; VariantName = "[No Variations]"
Add component (AddParameter): Name = "Mount"; Value = "Surface Mount"; VariantName = "[No Variations]"
Add component (AddParameter): Name = "Mounting Technology"; Value = "Surface Mount"; VariantName = "[No Variations]"
Add component (AddParameter): Name = "Number of Elements"; Value = "1"; VariantName = "[No Variations]"
Add component (AddParameter): Name = "Number of LEDs"; Value = "1"; VariantName = "[No Variations]"
Add component (AddParameter): Name = "Number of Pins"; Value = "2"; VariantName = "[No Variations]"
Add component (AddParameter): Name = "Optoelectronic Device Type"; Value = "SINGLE COLOR LED"; VariantName = "[No Variations]"
Add component (AddParameter): Name = "Overall Height"; Value = "0.55mm"; VariantName = "[No Variations]"
Add component (AddParameter): Name = "Package Quantity"; Value = "1"; VariantName = "[No Variations]"
Add component (AddParameter): Name = "Packaging"; Value = "Tape and Reel"; VariantName = "[No Variations]"
Add component (AddParameter): Name = "Pins"; Value = "2"; VariantName = "[No Variations]"
Add component (AddParameter): Name = "Power Dissipation"; Value = "75mW"; VariantName = "[No Variations]"
Add component (AddParameter): Name = "Power Rating"; Value = "75mW"; VariantName = "[No Variations]"
Add component (AddParameter): Name = "Pricing"; Value = "1=0.15, 10=0.105, 100=0.0723, 500=0.05736, 1000=0.05238, 2000=0.04813, 5000=0.04344, 10000=0.0405, 15000=0.03899, 25000=0.03728, 35000=0.03627, 50000=0.03527, 125000=0.03308, 250000=0.03171 (USD)"; VariantName = "[No Variations]"
Add component (AddParameter): Name = "Radiation Hardening"; Value = "No"; VariantName = "[No Variations]"
Add component (AddParameter): Name = "Reach SVHC Compliant"; Value = "Yes"; VariantName = "[No Variations]"
Add component (AddParameter): Name = "Reverse Voltage"; Value = "5V"; VariantName = "[No Variations]"
Add component (AddParameter): Name = "Reverse Voltage-Max"; Value = "5V"; VariantName = "[No Variations]"
Add component (AddParameter): Name = "RoHS"; Value = "Yes"; VariantName = "[No Variations]"
Add component (AddParameter): Name = "RoHS Compliant"; Value = "Yes"; VariantName = "[No Variations]"
Add component (AddParameter): Name = "Shape"; Value = "Rectangular"; VariantName = "[No Variations]"
Add component (AddParameter): Name = "Size"; Value = "1.1mm"; VariantName = "[No Variations]"
Add component (AddParameter): Name = "Stock"; Value = "620459"; VariantName = "[No Variations]"
Add component (AddParameter): Name = "Supplier"; Value = "Digikey"; VariantName = "[No Variations]"
Add component (AddParameter): Name = "Supplier Part Number"; Value = "160-1448-1-ND"; VariantName = "[No Variations]"
Add component (AddParameter): Name = "Terminal Finish"; Value = "Tin"; VariantName = "[No Variations]"
Add component (AddParameter): Name = "Terminal Pitch"; Value = "1.5mm"; VariantName = "[No Variations]"
Add component (AddParameter): Name = "Test Current"; Value = "20mA"; VariantName = "[No Variations]"
Add component (AddParameter): Name = "Viewing Angle"; Value = "130°"; VariantName = "[No Variations]"
Add component (AddParameter): Name = "Wavelength"; Value = "588nm"; VariantName = "[No Variations]"
Add component (AddParameter): Name = "Width"; Value = "0.8mm"; VariantName = "[No Variations]"
Added Component: Designator=F1(FP-0805L-MFG)
Add component (AddParameter): Name = "Ambient Temperature Range High"; Value = "+85°C"; VariantName = "[No Variations]"
Add component (AddParameter): Name = "Ambient Temperature Range Low"; Value = "-40°C"; VariantName = "[No Variations]"
Add component (AddParameter): Name = "Automotive"; Value = "No"; VariantName = "[No Variations]"
Add component (AddParameter): Name = "Category"; Value = "Fuse"; VariantName = "[No Variations]"
Add component (AddParameter): Name = "ComponentLink2Description"; Value = "Datasheet"; VariantName = "[No Variations]"
Add component (AddParameter): Name = "ComponentLink2URL"; Value = "https://www.littelfuse.com/~/media/electronics/datasheets/resettable_ptcs/littelfuse_ptc_0805l_datasheet.pdf.pdf"; VariantName = "[No Variations]"
Add component (AddParameter): Name = "Current Rating"; Value = "100A"; VariantName = "[No Variations]"
Add component (AddParameter): Name = "Device Class L1"; Value = "Circuit Protection"; VariantName = "[No Variations]"
Add component (AddParameter): Name = "Device Class L2"; Value = "PTC Resettable Fuses"; VariantName = "[No Variations]"
Add component (AddParameter): Name = "Device Class L3"; Value = "unset"; VariantName = "[No Variations]"
Add component (AddParameter): Name = "Digikey Description"; Value = "PTC RESET FUSE 6V 500MA 0805"; VariantName = "[No Variations]"
Add component (AddParameter): Name = "Height"; Value = "1.25mm"; VariantName = "[No Variations]"
Add component (AddParameter): Name = "Hold Current"; Value = "0.5A"; VariantName = "[No Variations]"
Add component (AddParameter): Name = "Lead Free"; Value = "Yes"; VariantName = "[No Variations]"
Add component (AddParameter): Name = "Manufacturer"; Value = "Littelfuse Inc."; VariantName = "[No Variations]"
Add component (AddParameter): Name = "Manufacturer Part Number"; Value = "0805L050WR"; VariantName = "[No Variations]"
Add component (AddParameter): Name = "Mouser Description"; Value = "PTC Resettable Fuse 0.5A(hold) 1A(trip) 6VDC 100A 0.5W 0.1s 0.15Ohm SMD Solder Pad 0805 T/R"; VariantName = "[No Variations]"
Add component (AddParameter): Name = "Octopart"; Value = "https://octopart.com/0805l050wr-littelfuse-673858"; VariantName = "[No Variations]"
Add component (AddParameter): Name = "Package"; Value = "0805L"; VariantName = "[No Variations]"
Add component (AddParameter): Name = "Resistance"; Value = "0.15-0.85O"; VariantName = "[No Variations]"
Add component (AddParameter): Name = "RoHS"; Value = "TRUE"; VariantName = "[No Variations]"
Add component (AddParameter): Name = "Temperature"; Value = "-40°C to +85°C"; VariantName = "[No Variations]"
Add component (AddParameter): Name = "Temperature Range High"; Value = "+85°C"; VariantName = "[No Variations]"
Add component (AddParameter): Name = "Temperature Range Low"; Value = "-40°C"; VariantName = "[No Variations]"
Add component (AddParameter): Name = "Trip Current"; Value = "1A"; VariantName = "[No Variations]"
Add component (AddParameter): Name = "Trip Time"; Value = "0.1s"; VariantName = "[No Variations]"
Add component (AddParameter): Name = "Value"; Value = "0.15-0.85O"; VariantName = "[No Variations]"
Add component (AddParameter): Name = "Voltage Rating"; Value = "6V"; VariantName = "[No Variations]"
Added Component: Designator=JP6(FP-22-28-4146-MFG)
Add component (AddParameter): Name = "Body Breadth"; Value = "0.098inch"; VariantName = "[No Variations]"
Add component (AddParameter): Name = "Body Depth"; Value = "0.09inch"; VariantName = "[No Variations]"
Add component (AddParameter): Name = "Body Length"; Value = "1.4inch"; VariantName = "[No Variations]"
Add component (AddParameter): Name = "Body/Shell Style"; Value = "RECEPTACLE"; VariantName = "[No Variations]"
Add component (AddParameter): Name = "Category"; Value = "Headers and Wire Housings"; VariantName = "[No Variations]"
Add component (AddParameter): Name = "Color"; Value = "Black"; VariantName = "[No Variations]"
Add component (AddParameter): Name = "ComponentLink1Description"; Value = "https://datasheet.ciiva.com:443/pdfs/VipMasterIC/IC/MOLE/MOLE-S-A0003536348/MOLE-S-A0003536348-1.pdf?src-supplier=IHS+Markit"; VariantName = "[No Variations]"
Add component (AddParameter): Name = "ComponentLink1URL"; Value = "https://datasheet.ciiva.com:443/pdfs/VipMasterIC/IC/MOLE/MOLE-S-A0003536348/MOLE-S-A0003536348-1.pdf?src-supplier=IHS+Markit"; VariantName = "[No Variations]"
Add component (AddParameter): Name = "ComponentLink2Description"; Value = "https://datasheet.ciiva.com/6814/022284363-sd-6814049.pdf?src-supplier=Digikey"; VariantName = "[No Variations]"
Add component (AddParameter): Name = "ComponentLink2URL"; Value = "https://datasheet.ciiva.com/6814/022284363-sd-6814049.pdf?src-supplier=Digikey"; VariantName = "[No Variations]"
Add component (AddParameter): Name = "ComponentLink3Description"; Value = "https://datasheet.ciiva.com/10079/0022284146-pcb-headers-10079164.pdf?src-supplier=Avnet"; VariantName = "[No Variations]"
Add component (AddParameter): Name = "ComponentLink3URL"; Value = "https://datasheet.ciiva.com/10079/0022284146-pcb-headers-10079164.pdf?src-supplier=Avnet"; VariantName = "[No Variations]"
Add component (AddParameter): Name = "ComponentLink4Description"; Value = "https://datasheet.ciiva.com/5163/0022284146-pcb-headers-228333-5163807.pdf?src-supplier=Mouser"; VariantName = "[No Variations]"
Add component (AddParameter): Name = "ComponentLink4URL"; Value = "https://datasheet.ciiva.com/5163/0022284146-pcb-headers-228333-5163807.pdf?src-supplier=Mouser"; VariantName = "[No Variations]"
Add component (AddParameter): Name = "Connector Type"; Value = "Male Pin"; VariantName = "[No Variations]"
Add component (AddParameter): Name = "Contact Finish - Mating"; Value = "NOT SPECIFIED"; VariantName = "[No Variations]"
Add component (AddParameter): Name = "Contact Finish - Termination"; Value = "TIN OVER NICKEL"; VariantName = "[No Variations]"
Add component (AddParameter): Name = "Contact Gender"; Value = "Male"; VariantName = "[No Variations]"
Add component (AddParameter): Name = "Contact Material"; Value = "Brass"; VariantName = "[No Variations]"
Add component (AddParameter): Name = "Contact Mating Length"; Value = "0.24inch"; VariantName = "[No Variations]"
Add component (AddParameter): Name = "Contact Pattern"; Value = "RECTANGULAR"; VariantName = "[No Variations]"
Add component (AddParameter): Name = "Contact Plating"; Value = "Gold"; VariantName = "[No Variations]"
Add component (AddParameter): Name = "Contact Resistance"; Value = "10mR"; VariantName = "[No Variations]"
Add component (AddParameter): Name = "Contact Style"; Value = "SQ PIN-SKT"; VariantName = "[No Variations]"
Add component (AddParameter): Name = "Contact Type"; Value = "Male Pin"; VariantName = "[No Variations]"
Add component (AddParameter): Name = "Current Rating"; Value = "4A"; VariantName = "[No Variations]"
Add component (AddParameter): Name = "DIN Conformance"; Value = "No"; VariantName = "[No Variations]"
Add component (AddParameter): Name = "Filter Feature"; Value = "No"; VariantName = "[No Variations]"
Add component (AddParameter): Name = "Flammability Rating"; Value = "UL94 V-0"; VariantName = "[No Variations]"
Add component (AddParameter): Name = "Gender"; Value = "Male"; VariantName = "[No Variations]"
Add component (AddParameter): Name = "Glow Wire Compliant"; Value = "Non-compliant"; VariantName = "[No Variations]"
Add component (AddParameter): Name = "Height"; Value = "2.29mm"; VariantName = "[No Variations]"
Add component (AddParameter): Name = "Housing Color"; Value = "Black"; VariantName = "[No Variations]"
Add component (AddParameter): Name = "Housing Material"; Value = "Thermoplastic"; VariantName = "[No Variations]"
Add component (AddParameter): Name = "IEC Conformance"; Value = "No"; VariantName = "[No Variations]"
Add component (AddParameter): Name = "Insertion Force-Max"; Value = "4.8928N"; VariantName = "[No Variations]"
Add component (AddParameter): Name = "Insulation Color"; Value = "Black"; VariantName = "[No Variations]"
Add component (AddParameter): Name = "Insulation Material"; Value = "Nylon"; VariantName = "[No Variations]"
Add component (AddParameter): Name = "Insulation Resistance"; Value = "1GR"; VariantName = "[No Variations]"
Add component (AddParameter): Name = "Lead Free"; Value = "Lead Free"; VariantName = "[No Variations]"
Add component (AddParameter): Name = "Length"; Value = "35.6mm"; VariantName = "[No Variations]"
Add component (AddParameter): Name = "Manufacturer"; Value = "Molex"; VariantName = "[No Variations]"
Add component (AddParameter): Name = "Manufacturer Part Number"; Value = "22-28-4146"; VariantName = "[No Variations]"
Add component (AddParameter): Name = "Manufacturer Series"; Value = "42375"; VariantName = "[No Variations]"
Add component (AddParameter): Name = "Mating Contact Pitch"; Value = "0.1inch"; VariantName = "[No Variations]"
Add component (AddParameter): Name = "Mating Information"; Value = "MULTIPLE MATING PARTS AVAILABLE"; VariantName = "[No Variations]"
Add component (AddParameter): Name = "MIL Conformance"; Value = "No"; VariantName = "[No Variations]"
Add component (AddParameter): Name = "Mixed Contacts"; Value = "No"; VariantName = "[No Variations]"
Add component (AddParameter): Name = "Mount"; Value = "Through Hole"; VariantName = "[No Variations]"
Add component (AddParameter): Name = "Mounting Option 1"; Value = "LOCKING"; VariantName = "[No Variations]"
Add component (AddParameter): Name = "Mounting Style"; Value = "STRAIGHT"; VariantName = "[No Variations]"
Add component (AddParameter): Name = "Mounting Technology"; Value = "Board"; VariantName = "[No Variations]"
Add component (AddParameter): Name = "Number of Circuits"; Value = "14"; VariantName = "[No Variations]"
Add component (AddParameter): Name = "Number Of Connectors"; Value = "1"; VariantName = "[No Variations]"
Add component (AddParameter): Name = "Number of Contacts"; Value = "14"; VariantName = "[No Variations]"
Add component (AddParameter): Name = "Number Of PCB Rows"; Value = "1"; VariantName = "[No Variations]"
Add component (AddParameter): Name = "Number of Positions"; Value = "14"; VariantName = "[No Variations]"
Add component (AddParameter): Name = "Number of Rows"; Value = "1"; VariantName = "[No Variations]"
Add component (AddParameter): Name = "Number of Rows Loaded"; Value = "1"; VariantName = "[No Variations]"
Add component (AddParameter): Name = "Option"; Value = "General Purpose"; VariantName = "[No Variations]"
Add component (AddParameter): Name = "Orientation"; Value = "Vertical"; VariantName = "[No Variations]"
Add component (AddParameter): Name = "Package Quantity"; Value = "1"; VariantName = "[No Variations]"
Add component (AddParameter): Name = "Packaging"; Value = "Bulk"; VariantName = "[No Variations]"
Add component (AddParameter): Name = "PCB Contact Pattern"; Value = "RECTANGULAR"; VariantName = "[No Variations]"
Add component (AddParameter): Name = "Pitch"; Value = "0.1inch"; VariantName = "[No Variations]"
Add component (AddParameter): Name = "Plating Thickness"; Value = "100uin"; VariantName = "[No Variations]"
Add component (AddParameter): Name = "Pricing"; Value = "1=0.91, 10=0.772, 100=0.6562, 500=0.58568, 1000=0.55772, 5000=0.49786, 10000=0.47411 (USD)"; VariantName = "[No Variations]"
Add component (AddParameter): Name = "Reach SVHC Compliant"; Value = "Yes"; VariantName = "[No Variations]"
Add component (AddParameter): Name = "Reference Standard"; Value = "UL"; VariantName = "[No Variations]"
Add component (AddParameter): Name = "Reliability"; Value = "COMMERCIAL"; VariantName = "[No Variations]"
Add component (AddParameter): Name = "RoHS"; Value = "Yes"; VariantName = "[No Variations]"
Add component (AddParameter): Name = "RoHS Compliant"; Value = "Yes"; VariantName = "[No Variations]"
Add component (AddParameter): Name = "Series"; Value = "KK® 42375"; VariantName = "[No Variations]"
Add component (AddParameter): Name = "Stock"; Value = "4272"; VariantName = "[No Variations]"
Add component (AddParameter): Name = "Supplier"; Value = "Digikey"; VariantName = "[No Variations]"
Add component (AddParameter): Name = "Supplier Part Number"; Value = "WM24210-ND"; VariantName = "[No Variations]"
Add component (AddParameter): Name = "Terminal Length"; Value = "0.125inch"; VariantName = "[No Variations]"
Add component (AddParameter): Name = "Terminal Pitch"; Value = "2.54mm"; VariantName = "[No Variations]"
Add component (AddParameter): Name = "Termination"; Value = "Solder"; VariantName = "[No Variations]"
Add component (AddParameter): Name = "Voltage Rating"; Value = "250V"; VariantName = "[No Variations]"
Add component (AddParameter): Name = "Width"; Value = "2.49mm"; VariantName = "[No Variations]"
Add component (AddParameter): Name = "Withdrawl Force-Min"; Value = "0.556N"; VariantName = "[No Variations]"
Added Component: Designator=JP7(FP-22-28-4146-MFG)
Add component (AddParameter): Name = "Body Breadth"; Value = "0.098inch"; VariantName = "[No Variations]"
Add component (AddParameter): Name = "Body Depth"; Value = "0.09inch"; VariantName = "[No Variations]"
Add component (AddParameter): Name = "Body Length"; Value = "1.4inch"; VariantName = "[No Variations]"
Add component (AddParameter): Name = "Body/Shell Style"; Value = "RECEPTACLE"; VariantName = "[No Variations]"
Add component (AddParameter): Name = "Category"; Value = "Headers and Wire Housings"; VariantName = "[No Variations]"
Add component (AddParameter): Name = "Color"; Value = "Black"; VariantName = "[No Variations]"
Add component (AddParameter): Name = "ComponentLink1Description"; Value = "https://datasheet.ciiva.com:443/pdfs/VipMasterIC/IC/MOLE/MOLE-S-A0003536348/MOLE-S-A0003536348-1.pdf?src-supplier=IHS+Markit"; VariantName = "[No Variations]"
Add component (AddParameter): Name = "ComponentLink1URL"; Value = "https://datasheet.ciiva.com:443/pdfs/VipMasterIC/IC/MOLE/MOLE-S-A0003536348/MOLE-S-A0003536348-1.pdf?src-supplier=IHS+Markit"; VariantName = "[No Variations]"
Add component (AddParameter): Name = "ComponentLink2Description"; Value = "https://datasheet.ciiva.com/6814/022284363-sd-6814049.pdf?src-supplier=Digikey"; VariantName = "[No Variations]"
Add component (AddParameter): Name = "ComponentLink2URL"; Value = "https://datasheet.ciiva.com/6814/022284363-sd-6814049.pdf?src-supplier=Digikey"; VariantName = "[No Variations]"
Add component (AddParameter): Name = "ComponentLink3Description"; Value = "https://datasheet.ciiva.com/10079/0022284146-pcb-headers-10079164.pdf?src-supplier=Avnet"; VariantName = "[No Variations]"
Add component (AddParameter): Name = "ComponentLink3URL"; Value = "https://datasheet.ciiva.com/10079/0022284146-pcb-headers-10079164.pdf?src-supplier=Avnet"; VariantName = "[No Variations]"
Add component (AddParameter): Name = "ComponentLink4Description"; Value = "https://datasheet.ciiva.com/5163/0022284146-pcb-headers-228333-5163807.pdf?src-supplier=Mouser"; VariantName = "[No Variations]"
Add component (AddParameter): Name = "ComponentLink4URL"; Value = "https://datasheet.ciiva.com/5163/0022284146-pcb-headers-228333-5163807.pdf?src-supplier=Mouser"; VariantName = "[No Variations]"
Add component (AddParameter): Name = "Connector Type"; Value = "Male Pin"; VariantName = "[No Variations]"
Add component (AddParameter): Name = "Contact Finish - Mating"; Value = "NOT SPECIFIED"; VariantName = "[No Variations]"
Add component (AddParameter): Name = "Contact Finish - Termination"; Value = "TIN OVER NICKEL"; VariantName = "[No Variations]"
Add component (AddParameter): Name = "Contact Gender"; Value = "Male"; VariantName = "[No Variations]"
Add component (AddParameter): Name = "Contact Material"; Value = "Brass"; VariantName = "[No Variations]"
Add component (AddParameter): Name = "Contact Mating Length"; Value = "0.24inch"; VariantName = "[No Variations]"
Add component (AddParameter): Name = "Contact Pattern"; Value = "RECTANGULAR"; VariantName = "[No Variations]"
Add component (AddParameter): Name = "Contact Plating"; Value = "Gold"; VariantName = "[No Variations]"
Add component (AddParameter): Name = "Contact Resistance"; Value = "10mR"; VariantName = "[No Variations]"
Add component (AddParameter): Name = "Contact Style"; Value = "SQ PIN-SKT"; VariantName = "[No Variations]"
Add component (AddParameter): Name = "Contact Type"; Value = "Male Pin"; VariantName = "[No Variations]"
Add component (AddParameter): Name = "Current Rating"; Value = "4A"; VariantName = "[No Variations]"
Add component (AddParameter): Name = "DIN Conformance"; Value = "No"; VariantName = "[No Variations]"
Add component (AddParameter): Name = "Filter Feature"; Value = "No"; VariantName = "[No Variations]"
Add component (AddParameter): Name = "Flammability Rating"; Value = "UL94 V-0"; VariantName = "[No Variations]"
Add component (AddParameter): Name = "Gender"; Value = "Male"; VariantName = "[No Variations]"
Add component (AddParameter): Name = "Glow Wire Compliant"; Value = "Non-compliant"; VariantName = "[No Variations]"
Add component (AddParameter): Name = "Height"; Value = "2.29mm"; VariantName = "[No Variations]"
Add component (AddParameter): Name = "Housing Color"; Value = "Black"; VariantName = "[No Variations]"
Add component (AddParameter): Name = "Housing Material"; Value = "Thermoplastic"; VariantName = "[No Variations]"
Add component (AddParameter): Name = "IEC Conformance"; Value = "No"; VariantName = "[No Variations]"
Add component (AddParameter): Name = "Insertion Force-Max"; Value = "4.8928N"; VariantName = "[No Variations]"
Add component (AddParameter): Name = "Insulation Color"; Value = "Black"; VariantName = "[No Variations]"
Add component (AddParameter): Name = "Insulation Material"; Value = "Nylon"; VariantName = "[No Variations]"
Add component (AddParameter): Name = "Insulation Resistance"; Value = "1GR"; VariantName = "[No Variations]"
Add component (AddParameter): Name = "Lead Free"; Value = "Lead Free"; VariantName = "[No Variations]"
Add component (AddParameter): Name = "Length"; Value = "35.6mm"; VariantName = "[No Variations]"
Add component (AddParameter): Name = "Manufacturer"; Value = "Molex"; VariantName = "[No Variations]"
Add component (AddParameter): Name = "Manufacturer Part Number"; Value = "22-28-4146"; VariantName = "[No Variations]"
Add component (AddParameter): Name = "Manufacturer Series"; Value = "42375"; VariantName = "[No Variations]"
Add component (AddParameter): Name = "Mating Contact Pitch"; Value = "0.1inch"; VariantName = "[No Variations]"
Add component (AddParameter): Name = "Mating Information"; Value = "MULTIPLE MATING PARTS AVAILABLE"; VariantName = "[No Variations]"
Add component (AddParameter): Name = "MIL Conformance"; Value = "No"; VariantName = "[No Variations]"
Add component (AddParameter): Name = "Mixed Contacts"; Value = "No"; VariantName = "[No Variations]"
Add component (AddParameter): Name = "Mount"; Value = "Through Hole"; VariantName = "[No Variations]"
Add component (AddParameter): Name = "Mounting Option 1"; Value = "LOCKING"; VariantName = "[No Variations]"
Add component (AddParameter): Name = "Mounting Style"; Value = "STRAIGHT"; VariantName = "[No Variations]"
Add component (AddParameter): Name = "Mounting Technology"; Value = "Board"; VariantName = "[No Variations]"
Add component (AddParameter): Name = "Number of Circuits"; Value = "14"; VariantName = "[No Variations]"
Add component (AddParameter): Name = "Number Of Connectors"; Value = "1"; VariantName = "[No Variations]"
Add component (AddParameter): Name = "Number of Contacts"; Value = "14"; VariantName = "[No Variations]"
Add component (AddParameter): Name = "Number Of PCB Rows"; Value = "1"; VariantName = "[No Variations]"
Add component (AddParameter): Name = "Number of Positions"; Value = "14"; VariantName = "[No Variations]"
Add component (AddParameter): Name = "Number of Rows"; Value = "1"; VariantName = "[No Variations]"
Add component (AddParameter): Name = "Number of Rows Loaded"; Value = "1"; VariantName = "[No Variations]"
Add component (AddParameter): Name = "Option"; Value = "General Purpose"; VariantName = "[No Variations]"
Add component (AddParameter): Name = "Orientation"; Value = "Vertical"; VariantName = "[No Variations]"
Add component (AddParameter): Name = "Package Quantity"; Value = "1"; VariantName = "[No Variations]"
Add component (AddParameter): Name = "Packaging"; Value = "Bulk"; VariantName = "[No Variations]"
Add component (AddParameter): Name = "PCB Contact Pattern"; Value = "RECTANGULAR"; VariantName = "[No Variations]"
Add component (AddParameter): Name = "Pitch"; Value = "0.1inch"; VariantName = "[No Variations]"
Add component (AddParameter): Name = "Plating Thickness"; Value = "100uin"; VariantName = "[No Variations]"
Add component (AddParameter): Name = "Pricing"; Value = "1=0.91, 10=0.772, 100=0.6562, 500=0.58568, 1000=0.55772, 5000=0.49786, 10000=0.47411 (USD)"; VariantName = "[No Variations]"
Add component (AddParameter): Name = "Reach SVHC Compliant"; Value = "Yes"; VariantName = "[No Variations]"
Add component (AddParameter): Name = "Reference Standard"; Value = "UL"; VariantName = "[No Variations]"
Add component (AddParameter): Name = "Reliability"; Value = "COMMERCIAL"; VariantName = "[No Variations]"
Add component (AddParameter): Name = "RoHS"; Value = "Yes"; VariantName = "[No Variations]"
Add component (AddParameter): Name = "RoHS Compliant"; Value = "Yes"; VariantName = "[No Variations]"
Add component (AddParameter): Name = "Series"; Value = "KK® 42375"; VariantName = "[No Variations]"
Add component (AddParameter): Name = "Stock"; Value = "4272"; VariantName = "[No Variations]"
Add component (AddParameter): Name = "Supplier"; Value = "Digikey"; VariantName = "[No Variations]"
Add component (AddParameter): Name = "Supplier Part Number"; Value = "WM24210-ND"; VariantName = "[No Variations]"
Add component (AddParameter): Name = "Terminal Length"; Value = "0.125inch"; VariantName = "[No Variations]"
Add component (AddParameter): Name = "Terminal Pitch"; Value = "2.54mm"; VariantName = "[No Variations]"
Add component (AddParameter): Name = "Termination"; Value = "Solder"; VariantName = "[No Variations]"
Add component (AddParameter): Name = "Voltage Rating"; Value = "250V"; VariantName = "[No Variations]"
Add component (AddParameter): Name = "Width"; Value = "2.49mm"; VariantName = "[No Variations]"
Add component (AddParameter): Name = "Withdrawl Force-Min"; Value = "0.556N"; VariantName = "[No Variations]"
Added Component: Designator=R1(RES_0603)
Add component (AddParameter): Name = "Case/Package"; Value = "0603"; VariantName = "[No Variations]"
Add component (AddParameter): Name = "Category"; Value = "Chip SMD Resistors"; VariantName = "[No Variations]"
Add component (AddParameter): Name = "ComponentLink1Description"; Value = "https://datasheet.ciiva.com:443/pdfs/VipMasterIC/IC/VISH/VISH-S-A0007266705/VISH-S-A0007266705-1.pdf?src-supplier=IHS+Markit"; VariantName = "[No Variations]"
Add component (AddParameter): Name = "ComponentLink1URL"; Value = "https://datasheet.ciiva.com:443/pdfs/VipMasterIC/IC/VISH/VISH-S-A0007266705/VISH-S-A0007266705-1.pdf?src-supplier=IHS+Markit"; VariantName = "[No Variations]"
Add component (AddParameter): Name = "ComponentLink2Description"; Value = "http://www.farnell.com/datasheets/2310790.pdf?src-supplier=Farnell"; VariantName = "[No Variations]"
Add component (AddParameter): Name = "ComponentLink2URL"; Value = "http://www.farnell.com/datasheets/2310790.pdf?src-supplier=Farnell"; VariantName = "[No Variations]"
Add component (AddParameter): Name = "ComponentLink3Description"; Value = "http://www.farnell.com/datasheets/2310790.pdf?src-supplier=Element14"; VariantName = "[No Variations]"
Add component (AddParameter): Name = "ComponentLink3URL"; Value = "http://www.farnell.com/datasheets/2310790.pdf?src-supplier=Element14"; VariantName = "[No Variations]"
Add component (AddParameter): Name = "ComponentLink4Description"; Value = "http://datasheet.octopart.com/CRCW06030000Z0EA-Vishay-datasheet-14722531.pdf?src-supplier=Avnet"; VariantName = "[No Variations]"
Add component (AddParameter): Name = "ComponentLink4URL"; Value = "http://datasheet.octopart.com/CRCW06030000Z0EA-Vishay-datasheet-14722531.pdf?src-supplier=Avnet"; VariantName = "[No Variations]"
Add component (AddParameter): Name = "ComponentLink5Description"; Value = "https://datasheet.octopart.com/CRCW06030000Z0EA-Vishay-datasheet-14722531.pdf?src-supplier=Newark"; VariantName = "[No Variations]"
Add component (AddParameter): Name = "ComponentLink5URL"; Value = "https://datasheet.octopart.com/CRCW06030000Z0EA-Vishay-datasheet-14722531.pdf?src-supplier=Newark"; VariantName = "[No Variations]"
Add component (AddParameter): Name = "ComponentLink6Description"; Value = "http://datasheet.octopart.com/CRCW06030000Z0EA-Vishay-datasheet-14722531.pdf?src-supplier=Mouser"; VariantName = "[No Variations]"
Add component (AddParameter): Name = "ComponentLink6URL"; Value = "http://datasheet.octopart.com/CRCW06030000Z0EA-Vishay-datasheet-14722531.pdf?src-supplier=Mouser"; VariantName = "[No Variations]"
Add component (AddParameter): Name = "ComponentLink7Description"; Value = "https://datasheet.octopart.com/CRCW06030000Z0EA-Vishay-datasheet-5300368.pdf?src-supplier=Future+Electronics"; VariantName = "[No Variations]"
Add component (AddParameter): Name = "ComponentLink7URL"; Value = "https://datasheet.octopart.com/CRCW06030000Z0EA-Vishay-datasheet-5300368.pdf?src-supplier=Future+Electronics"; VariantName = "[No Variations]"
Add component (AddParameter): Name = "ComponentLink8Description"; Value = "http://datasheet.octopart.com/CRCW06030000Z0EA-Vishay-datasheet-14722531.pdf?src-supplier=Distrelec"; VariantName = "[No Variations]"
Add component (AddParameter): Name = "ComponentLink8URL"; Value = "http://datasheet.octopart.com/CRCW06030000Z0EA-Vishay-datasheet-14722531.pdf?src-supplier=Distrelec"; VariantName = "[No Variations]"
Add component (AddParameter): Name = "ComponentLink9Description"; Value = "http://www.vishay.com/docs/20035/dcrcwe3.pdf?src-supplier=Digikey"; VariantName = "[No Variations]"
Add component (AddParameter): Name = "ComponentLink9URL"; Value = "http://www.vishay.com/docs/20035/dcrcwe3.pdf?src-supplier=Digikey"; VariantName = "[No Variations]"
Add component (AddParameter): Name = "ComponentLink10Description"; Value = "https://datasheet.octopart.com/CRCW06030000Z0EA-Vishay-datasheet-62317933.pdf?src-supplier=Element14"; VariantName = "[No Variations]"
Add component (AddParameter): Name = "ComponentLink10URL"; Value = "https://datasheet.octopart.com/CRCW06030000Z0EA-Vishay-datasheet-62317933.pdf?src-supplier=Element14"; VariantName = "[No Variations]"
Add component (AddParameter): Name = "ComponentLink11Description"; Value = "http://www.farnell.com/datasheets/2310790.pdf?src-supplier=Newark"; VariantName = "[No Variations]"
Add component (AddParameter): Name = "ComponentLink11URL"; Value = "http://www.farnell.com/datasheets/2310790.pdf?src-supplier=Newark"; VariantName = "[No Variations]"
Add component (AddParameter): Name = "ComponentLink12Description"; Value = "http://datasheet.octopart.com/CRCW06030000Z0EA-Vishay-datasheet-14722531.pdf?src-supplier=Freelance+Electronics"; VariantName = "[No Variations]"
Add component (AddParameter): Name = "ComponentLink12URL"; Value = "http://datasheet.octopart.com/CRCW06030000Z0EA-Vishay-datasheet-14722531.pdf?src-supplier=Freelance+Electronics"; VariantName = "[No Variations]"
Add component (AddParameter): Name = "ComponentLink13Description"; Value = "http://datasheet.octopart.com/CRCW06030000Z0EA-Vishay-datasheet-14722531.pdf?src-supplier=Quest"; VariantName = "[No Variations]"
Add component (AddParameter): Name = "ComponentLink13URL"; Value = "http://datasheet.octopart.com/CRCW06030000Z0EA-Vishay-datasheet-14722531.pdf?src-supplier=Quest"; VariantName = "[No Variations]"
Add component (AddParameter): Name = "ComponentLink14Description"; Value = "http://datasheet.octopart.com/CRCW06030000Z0EA-Vishay-datasheet-14722531.pdf?src-supplier=Component+Sense"; VariantName = "[No Variations]"
Add component (AddParameter): Name = "ComponentLink14URL"; Value = "http://datasheet.octopart.com/CRCW06030000Z0EA-Vishay-datasheet-14722531.pdf?src-supplier=Component+Sense"; VariantName = "[No Variations]"
Add component (AddParameter): Name = "ComponentLink15Description"; Value = "http://datasheet.octopart.com/CRCW06030000Z0EA-Vishay-datasheet-14722531.pdf?src-supplier=New+Yorker+Electronics"; VariantName = "[No Variations]"
Add component (AddParameter): Name = "ComponentLink15URL"; Value = "http://datasheet.octopart.com/CRCW06030000Z0EA-Vishay-datasheet-14722531.pdf?src-supplier=New+Yorker+Electronics"; VariantName = "[No Variations]"
Add component (AddParameter): Name = "Construction"; Value = "Chip"; VariantName = "[No Variations]"
Add component (AddParameter): Name = "JESD-609 Code"; Value = "e3"; VariantName = "[No Variations]"
Add component (AddParameter): Name = "Manufacturer"; Value = "Vishay"; VariantName = "[No Variations]"
Add component (AddParameter): Name = "Manufacturer Part Number"; Value = "CRCW06030000Z0EA"; VariantName = "[No Variations]"
Add component (AddParameter): Name = "Max Operating Temperature"; Value = "155°C"; VariantName = "[No Variations]"
Add component (AddParameter): Name = "Min Operating Temperature"; Value = "-55°C"; VariantName = "[No Variations]"
Add component (AddParameter): Name = "Mounting Technology"; Value = "Surface Mount"; VariantName = "[No Variations]"
Add component (AddParameter): Name = "Package Height"; Value = "0.45mm"; VariantName = "[No Variations]"
Add component (AddParameter): Name = "Package Length"; Value = "1.55mm"; VariantName = "[No Variations]"
Add component (AddParameter): Name = "Package Shape"; Value = "Rectangular"; VariantName = "[No Variations]"
Add component (AddParameter): Name = "Package Width"; Value = "0.85mm"; VariantName = "[No Variations]"
Add component (AddParameter): Name = "Packaging"; Value = "Tape and Reel"; VariantName = "[No Variations]"
Add component (AddParameter): Name = "Pins"; Value = "2"; VariantName = "[No Variations]"
Add component (AddParameter): Name = "Power"; Value = "100mW"; VariantName = "[No Variations]"
Add component (AddParameter): Name = "Pricing"; Value = "1=0.1, 10=0.028, 25=0.0216, 50=0.0164, 100=0.0115, 250=0.00928, 500=0.00742, 1000=0.00546, 5000=0.00501, 10000=0.00434, 15000=0.004, 25000=0.00362, 35000=0.00339, 50000=0.00318, 125000=0.0027, 250000=0.0025 (USD)"; VariantName = "[No Variations]"
Add component (AddParameter): Name = "Rated Temperature"; Value = "70°C"; VariantName = "[No Variations]"
Add component (AddParameter): Name = "Reach SVHC Compliant"; Value = "Yes"; VariantName = "[No Variations]"
Add component (AddParameter): Name = "Reference Standard"; Value = "AEC-Q200"; VariantName = "[No Variations]"
Add component (AddParameter): Name = "Resistance"; Value = "0"; VariantName = "[No Variations]"
Add component (AddParameter): Name = "Resistor Type"; Value = "FIXED RESISTOR"; VariantName = "[No Variations]"
Add component (AddParameter): Name = "RoHS"; Value = "Yes"; VariantName = "[No Variations]"
Add component (AddParameter): Name = "RoHS Compliant"; Value = "Yes"; VariantName = "[No Variations]"
Add component (AddParameter): Name = "Stock"; Value = "1285178"; VariantName = "[No Variations]"
Add component (AddParameter): Name = "Supplier"; Value = "Digikey"; VariantName = "[No Variations]"
Add component (AddParameter): Name = "Supplier Part Number"; Value = "541-0.0GCT-ND"; VariantName = "[No Variations]"
Add component (AddParameter): Name = "Technology"; Value = "METAL GLAZE/THICK FILM"; VariantName = "[No Variations]"
Add component (AddParameter): Name = "Terminal Finish"; Value = "Nickel"; VariantName = "[No Variations]"
Add component (AddParameter): Name = "Termination"; Value = "Wraparound"; VariantName = "[No Variations]"
Added Component: Designator=R2(RESC1608X06L)
Add component (AddParameter): Name = "Manufacturer Part Number"; Value = ""; VariantName = "[No Variations]"
Add component (AddParameter): Name = "Operating Temperature"; Value = ""; VariantName = "[No Variations]"
Add component (AddParameter): Name = "Power (Watts)"; Value = ""; VariantName = "[No Variations]"
Add component (AddParameter): Name = "Ratings"; Value = ""; VariantName = "[No Variations]"
Add component (AddParameter): Name = "Resistance (Ohms)"; Value = "1k"; VariantName = "[No Variations]"
Add component (AddParameter): Name = "Temperature Coefficient"; Value = ""; VariantName = "[No Variations]"
Add component (AddParameter): Name = "Tolerance"; Value = ""; VariantName = "[No Variations]"
Added Component: Designator=R3(RESC1608X06L)
Add component (AddParameter): Name = "Manufacturer Part Number"; Value = ""; VariantName = "[No Variations]"
Add component (AddParameter): Name = "Operating Temperature"; Value = ""; VariantName = "[No Variations]"
Add component (AddParameter): Name = "Power (Watts)"; Value = ""; VariantName = "[No Variations]"
Add component (AddParameter): Name = "Ratings"; Value = ""; VariantName = "[No Variations]"
Add component (AddParameter): Name = "Resistance (Ohms)"; Value = "330"; VariantName = "[No Variations]"
Add component (AddParameter): Name = "Temperature Coefficient"; Value = ""; VariantName = "[No Variations]"
Add component (AddParameter): Name = "Tolerance"; Value = ""; VariantName = "[No Variations]"
Added Component: Designator=R4(RESC1608X06L)
Add component (AddParameter): Name = "Manufacturer Part Number"; Value = ""; VariantName = "[No Variations]"
Add component (AddParameter): Name = "Operating Temperature"; Value = ""; VariantName = "[No Variations]"
Add component (AddParameter): Name = "Power (Watts)"; Value = ""; VariantName = "[No Variations]"
Add component (AddParameter): Name = "Ratings"; Value = ""; VariantName = "[No Variations]"
Add component (AddParameter): Name = "Resistance (Ohms)"; Value = "10K"; VariantName = "[No Variations]"
Add component (AddParameter): Name = "Temperature Coefficient"; Value = ""; VariantName = "[No Variations]"
Add component (AddParameter): Name = "Tolerance"; Value = ""; VariantName = "[No Variations]"
Added Component: Designator=R5(RESC1608X06L)
Add component (AddParameter): Name = "Manufacturer Part Number"; Value = ""; VariantName = "[No Variations]"
Add component (AddParameter): Name = "Operating Temperature"; Value = ""; VariantName = "[No Variations]"
Add component (AddParameter): Name = "Power (Watts)"; Value = ""; VariantName = "[No Variations]"
Add component (AddParameter): Name = "Ratings"; Value = ""; VariantName = "[No Variations]"
Add component (AddParameter): Name = "Resistance (Ohms)"; Value = "22"; VariantName = "[No Variations]"
Add component (AddParameter): Name = "Temperature Coefficient"; Value = ""; VariantName = "[No Variations]"
Add component (AddParameter): Name = "Tolerance"; Value = ""; VariantName = "[No Variations]"
Added Component: Designator=R6(RESC1608X06L)
Add component (AddParameter): Name = "Manufacturer Part Number"; Value = ""; VariantName = "[No Variations]"
Add component (AddParameter): Name = "Operating Temperature"; Value = ""; VariantName = "[No Variations]"
Add component (AddParameter): Name = "Power (Watts)"; Value = ""; VariantName = "[No Variations]"
Add component (AddParameter): Name = "Ratings"; Value = ""; VariantName = "[No Variations]"
Add component (AddParameter): Name = "Resistance (Ohms)"; Value = "330"; VariantName = "[No Variations]"
Add component (AddParameter): Name = "Temperature Coefficient"; Value = ""; VariantName = "[No Variations]"
Add component (AddParameter): Name = "Tolerance"; Value = ""; VariantName = "[No Variations]"
Added Component: Designator=R7(RESC1608X06L)
Add component (AddParameter): Name = "Manufacturer Part Number"; Value = ""; VariantName = "[No Variations]"
Add component (AddParameter): Name = "Operating Temperature"; Value = ""; VariantName = "[No Variations]"
Add component (AddParameter): Name = "Power (Watts)"; Value = ""; VariantName = "[No Variations]"
Add component (AddParameter): Name = "Ratings"; Value = ""; VariantName = "[No Variations]"
Add component (AddParameter): Name = "Resistance (Ohms)"; Value = "22"; VariantName = "[No Variations]"
Add component (AddParameter): Name = "Temperature Coefficient"; Value = ""; VariantName = "[No Variations]"
Add component (AddParameter): Name = "Tolerance"; Value = ""; VariantName = "[No Variations]"
Added Component: Designator=R8(RES_0603)
Add component (AddParameter): Name = "Case/Package"; Value = "0603"; VariantName = "[No Variations]"
Add component (AddParameter): Name = "Category"; Value = "Chip SMD Resistors"; VariantName = "[No Variations]"
Add component (AddParameter): Name = "ComponentLink1Description"; Value = "https://datasheet.ciiva.com:443/pdfs/VipMasterIC/IC/VISH/VISH-S-A0007266705/VISH-S-A0007266705-1.pdf?src-supplier=IHS+Markit"; VariantName = "[No Variations]"
Add component (AddParameter): Name = "ComponentLink1URL"; Value = "https://datasheet.ciiva.com:443/pdfs/VipMasterIC/IC/VISH/VISH-S-A0007266705/VISH-S-A0007266705-1.pdf?src-supplier=IHS+Markit"; VariantName = "[No Variations]"
Add component (AddParameter): Name = "ComponentLink2Description"; Value = "http://www.farnell.com/datasheets/2310790.pdf?src-supplier=Farnell"; VariantName = "[No Variations]"
Add component (AddParameter): Name = "ComponentLink2URL"; Value = "http://www.farnell.com/datasheets/2310790.pdf?src-supplier=Farnell"; VariantName = "[No Variations]"
Add component (AddParameter): Name = "ComponentLink3Description"; Value = "http://www.farnell.com/datasheets/2310790.pdf?src-supplier=Element14"; VariantName = "[No Variations]"
Add component (AddParameter): Name = "ComponentLink3URL"; Value = "http://www.farnell.com/datasheets/2310790.pdf?src-supplier=Element14"; VariantName = "[No Variations]"
Add component (AddParameter): Name = "ComponentLink4Description"; Value = "http://datasheet.octopart.com/CRCW06030000Z0EA-Vishay-datasheet-14722531.pdf?src-supplier=Avnet"; VariantName = "[No Variations]"
Add component (AddParameter): Name = "ComponentLink4URL"; Value = "http://datasheet.octopart.com/CRCW06030000Z0EA-Vishay-datasheet-14722531.pdf?src-supplier=Avnet"; VariantName = "[No Variations]"
Add component (AddParameter): Name = "ComponentLink5Description"; Value = "https://datasheet.octopart.com/CRCW06030000Z0EA-Vishay-datasheet-14722531.pdf?src-supplier=Newark"; VariantName = "[No Variations]"
Add component (AddParameter): Name = "ComponentLink5URL"; Value = "https://datasheet.octopart.com/CRCW06030000Z0EA-Vishay-datasheet-14722531.pdf?src-supplier=Newark"; VariantName = "[No Variations]"
Add component (AddParameter): Name = "ComponentLink6Description"; Value = "http://datasheet.octopart.com/CRCW06030000Z0EA-Vishay-datasheet-14722531.pdf?src-supplier=Mouser"; VariantName = "[No Variations]"
Add component (AddParameter): Name = "ComponentLink6URL"; Value = "http://datasheet.octopart.com/CRCW06030000Z0EA-Vishay-datasheet-14722531.pdf?src-supplier=Mouser"; VariantName = "[No Variations]"
Add component (AddParameter): Name = "ComponentLink7Description"; Value = "https://datasheet.octopart.com/CRCW06030000Z0EA-Vishay-datasheet-5300368.pdf?src-supplier=Future+Electronics"; VariantName = "[No Variations]"
Add component (AddParameter): Name = "ComponentLink7URL"; Value = "https://datasheet.octopart.com/CRCW06030000Z0EA-Vishay-datasheet-5300368.pdf?src-supplier=Future+Electronics"; VariantName = "[No Variations]"
Add component (AddParameter): Name = "ComponentLink8Description"; Value = "http://datasheet.octopart.com/CRCW06030000Z0EA-Vishay-datasheet-14722531.pdf?src-supplier=Distrelec"; VariantName = "[No Variations]"
Add component (AddParameter): Name = "ComponentLink8URL"; Value = "http://datasheet.octopart.com/CRCW06030000Z0EA-Vishay-datasheet-14722531.pdf?src-supplier=Distrelec"; VariantName = "[No Variations]"
Add component (AddParameter): Name = "ComponentLink9Description"; Value = "http://www.vishay.com/docs/20035/dcrcwe3.pdf?src-supplier=Digikey"; VariantName = "[No Variations]"
Add component (AddParameter): Name = "ComponentLink9URL"; Value = "http://www.vishay.com/docs/20035/dcrcwe3.pdf?src-supplier=Digikey"; VariantName = "[No Variations]"
Add component (AddParameter): Name = "ComponentLink10Description"; Value = "https://datasheet.octopart.com/CRCW06030000Z0EA-Vishay-datasheet-62317933.pdf?src-supplier=Element14"; VariantName = "[No Variations]"
Add component (AddParameter): Name = "ComponentLink10URL"; Value = "https://datasheet.octopart.com/CRCW06030000Z0EA-Vishay-datasheet-62317933.pdf?src-supplier=Element14"; VariantName = "[No Variations]"
Add component (AddParameter): Name = "ComponentLink11Description"; Value = "http://www.farnell.com/datasheets/2310790.pdf?src-supplier=Newark"; VariantName = "[No Variations]"
Add component (AddParameter): Name = "ComponentLink11URL"; Value = "http://www.farnell.com/datasheets/2310790.pdf?src-supplier=Newark"; VariantName = "[No Variations]"
Add component (AddParameter): Name = "ComponentLink12Description"; Value = "http://datasheet.octopart.com/CRCW06030000Z0EA-Vishay-datasheet-14722531.pdf?src-supplier=Freelance+Electronics"; VariantName = "[No Variations]"
Add component (AddParameter): Name = "ComponentLink12URL"; Value = "http://datasheet.octopart.com/CRCW06030000Z0EA-Vishay-datasheet-14722531.pdf?src-supplier=Freelance+Electronics"; VariantName = "[No Variations]"
Add component (AddParameter): Name = "ComponentLink13Description"; Value = "http://datasheet.octopart.com/CRCW06030000Z0EA-Vishay-datasheet-14722531.pdf?src-supplier=Quest"; VariantName = "[No Variations]"
Add component (AddParameter): Name = "ComponentLink13URL"; Value = "http://datasheet.octopart.com/CRCW06030000Z0EA-Vishay-datasheet-14722531.pdf?src-supplier=Quest"; VariantName = "[No Variations]"
Add component (AddParameter): Name = "ComponentLink14Description"; Value = "http://datasheet.octopart.com/CRCW06030000Z0EA-Vishay-datasheet-14722531.pdf?src-supplier=Component+Sense"; VariantName = "[No Variations]"
Add component (AddParameter): Name = "ComponentLink14URL"; Value = "http://datasheet.octopart.com/CRCW06030000Z0EA-Vishay-datasheet-14722531.pdf?src-supplier=Component+Sense"; VariantName = "[No Variations]"
Add component (AddParameter): Name = "ComponentLink15Description"; Value = "http://datasheet.octopart.com/CRCW06030000Z0EA-Vishay-datasheet-14722531.pdf?src-supplier=New+Yorker+Electronics"; VariantName = "[No Variations]"
Add component (AddParameter): Name = "ComponentLink15URL"; Value = "http://datasheet.octopart.com/CRCW06030000Z0EA-Vishay-datasheet-14722531.pdf?src-supplier=New+Yorker+Electronics"; VariantName = "[No Variations]"
Add component (AddParameter): Name = "Construction"; Value = "Chip"; VariantName = "[No Variations]"
Add component (AddParameter): Name = "JESD-609 Code"; Value = "e3"; VariantName = "[No Variations]"
Add component (AddParameter): Name = "Manufacturer"; Value = "Vishay"; VariantName = "[No Variations]"
Add component (AddParameter): Name = "Manufacturer Part Number"; Value = "CRCW06030000Z0EA"; VariantName = "[No Variations]"
Add component (AddParameter): Name = "Max Operating Temperature"; Value = "155°C"; VariantName = "[No Variations]"
Add component (AddParameter): Name = "Min Operating Temperature"; Value = "-55°C"; VariantName = "[No Variations]"
Add component (AddParameter): Name = "Mounting Technology"; Value = "Surface Mount"; VariantName = "[No Variations]"
Add component (AddParameter): Name = "Package Height"; Value = "0.45mm"; VariantName = "[No Variations]"
Add component (AddParameter): Name = "Package Length"; Value = "1.55mm"; VariantName = "[No Variations]"
Add component (AddParameter): Name = "Package Shape"; Value = "Rectangular"; VariantName = "[No Variations]"
Add component (AddParameter): Name = "Package Width"; Value = "0.85mm"; VariantName = "[No Variations]"
Add component (AddParameter): Name = "Packaging"; Value = "Tape and Reel"; VariantName = "[No Variations]"
Add component (AddParameter): Name = "Pins"; Value = "2"; VariantName = "[No Variations]"
Add component (AddParameter): Name = "Power"; Value = "100mW"; VariantName = "[No Variations]"
Add component (AddParameter): Name = "Pricing"; Value = "1=0.1, 10=0.028, 25=0.0216, 50=0.0164, 100=0.0115, 250=0.00928, 500=0.00742, 1000=0.00546, 5000=0.00501, 10000=0.00434, 15000=0.004, 25000=0.00362, 35000=0.00339, 50000=0.00318, 125000=0.0027, 250000=0.0025 (USD)"; VariantName = "[No Variations]"
Add component (AddParameter): Name = "Rated Temperature"; Value = "70°C"; VariantName = "[No Variations]"
Add component (AddParameter): Name = "Reach SVHC Compliant"; Value = "Yes"; VariantName = "[No Variations]"
Add component (AddParameter): Name = "Reference Standard"; Value = "AEC-Q200"; VariantName = "[No Variations]"
Add component (AddParameter): Name = "Resistance"; Value = "0"; VariantName = "[No Variations]"
Add component (AddParameter): Name = "Resistor Type"; Value = "FIXED RESISTOR"; VariantName = "[No Variations]"
Add component (AddParameter): Name = "RoHS"; Value = "Yes"; VariantName = "[No Variations]"
Add component (AddParameter): Name = "RoHS Compliant"; Value = "Yes"; VariantName = "[No Variations]"
Add component (AddParameter): Name = "Stock"; Value = "1285178"; VariantName = "[No Variations]"
Add component (AddParameter): Name = "Supplier"; Value = "Digikey"; VariantName = "[No Variations]"
Add component (AddParameter): Name = "Supplier Part Number"; Value = "541-0.0GCT-ND"; VariantName = "[No Variations]"
Add component (AddParameter): Name = "Technology"; Value = "METAL GLAZE/THICK FILM"; VariantName = "[No Variations]"
Add component (AddParameter): Name = "Terminal Finish"; Value = "Nickel"; VariantName = "[No Variations]"
Add component (AddParameter): Name = "Termination"; Value = "Wraparound"; VariantName = "[No Variations]"
Added Component: Designator=U1(FP-SOT23-5LD-PL-1-MFG)
Add component (AddParameter): Name = "Accuracy Percentage"; Value = "1%"; VariantName = "[No Variations]"
Add component (AddParameter): Name = "Ambient Temperature Range High"; Value = "+125°C"; VariantName = "[No Variations]"
Add component (AddParameter): Name = "Ambient Temperature Range Low"; Value = "-40°C"; VariantName = "[No Variations]"
Add component (AddParameter): Name = "Automotive"; Value = "No"; VariantName = "[No Variations]"
Add component (AddParameter): Name = "Category"; Value = "IC"; VariantName = "[No Variations]"
Add component (AddParameter): Name = "ComponentLink2Description"; Value = "Datasheet"; VariantName = "[No Variations]"
Add component (AddParameter): Name = "ComponentLink2URL"; Value = "http://ww1.microchip.com/downloads/en/DeviceDoc/MIC5219-500mA-Peak-Output-LDO-Regulator-DS20006021A.pdf"; VariantName = "[No Variations]"
Add component (AddParameter): Name = "Device Class L1"; Value = "Integrated Circuits (ICs)"; VariantName = "[No Variations]"
Add component (AddParameter): Name = "Device Class L2"; Value = "Power Management ICs"; VariantName = "[No Variations]"
Add component (AddParameter): Name = "Device Class L3"; Value = "Voltage Regulators - Linear"; VariantName = "[No Variations]"
Add component (AddParameter): Name = "Digikey Description"; Value = "IC REG LINEAR 5V 500MA SOT23-5"; VariantName = "[No Variations]"
Add component (AddParameter): Name = "Dropout Voltage"; Value = "350mV"; VariantName = "[No Variations]"
Add component (AddParameter): Name = "Height"; Value = "1.45mm"; VariantName = "[No Variations]"
Add component (AddParameter): Name = "Lead Free"; Value = "Yes"; VariantName = "[No Variations]"
Add component (AddParameter): Name = "Manufacturer"; Value = "Microchip Technology"; VariantName = "[No Variations]"
Add component (AddParameter): Name = "Manufacturer Part Number"; Value = "MIC5219-5.0YM5-TR"; VariantName = "[No Variations]"
Add component (AddParameter): Name = "Max Junction Temp"; Value = "+125°C"; VariantName = "[No Variations]"
Add component (AddParameter): Name = "Max Supply Voltage"; Value = "12V"; VariantName = "[No Variations]"
Add component (AddParameter): Name = "Min Supply Voltage"; Value = "2.5V"; VariantName = "[No Variations]"
Add component (AddParameter): Name = "Mouser Description"; Value = "IC REG LINEAR 5V 500MA SOT23-5"; VariantName = "[No Variations]"
Add component (AddParameter): Name = "Nominal Supply Current"; Value = "80-12000uA"; VariantName = "[No Variations]"
Add component (AddParameter): Name = "Number Of Outputs"; Value = "1"; VariantName = "[No Variations]"
Add component (AddParameter): Name = "Octopart"; Value = "https://octopart.com/mic5219-5.0ym5-tr-microchip-66802269"; VariantName = "[No Variations]"
Add component (AddParameter): Name = "Output Current"; Value = "500mA"; VariantName = "[No Variations]"
Add component (AddParameter): Name = "Output Type"; Value = "Fixed"; VariantName = "[No Variations]"
Add component (AddParameter): Name = "Output Voltage"; Value = "5V"; VariantName = "[No Variations]"
Add component (AddParameter): Name = "Package"; Value = "SOT23-5LD-PL-1"; VariantName = "[No Variations]"
Add component (AddParameter): Name = "RoHS"; Value = "TRUE"; VariantName = "[No Variations]"
Add component (AddParameter): Name = "Standoff Height"; Value = "0mm"; VariantName = "[No Variations]"
Add component (AddParameter): Name = "Temperature"; Value = "-40°C to +125°C"; VariantName = "[No Variations]"
Add component (AddParameter): Name = "Temperature Range High"; Value = "+125°C"; VariantName = "[No Variations]"
Add component (AddParameter): Name = "Temperature Range Low"; Value = "-40°C"; VariantName = "[No Variations]"
Added Component: Designator=USB(FP-2171790001-MFG)
Add component (AddParameter): Name = "Contact Material"; Value = "Gold, Nickel"; VariantName = "[No Variations]"
Add component (AddParameter): Name = "Current Rating"; Value = "1.25A"; VariantName = "[No Variations]"
Add component (AddParameter): Name = "Gender"; Value = "Receptacle"; VariantName = "[No Variations]"
Add component (AddParameter): Name = "Height"; Value = "3.36mm"; VariantName = "[No Variations]"
Add component (AddParameter): Name = "Max Operating Temperature"; Value = "85°C"; VariantName = "[No Variations]"
Add component (AddParameter): Name = "Min Operating Temperature"; Value = "-40°C"; VariantName = "[No Variations]"
Add component (AddParameter): Name = "NexarPartId"; Value = "117190526"; VariantName = "[No Variations]"
Add component (AddParameter): Name = "Number of Contacts"; Value = "16"; VariantName = "[No Variations]"
Add component (AddParameter): Name = "USB Standard"; Value = "USB 2.0"; VariantName = "[No Variations]"
Add component (AddParameter): Name = "Voltage Rating"; Value = "30V"; VariantName = "[No Variations]"
Added Component: Designator=Y1(FP-ABM7-MFG)
Add component (AddParameter): Name = "Case/Package"; Value = "CSMD"; VariantName = "[No Variations]"
Add component (AddParameter): Name = "Depth"; Value = "3.5mm"; VariantName = "[No Variations]"
Add component (AddParameter): Name = "ESR (Equivalent Series Resistance)"; Value = "50R"; VariantName = "[No Variations]"
Add component (AddParameter): Name = "Frequency"; Value = "16MHz"; VariantName = "[No Variations]"
Add component (AddParameter): Name = "Frequency Stability"; Value = "30ppm"; VariantName = "[No Variations]"
Add component (AddParameter): Name = "Frequency Tolerance"; Value = "20ppm"; VariantName = "[No Variations]"
Add component (AddParameter): Name = "Height"; Value = "0.055inch"; VariantName = "[No Variations]"
Add component (AddParameter): Name = "Lead Free"; Value = "Lead Free"; VariantName = "[No Variations]"
Add component (AddParameter): Name = "Length"; Value = "6mm"; VariantName = "[No Variations]"
Add component (AddParameter): Name = "Load Capacitance"; Value = "18pF"; VariantName = "[No Variations]"
Add component (AddParameter): Name = "Max Operating Temperature"; Value = "85°C"; VariantName = "[No Variations]"
Add component (AddParameter): Name = "Min Operating Temperature"; Value = "-40°C"; VariantName = "[No Variations]"
Add component (AddParameter): Name = "Mount"; Value = "Surface Mount"; VariantName = "[No Variations]"
Add component (AddParameter): Name = "Number of Pins"; Value = "2"; VariantName = "[No Variations]"
Add component (AddParameter): Name = "Operating Frequency"; Value = "16 MHz"; VariantName = "[No Variations]"
Add component (AddParameter): Name = "Package Quantity"; Value = "1000"; VariantName = "[No Variations]"
Add component (AddParameter): Name = "Packaging"; Value = "Tape and Reel"; VariantName = "[No Variations]"
Add component (AddParameter): Name = "Radiation Hardening"; Value = "No"; VariantName = "[No Variations]"
Add component (AddParameter): Name = "Resistor Type"; Value = "Ceramic"; VariantName = "[No Variations]"
Add component (AddParameter): Name = "Series"; Value = "ABM7"; VariantName = "[No Variations]"
Add component (AddParameter): Name = "Termination"; Value = "SMD/SMT"; VariantName = "[No Variations]"
Add component (AddParameter): Name = "Tolerance"; Value = "20ppm"; VariantName = "[No Variations]"
Add component (AddParameter): Name = "Width"; Value = "3.3mm"; VariantName = "[No Variations]"
Added Pin To Net: NetName=A0 Pin=JP6-10
Added Pin To Net: NetName=A0 Pin=U2-36
Added Net: Name=A0
Added Pin To Net: NetName=A1 Pin=JP6-9
Added Pin To Net: NetName=A1 Pin=U2-37
Added Net: Name=A1
Added Pin To Net: NetName=A2 Pin=JP6-8
Added Pin To Net: NetName=A2 Pin=U2-38
Added Net: Name=A2
Added Pin To Net: NetName=A3 Pin=JP6-7
Added Pin To Net: NetName=A3 Pin=U2-39
Added Net: Name=A3
Added Pin To Net: NetName=A4 Pin=JP6-6
Added Pin To Net: NetName=A4 Pin=U2-40
Added Net: Name=A4
Added Pin To Net: NetName=A5 Pin=JP6-5
Added Pin To Net: NetName=A5 Pin=U2-41
Added Net: Name=A5
Added Pin To Net: NetName=D2 Pin=JP7-11
Added Pin To Net: NetName=D2 Pin=U2-19
Added Net: Name=D2
Added Pin To Net: NetName=D3 Pin=JP7-10
Added Pin To Net: NetName=D3 Pin=U2-18
Added Net: Name=D3
Added Pin To Net: NetName=D4 Pin=JP7-9
Added Pin To Net: NetName=D4 Pin=U2-25
Added Net: Name=D4
Added Pin To Net: NetName=D5 Pin=JP7-8
Added Pin To Net: NetName=D5 Pin=U2-31
Added Net: Name=D5
Added Pin To Net: NetName=D6 Pin=JP7-7
Added Pin To Net: NetName=D6 Pin=U2-27
Added Net: Name=D6
Added Pin To Net: NetName=D7 Pin=JP7-6
Added Pin To Net: NetName=D7 Pin=U2-1
Added Net: Name=D7
Added Pin To Net: NetName=D8 Pin=JP7-5
Added Pin To Net: NetName=D8 Pin=U2-28
Added Net: Name=D8
Added Pin To Net: NetName=D9 Pin=JP7-4
Added Pin To Net: NetName=D9 Pin=U2-29
Added Net: Name=D9
Added Pin To Net: NetName=D10 Pin=JP7-3
Added Pin To Net: NetName=D10 Pin=U2-30
Added Net: Name=D10
Added Pin To Net: NetName=D11 Pin=JP7-2
Added Pin To Net: NetName=D11 Pin=U2-12
Added Net: Name=D11
Added Pin To Net: NetName=D12 Pin=JP7-1
Added Pin To Net: NetName=D12 Pin=U2-26
Added Net: Name=D12
Added Pin To Net: NetName=D13 Pin=JP6-14
Added Pin To Net: NetName=D13 Pin=U2-32
Added Net: Name=D13
Added Pin To Net: NetName=D17 Pin=R6-1
Added Pin To Net: NetName=D17 Pin=U2-8
Added Net: Name=D17
Added Pin To Net: NetName=D+ Pin=R5-2
Added Pin To Net: NetName=D+ Pin=U2-3
Added Net: Name=D+
Added Pin To Net: NetName=D- Pin=R7-2
Added Pin To Net: NetName=D- Pin=U2-4
Added Net: Name=D-
Added Pin To Net: NetName=GND Pin=C1-1
Added Pin To Net: NetName=GND Pin=C2-1
Added Pin To Net: NetName=GND Pin=C3-1
Added Pin To Net: NetName=GND Pin=C4-1
Added Pin To Net: NetName=GND Pin=C5-1
Added Pin To Net: NetName=GND Pin=C6-1
Added Pin To Net: NetName=GND Pin=C7-1
Added Pin To Net: NetName=GND Pin=C8-1
Added Pin To Net: NetName=GND Pin=C9-1
Added Pin To Net: NetName=GND Pin=D1-1
Added Pin To Net: NetName=GND Pin=JP6-2
Added Pin To Net: NetName=GND Pin=JP7-12
Added Pin To Net: NetName=GND Pin=R8-2
Added Pin To Net: NetName=GND Pin=U1-2
Added Pin To Net: NetName=GND Pin=U2-5
Added Pin To Net: NetName=GND Pin=U2-15
Added Pin To Net: NetName=GND Pin=U2-23
Added Pin To Net: NetName=GND Pin=U2-35
Added Pin To Net: NetName=GND Pin=U2-43
Added Pin To Net: NetName=GND Pin=USB-A1-B12
Added Pin To Net: NetName=GND Pin=USB-B1-A12
Added Net: Name=GND
Added Pin To Net: NetName=MISO Pin=JP6-12
Added Pin To Net: NetName=MISO Pin=U2-11
Added Net: Name=MISO
Added Pin To Net: NetName=MOSI Pin=JP6-13
Added Pin To Net: NetName=MOSI Pin=U2-10
Added Net: Name=MOSI
Added Pin To Net: NetName=NetC2_2 Pin=C2-2
Added Pin To Net: NetName=NetC2_2 Pin=C3-2
Added Pin To Net: NetName=NetC2_2 Pin=C4-2
Added Pin To Net: NetName=NetC2_2 Pin=R1-2
Added Pin To Net: NetName=NetC2_2 Pin=R2-2
Added Pin To Net: NetName=NetC2_2 Pin=U1-5
Added Net: Name=NetC2_2
Added Pin To Net: NetName=NetC5_2 Pin=C5-2
Added Pin To Net: NetName=NetC5_2 Pin=U2-42
Added Net: Name=NetC5_2
Added Pin To Net: NetName=NetC6_2 Pin=C6-2
Added Pin To Net: NetName=NetC6_2 Pin=U2-6
Added Net: Name=NetC6_2
Added Pin To Net: NetName=NetC8_2 Pin=C8-2
Added Pin To Net: NetName=NetC8_2 Pin=U2-16
Added Pin To Net: NetName=NetC8_2 Pin=Y1-1
Added Net: Name=NetC8_2
Added Pin To Net: NetName=NetC9_2 Pin=C9-2
Added Pin To Net: NetName=NetC9_2 Pin=U2-17
Added Pin To Net: NetName=NetC9_2 Pin=Y1-2
Added Net: Name=NetC9_2
Added Pin To Net: NetName=NetD1_2 Pin=D1-2
Added Pin To Net: NetName=NetD1_2 Pin=R2-1
Added Net: Name=NetD1_2
Added Pin To Net: NetName=NetD2_2 Pin=D2-2
Added Pin To Net: NetName=NetD2_2 Pin=F1-2
Added Pin To Net: NetName=NetD2_2 Pin=R1-1
Added Net: Name=NetD2_2
Added Pin To Net: NetName=NetD3_1 Pin=D3-1
Added Pin To Net: NetName=NetD3_1 Pin=R3-2
Added Net: Name=NetD3_1
Added Pin To Net: NetName=NetD4_1 Pin=D4-1
Added Pin To Net: NetName=NetD4_1 Pin=R6-2
Added Net: Name=NetD4_1
Added Pin To Net: NetName=NetR3_1 Pin=R3-1
Added Pin To Net: NetName=NetR3_1 Pin=U2-22
Added Net: Name=NetR3_1
Added Pin To Net: NetName=NetR5_1 Pin=R5-1
Added Pin To Net: NetName=NetR5_1 Pin=USB-A6
Added Pin To Net: NetName=NetR5_1 Pin=USB-B6
Added Net: Name=NetR5_1
Added Pin To Net: NetName=NetR7_1 Pin=R7-1
Added Pin To Net: NetName=NetR7_1 Pin=USB-A7
Added Pin To Net: NetName=NetR7_1 Pin=USB-B7
Added Net: Name=NetR7_1
Added Pin To Net: NetName=NetR8_1 Pin=R8-1
Added Pin To Net: NetName=NetR8_1 Pin=U2-33
Added Net: Name=NetR8_1
Added Pin To Net: NetName=RAW Pin=C1-2
Added Pin To Net: NetName=RAW Pin=D2-1
Added Pin To Net: NetName=RAW Pin=JP6-1
Added Pin To Net: NetName=RAW Pin=U1-1
Added Pin To Net: NetName=RAW Pin=U1-3
Added Net: Name=RAW
Added Pin To Net: NetName=RESET Pin=JP6-3
Added Pin To Net: NetName=RESET Pin=R4-2
Added Pin To Net: NetName=RESET Pin=U2-13
Added Net: Name=RESET
Added Pin To Net: NetName=RXI Pin=JP7-13
Added Pin To Net: NetName=RXI Pin=U2-20
Added Net: Name=RXI
Added Pin To Net: NetName=SCK Pin=JP6-11
Added Pin To Net: NetName=SCK Pin=U2-9
Added Net: Name=SCK
Added Pin To Net: NetName=SHIELD Pin=USB-1
Added Pin To Net: NetName=SHIELD Pin=USB-2
Added Pin To Net: NetName=SHIELD Pin=USB-3
Added Pin To Net: NetName=SHIELD Pin=USB-4
Added Net: Name=SHIELD
Added Pin To Net: NetName=TXO Pin=JP7-14
Added Pin To Net: NetName=TXO Pin=U2-21
Added Net: Name=TXO
Added Pin To Net: NetName=UVCC Pin=C7-2
Added Pin To Net: NetName=UVCC Pin=F1-1
Added Pin To Net: NetName=UVCC Pin=U2-2
Added Pin To Net: NetName=UVCC Pin=U2-7
Added Pin To Net: NetName=UVCC Pin=USB-A4-B9
Added Pin To Net: NetName=UVCC Pin=USB-B4-A9
Added Net: Name=UVCC
Added Pin To Net: NetName=VCC Pin=D3-2
Added Pin To Net: NetName=VCC Pin=D4-2
Added Pin To Net: NetName=VCC Pin=JP6-4
Added Pin To Net: NetName=VCC Pin=R4-1
Added Pin To Net: NetName=VCC Pin=U2-14
Added Pin To Net: NetName=VCC Pin=U2-24
Added Pin To Net: NetName=VCC Pin=U2-34
Added Pin To Net: NetName=VCC Pin=U2-44
Added Net: Name=VCC
Added Member To Class: ClassName=uproc_main Member=Component C1 CAP GENERIC 0603
Added Member To Class: ClassName=uproc_main Member=Component C2 CAP GENERIC 0603
Added Member To Class: ClassName=uproc_main Member=Component C3 CAP GENERIC 0603
Added Member To Class: ClassName=uproc_main Member=Component C4 CAP GENERIC 0603
Added Member To Class: ClassName=uproc_main Member=Component C5 CAP GENERIC 0603
Added Member To Class: ClassName=uproc_main Member=Component C6 CAP GENERIC 0603
Added Member To Class: ClassName=uproc_main Member=Component C7 CAP GENERIC 0603
Added Member To Class: ClassName=uproc_main Member=Component C8 CAP GENERIC 0603
Added Member To Class: ClassName=uproc_main Member=Component C9 CAP GENERIC 0603
Added Member To Class: ClassName=uproc_main Member=Component D1 Red
Added Member To Class: ClassName=uproc_main Member=Component D2 1N5819HW-7-F
Added Member To Class: ClassName=uproc_main Member=Component D3 Green
Added Member To Class: ClassName=uproc_main Member=Component D4 Yellow
Added Member To Class: ClassName=uproc_main Member=Component F1 0805L050WR
Added Member To Class: ClassName=uproc_main Member=Component JP6 22-28-4146
Added Member To Class: ClassName=uproc_main Member=Component JP7 22-28-4146
Added Member To Class: ClassName=uproc_main Member=Component R1 0
Added Member To Class: ClassName=uproc_main Member=Component R2 GENERIC 0603 RESISTOR
Added Member To Class: ClassName=uproc_main Member=Component R3 GENERIC 0603 RESISTOR
Added Member To Class: ClassName=uproc_main Member=Component R4 GENERIC 0603 RESISTOR
Added Member To Class: ClassName=uproc_main Member=Component R5 GENERIC 0603 RESISTOR
Added Member To Class: ClassName=uproc_main Member=Component R6 GENERIC 0603 RESISTOR
Added Member To Class: ClassName=uproc_main Member=Component R7 GENERIC 0603 RESISTOR
Added Member To Class: ClassName=uproc_main Member=Component R8 0
Added Member To Class: ClassName=uproc_main Member=Component U1 MIC5219-5.0YM5-TR
Added Member To Class: ClassName=uproc_main Member=Component USB 217179-0001
Added Member To Class: ClassName=uproc_main Member=Component Y1 ABM7-16.000MHZ-D2Y-T
Added Rule: Name=Schematic Supply Nets
Added Rule: Name=Schematic Supply Nets_1
Added Rule: Name=Schematic Supply Nets_2
Added Rule: Name=Schematic Supply Nets_3
