ISO-10303-21;
HEADER;
FILE_DESCRIPTION (( 'STEP AP214' ),
    '1' );
FILE_NAME ('Bottom_Enclosure.STEP',
    '2025-10-12T00:55:41',
    ( '' ),
    ( '' ),
    'SwSTEP 2.0',
    'SolidWorks 2025',
    '' );
FILE_SCHEMA (( 'AUTOMOTIVE_DESIGN' ));
ENDSEC;

DATA;
#1 = DIRECTION ( 'NONE',  ( -0.000000000000000000, 0.000000000000000000, 1.000000000000000000 ) ) ;
#2 = CARTESIAN_POINT ( 'NONE',  ( -16.96496222574226209, -25.22129294843106706, 3.292323440001584611 ) ) ;
#3 = EDGE_CURVE ( 'NONE', #1641, #585, #1822, .T. ) ;
#4 = AXIS2_PLACEMENT_3D ( 'NONE', #2289, #139, #1791 ) ;
#5 = LINE ( 'NONE', #832, #1403 ) ;
#6 = ORIENTED_EDGE ( 'NONE', *, *, #2286, .F. ) ;
#7 = CYLINDRICAL_SURFACE ( 'NONE', #1336, 2.749999999999995559 ) ;
#8 = FACE_OUTER_BOUND ( 'NONE', #2656, .T. ) ;
#9 = CYLINDRICAL_SURFACE ( 'NONE', #1606, 1.000000000000000888 ) ;
#10 = ORIENTED_EDGE ( 'NONE', *, *, #201, .F. ) ;
#11 = CARTESIAN_POINT ( 'NONE',  ( 16.03503777425773791, -28.97129294843109193, -4.000000000000000000 ) ) ;
#12 = ORIENTED_EDGE ( 'NONE', *, *, #2508, .F. ) ;
#13 = ORIENTED_EDGE ( 'NONE', *, *, #829, .T. ) ;
#14 = CARTESIAN_POINT ( 'NONE',  ( -17.84364188218263436, 27.02870705156890097, -2.500000000000000000 ) ) ;
#15 = CARTESIAN_POINT ( 'NONE',  ( 10.45303777425773362, -25.62529294843109540, 0.000000000000000000 ) ) ;
#16 = DIRECTION ( 'NONE',  ( -0.000000000000000000, -0.000000000000000000, -1.000000000000000000 ) ) ;
#17 = EDGE_LOOP ( 'NONE', ( #752, #493, #3073, #2860 ) ) ;
#18 = ADVANCED_FACE ( 'NONE', ( #3009 ), #843, .T. ) ;
#19 = AXIS2_PLACEMENT_3D ( 'NONE', #1150, #1198, #1865 ) ;
#20 = ORIENTED_EDGE ( 'NONE', *, *, #3, .F. ) ;
#21 = AXIS2_PLACEMENT_3D ( 'NONE', #2413, #498, #1508 ) ;
#22 = CARTESIAN_POINT ( 'NONE',  ( 17.53503777425773791, -18.88893086009724342, -2.378679656440370049 ) ) ;
#23 = DIRECTION ( 'NONE',  ( 0.000000000000000000, 0.000000000000000000, 1.000000000000000000 ) ) ;
#24 = DIRECTION ( 'NONE',  ( 0.000000000000000000, 0.000000000000000000, 1.000000000000000000 ) ) ;
#25 = ORIENTED_EDGE ( 'NONE', *, *, #185, .F. ) ;
#26 = ORIENTED_EDGE ( 'NONE', *, *, #1461, .F. ) ;
#27 = PLANE ( 'NONE',  #1715 ) ;
#28 = ORIENTED_EDGE ( 'NONE', *, *, #2573, .T. ) ;
#29 = VERTEX_POINT ( 'NONE', #2039 ) ;
#30 = CARTESIAN_POINT ( 'NONE',  ( -10.88296222574226668, 25.68270705156890443, 0.000000000000000000 ) ) ;
#31 = FACE_OUTER_BOUND ( 'NONE', #1505, .T. ) ;
#32 = CARTESIAN_POINT ( 'NONE',  ( -16.21496222574229762, 22.52870705156889031, 3.292323440001584611 ) ) ;
#33 = ORIENTED_EDGE ( 'NONE', *, *, #1898, .T. ) ;
#34 = DIRECTION ( 'NONE',  ( 0.000000000000000000, 0.000000000000000000, 1.000000000000000000 ) ) ;
#35 = EDGE_LOOP ( 'NONE', ( #28, #3023 ) ) ;
#36 = EDGE_CURVE ( 'NONE', #2571, #2102, #544, .T. ) ;
#37 = DIRECTION ( 'NONE',  ( 1.000000000000000000, 0.000000000000000000, 0.000000000000000000 ) ) ;
#38 = AXIS2_PLACEMENT_3D ( 'NONE', #1034, #2213, #1532 ) ;
#39 = CARTESIAN_POINT ( 'NONE',  ( -10.88296222574226668, -25.62529294843109184, 0.000000000000000000 ) ) ;
#40 = DIRECTION ( 'NONE',  ( 0.000000000000000000, -1.000000000000000000, 0.000000000000000000 ) ) ;
#41 = VERTEX_POINT ( 'NONE', #2768 ) ;
#42 = AXIS2_PLACEMENT_3D ( 'NONE', #1928, #1763, #1686 ) ;
#43 = EDGE_CURVE ( 'NONE', #1738, #2530, #2784, .T. ) ;
#44 = EDGE_LOOP ( 'NONE', ( #1972, #2474 ) ) ;
#45 = DIRECTION ( 'NONE',  ( -0.000000000000000000, -0.000000000000000000, -1.000000000000000000 ) ) ;
#46 = EDGE_LOOP ( 'NONE', ( #2728, #1931, #3056, #885 ) ) ;
#47 = CARTESIAN_POINT ( 'NONE',  ( -16.21496222574229051, -19.72129294843107417, -4.002000000000000668 ) ) ;
#48 = DIRECTION ( 'NONE',  ( -0.000000000000000000, 0.000000000000000000, 1.000000000000000000 ) ) ;
#49 = VECTOR ( 'NONE', #622, 1000.000000000000000 ) ;
#50 = PLANE ( 'NONE',  #2904 ) ;
#51 = ORIENTED_EDGE ( 'NONE', *, *, #2714, .T. ) ;
#52 = CARTESIAN_POINT ( 'NONE',  ( -16.46496222574226209, -26.97129294843108838, -4.000000000000000000 ) ) ;
#53 = AXIS2_PLACEMENT_3D ( 'NONE', #1913, #2873, #665 ) ;
#54 = ORIENTED_EDGE ( 'NONE', *, *, #1625, .F. ) ;
#55 = VECTOR ( 'NONE', #2325, 1000.000000000000000 ) ;
#56 = EDGE_CURVE ( 'NONE', #2717, #1254, #646, .T. ) ;
#57 = DIRECTION ( 'NONE',  ( -0.000000000000000000, -0.000000000000000000, -1.000000000000000000 ) ) ;
#58 = CARTESIAN_POINT ( 'NONE',  ( 16.03503777425773791, -29.97129294843108838, 3.292323440001584611 ) ) ;
#59 = ORIENTED_EDGE ( 'NONE', *, *, #551, .T. ) ;
#60 = EDGE_CURVE ( 'NONE', #1298, #711, #2404, .T. ) ;
#61 = ORIENTED_EDGE ( 'NONE', *, *, #1477, .F. ) ;
#62 = DIRECTION ( 'NONE',  ( -1.000000000000000000, 1.889896820699124017E-15, -0.000000000000000000 ) ) ;
#63 = ORIENTED_EDGE ( 'NONE', *, *, #1114, .F. ) ;
#64 = ORIENTED_EDGE ( 'NONE', *, *, #1474, .T. ) ;
#65 = DIRECTION ( 'NONE',  ( 1.000000000000000000, 0.000000000000000000, 0.000000000000000000 ) ) ;
#66 = LINE ( 'NONE', #1706, #2050 ) ;
#67 = FACE_OUTER_BOUND ( 'NONE', #455, .T. ) ;
#68 = CARTESIAN_POINT ( 'NONE',  ( 10.45303777425773362, 25.68270705156890443, 0.000000000000000000 ) ) ;
#69 = VERTEX_POINT ( 'NONE', #827 ) ;
#70 = CARTESIAN_POINT ( 'NONE',  ( 16.03503777425773791, -26.97129294843108838, -4.000000000000000000 ) ) ;
#71 = AXIS2_PLACEMENT_3D ( 'NONE', #2735, #811, #1737 ) ;
#72 = ORIENTED_EDGE ( 'NONE', *, *, #824, .F. ) ;
#73 = PLANE ( 'NONE',  #2556 ) ;
#74 = DIRECTION ( 'NONE',  ( -1.000000000000000000, 0.000000000000000000, 0.000000000000000000 ) ) ;
#75 = DIRECTION ( 'NONE',  ( -0.000000000000000000, -0.000000000000000000, -1.000000000000000000 ) ) ;
#76 = EDGE_LOOP ( 'NONE', ( #2958, #2506 ) ) ;
#77 = ORIENTED_EDGE ( 'NONE', *, *, #2590, .F. ) ;
#78 = DIRECTION ( 'NONE',  ( 0.000000000000000000, 0.000000000000000000, 1.000000000000000000 ) ) ;
#79 = EDGE_LOOP ( 'NONE', ( #1141, #1245 ) ) ;
#80 = EDGE_CURVE ( 'NONE', #3016, #2233, #1054, .T. ) ;
#81 = LINE ( 'NONE', #2429, #237 ) ;
#82 = CARTESIAN_POINT ( 'NONE',  ( -10.88296222574226668, -25.62529294843109184, -2.500000000000000000 ) ) ;
#83 = DIRECTION ( 'NONE',  ( -0.000000000000000000, -0.000000000000000000, -1.000000000000000000 ) ) ;
#84 = VERTEX_POINT ( 'NONE', #1807 ) ;
#85 = FACE_OUTER_BOUND ( 'NONE', #2789, .T. ) ;
#86 = EDGE_CURVE ( 'NONE', #1270, #1294, #605, .T. ) ;
#87 = ORIENTED_EDGE ( 'NONE', *, *, #3018, .F. ) ;
#88 = DIRECTION ( 'NONE',  ( -0.000000000000000000, -0.000000000000000000, -1.000000000000000000 ) ) ;
#89 = CARTESIAN_POINT ( 'NONE',  ( -16.46496222574226920, 27.02870705156890097, 3.292323440001584611 ) ) ;
#90 = DIRECTION ( 'NONE',  ( -0.000000000000000000, -0.000000000000000000, -1.000000000000000000 ) ) ;
#91 = VERTEX_POINT ( 'NONE', #2273 ) ;
#92 = PLANE ( 'NONE',  #654 ) ;
#93 = AXIS2_PLACEMENT_3D ( 'NONE', #1604, #1548, #2777 ) ;
#94 = ORIENTED_EDGE ( 'NONE', *, *, #1709, .F. ) ;
#95 = ORIENTED_EDGE ( 'NONE', *, *, #1125, .T. ) ;
#96 = FACE_OUTER_BOUND ( 'NONE', #772, .T. ) ;
#97 = CARTESIAN_POINT ( 'NONE',  ( -13.46496222574226920, -22.47129294843110969, -4.002000000000000668 ) ) ;
#98 = VECTOR ( 'NONE', #334, 1000.000000000000000 ) ;
#99 = EDGE_CURVE ( 'NONE', #1523, #2616, #2532, .T. ) ;
#100 = LINE ( 'NONE', #309, #734 ) ;
#101 = AXIS2_PLACEMENT_3D ( 'NONE', #948, #2844, #1914 ) ;
#102 = VECTOR ( 'NONE', #2802, 1000.000000000000000 ) ;
#103 = ORIENTED_EDGE ( 'NONE', *, *, #1862, .F. ) ;
#104 = VERTEX_POINT ( 'NONE', #371 ) ;
#105 = VECTOR ( 'NONE', #2316, 1000.000000000000000 ) ;
#106 = AXIS2_PLACEMENT_3D ( 'NONE', #1589, #1364, #425 ) ;
#107 = DIRECTION ( 'NONE',  ( -1.000000000000000000, 0.000000000000000000, 0.000000000000000000 ) ) ;
#108 = LINE ( 'NONE', #1583, #1040 ) ;
#109 = CARTESIAN_POINT ( 'NONE',  ( 15.78503777425776988, 25.27870705156888320, -4.002000000000000668 ) ) ;
#110 = ORIENTED_EDGE ( 'NONE', *, *, #128, .T. ) ;
#111 = ORIENTED_EDGE ( 'NONE', *, *, #949, .F. ) ;
#112 = DIRECTION ( 'NONE',  ( 1.000000000000000000, 0.000000000000000000, 0.000000000000000000 ) ) ;
#113 = CARTESIAN_POINT ( 'NONE',  ( -10.88296222574226668, 25.68270705156890443, 0.000000000000000000 ) ) ;
#114 = CARTESIAN_POINT ( 'NONE',  ( 16.97437760247792227, -26.97129294843108838, -2.939339828220178141 ) ) ;
#115 = ORIENTED_EDGE ( 'NONE', *, *, #1660, .T. ) ;
#116 = FACE_OUTER_BOUND ( 'NONE', #2638, .T. ) ;
#117 = ORIENTED_EDGE ( 'NONE', *, *, #2760, .T. ) ;
#118 = EDGE_CURVE ( 'NONE', #1340, #801, #1120, .T. ) ;
#119 = AXIS2_PLACEMENT_3D ( 'NONE', #690, #2869, #2378 ) ;
#120 = CARTESIAN_POINT ( 'NONE',  ( 15.78503777425775390, -25.22129294843106706, 3.292323440001584611 ) ) ;
#121 = CARTESIAN_POINT ( 'NONE',  ( -11.83296222574226597, -25.62529294843109184, 0.000000000000000000 ) ) ;
#122 = VECTOR ( 'NONE', #2531, 1000.000000000000000 ) ;
#123 = DIRECTION ( 'NONE',  ( 1.000000000000000000, -1.156482317317871725E-15, 0.000000000000000000 ) ) ;
#124 = DIRECTION ( 'NONE',  ( 1.000000000000000000, 0.000000000000000000, 0.000000000000000000 ) ) ;
#125 = ORIENTED_EDGE ( 'NONE', *, *, #908, .F. ) ;
#126 = CARTESIAN_POINT ( 'NONE',  ( -16.46496222574226920, 30.02870705156890097, -3.000000000000006217 ) ) ;
#127 = CARTESIAN_POINT ( 'NONE',  ( 0.000000000000000000, 0.000000000000000000, -4.000000000000000000 ) ) ;
#128 = EDGE_CURVE ( 'NONE', #3069, #2643, #2464, .T. ) ;
#129 = CARTESIAN_POINT ( 'NONE',  ( -16.21496222574229762, 22.52870705156889031, -3.000000000000002665 ) ) ;
#130 = ORIENTED_EDGE ( 'NONE', *, *, #170, .T. ) ;
#131 = DIRECTION ( 'NONE',  ( -2.409338161078898687E-16, 0.000000000000000000, 1.000000000000000000 ) ) ;
#132 = ORIENTED_EDGE ( 'NONE', *, *, #460, .F. ) ;
#133 = EDGE_CURVE ( 'NONE', #1618, #3102, #2752, .T. ) ;
#134 = CARTESIAN_POINT ( 'NONE',  ( -16.21496222574229762, 22.52870705156889031, -4.002000000000000668 ) ) ;
#135 = EDGE_CURVE ( 'NONE', #2616, #3016, #1356, .T. ) ;
#136 = CARTESIAN_POINT ( 'NONE',  ( -16.46496222574226920, 27.02870705156890097, -2.500000000000000000 ) ) ;
#137 = AXIS2_PLACEMENT_3D ( 'NONE', #637, #2044, #2801 ) ;
#138 = CARTESIAN_POINT ( 'NONE',  ( -16.21496222574229762, 25.27870705156888320, 3.292323440001584611 ) ) ;
#139 = DIRECTION ( 'NONE',  ( -0.000000000000000000, -0.000000000000000000, -1.000000000000000000 ) ) ;
#140 = ORIENTED_EDGE ( 'NONE', *, *, #1113, .F. ) ;
#141 = EDGE_CURVE ( 'NONE', #2811, #2673, #2355, .T. ) ;
#142 = CARTESIAN_POINT ( 'NONE',  ( -16.46496222574226920, 28.40738670800926258, -2.500000000000000000 ) ) ;
#143 = LINE ( 'NONE', #2787, #2089 ) ;
#144 = DIRECTION ( 'NONE',  ( -0.000000000000000000, -0.000000000000000000, 1.000000000000000000 ) ) ;
#145 = CARTESIAN_POINT ( 'NONE',  ( -10.88296222574226668, 25.68270705156890443, 0.000000000000000000 ) ) ;
#146 = ORIENTED_EDGE ( 'NONE', *, *, #951, .T. ) ;
#147 = CYLINDRICAL_SURFACE ( 'NONE', #2248, 0.9500000000000029532 ) ;
#148 = AXIS2_PLACEMENT_3D ( 'NONE', #500, #1472, #2014 ) ;
#149 = VECTOR ( 'NONE', #2209, 1000.000000000000000 ) ;
#150 = AXIS2_PLACEMENT_3D ( 'NONE', #1733, #2460, #1753 ) ;
#151 = CARTESIAN_POINT ( 'NONE',  ( 16.03503777425773791, 29.02870705156891518, -4.000000000000000000 ) ) ;
#152 = ORIENTED_EDGE ( 'NONE', *, *, #489, .T. ) ;
#153 = FACE_OUTER_BOUND ( 'NONE', #250, .T. ) ;
#154 = EDGE_LOOP ( 'NONE', ( #1018, #1257, #1177, #1736 ) ) ;
#155 = ORIENTED_EDGE ( 'NONE', *, *, #1058, .F. ) ;
#156 = LINE ( 'NONE', #2243, #1246 ) ;
#157 = EDGE_CURVE ( 'NONE', #2719, #313, #1370, .T. ) ;
#158 = VECTOR ( 'NONE', #2131, 1000.000000000000000 ) ;
#159 = DIRECTION ( 'NONE',  ( 0.000000000000000000, 0.000000000000000000, 1.000000000000000000 ) ) ;
#160 = CARTESIAN_POINT ( 'NONE',  ( 17.97437760247791161, 27.02870705156891162, -1.939339828220185691 ) ) ;
#161 = CARTESIAN_POINT ( 'NONE',  ( 17.49374975392584020, -25.89118113484563466, -2.419967676772263765 ) ) ;
#162 = CARTESIAN_POINT ( 'NONE',  ( 7.285040208365947123, -28.47129294843108482, -0.3076765599984150334 ) ) ;
#163 = DIRECTION ( 'NONE',  ( 0.000000000000000000, 0.000000000000000000, 1.000000000000000000 ) ) ;
#164 = ORIENTED_EDGE ( 'NONE', *, *, #2471, .T. ) ;
#165 = CARTESIAN_POINT ( 'NONE',  ( 17.53503777425773080, 30.02870705156891162, -4.000000000000000000 ) ) ;
#166 = DIRECTION ( 'NONE',  ( 0.000000000000000000, 0.000000000000000000, 1.000000000000000000 ) ) ;
#167 = VERTEX_POINT ( 'NONE', #2080 ) ;
#168 = AXIS2_PLACEMENT_3D ( 'NONE', #1678, #2374, #1175 ) ;
#169 = CARTESIAN_POINT ( 'NONE',  ( -17.96496222574225854, -26.97129294843108838, 3.292323440001584611 ) ) ;
#170 = EDGE_CURVE ( 'NONE', #1270, #919, #2597, .T. ) ;
#171 = VECTOR ( 'NONE', #587, 1000.000000000000000 ) ;
#172 = DIRECTION ( 'NONE',  ( -0.000000000000000000, -0.000000000000000000, 1.000000000000000000 ) ) ;
#173 = EDGE_CURVE ( 'NONE', #2330, #1222, #1651, .T. ) ;
#174 = ORIENTED_EDGE ( 'NONE', *, *, #1747, .T. ) ;
#175 = EDGE_CURVE ( 'NONE', #960, #1298, #940, .T. ) ;
#176 = ADVANCED_FACE ( 'NONE', ( #1866 ), #1891, .T. ) ;
#177 = CARTESIAN_POINT ( 'NONE',  ( 11.40303777425773468, 25.68270705156890443, 0.000000000000000000 ) ) ;
#178 = ORIENTED_EDGE ( 'NONE', *, *, #460, .T. ) ;
#179 = VERTEX_POINT ( 'NONE', #1391 ) ;
#180 = DIRECTION ( 'NONE',  ( -0.000000000000000000, -0.000000000000000000, 1.000000000000000000 ) ) ;
#181 = DIRECTION ( 'NONE',  ( 0.7071067811865469066, 1.226634733346698324E-16, 0.7071067811865482389 ) ) ;
#182 = ORIENTED_EDGE ( 'NONE', *, *, #1803, .F. ) ;
#183 = ORIENTED_EDGE ( 'NONE', *, *, #86, .F. ) ;
#184 = LINE ( 'NONE', #468, #2910 ) ;
#185 = EDGE_CURVE ( 'NONE', #2456, #29, #806, .T. ) ;
#186 = VERTEX_POINT ( 'NONE', #1921 ) ;
#187 = EDGE_CURVE ( 'NONE', #1936, #295, #434, .T. ) ;
#188 = VECTOR ( 'NONE', #1607, 1000.000000000000114 ) ;
#189 = AXIS2_PLACEMENT_3D ( 'NONE', #1337, #2477, #2268 ) ;
#190 = AXIS2_PLACEMENT_3D ( 'NONE', #68, #1277, #779 ) ;
#191 = DIRECTION ( 'NONE',  ( 1.000000000000000000, 0.000000000000000000, 0.000000000000000000 ) ) ;
#192 = DIRECTION ( 'NONE',  ( 0.000000000000000000, 0.000000000000000000, 1.000000000000000000 ) ) ;
#193 = ORIENTED_EDGE ( 'NONE', *, *, #546, .F. ) ;
#194 = DIRECTION ( 'NONE',  ( -0.000000000000000000, -0.000000000000000000, -1.000000000000000000 ) ) ;
#195 = DIRECTION ( 'NONE',  ( -1.000000000000000000, -1.156482317317871971E-16, 0.000000000000000000 ) ) ;
#196 = ORIENTED_EDGE ( 'NONE', *, *, #591, .F. ) ;
#197 = ORIENTED_EDGE ( 'NONE', *, *, #2120, .T. ) ;
#198 = DIRECTION ( 'NONE',  ( 1.911638545475373945E-16, -0.7071067811865469066, -0.7071067811865482389 ) ) ;
#199 = VECTOR ( 'NONE', #2559, 1000.000000000000000 ) ;
#200 = LINE ( 'NONE', #1416, #1305 ) ;
#201 = EDGE_CURVE ( 'NONE', #1426, #1945, #1877, .T. ) ;
#202 = DIRECTION ( 'NONE',  ( 0.000000000000000000, 0.000000000000000000, 1.000000000000000000 ) ) ;
#203 = CARTESIAN_POINT ( 'NONE',  ( 19.03503777425773080, 30.02870705156891162, -3.000000000000006217 ) ) ;
#204 = ORIENTED_EDGE ( 'NONE', *, *, #362, .F. ) ;
#205 = DIRECTION ( 'NONE',  ( 0.000000000000000000, 0.000000000000000000, 1.000000000000000000 ) ) ;
#206 = CIRCLE ( 'NONE', #615, 0.9500000000000029532 ) ;
#207 = PLANE ( 'NONE',  #1601 ) ;
#208 = ORIENTED_EDGE ( 'NONE', *, *, #680, .T. ) ;
#209 = ORIENTED_EDGE ( 'NONE', *, *, #2712, .F. ) ;
#210 = PLANE ( 'NONE',  #997 ) ;
#211 = DIRECTION ( 'NONE',  ( -1.000000000000000000, 0.000000000000000000, 0.000000000000000000 ) ) ;
#212 = AXIS2_PLACEMENT_3D ( 'NONE', #629, #2146, #2129 ) ;
#213 = CARTESIAN_POINT ( 'NONE',  ( -15.26496222574230011, 22.52870705156889031, 3.292323440001584611 ) ) ;
#214 = EDGE_CURVE ( 'NONE', #2643, #3069, #1450, .T. ) ;
#215 = DIRECTION ( 'NONE',  ( 1.156482317317871971E-16, -1.000000000000000000, 0.000000000000000000 ) ) ;
#216 = CARTESIAN_POINT ( 'NONE',  ( 15.78503777425773613, -22.47129294843107417, 3.292323440001584611 ) ) ;
#217 = ORIENTED_EDGE ( 'NONE', *, *, #986, .T. ) ;
#218 = LINE ( 'NONE', #421, #1888 ) ;
#219 = CARTESIAN_POINT ( 'NONE',  ( 17.53503777425773080, 30.02870705156891162, -4.000000000000000000 ) ) ;
#220 = EDGE_CURVE ( 'NONE', #2274, #1641, #714, .T. ) ;
#221 = ORIENTED_EDGE ( 'NONE', *, *, #2112, .F. ) ;
#222 = EDGE_LOOP ( 'NONE', ( #146, #2940 ) ) ;
#223 = CARTESIAN_POINT ( 'NONE',  ( 15.78503777425776100, 19.77870705156889031, -4.002000000000000668 ) ) ;
#224 = CYLINDRICAL_SURFACE ( 'NONE', #2810, 0.9499999999999995115 ) ;
#225 = CIRCLE ( 'NONE', #631, 1.378679656440364498 ) ;
#226 = AXIS2_PLACEMENT_3D ( 'NONE', #575, #144, #375 ) ;
#227 = CARTESIAN_POINT ( 'NONE',  ( -13.46496222574230295, 22.52870705156889031, -2.500000000000000000 ) ) ;
#228 = ORIENTED_EDGE ( 'NONE', *, *, #1862, .T. ) ;
#229 = VECTOR ( 'NONE', #1401, 1000.000000000000000 ) ;
#230 = PLANE ( 'NONE',  #19 ) ;
#231 = CARTESIAN_POINT ( 'NONE',  ( -9.932962225742267393, 25.68270705156890443, 0.000000000000000000 ) ) ;
#232 = ORIENTED_EDGE ( 'NONE', *, *, #2666, .F. ) ;
#233 = CIRCLE ( 'NONE', #641, 2.196648138761197799 ) ;
#234 = FACE_OUTER_BOUND ( 'NONE', #2376, .T. ) ;
#235 = ORIENTED_EDGE ( 'NONE', *, *, #951, .F. ) ;
#236 = ORIENTED_EDGE ( 'NONE', *, *, #1115, .T. ) ;
#237 = VECTOR ( 'NONE', #1672, 1000.000000000000000 ) ;
#238 = EDGE_CURVE ( 'NONE', #1156, #1829, #2565, .T. ) ;
#239 = CARTESIAN_POINT ( 'NONE',  ( -16.96496222574226564, 18.77870705156889031, 3.292323440001584611 ) ) ;
#240 = DIRECTION ( 'NONE',  ( 0.000000000000000000, -0.000000000000000000, -1.000000000000000000 ) ) ;
#241 = DIRECTION ( 'NONE',  ( 1.000000000000000000, 0.000000000000000000, 0.000000000000000000 ) ) ;
#242 = AXIS2_PLACEMENT_3D ( 'NONE', #2545, #618, #2993 ) ;
#243 = ORIENTED_EDGE ( 'NONE', *, *, #2246, .F. ) ;
#244 = ORIENTED_EDGE ( 'NONE', *, *, #1417, .T. ) ;
#245 = CARTESIAN_POINT ( 'NONE',  ( -16.21496222574229762, 22.52870705156889031, 3.292323440001584611 ) ) ;
#246 = DIRECTION ( 'NONE',  ( 0.000000000000000000, -1.000000000000000000, 0.000000000000000000 ) ) ;
#247 = ORIENTED_EDGE ( 'NONE', *, *, #1071, .T. ) ;
#248 = ORIENTED_EDGE ( 'NONE', *, *, #829, .F. ) ;
#249 = PLANE ( 'NONE',  #702 ) ;
#250 = EDGE_LOOP ( 'NONE', ( #94, #269, #1153, #715 ) ) ;
#251 = ORIENTED_EDGE ( 'NONE', *, *, #1108, .F. ) ;
#252 = FACE_OUTER_BOUND ( 'NONE', #771, .T. ) ;
#253 = AXIS2_PLACEMENT_3D ( 'NONE', #570, #2569, #645 ) ;
#254 = DIRECTION ( 'NONE',  ( 1.000000000000000000, 0.000000000000000000, 0.000000000000000000 ) ) ;
#255 = LINE ( 'NONE', #2705, #470 ) ;
#256 = EDGE_CURVE ( 'NONE', #2349, #3010, #1202, .T. ) ;
#257 = VERTEX_POINT ( 'NONE', #2149 ) ;
#258 = CARTESIAN_POINT ( 'NONE',  ( 16.53503777425773791, -19.72129294843107417, 3.292323440001584611 ) ) ;
#259 = CIRCLE ( 'NONE', #189, 0.9500000000000029532 ) ;
#260 = VERTEX_POINT ( 'NONE', #2118 ) ;
#261 = EDGE_CURVE ( 'NONE', #2502, #186, #3101, .T. ) ;
#262 = ADVANCED_FACE ( 'NONE', ( #1652 ), #9, .F. ) ;
#263 = DIRECTION ( 'NONE',  ( 0.000000000000000000, 0.000000000000000000, 1.000000000000000000 ) ) ;
#264 = DIRECTION ( 'NONE',  ( 0.000000000000000000, 0.000000000000000000, 1.000000000000000000 ) ) ;
#265 = DIRECTION ( 'NONE',  ( 1.000000000000000000, 1.040834085586083310E-14, 0.000000000000000000 ) ) ;
#266 = ORIENTED_EDGE ( 'NONE', *, *, #1650, .T. ) ;
#267 = VERTEX_POINT ( 'NONE', #462 ) ;
#268 = DIRECTION ( 'NONE',  ( -0.000000000000000000, 0.000000000000000000, -1.000000000000000000 ) ) ;
#269 = ORIENTED_EDGE ( 'NONE', *, *, #43, .T. ) ;
#270 = ORIENTED_EDGE ( 'NONE', *, *, #3062, .F. ) ;
#271 = DIRECTION ( 'NONE',  ( -0.000000000000000000, -0.000000000000000000, -1.000000000000000000 ) ) ;
#272 = PLANE ( 'NONE',  #2847 ) ;
#273 = DIRECTION ( 'NONE',  ( -0.000000000000000000, 0.000000000000000000, 1.000000000000000000 ) ) ;
#274 = VERTEX_POINT ( 'NONE', #1906 ) ;
#275 = DIRECTION ( 'NONE',  ( 0.000000000000000000, 0.000000000000000000, 1.000000000000000000 ) ) ;
#276 = EDGE_CURVE ( 'NONE', #2986, #1982, #2866, .T. ) ;
#277 = ORIENTED_EDGE ( 'NONE', *, *, #2927, .T. ) ;
#278 = EDGE_CURVE ( 'NONE', #2602, #793, #1666, .T. ) ;
#279 = CARTESIAN_POINT ( 'NONE',  ( 14.83503777425773151, -22.47129294843107417, 3.292323440001584611 ) ) ;
#280 = VECTOR ( 'NONE', #1784, 1000.000000000000000 ) ;
#281 = CARTESIAN_POINT ( 'NONE',  ( 16.03503777425773436, 27.02870705156891162, -2.378679656440363388 ) ) ;
#282 = CARTESIAN_POINT ( 'NONE',  ( -17.40430205396244645, -26.97129294843108838, -2.939339828220178141 ) ) ;
#283 = ORIENTED_EDGE ( 'NONE', *, *, #1127, .F. ) ;
#284 = CIRCLE ( 'NONE', #2898, 2.000000000000005329 ) ;
#285 = CIRCLE ( 'NONE', #429, 2.999999999999999112 ) ;
#286 = ORIENTED_EDGE ( 'NONE', *, *, #1268, .T. ) ;
#287 = CARTESIAN_POINT ( 'NONE',  ( 10.45303777425773362, 25.68270705156890443, 0.000000000000000000 ) ) ;
#288 = ORIENTED_EDGE ( 'NONE', *, *, #3074, .T. ) ;
#289 = ORIENTED_EDGE ( 'NONE', *, *, #1887, .T. ) ;
#290 = PLANE ( 'NONE',  #2450 ) ;
#291 = CARTESIAN_POINT ( 'NONE',  ( 9.503037774257734327, 25.68270705156890443, 0.000000000000000000 ) ) ;
#292 = LINE ( 'NONE', #1765, #1042 ) ;
#293 = EDGE_LOOP ( 'NONE', ( #2317, #2886, #571, #1278 ) ) ;
#294 = CARTESIAN_POINT ( 'NONE',  ( -16.21496222574226564, -22.47129294843110969, -3.000000000000002665 ) ) ;
#295 = VERTEX_POINT ( 'NONE', #669 ) ;
#296 = VECTOR ( 'NONE', #2341, 1000.000000000000000 ) ;
#297 = FACE_OUTER_BOUND ( 'NONE', #1718, .T. ) ;
#298 = EDGE_CURVE ( 'NONE', #2330, #2099, #1635, .T. ) ;
#299 = LINE ( 'NONE', #1005, #2249 ) ;
#300 = CARTESIAN_POINT ( 'NONE',  ( -16.46496222574226209, -26.97129294843108838, 3.292323440001584611 ) ) ;
#301 = EDGE_LOOP ( 'NONE', ( #747, #1357, #1642, #204 ) ) ;
#302 = ORIENTED_EDGE ( 'NONE', *, *, #1299, .T. ) ;
#303 = DIRECTION ( 'NONE',  ( 1.000000000000000000, 0.000000000000000000, 0.000000000000000000 ) ) ;
#304 = ORIENTED_EDGE ( 'NONE', *, *, #2508, .T. ) ;
#305 = ADVANCED_FACE ( 'NONE', ( #1448 ), #2825, .F. ) ;
#306 = DIRECTION ( 'NONE',  ( 1.000000000000000000, 0.000000000000000000, 0.000000000000000000 ) ) ;
#307 = CARTESIAN_POINT ( 'NONE',  ( 16.53503777425773080, 26.27870705156888320, 3.292323440001584611 ) ) ;
#308 = CARTESIAN_POINT ( 'NONE',  ( -16.46496222574226209, -29.97129294843108838, 3.292323440001584611 ) ) ;
#309 = CARTESIAN_POINT ( 'NONE',  ( -9.932962225742267393, -25.62529294843109184, 0.000000000000000000 ) ) ;
#310 = EDGE_CURVE ( 'NONE', #3070, #2150, #1700, .T. ) ;
#311 = VERTEX_POINT ( 'NONE', #2678 ) ;
#312 = CARTESIAN_POINT ( 'NONE',  ( 17.53503777425773080, 27.02870705156891162, -4.000000000000000000 ) ) ;
#313 = VERTEX_POINT ( 'NONE', #58 ) ;
#314 = PRODUCT ( 'Bottom_Enclosure', 'Bottom_Enclosure', '', ( #1838 ) ) ;
#315 = DIRECTION ( 'NONE',  ( 0.000000000000000000, 0.000000000000000000, 1.000000000000000000 ) ) ;
#316 = AXIS2_PLACEMENT_3D ( 'NONE', #30, #1685, #2650 ) ;
#317 = CARTESIAN_POINT ( 'NONE',  ( 12.64968591301893142, 25.68270705156890443, 0.000000000000000000 ) ) ;
#318 = FACE_OUTER_BOUND ( 'NONE', #1883, .T. ) ;
#319 = ORIENTED_EDGE ( 'NONE', *, *, #1539, .F. ) ;
#320 = CARTESIAN_POINT ( 'NONE',  ( -16.21496222574229762, 25.27870705156888320, -4.002000000000000668 ) ) ;
#321 = ADVANCED_FACE ( 'NONE', ( #1537 ), #1774, .F. ) ;
#322 = ORIENTED_EDGE ( 'NONE', *, *, #1853, .F. ) ;
#323 = CARTESIAN_POINT ( 'NONE',  ( 16.73503777425774075, -22.47129294843107417, -3.000000000000002665 ) ) ;
#324 = ORIENTED_EDGE ( 'NONE', *, *, #2842, .T. ) ;
#325 = ORIENTED_EDGE ( 'NONE', *, *, #3098, .F. ) ;
#326 = FACE_OUTER_BOUND ( 'NONE', #595, .T. ) ;
#327 = DIRECTION ( 'NONE',  ( 1.000000000000000000, 0.000000000000000000, 0.000000000000000000 ) ) ;
#328 = CYLINDRICAL_SURFACE ( 'NONE', #226, 0.9499999999999995115 ) ;
#329 = CARTESIAN_POINT ( 'NONE',  ( -17.96496222574226564, 26.27870705156888320, -4.000000000000000000 ) ) ;
#330 = ORIENTED_EDGE ( 'NONE', *, *, #805, .T. ) ;
#331 = DIRECTION ( 'NONE',  ( 1.000000000000000000, 0.000000000000000000, 0.000000000000000000 ) ) ;
#332 = ORIENTED_EDGE ( 'NONE', *, *, #3025, .F. ) ;
#333 = CARTESIAN_POINT ( 'NONE',  ( -16.46496222574226920, 28.52870705156889741, 3.292323440001584611 ) ) ;
#334 = DIRECTION ( 'NONE',  ( -0.000000000000000000, -0.000000000000000000, -1.000000000000000000 ) ) ;
#335 = LINE ( 'NONE', #2256, #2930 ) ;
#336 = EDGE_LOOP ( 'NONE', ( #2158, #1703 ) ) ;
#337 = ORIENTED_EDGE ( 'NONE', *, *, #522, .F. ) ;
#338 = VECTOR ( 'NONE', #1794, 1000.000000000000000 ) ;
#339 = DIRECTION ( 'NONE',  ( 1.734723475976807341E-16, -1.000000000000000000, 0.000000000000000000 ) ) ;
#340 = CARTESIAN_POINT ( 'NONE',  ( -16.46496222574226920, 27.02870705156890097, -4.000000000000000000 ) ) ;
#341 = CIRCLE ( 'NONE', #985, 2.749999999999995559 ) ;
#342 = DIRECTION ( 'NONE',  ( 0.000000000000000000, 0.000000000000000000, -1.000000000000000000 ) ) ;
#343 = EDGE_CURVE ( 'NONE', #1205, #2931, #1933, .T. ) ;
#344 = AXIS2_PLACEMENT_3D ( 'NONE', #380, #442, #679 ) ;
#345 = AXIS2_PLACEMENT_3D ( 'NONE', #129, #2587, #402 ) ;
#346 = ORIENTED_EDGE ( 'NONE', *, *, #1335, .F. ) ;
#347 = FACE_OUTER_BOUND ( 'NONE', #1060, .T. ) ;
#348 = ORIENTED_EDGE ( 'NONE', *, *, #2021, .F. ) ;
#349 =( GEOMETRIC_REPRESENTATION_CONTEXT ( 3 ) GLOBAL_UNCERTAINTY_ASSIGNED_CONTEXT ( ( #2586 ) ) GLOBAL_UNIT_ASSIGNED_CONTEXT ( ( #2322, #2287, #2955 ) ) REPRESENTATION_CONTEXT ( 'NONE', 'WORKASPACE' ) );
#350 = CARTESIAN_POINT ( 'NONE',  ( 19.03503777425773080, 27.02870705156891162, -4.000000000000000000 ) ) ;
#351 = CARTESIAN_POINT ( 'NONE',  ( -15.26496222574226458, -22.47129294843110969, -3.000000000000002665 ) ) ;
#352 = EDGE_CURVE ( 'NONE', #1222, #509, #566, .T. ) ;
#353 = DIRECTION ( 'NONE',  ( 1.000000000000000000, 0.000000000000000000, 0.000000000000000000 ) ) ;
#354 = CARTESIAN_POINT ( 'NONE',  ( 16.53503777425773436, 19.77870705156889031, -4.002000000000000668 ) ) ;
#355 = EDGE_LOOP ( 'NONE', ( #934, #1712, #1414, #302 ) ) ;
#356 = DIRECTION ( 'NONE',  ( -1.000000000000000000, 0.000000000000000000, 0.000000000000000000 ) ) ;
#357 = CARTESIAN_POINT ( 'NONE',  ( -8.686314086981068883, -25.62529294843109184, 0.000000000000000000 ) ) ;
#358 = CYLINDRICAL_SURFACE ( 'NONE', #137, 2.749999999999995559 ) ;
#359 = CARTESIAN_POINT ( 'NONE',  ( 10.45303777425773362, -25.62529294843109540, 0.000000000000000000 ) ) ;
#360 = VERTEX_POINT ( 'NONE', #2499 ) ;
#361 = CYLINDRICAL_SURFACE ( 'NONE', #541, 0.9499999999999995115 ) ;
#362 = EDGE_CURVE ( 'NONE', #2986, #1256, #507, .T. ) ;
#363 = ORIENTED_EDGE ( 'NONE', *, *, #1950, .F. ) ;
#364 = AXIS2_PLACEMENT_3D ( 'NONE', #1061, #1487, #1720 ) ;
#365 = DIRECTION ( 'NONE',  ( 1.000000000000000000, 2.703465157366452467E-16, 0.000000000000000000 ) ) ;
#366 = EDGE_CURVE ( 'NONE', #2411, #2628, #1956, .T. ) ;
#367 = LINE ( 'NONE', #162, #2708 ) ;
#368 = DIRECTION ( 'NONE',  ( -1.000000000000000000, 0.000000000000000000, -2.409338161078898687E-16 ) ) ;
#369 = VECTOR ( 'NONE', #2824, 1000.000000000000000 ) ;
#370 = DIRECTION ( 'NONE',  ( -0.000000000000000000, -0.000000000000000000, -1.000000000000000000 ) ) ;
#371 = CARTESIAN_POINT ( 'NONE',  ( -17.16496222574230046, 22.52870705156889031, -3.000000000000002665 ) ) ;
#372 = ORIENTED_EDGE ( 'NONE', *, *, #1056, .F. ) ;
#373 = DIRECTION ( 'NONE',  ( -0.000000000000000000, -0.000000000000000000, -1.000000000000000000 ) ) ;
#374 = PLANE ( 'NONE',  #2646 ) ;
#375 = DIRECTION ( 'NONE',  ( 1.000000000000000000, 0.000000000000000000, 0.000000000000000000 ) ) ;
#376 = CARTESIAN_POINT ( 'NONE',  ( 16.03503777425773791, 28.40738670800927679, -2.500000000000000000 ) ) ;
#377 = ORIENTED_EDGE ( 'NONE', *, *, #56, .T. ) ;
#378 = DIRECTION ( 'NONE',  ( 0.000000000000000000, -0.000000000000000000, -1.000000000000000000 ) ) ;
#379 = ADVANCED_FACE ( 'NONE', ( #1970 ), #1218, .T. ) ;
#380 = CARTESIAN_POINT ( 'NONE',  ( -16.46496222574226920, 27.02870705156890097, -2.378679656440363388 ) ) ;
#381 = DIRECTION ( 'NONE',  ( 1.000000000000000000, 0.000000000000000000, 0.000000000000000000 ) ) ;
#382 = EDGE_CURVE ( 'NONE', #2078, #2785, #2187, .T. ) ;
#383 = PLANE ( 'NONE',  #212 ) ;
#384 = MECHANICAL_DESIGN_GEOMETRIC_PRESENTATION_REPRESENTATION (  '', ( #521 ), #349 ) ;
#385 = VERTEX_POINT ( 'NONE', #1717 ) ;
#386 = LINE ( 'NONE', #138, #453 ) ;
#387 = DIRECTION ( 'NONE',  ( 0.000000000000000000, 0.000000000000000000, 1.000000000000000000 ) ) ;
#388 = ORIENTED_EDGE ( 'NONE', *, *, #610, .T. ) ;
#389 = CARTESIAN_POINT ( 'NONE',  ( -7.714959791634052877, -11.83278339979662874, 3.292323440001584611 ) ) ;
#390 = CIRCLE ( 'NONE', #2550, 2.000000000000005329 ) ;
#391 = FACE_OUTER_BOUND ( 'NONE', #1188, .T. ) ;
#392 = CARTESIAN_POINT ( 'NONE',  ( -17.84364188218262726, -26.97129294843108838, -2.500000000000000000 ) ) ;
#393 = VECTOR ( 'NONE', #365, 1000.000000000000000 ) ;
#394 = VECTOR ( 'NONE', #2706, 1000.000000000000000 ) ;
#395 = CARTESIAN_POINT ( 'NONE',  ( -16.21496222574226564, -22.47129294843110969, -3.000000000000002665 ) ) ;
#396 = DIRECTION ( 'NONE',  ( 1.000000000000000000, 0.000000000000000000, 0.000000000000000000 ) ) ;
#397 = CARTESIAN_POINT ( 'NONE',  ( -16.46496222574226920, 28.52870705156889741, -4.000000000000000000 ) ) ;
#398 = ADVANCED_FACE ( 'NONE', ( #1266 ), #2167, .F. ) ;
#399 = DIRECTION ( 'NONE',  ( -1.000000000000000000, 0.000000000000000000, -0.000000000000000000 ) ) ;
#400 = CARTESIAN_POINT ( 'NONE',  ( -19.46496222574226209, -28.34997260487145354, -2.500000000000000000 ) ) ;
#401 = ORIENTED_EDGE ( 'NONE', *, *, #519, .F. ) ;
#402 = DIRECTION ( 'NONE',  ( 1.000000000000000000, 0.000000000000000000, -0.000000000000000000 ) ) ;
#403 = ADVANCED_FACE ( 'NONE', ( #526 ), #1006, .T. ) ;
#404 = DIRECTION ( 'NONE',  ( -1.734723475976806848E-16, 1.000000000000000000, 1.232595164407830946E-32 ) ) ;
#405 = ADVANCED_FACE ( 'NONE', ( #318 ), #2480, .T. ) ;
#406 = CARTESIAN_POINT ( 'NONE',  ( -16.21496222574226564, -22.47129294843110969, -3.000000000000002665 ) ) ;
#407 = VECTOR ( 'NONE', #2466, 1000.000000000000114 ) ;
#408 = LINE ( 'NONE', #604, #122 ) ;
#409 = DIRECTION ( 'NONE',  ( -0.000000000000000000, -0.000000000000000000, -1.000000000000000000 ) ) ;
#410 = ORIENTED_EDGE ( 'NONE', *, *, #173, .T. ) ;
#411 = EDGE_CURVE ( 'NONE', #2456, #664, #1234, .T. ) ;
#412 = CARTESIAN_POINT ( 'NONE',  ( -19.46496222574226209, -28.47129294843108482, -2.378679656440365608 ) ) ;
#413 = CONICAL_SURFACE ( 'NONE', #2676, 0.9393398282201842475, 0.7853981633974488341 ) ;
#414 = CYLINDRICAL_SURFACE ( 'NONE', #594, 1.499999999999999556 ) ;
#415 = EDGE_LOOP ( 'NONE', ( #2588, #745 ) ) ;
#416 = ORIENTED_EDGE ( 'NONE', *, *, #1127, .T. ) ;
#417 = CARTESIAN_POINT ( 'NONE',  ( -7.714959791634051989, -11.83278339979662874, -0.3076765599984150334 ) ) ;
#418 = DIRECTION ( 'NONE',  ( 0.000000000000000000, 0.000000000000000000, 1.000000000000000000 ) ) ;
#419 = DIRECTION ( 'NONE',  ( 1.000000000000000000, 0.000000000000000000, 0.000000000000000000 ) ) ;
#420 = ORIENTED_EDGE ( 'NONE', *, *, #1373, .T. ) ;
#421 = CARTESIAN_POINT ( 'NONE',  ( -16.21496222574229407, 19.77870705156889031, 3.292323440001584611 ) ) ;
#422 = DIRECTION ( 'NONE',  ( 0.000000000000000000, 0.000000000000000000, 1.000000000000000000 ) ) ;
#423 = ORIENTED_EDGE ( 'NONE', *, *, #1841, .F. ) ;
#424 = ORIENTED_EDGE ( 'NONE', *, *, #2823, .F. ) ;
#425 = DIRECTION ( 'NONE',  ( 1.000000000000000000, 0.000000000000000000, 0.000000000000000000 ) ) ;
#426 = AXIS2_PLACEMENT_3D ( 'NONE', #1023, #750, #1039 ) ;
#427 = EDGE_CURVE ( 'NONE', #2056, #2533, #1999, .T. ) ;
#428 = VECTOR ( 'NONE', #1456, 1000.000000000000000 ) ;
#429 = AXIS2_PLACEMENT_3D ( 'NONE', #492, #23, #1233 ) ;
#430 = DIRECTION ( 'NONE',  ( -0.000000000000000000, -0.7071067811865474617, 0.7071067811865474617 ) ) ;
#431 = VECTOR ( 'NONE', #1627, 1000.000000000000000 ) ;
#432 = CARTESIAN_POINT ( 'NONE',  ( 19.03503777425774146, -26.97129294843108482, -3.000000000000006217 ) ) ;
#433 = ADVANCED_FACE ( 'NONE', ( #2953 ), #2935, .T. ) ;
#434 = LINE ( 'NONE', #3064, #1209 ) ;
#435 = VERTEX_POINT ( 'NONE', #1734 ) ;
#436 = DIRECTION ( 'NONE',  ( 0.000000000000000000, 0.000000000000000000, 1.000000000000000000 ) ) ;
#437 = VECTOR ( 'NONE', #172, 1000.000000000000000 ) ;
#438 = CARTESIAN_POINT ( 'NONE',  ( -16.96496222574225854, -19.72129294843107417, -2.500000000000000000 ) ) ;
#439 = ORIENTED_EDGE ( 'NONE', *, *, #2590, .T. ) ;
#440 = ORIENTED_EDGE ( 'NONE', *, *, #2371, .F. ) ;
#441 = CARTESIAN_POINT ( 'NONE',  ( 16.53503777425773791, -19.72129294843107417, -2.500000000000000000 ) ) ;
#442 = DIRECTION ( 'NONE',  ( 0.000000000000000000, 0.000000000000000000, 1.000000000000000000 ) ) ;
#443 = ORIENTED_EDGE ( 'NONE', *, *, #298, .F. ) ;
#444 = EDGE_CURVE ( 'NONE', #2970, #84, #548, .T. ) ;
#445 = CARTESIAN_POINT ( 'NONE',  ( -19.46496222574226920, 28.96804687978907822, -1.939339828220185691 ) ) ;
#446 = LINE ( 'NONE', #938, #2421 ) ;
#447 = ADVANCED_FACE ( 'NONE', ( #2859 ), #1514, .T. ) ;
#448 = EDGE_CURVE ( 'NONE', #2442, #2577, #2690, .T. ) ;
#449 = CARTESIAN_POINT ( 'NONE',  ( -17.84364188218263436, 30.02870705156890097, -2.500000000000000000 ) ) ;
#450 = DIRECTION ( 'NONE',  ( 1.000000000000000000, 0.000000000000000000, 0.000000000000000000 ) ) ;
#451 = ORIENTED_EDGE ( 'NONE', *, *, #2842, .F. ) ;
#452 = LINE ( 'NONE', #1593, #481 ) ;
#453 = VECTOR ( 'NONE', #1834, 1000.000000000000000 ) ;
#454 = DIRECTION ( 'NONE',  ( 1.000000000000000000, 0.000000000000000000, 0.000000000000000000 ) ) ;
#455 = EDGE_LOOP ( 'NONE', ( #1541, #2432 ) ) ;
#456 = ORIENTED_EDGE ( 'NONE', *, *, #1016, .F. ) ;
#457 = DIRECTION ( 'NONE',  ( 0.000000000000000000, 0.000000000000000000, -1.000000000000000000 ) ) ;
#458 = PLANE ( 'NONE',  #2707 ) ;
#459 = LINE ( 'NONE', #3046, #2391 ) ;
#460 = EDGE_CURVE ( 'NONE', #274, #2811, #2657, .T. ) ;
#461 = CARTESIAN_POINT ( 'NONE',  ( -17.92367420541036438, -19.05140476201649591, -2.419967676772262877 ) ) ;
#462 = CARTESIAN_POINT ( 'NONE',  ( 15.78503777425776988, 25.27870705156888320, 3.292323440001584611 ) ) ;
#463 = EDGE_LOOP ( 'NONE', ( #1759, #1938, #440, #2977 ) ) ;
#464 = CARTESIAN_POINT ( 'NONE',  ( -17.16496222574230046, 22.52870705156889031, -3.000000000000002665 ) ) ;
#465 = VERTEX_POINT ( 'NONE', #1476 ) ;
#466 = ORIENTED_EDGE ( 'NONE', *, *, #591, .T. ) ;
#467 = CARTESIAN_POINT ( 'NONE',  ( 16.53503777425773436, 19.77870705156889031, -2.500000000000000000 ) ) ;
#468 = CARTESIAN_POINT ( 'NONE',  ( 15.78503777425775390, -19.72129294843107417, -4.002000000000000668 ) ) ;
#469 = PRESENTATION_LAYER_ASSIGNMENT (  '', '', ( #521 ) ) ;
#470 = VECTOR ( 'NONE', #2176, 1000.000000000000000 ) ;
#471 = VERTEX_POINT ( 'NONE', #763 ) ;
#472 = VECTOR ( 'NONE', #1464, 1000.000000000000000 ) ;
#473 = AXIS2_PLACEMENT_3D ( 'NONE', #1502, #506, #2952 ) ;
#474 = VECTOR ( 'NONE', #1742, 1000.000000000000114 ) ;
#475 = DIRECTION ( 'NONE',  ( -0.000000000000000000, -0.000000000000000000, -1.000000000000000000 ) ) ;
#476 = VERTEX_POINT ( 'NONE', #258 ) ;
#477 = VECTOR ( 'NONE', #1795, 1000.000000000000000 ) ;
#478 = CARTESIAN_POINT ( 'NONE',  ( -17.96496222574226564, 27.02870705156890097, 3.292323440001584611 ) ) ;
#479 = ORIENTED_EDGE ( 'NONE', *, *, #1206, .T. ) ;
#480 = EDGE_LOOP ( 'NONE', ( #63, #2956, #2589, #982 ) ) ;
#481 = VECTOR ( 'NONE', #163, 1000.000000000000000 ) ;
#482 = DIRECTION ( 'NONE',  ( 0.000000000000000000, 0.000000000000000000, -1.000000000000000000 ) ) ;
#483 = CARTESIAN_POINT ( 'NONE',  ( -17.16496222574226493, -22.47129294843110969, -3.000000000000002665 ) ) ;
#484 = CARTESIAN_POINT ( 'NONE',  ( 10.45303777425773362, -25.62529294843109540, -2.500000000000000000 ) ) ;
#485 = ADVANCED_FACE ( 'NONE', ( #1052 ), #1893, .T. ) ;
#486 = VECTOR ( 'NONE', #2836, 1000.000000000000000 ) ;
#487 = EDGE_LOOP ( 'NONE', ( #549, #946, #2918, #1957 ) ) ;
#488 = CARTESIAN_POINT ( 'NONE',  ( -17.92367420541036793, 19.10881886515432626, -2.419967676772262877 ) ) ;
#489 = EDGE_CURVE ( 'NONE', #2099, #509, #2594, .T. ) ;
#490 = VERTEX_POINT ( 'NONE', #2891 ) ;
#491 = FACE_OUTER_BOUND ( 'NONE', #2689, .T. ) ;
#492 = CARTESIAN_POINT ( 'NONE',  ( 16.03503777425773791, -26.97129294843108838, -3.000000000000006217 ) ) ;
#493 = ORIENTED_EDGE ( 'NONE', *, *, #1625, .T. ) ;
#494 = EDGE_LOOP ( 'NONE', ( #692, #2468, #1506, #243 ) ) ;
#495 = CARTESIAN_POINT ( 'NONE',  ( -15.26496222574230011, 22.52870705156889031, -3.000000000000002665 ) ) ;
#496 = ORIENTED_EDGE ( 'NONE', *, *, #2625, .T. ) ;
#497 = EDGE_CURVE ( 'NONE', #2107, #2320, #1230, .T. ) ;
#498 = DIRECTION ( 'NONE',  ( -0.000000000000000000, 0.000000000000000000, 1.000000000000000000 ) ) ;
#499 = CIRCLE ( 'NONE', #1874, 0.9499999999999995115 ) ;
#500 = CARTESIAN_POINT ( 'NONE',  ( -18.40430205396244645, 30.02870705156890097, -1.939339828220185025 ) ) ;
#501 = LINE ( 'NONE', #537, #149 ) ;
#502 = ADVANCED_FACE ( 'NONE', ( #746 ), #2948, .F. ) ;
#503 = EDGE_CURVE ( 'NONE', #1586, #2011, #1440, .T. ) ;
#504 = VERTEX_POINT ( 'NONE', #2455 ) ;
#505 = CIRCLE ( 'NONE', #1919, 2.749999999999995559 ) ;
#506 = DIRECTION ( 'NONE',  ( -0.000000000000000000, 0.000000000000000000, 1.000000000000000000 ) ) ;
#507 = LINE ( 'NONE', #990, #1564 ) ;
#508 = ORIENTED_EDGE ( 'NONE', *, *, #597, .F. ) ;
#509 = VERTEX_POINT ( 'NONE', #1004 ) ;
#510 = CARTESIAN_POINT ( 'NONE',  ( 17.53503777425774146, -26.97129294843108482, 3.292323440001584611 ) ) ;
#511 = ORIENTED_EDGE ( 'NONE', *, *, #908, .T. ) ;
#512 = ORIENTED_EDGE ( 'NONE', *, *, #80, .F. ) ;
#513 = CARTESIAN_POINT ( 'NONE',  ( 14.83503777425773151, -22.47129294843107417, -3.000000000000002665 ) ) ;
#514 = CARTESIAN_POINT ( 'NONE',  ( 9.503037774257734327, -25.62529294843109540, 0.000000000000000000 ) ) ;
#515 = CARTESIAN_POINT ( 'NONE',  ( 16.03503777425773791, 30.02870705156891162, -3.000000000000006217 ) ) ;
#516 = CARTESIAN_POINT ( 'NONE',  ( 15.78503777425776988, 25.27870705156888320, -2.500000000000000000 ) ) ;
#517 = ORIENTED_EDGE ( 'NONE', *, *, #1163, .T. ) ;
#518 = DIRECTION ( 'NONE',  ( 1.000000000000000000, 0.000000000000000000, 0.000000000000000000 ) ) ;
#519 = EDGE_CURVE ( 'NONE', #860, #1007, #1668, .T. ) ;
#520 = EDGE_CURVE ( 'NONE', #1618, #2994, #2048, .T. ) ;
#521 = STYLED_ITEM ( 'NONE', ( #1598 ), #1149 ) ;
#522 = EDGE_CURVE ( 'NONE', #2172, #751, #561, .T. ) ;
#523 = CARTESIAN_POINT ( 'NONE',  ( 10.45303777425773362, 25.68270705156890443, 0.000000000000000000 ) ) ;
#524 = AXIS2_PLACEMENT_3D ( 'NONE', #1768, #34, #1946 ) ;
#525 = DIRECTION ( 'NONE',  ( 1.000000000000000000, 0.000000000000000000, 0.000000000000000000 ) ) ;
#526 = FACE_OUTER_BOUND ( 'NONE', #1155, .T. ) ;
#527 = ORIENTED_EDGE ( 'NONE', *, *, #1417, .F. ) ;
#528 = CIRCLE ( 'NONE', #2553, 0.9500000000000029532 ) ;
#529 = VECTOR ( 'NONE', #807, 1000.000000000000000 ) ;
#530 = ADVANCED_FACE ( 'NONE', ( #85 ), #1262, .F. ) ;
#531 = VECTOR ( 'NONE', #1103, 1000.000000000000000 ) ;
#532 = VERTEX_POINT ( 'NONE', #1692 ) ;
#533 = FACE_OUTER_BOUND ( 'NONE', #2722, .T. ) ;
#534 = ORIENTED_EDGE ( 'NONE', *, *, #2463, .F. ) ;
#535 = DIRECTION ( 'NONE',  ( -1.000000000000000000, 0.000000000000000000, -0.000000000000000000 ) ) ;
#536 = CARTESIAN_POINT ( 'NONE',  ( -16.46496222574226209, -26.97129294843108838, -4.000000000000000000 ) ) ;
#537 = CARTESIAN_POINT ( 'NONE',  ( 17.41371743069809597, 30.02870705156891162, -2.500000000000000000 ) ) ;
#538 = CARTESIAN_POINT ( 'NONE',  ( -13.07961036450346448, -25.62529294843109184, 0.000000000000000000 ) ) ;
#539 = ORIENTED_EDGE ( 'NONE', *, *, #1075, .F. ) ;
#540 = CARTESIAN_POINT ( 'NONE',  ( -17.96496222574226564, 30.02870705156890097, 3.292323440001584611 ) ) ;
#541 = AXIS2_PLACEMENT_3D ( 'NONE', #2281, #1578, #867 ) ;
#542 = ORIENTED_EDGE ( 'NONE', *, *, #173, .F. ) ;
#543 = ADVANCED_FACE ( 'NONE', ( #1998 ), #1019, .F. ) ;
#544 = CIRCLE ( 'NONE', #1151, 1.000000000000000888 ) ;
#545 = FACE_OUTER_BOUND ( 'NONE', #293, .T. ) ;
#546 = EDGE_CURVE ( 'NONE', #762, #2837, #1295, .T. ) ;
#547 = CARTESIAN_POINT ( 'NONE',  ( 7.285040208365947123, -29.97129294843108838, -0.3076765599984150334 ) ) ;
#548 = LINE ( 'NONE', #1754, #1353 ) ;
#549 = ORIENTED_EDGE ( 'NONE', *, *, #1818, .F. ) ;
#550 = ADVANCED_FACE ( 'NONE', ( #3001 ), #1840, .T. ) ;
#551 = EDGE_CURVE ( 'NONE', #1219, #1242, #2311, .T. ) ;
#552 = ORIENTED_EDGE ( 'NONE', *, *, #1976, .T. ) ;
#553 = DIRECTION ( 'NONE',  ( -1.156482317317871971E-16, 1.000000000000000000, 0.000000000000000000 ) ) ;
#554 = ORIENTED_EDGE ( 'NONE', *, *, #567, .T. ) ;
#555 = ORIENTED_EDGE ( 'NONE', *, *, #1363, .F. ) ;
#556 = DIRECTION ( 'NONE',  ( 0.000000000000000000, 0.000000000000000000, 1.000000000000000000 ) ) ;
#557 = DIRECTION ( 'NONE',  ( -1.000000000000000000, 0.000000000000000000, 0.000000000000000000 ) ) ;
#558 = CARTESIAN_POINT ( 'NONE',  ( -17.96496222574226564, 27.02870705156890097, -2.378679656440364276 ) ) ;
#559 = LINE ( 'NONE', #516, #2906 ) ;
#560 = EDGE_LOOP ( 'NONE', ( #346, #2799, #1223, #1902 ) ) ;
#561 = LINE ( 'NONE', #312, #2757 ) ;
#562 = ORIENTED_EDGE ( 'NONE', *, *, #220, .F. ) ;
#563 = VECTOR ( 'NONE', #582, 1000.000000000000000 ) ;
#564 = LINE ( 'NONE', #2747, #393 ) ;
#565 = CARTESIAN_POINT ( 'NONE',  ( -13.46496222574226920, -22.47129294843110969, -2.500000000000000000 ) ) ;
#566 = LINE ( 'NONE', #973, #2912 ) ;
#567 = EDGE_CURVE ( 'NONE', #465, #476, #2846, .T. ) ;
#568 = EDGE_CURVE ( 'NONE', #260, #2465, #390, .T. ) ;
#569 = ORIENTED_EDGE ( 'NONE', *, *, #497, .T. ) ;
#570 = CARTESIAN_POINT ( 'NONE',  ( 16.53503777425774146, -26.22129294843106706, -4.002000000000000668 ) ) ;
#571 = ORIENTED_EDGE ( 'NONE', *, *, #1646, .T. ) ;
#572 = ORIENTED_EDGE ( 'NONE', *, *, #927, .F. ) ;
#573 = DIRECTION ( 'NONE',  ( 1.000000000000000000, 0.000000000000000000, 0.000000000000000000 ) ) ;
#574 = DIRECTION ( 'NONE',  ( 1.000000000000000000, 0.000000000000000000, 0.000000000000000000 ) ) ;
#575 = CARTESIAN_POINT ( 'NONE',  ( -16.21496222574229762, 22.52870705156889031, -3.000000000000002665 ) ) ;
#576 = CARTESIAN_POINT ( 'NONE',  ( 10.45303777425773362, 25.68270705156890443, -2.500000000000000000 ) ) ;
#577 = ADVANCED_FACE ( 'NONE', ( #1069 ), #147, .F. ) ;
#578 = ORIENTED_EDGE ( 'NONE', *, *, #717, .F. ) ;
#579 = DIRECTION ( 'NONE',  ( -1.734723475976807094E-16, 1.000000000000000000, 0.000000000000000000 ) ) ;
#580 = ORIENTED_EDGE ( 'NONE', *, *, #735, .T. ) ;
#581 = CIRCLE ( 'NONE', #1992, 2.999999999999999112 ) ;
#582 = DIRECTION ( 'NONE',  ( -0.000000000000000000, -0.000000000000000000, -1.000000000000000000 ) ) ;
#583 = DIRECTION ( 'NONE',  ( -1.000000000000000000, -2.703465157366452467E-16, -0.000000000000000000 ) ) ;
#584 = DIRECTION ( 'NONE',  ( 1.000000000000000000, 0.000000000000000000, 0.000000000000000000 ) ) ;
#585 = VERTEX_POINT ( 'NONE', #835 ) ;
#586 = VECTOR ( 'NONE', #1940, 1000.000000000000000 ) ;
#587 = DIRECTION ( 'NONE',  ( -0.000000000000000000, -0.000000000000000000, 1.000000000000000000 ) ) ;
#588 = EDGE_CURVE ( 'NONE', #2837, #471, #1797, .T. ) ;
#589 = CYLINDRICAL_SURFACE ( 'NONE', #1640, 2.999999999999999112 ) ;
#590 = AXIS2_PLACEMENT_3D ( 'NONE', #1265, #2218, #2479 ) ;
#591 = EDGE_CURVE ( 'NONE', #186, #962, #2033, .T. ) ;
#592 = CARTESIAN_POINT ( 'NONE',  ( 16.03503777425773791, -28.97129294843109193, -4.000000000000000000 ) ) ;
#593 = VECTOR ( 'NONE', #2925, 1000.000000000000000 ) ;
#594 = AXIS2_PLACEMENT_3D ( 'NONE', #2774, #3015, #1348 ) ;
#595 = EDGE_LOOP ( 'NONE', ( #1990, #2222, #12, #539 ) ) ;
#596 = CARTESIAN_POINT ( 'NONE',  ( 17.53503777425774146, -26.22129294843107061, -2.378679656440367385 ) ) ;
#597 = EDGE_CURVE ( 'NONE', #585, #2665, #2000, .T. ) ;
#598 = ORIENTED_EDGE ( 'NONE', *, *, #1530, .F. ) ;
#599 = AXIS2_PLACEMENT_3D ( 'NONE', #1616, #2578, #1643 ) ;
#600 = EDGE_CURVE ( 'NONE', #179, #84, #1563, .T. ) ;
#601 = DIRECTION ( 'NONE',  ( -2.703465157366452467E-16, 1.000000000000000000, 0.000000000000000000 ) ) ;
#602 = CARTESIAN_POINT ( 'NONE',  ( 16.03503777425773791, -28.47129294843108482, -2.378679656440364720 ) ) ;
#603 = AXIS2_PLACEMENT_3D ( 'NONE', #1953, #1484, #2200 ) ;
#604 = CARTESIAN_POINT ( 'NONE',  ( 19.03503777425773080, 27.02870705156891162, -3.000000000000006217 ) ) ;
#605 = LINE ( 'NONE', #354, #694 ) ;
#606 = VERTEX_POINT ( 'NONE', #2507 ) ;
#607 = DIRECTION ( 'NONE',  ( 0.000000000000000000, -0.000000000000000000, -1.000000000000000000 ) ) ;
#608 = PLANE ( 'NONE',  #1302 ) ;
#609 = CARTESIAN_POINT ( 'NONE',  ( 15.78503777425776100, 19.77870705156889031, 3.292323440001584611 ) ) ;
#610 = EDGE_CURVE ( 'NONE', #360, #1683, #2790, .T. ) ;
#611 = LINE ( 'NONE', #3043, #1306 ) ;
#612 = ORIENTED_EDGE ( 'NONE', *, *, #352, .T. ) ;
#613 = DIRECTION ( 'NONE',  ( 0.000000000000000000, 0.000000000000000000, 1.000000000000000000 ) ) ;
#614 = EDGE_CURVE ( 'NONE', #2446, #1238, #1100, .T. ) ;
#615 = AXIS2_PLACEMENT_3D ( 'NONE', #2919, #2663, #303 ) ;
#616 = DIRECTION ( 'NONE',  ( -0.000000000000000000, -0.000000000000000000, -1.000000000000000000 ) ) ;
#617 = CARTESIAN_POINT ( 'NONE',  ( -16.46496222574226209, -28.97129294843109193, -4.000000000000000000 ) ) ;
#618 = DIRECTION ( 'NONE',  ( -0.000000000000000000, 0.000000000000000000, 1.000000000000000000 ) ) ;
#619 = ORIENTED_EDGE ( 'NONE', *, *, #2211, .F. ) ;
#620 = DIRECTION ( 'NONE',  ( 1.734723475976807094E-16, -1.000000000000000000, 0.000000000000000000 ) ) ;
#621 = DIRECTION ( 'NONE',  ( -0.000000000000000000, -0.000000000000000000, 1.000000000000000000 ) ) ;
#622 = DIRECTION ( 'NONE',  ( -1.156482317317871971E-16, 1.000000000000000000, 0.000000000000000000 ) ) ;
#623 = ORIENTED_EDGE ( 'NONE', *, *, #343, .T. ) ;
#624 = DIRECTION ( 'NONE',  ( 0.000000000000000000, 0.000000000000000000, -1.000000000000000000 ) ) ;
#625 = ADVANCED_FACE ( 'NONE', ( #1376 ), #2062, .F. ) ;
#626 = CARTESIAN_POINT ( 'NONE',  ( 15.78503777425775390, -25.22129294843106706, 3.292323440001584611 ) ) ;
#627 = PLANE ( 'NONE',  #2899 ) ;
#628 = CARTESIAN_POINT ( 'NONE',  ( -16.96496222574226209, -25.22129294843106706, -2.500000000000000000 ) ) ;
#629 = CARTESIAN_POINT ( 'NONE',  ( 15.78503777425776988, 25.27870705156888320, -4.002000000000000668 ) ) ;
#630 = ADVANCED_FACE ( 'NONE', ( #347 ), #880, .T. ) ;
#631 = AXIS2_PLACEMENT_3D ( 'NONE', #1851, #2868, #2344 ) ;
#632 =( GEOMETRIC_REPRESENTATION_CONTEXT ( 3 ) GLOBAL_UNCERTAINTY_ASSIGNED_CONTEXT ( ( #1394 ) ) GLOBAL_UNIT_ASSIGNED_CONTEXT ( ( #1291, #878, #2307 ) ) REPRESENTATION_CONTEXT ( 'NONE', 'WORKASPACE' ) );
#633 = CARTESIAN_POINT ( 'NONE',  ( -16.46496222574226920, 30.02870705156890097, -3.000000000000006217 ) ) ;
#634 = DIRECTION ( 'NONE',  ( 1.000000000000000000, 0.000000000000000000, 0.000000000000000000 ) ) ;
#635 = ORIENTED_EDGE ( 'NONE', *, *, #2775, .T. ) ;
#636 = CARTESIAN_POINT ( 'NONE',  ( 18.03503777425774857, -26.97129294843108482, -4.000000000000000000 ) ) ;
#637 = CARTESIAN_POINT ( 'NONE',  ( -16.21496222574226564, -22.47129294843110969, -4.002000000000000668 ) ) ;
#638 = CARTESIAN_POINT ( 'NONE',  ( -10.88296222574226668, -25.62529294843109184, -2.500000000000000000 ) ) ;
#639 = DIRECTION ( 'NONE',  ( 0.000000000000000000, 0.000000000000000000, 1.000000000000000000 ) ) ;
#640 = VECTOR ( 'NONE', #2610, 1000.000000000000000 ) ;
#641 = AXIS2_PLACEMENT_3D ( 'NONE', #1098, #2097, #3068 ) ;
#642 = ADVANCED_FACE ( 'NONE', ( #116 ), #361, .F. ) ;
#643 = DIRECTION ( 'NONE',  ( 0.000000000000000000, -0.000000000000000000, -1.000000000000000000 ) ) ;
#644 = AXIS2_PLACEMENT_3D ( 'NONE', #2381, #652, #2634 ) ;
#645 = DIRECTION ( 'NONE',  ( 1.000000000000000000, 0.000000000000000000, 0.000000000000000000 ) ) ;
#646 = CIRCLE ( 'NONE', #1861, 1.000000000000000888 ) ;
#647 = CARTESIAN_POINT ( 'NONE',  ( 10.45303777425773362, -25.62529294843109540, 0.000000000000000000 ) ) ;
#648 = ORIENTED_EDGE ( 'NONE', *, *, #841, .F. ) ;
#649 = DIRECTION ( 'NONE',  ( -1.000000000000000000, 0.000000000000000000, 0.000000000000000000 ) ) ;
#650 = PLANE ( 'NONE',  #1192 ) ;
#651 = ORIENTED_EDGE ( 'NONE', *, *, #1592, .F. ) ;
#652 = DIRECTION ( 'NONE',  ( 0.000000000000000000, 0.000000000000000000, 1.000000000000000000 ) ) ;
#653 = ORIENTED_EDGE ( 'NONE', *, *, #2793, .F. ) ;
#654 = AXIS2_PLACEMENT_3D ( 'NONE', #1255, #78, #1010 ) ;
#655 = DIRECTION ( 'NONE',  ( 1.000000000000000000, -1.889896820699124017E-15, 0.000000000000000000 ) ) ;
#656 = DIRECTION ( 'NONE',  ( -1.000000000000000000, 0.000000000000000000, 0.000000000000000000 ) ) ;
#657 = VERTEX_POINT ( 'NONE', #2540 ) ;
#658 = DIRECTION ( 'NONE',  ( 1.000000000000000000, 0.000000000000000000, 0.000000000000000000 ) ) ;
#659 = EDGE_CURVE ( 'NONE', #504, #360, #2012, .T. ) ;
#660 = AXIS2_PLACEMENT_3D ( 'NONE', #245, #3077, #1649 ) ;
#661 = PRODUCT_DEFINITION_CONTEXT ( 'detailed design', #2169, 'design' ) ;
#662 = CARTESIAN_POINT ( 'NONE',  ( -17.92367420541037148, 25.94859523798345080, -2.419967676772262877 ) ) ;
#663 = ORIENTED_EDGE ( 'NONE', *, *, #1663, .F. ) ;
#664 = VERTEX_POINT ( 'NONE', #392 ) ;
#665 = DIRECTION ( 'NONE',  ( 1.204669080539449344E-16, 0.000000000000000000, -1.000000000000000000 ) ) ;
#666 = EDGE_CURVE ( 'NONE', #1478, #1219, #803, .T. ) ;
#667 = CARTESIAN_POINT ( 'NONE',  ( 16.03503777425773791, -28.91063277665126563, -1.939339828220185025 ) ) ;
#668 = LINE ( 'NONE', #2626, #764 ) ;
#669 = CARTESIAN_POINT ( 'NONE',  ( -16.96496222574226564, 19.77870705156889031, -2.500000000000000000 ) ) ;
#670 = ORIENTED_EDGE ( 'NONE', *, *, #3005, .T. ) ;
#671 = VECTOR ( 'NONE', #1393, 1000.000000000000000 ) ;
#672 = AXIS2_PLACEMENT_3D ( 'NONE', #1081, #159, #1110 ) ;
#673 = FACE_OUTER_BOUND ( 'NONE', #905, .T. ) ;
#674 = ORIENTED_EDGE ( 'NONE', *, *, #2086, .F. ) ;
#675 = EDGE_LOOP ( 'NONE', ( #416, #2440, #1611, #623 ) ) ;
#676 = EDGE_CURVE ( 'NONE', #1254, #2078, #2820, .T. ) ;
#677 = DIRECTION ( 'NONE',  ( -1.156482317317871971E-16, 1.000000000000000000, 0.000000000000000000 ) ) ;
#678 = AXIS2_PLACEMENT_3D ( 'NONE', #2804, #639, #1084 ) ;
#679 = DIRECTION ( 'NONE',  ( 1.000000000000000000, 0.000000000000000000, 0.000000000000000000 ) ) ;
#680 = EDGE_CURVE ( 'NONE', #91, #1738, #2101, .T. ) ;
#681 = ORIENTED_EDGE ( 'NONE', *, *, #520, .T. ) ;
#682 = EDGE_CURVE ( 'NONE', #2621, #2502, #1145, .T. ) ;
#683 = AXIS2_PLACEMENT_3D ( 'NONE', #484, #1963, #1727 ) ;
#684 = VECTOR ( 'NONE', #1116, 1000.000000000000000 ) ;
#685 = CARTESIAN_POINT ( 'NONE',  ( -17.96496222574225143, -18.88893086009724342, -2.378679656440366941 ) ) ;
#686 = CARTESIAN_POINT ( 'NONE',  ( 16.53503777425773080, 26.27870705156888320, -4.002000000000000668 ) ) ;
#687 = ORIENTED_EDGE ( 'NONE', *, *, #1664, .T. ) ;
#688 = AXIS2_PLACEMENT_3D ( 'NONE', #1830, #624, #820 ) ;
#689 = LINE ( 'NONE', #928, #3057 ) ;
#690 = CARTESIAN_POINT ( 'NONE',  ( 16.53503777425773791, -18.72129294843107417, -4.002000000000000668 ) ) ;
#691 = ORIENTED_EDGE ( 'NONE', *, *, #157, .F. ) ;
#692 = ORIENTED_EDGE ( 'NONE', *, *, #2738, .F. ) ;
#693 = CARTESIAN_POINT ( 'NONE',  ( -7.714959791634051989, -28.47129294843108482, -0.3076765599984150334 ) ) ;
#694 = VECTOR ( 'NONE', #2067, 1000.000000000000000 ) ;
#695 = LINE ( 'NONE', #1659, #229 ) ;
#696 = ADVANCED_FACE ( 'NONE', ( #2832 ), #3058, .T. ) ;
#697 = DIRECTION ( 'NONE',  ( 1.000000000000000000, 0.000000000000000000, 0.000000000000000000 ) ) ;
#698 = CARTESIAN_POINT ( 'NONE',  ( 12.64968591301893142, 25.68270705156890443, 0.000000000000000000 ) ) ;
#699 = CARTESIAN_POINT ( 'NONE',  ( -17.96496222574225854, -18.72129294843107417, -2.378679656440365608 ) ) ;
#700 = CARTESIAN_POINT ( 'NONE',  ( -17.96496222574226564, 30.02870705156890097, -2.378679656440365608 ) ) ;
#701 = ORIENTED_EDGE ( 'NONE', *, *, #1115, .F. ) ;
#702 = AXIS2_PLACEMENT_3D ( 'NONE', #219, #1180, #1221 ) ;
#703 = DIRECTION ( 'NONE',  ( 0.000000000000000000, 1.000000000000000000, 0.000000000000000000 ) ) ;
#704 = EDGE_LOOP ( 'NONE', ( #2098, #2224, #2240, #1195 ) ) ;
#705 = ORIENTED_EDGE ( 'NONE', *, *, #3045, .T. ) ;
#706 = DIRECTION ( 'NONE',  ( 1.000000000000000000, 0.000000000000000000, 0.000000000000000000 ) ) ;
#707 = CIRCLE ( 'NONE', #660, 2.749999999999995559 ) ;
#708 = FACE_OUTER_BOUND ( 'NONE', #1009, .T. ) ;
#709 = CARTESIAN_POINT ( 'NONE',  ( 16.53503777425773436, 25.27870705156888320, -2.500000000000000000 ) ) ;
#710 = AXIS2_PLACEMENT_3D ( 'NONE', #1558, #1289, #573 ) ;
#711 = VERTEX_POINT ( 'NONE', #2397 ) ;
#712 = EDGE_CURVE ( 'NONE', #2602, #1767, #184, .T. ) ;
#713 = CARTESIAN_POINT ( 'NONE',  ( 16.03503777425773436, 27.02870705156891162, -4.000000000000000000 ) ) ;
#714 = LINE ( 'NONE', #1152, #486 ) ;
#715 = ORIENTED_EDGE ( 'NONE', *, *, #1129, .T. ) ;
#716 = ADVANCED_FACE ( 'NONE', ( #2100 ), #2856, .T. ) ;
#717 = EDGE_CURVE ( 'NONE', #996, #2107, #1951, .T. ) ;
#718 = FACE_OUTER_BOUND ( 'NONE', #1068, .T. ) ;
#719 = ORIENTED_EDGE ( 'NONE', *, *, #1089, .T. ) ;
#720 = ORIENTED_EDGE ( 'NONE', *, *, #2305, .F. ) ;
#721 = CARTESIAN_POINT ( 'NONE',  ( 16.53503777425773436, 19.77870705156889031, 3.292323440001584611 ) ) ;
#722 = DIRECTION ( 'NONE',  ( 1.000000000000000000, 0.000000000000000000, 0.000000000000000000 ) ) ;
#723 = CARTESIAN_POINT ( 'NONE',  ( 0.000000000000000000, 0.000000000000000000, -2.500000000000000000 ) ) ;
#724 = VECTOR ( 'NONE', #2362, 1000.000000000000000 ) ;
#725 = VERTEX_POINT ( 'NONE', #1427 ) ;
#726 = DIRECTION ( 'NONE',  ( 1.000000000000000000, 0.000000000000000000, 0.000000000000000000 ) ) ;
#727 = EDGE_LOOP ( 'NONE', ( #1387, #2959, #1704, #1997 ) ) ;
#728 = CARTESIAN_POINT ( 'NONE',  ( 17.41371743069809597, 25.80129521535424075, -2.500000000000000000 ) ) ;
#729 = EDGE_CURVE ( 'NONE', #762, #41, #1857, .T. ) ;
#730 = VECTOR ( 'NONE', #2449, 1000.000000000000000 ) ;
#731 = FACE_OUTER_BOUND ( 'NONE', #897, .T. ) ;
#732 = CARTESIAN_POINT ( 'NONE',  ( -19.46496222574226920, 30.02870705156890097, -4.000000000000000000 ) ) ;
#733 = ORIENTED_EDGE ( 'NONE', *, *, #2976, .T. ) ;
#734 = VECTOR ( 'NONE', #83, 1000.000000000000000 ) ;
#735 = EDGE_CURVE ( 'NONE', #1796, #2776, #2308, .T. ) ;
#736 = ORIENTED_EDGE ( 'NONE', *, *, #1566, .F. ) ;
#737 = CARTESIAN_POINT ( 'NONE',  ( 10.45303777425773362, -25.62529294843109540, -2.500000000000000000 ) ) ;
#738 = ORIENTED_EDGE ( 'NONE', *, *, #1955, .F. ) ;
#739 = AXIS2_PLACEMENT_3D ( 'NONE', #47, #2469, #998 ) ;
#740 = AXIS2_PLACEMENT_3D ( 'NONE', #2019, #2985, #2524 ) ;
#741 = FACE_BOUND ( 'NONE', #79, .T. ) ;
#742 = CARTESIAN_POINT ( 'NONE',  ( 19.03503777425773080, 30.02870705156891162, -4.000000000000000000 ) ) ;
#743 = DIRECTION ( 'NONE',  ( -0.000000000000000000, -0.000000000000000000, -1.000000000000000000 ) ) ;
#744 = VECTOR ( 'NONE', #24, 1000.000000000000000 ) ;
#745 = ORIENTED_EDGE ( 'NONE', *, *, #898, .F. ) ;
#746 = FACE_OUTER_BOUND ( 'NONE', #836, .T. ) ;
#747 = ORIENTED_EDGE ( 'NONE', *, *, #276, .T. ) ;
#748 = DIRECTION ( 'NONE',  ( -0.000000000000000000, -0.7071067811865475727, -0.7071067811865475727 ) ) ;
#749 = DIRECTION ( 'NONE',  ( 0.000000000000000000, -0.000000000000000000, -1.000000000000000000 ) ) ;
#750 = DIRECTION ( 'NONE',  ( -0.000000000000000000, -0.000000000000000000, -1.000000000000000000 ) ) ;
#751 = VERTEX_POINT ( 'NONE', #907 ) ;
#752 = ORIENTED_EDGE ( 'NONE', *, *, #1253, .F. ) ;
#753 = DIRECTION ( 'NONE',  ( 1.000000000000000000, 0.000000000000000000, 0.000000000000000000 ) ) ;
#754 = EDGE_LOOP ( 'NONE', ( #1204, #813, #2297, #1287 ) ) ;
#755 = EDGE_LOOP ( 'NONE', ( #2936, #1680, #1078, #337 ) ) ;
#756 = ADVANCED_FACE ( 'NONE', ( #921 ), #210, .T. ) ;
#757 = DIRECTION ( 'NONE',  ( 0.000000000000000000, -0.000000000000000000, -1.000000000000000000 ) ) ;
#758 = AXIS2_PLACEMENT_3D ( 'NONE', #1790, #1369, #123 ) ;
#759 = DIRECTION ( 'NONE',  ( -1.156482317317871971E-16, 1.000000000000000000, -0.000000000000000000 ) ) ;
#760 = FACE_OUTER_BOUND ( 'NONE', #1653, .T. ) ;
#761 = LINE ( 'NONE', #114, #477 ) ;
#762 = VERTEX_POINT ( 'NONE', #693 ) ;
#763 = CARTESIAN_POINT ( 'NONE',  ( -16.46496222574226209, -28.47129294843108482, 3.292323440001584611 ) ) ;
#764 = VECTOR ( 'NONE', #2641, 1000.000000000000000 ) ;
#765 = ORIENTED_EDGE ( 'NONE', *, *, #881, .F. ) ;
#766 = EDGE_CURVE ( 'NONE', #167, #1945, #2085, .T. ) ;
#767 = CARTESIAN_POINT ( 'NONE',  ( -10.88296222574226668, 25.68270705156890443, 0.000000000000000000 ) ) ;
#768 =( BOUNDED_CURVE ( )  B_SPLINE_CURVE ( 3, ( #1044, #2009, #2978, #2700 ),
 .UNSPECIFIED., .F., .F. ) 
 B_SPLINE_CURVE_WITH_KNOTS ( ( 4, 4 ),
 ( 0.000000000000000000, 0.4977068327427434657 ),
 .UNSPECIFIED. ) 
 CURVE ( )  GEOMETRIC_REPRESENTATION_ITEM ( )  RATIONAL_B_SPLINE_CURVE ( ( 1.000000000000000000, 0.9794636360570635469, 0.9794636360570635469, 1.000000000000000000 ) ) 
 REPRESENTATION_ITEM ( '' )  );
#769 = DIRECTION ( 'NONE',  ( 1.000000000000000000, 0.000000000000000000, 0.000000000000000000 ) ) ;
#770 = DIRECTION ( 'NONE',  ( 0.000000000000000000, -0.000000000000000000, -1.000000000000000000 ) ) ;
#771 = EDGE_LOOP ( 'NONE', ( #1136, #1171 ) ) ;
#772 = EDGE_LOOP ( 'NONE', ( #1816, #653, #1181, #720 ) ) ;
#773 = CARTESIAN_POINT ( 'NONE',  ( 7.285040208365947123, -28.47129294843108482, 3.292323440001584611 ) ) ;
#774 = EDGE_LOOP ( 'NONE', ( #2709, #1701, #25, #64 ) ) ;
#775 = DIRECTION ( 'NONE',  ( 1.734723475976807094E-16, -1.000000000000000000, 0.000000000000000000 ) ) ;
#776 = CARTESIAN_POINT ( 'NONE',  ( 17.49374975392582954, 25.94859523798345080, -2.419967676772265541 ) ) ;
#777 = PLANE ( 'NONE',  #1852 ) ;
#778 = ADVANCED_FACE ( 'NONE', ( #2591 ), #1872, .F. ) ;
#779 = DIRECTION ( 'NONE',  ( -1.000000000000000000, 0.000000000000000000, 0.000000000000000000 ) ) ;
#780 = VERTEX_POINT ( 'NONE', #2618 ) ;
#781 = DIRECTION ( 'NONE',  ( 0.000000000000000000, 0.000000000000000000, 1.000000000000000000 ) ) ;
#782 = ORIENTED_EDGE ( 'NONE', *, *, #1660, .F. ) ;
#783 = ADVANCED_FACE ( 'NONE', ( #708, #1631, #1900, #1884, #2350 ), #1673, .T. ) ;
#784 = DIRECTION ( 'NONE',  ( 0.000000000000000000, 0.000000000000000000, -1.000000000000000000 ) ) ;
#785 = AXIS2_PLACEMENT_3D ( 'NONE', #1986, #2422, #265 ) ;
#786 = LINE ( 'NONE', #317, #98 ) ;
#787 = DIRECTION ( 'NONE',  ( 0.7071067811865474617, 8.177564888977997868E-17, -0.7071067811865474617 ) ) ;
#788 = EDGE_LOOP ( 'NONE', ( #3020, #2900, #235, #804 ) ) ;
#789 = VECTOR ( 'NONE', #1833, 1000.000000000000000 ) ;
#790 = CIRCLE ( 'NONE', #42, 0.9499999999999995115 ) ;
#791 = CIRCLE ( 'NONE', #1190, 2.196648138761197799 ) ;
#792 = CIRCLE ( 'NONE', #1187, 2.749999999999995559 ) ;
#793 = VERTEX_POINT ( 'NONE', #441 ) ;
#794 = DIRECTION ( 'NONE',  ( 1.734723475976807341E-16, -1.000000000000000000, 0.000000000000000000 ) ) ;
#795 = EDGE_LOOP ( 'NONE', ( #2027, #2501, #1836, #2744 ) ) ;
#796 = ORIENTED_EDGE ( 'NONE', *, *, #3109, .T. ) ;
#797 = CARTESIAN_POINT ( 'NONE',  ( -16.46496222574226209, -26.97129294843108838, -2.500000000000000000 ) ) ;
#798 = DIRECTION ( 'NONE',  ( 1.000000000000000000, 0.000000000000000000, 0.000000000000000000 ) ) ;
#799 = DIRECTION ( 'NONE',  ( 0.000000000000000000, 0.000000000000000000, -1.000000000000000000 ) ) ;
#800 = CARTESIAN_POINT ( 'NONE',  ( -19.46496222574226920, 28.52870705156889741, -4.000000000000000000 ) ) ;
#801 = VERTEX_POINT ( 'NONE', #1172 ) ;
#802 = DIRECTION ( 'NONE',  ( 1.000000000000000000, 0.000000000000000000, 0.000000000000000000 ) ) ;
#803 = CIRCLE ( 'NONE', #106, 2.749999999999995559 ) ;
#804 = ORIENTED_EDGE ( 'NONE', *, *, #133, .F. ) ;
#805 = EDGE_CURVE ( 'NONE', #1792, #984, #2562, .T. ) ;
#806 = CIRCLE ( 'NONE', #2566, 1.499999999999999556 ) ;
#807 = DIRECTION ( 'NONE',  ( -1.000000000000000000, 1.889896820699124017E-15, 0.000000000000000000 ) ) ;
#808 = CARTESIAN_POINT ( 'NONE',  ( 15.78503777425775390, -19.72129294843107417, 3.292323440001584611 ) ) ;
#809 = CARTESIAN_POINT ( 'NONE',  ( -16.21496222574229407, 19.77870705156889031, -4.002000000000000668 ) ) ;
#810 = ORIENTED_EDGE ( 'NONE', *, *, #659, .T. ) ;
#811 = DIRECTION ( 'NONE',  ( -0.000000000000000000, -0.000000000000000000, -1.000000000000000000 ) ) ;
#812 = ORIENTED_EDGE ( 'NONE', *, *, #2228, .F. ) ;
#813 = ORIENTED_EDGE ( 'NONE', *, *, #3018, .T. ) ;
#814 = CARTESIAN_POINT ( 'NONE',  ( 15.78503777425770060, 22.52870705156892583, -3.000000000000002665 ) ) ;
#815 = CARTESIAN_POINT ( 'NONE',  ( 8.256389635496537593, 25.68270705156890443, 0.000000000000000000 ) ) ;
#816 = EDGE_CURVE ( 'NONE', #819, #2419, #2973, .T. ) ;
#817 = CARTESIAN_POINT ( 'NONE',  ( 15.78503777425775390, -19.72129294843107417, 3.292323440001584611 ) ) ;
#818 = AXIS2_PLACEMENT_3D ( 'NONE', #2410, #1639, #1655 ) ;
#819 = VERTEX_POINT ( 'NONE', #514 ) ;
#820 = DIRECTION ( 'NONE',  ( -1.000000000000000000, 0.000000000000000000, 0.000000000000000000 ) ) ;
#821 = ORIENTED_EDGE ( 'NONE', *, *, #220, .T. ) ;
#822 = AXIS2_PLACEMENT_3D ( 'NONE', #1036, #784, #2005 ) ;
#823 = DIRECTION ( 'NONE',  ( 0.000000000000000000, 0.000000000000000000, 1.000000000000000000 ) ) ;
#824 = EDGE_CURVE ( 'NONE', #2026, #167, #2924, .T. ) ;
#825 = DIRECTION ( 'NONE',  ( 0.000000000000000000, 0.000000000000000000, 1.000000000000000000 ) ) ;
#826 = LINE ( 'NONE', #2957, #1969 ) ;
#827 = CARTESIAN_POINT ( 'NONE',  ( 19.03503777425773080, 27.02870705156891162, -3.000000000000006217 ) ) ;
#828 = ORIENTED_EDGE ( 'NONE', *, *, #824, .T. ) ;
#829 = EDGE_CURVE ( 'NONE', #1682, #1055, #1208, .T. ) ;
#830 = LINE ( 'NONE', #2981, #3034 ) ;
#831 = PLANE ( 'NONE',  #2595 ) ;
#832 = CARTESIAN_POINT ( 'NONE',  ( 9.503037774257734327, -25.62529294843109540, 0.000000000000000000 ) ) ;
#833 = EDGE_CURVE ( 'NONE', #2380, #2908, #2197, .T. ) ;
#834 = ORIENTED_EDGE ( 'NONE', *, *, #411, .F. ) ;
#835 = CARTESIAN_POINT ( 'NONE',  ( 17.53503777425774146, -26.22129294843107061, -2.378679656440367385 ) ) ;
#836 = EDGE_LOOP ( 'NONE', ( #77, #209, #1596, #2194, #1011 ) ) ;
#837 = CIRCLE ( 'NONE', #1297, 2.999999999999999112 ) ;
#838 = CARTESIAN_POINT ( 'NONE',  ( -8.686314086981068883, 25.68270705156890443, 0.000000000000000000 ) ) ;
#839 = FACE_BOUND ( 'NONE', #222, .T. ) ;
#840 = AXIS2_PLACEMENT_3D ( 'NONE', #2183, #40, #770 ) ;
#841 = EDGE_CURVE ( 'NONE', #1354, #274, #1049, .T. ) ;
#842 = FACE_BOUND ( 'NONE', #76, .T. ) ;
#843 = CYLINDRICAL_SURFACE ( 'NONE', #1321, 2.196648138761197799 ) ;
#844 = EDGE_LOOP ( 'NONE', ( #372, #1846, #2928, #2496 ) ) ;
#845 = VECTOR ( 'NONE', #2535, 1000.000000000000000 ) ;
#846 = DIRECTION ( 'NONE',  ( 1.000000000000000000, 0.000000000000000000, 0.000000000000000000 ) ) ;
#847 = CARTESIAN_POINT ( 'NONE',  ( -19.46496222574226920, 30.02870705156890097, -3.000000000000006217 ) ) ;
#848 = EDGE_CURVE ( 'NONE', #2819, #2682, #1093, .T. ) ;
#849 = CIRCLE ( 'NONE', #3059, 0.9499999999999995115 ) ;
#850 = PRODUCT_RELATED_PRODUCT_CATEGORY ( 'part', '', ( #314 ) ) ;
#851 = CARTESIAN_POINT ( 'NONE',  ( -8.686314086981068883, 25.68270705156890443, -2.500000000000000000 ) ) ;
#852 = VERTEX_POINT ( 'NONE', #1962 ) ;
#853 = CARTESIAN_POINT ( 'NONE',  ( -19.46496222574226209, -28.47129294843108482, 3.292323440001584611 ) ) ;
#854 = AXIS2_PLACEMENT_3D ( 'NONE', #82, #48, #722 ) ;
#855 = CARTESIAN_POINT ( 'NONE',  ( -9.932962225742267393, -25.62529294843109184, 0.000000000000000000 ) ) ;
#856 = AXIS2_PLACEMENT_3D ( 'NONE', #3017, #3044, #579 ) ;
#857 = DIRECTION ( 'NONE',  ( 1.000000000000000000, 0.000000000000000000, -0.000000000000000000 ) ) ;
#858 = VECTOR ( 'NONE', #1679, 1000.000000000000000 ) ;
#859 = DIRECTION ( 'NONE',  ( 1.000000000000000000, 0.000000000000000000, 0.000000000000000000 ) ) ;
#860 = VERTEX_POINT ( 'NONE', #1029 ) ;
#861 = ORIENTED_EDGE ( 'NONE', *, *, #2731, .F. ) ;
#862 = CARTESIAN_POINT ( 'NONE',  ( -19.46496222574226209, -29.97129294843108838, -4.000000000000000000 ) ) ;
#863 = FACE_OUTER_BOUND ( 'NONE', #2365, .T. ) ;
#864 = CARTESIAN_POINT ( 'NONE',  ( -17.96496222574226564, 26.27870705156888320, -2.378679656440365608 ) ) ;
#865 = ADVANCED_FACE ( 'NONE', ( #2905 ), #272, .F. ) ;
#866 = ORIENTED_EDGE ( 'NONE', *, *, #568, .T. ) ;
#867 = DIRECTION ( 'NONE',  ( -1.000000000000000000, 0.000000000000000000, 0.000000000000000000 ) ) ;
#868 = VECTOR ( 'NONE', #1824, 1000.000000000000000 ) ;
#869 = ADVANCED_FACE ( 'NONE', ( #2448 ), #290, .T. ) ;
#870 = AXIS2_PLACEMENT_3D ( 'NONE', #1467, #1237, #753 ) ;
#871 = FACE_OUTER_BOUND ( 'NONE', #788, .T. ) ;
#872 = LINE ( 'NONE', #2748, #789 ) ;
#873 = LINE ( 'NONE', #397, #2971 ) ;
#874 = CARTESIAN_POINT ( 'NONE',  ( -16.46496222574226920, 30.02870705156890097, -3.000000000000006217 ) ) ;
#875 = CARTESIAN_POINT ( 'NONE',  ( 16.53503777425773080, 26.27870705156888320, -2.500000000000000000 ) ) ;
#876 = VERTEX_POINT ( 'NONE', #1993 ) ;
#877 = DIRECTION ( 'NONE',  ( 0.000000000000000000, 0.000000000000000000, -1.000000000000000000 ) ) ;
#878 =( NAMED_UNIT ( * ) PLANE_ANGLE_UNIT ( ) SI_UNIT ( $, .RADIAN. ) );
#879 = LINE ( 'NONE', #2060, #1444 ) ;
#880 = PLANE ( 'NONE',  #740 ) ;
#881 = EDGE_CURVE ( 'NONE', #2673, #2188, #2077, .T. ) ;
#882 = EDGE_CURVE ( 'NONE', #1007, #1896, #66, .T. ) ;
#883 = DIRECTION ( 'NONE',  ( -1.298934084353240545E-16, -0.7071067811865479058, 0.7071067811865472397 ) ) ;
#884 = LINE ( 'NONE', #1787, #684 ) ;
#885 = ORIENTED_EDGE ( 'NONE', *, *, #546, .T. ) ;
#886 = CARTESIAN_POINT ( 'NONE',  ( -17.96496222574225854, -26.97129294843108838, -2.378679656440364720 ) ) ;
#887 = EDGE_LOOP ( 'NONE', ( #1235, #1083, #691, #1166 ) ) ;
#888 = EDGE_LOOP ( 'NONE', ( #2670, #182 ) ) ;
#889 = DIRECTION ( 'NONE',  ( 0.000000000000000000, 0.000000000000000000, -1.000000000000000000 ) ) ;
#890 = VECTOR ( 'NONE', #1817, 1000.000000000000000 ) ;
#891 = VECTOR ( 'NONE', #1109, 1000.000000000000000 ) ;
#892 = ORIENTED_EDGE ( 'NONE', *, *, #141, .T. ) ;
#893 = CARTESIAN_POINT ( 'NONE',  ( 0.000000000000000000, 0.000000000000000000, -2.500000000000000000 ) ) ;
#894 = CIRCLE ( 'NONE', #1750, 2.196648138761197799 ) ;
#895 = CIRCLE ( 'NONE', #1360, 0.9500000000000029532 ) ;
#896 = AXIS2_PLACEMENT_3D ( 'NONE', #145, #904, #1111 ) ;
#897 = EDGE_LOOP ( 'NONE', ( #1515, #1983, #1910, #3093 ) ) ;
#898 = EDGE_CURVE ( 'NONE', #2011, #1586, #2136, .T. ) ;
#899 = CARTESIAN_POINT ( 'NONE',  ( 14.83503777425769599, 22.52870705156892583, -3.000000000000002665 ) ) ;
#900 = VECTOR ( 'NONE', #2642, 1000.000000000000000 ) ;
#901 = CARTESIAN_POINT ( 'NONE',  ( -16.21496222574229762, 25.27870705156888320, -2.500000000000000000 ) ) ;
#902 = ORIENTED_EDGE ( 'NONE', *, *, #1950, .T. ) ;
#903 = LINE ( 'NONE', #1422, #1086 ) ;
#904 = DIRECTION ( 'NONE',  ( -0.000000000000000000, -0.000000000000000000, -1.000000000000000000 ) ) ;
#905 = EDGE_LOOP ( 'NONE', ( #1131, #1381 ) ) ;
#906 = ORIENTED_EDGE ( 'NONE', *, *, #99, .T. ) ;
#907 = CARTESIAN_POINT ( 'NONE',  ( 17.53503777425773080, 27.02870705156891162, 3.292323440001584611 ) ) ;
#908 = EDGE_CURVE ( 'NONE', #2320, #1062, #284, .T. ) ;
#909 = AXIS2_PLACEMENT_3D ( 'NONE', #916, #1681, #2647 ) ;
#910 = EDGE_CURVE ( 'NONE', #3010, #2349, #790, .T. ) ;
#911 = LINE ( 'NONE', #2147, #1782 ) ;
#912 = CARTESIAN_POINT ( 'NONE',  ( 15.78503777425775390, -19.72129294843107417, -2.500000000000000000 ) ) ;
#913 = ORIENTED_EDGE ( 'NONE', *, *, #2823, .T. ) ;
#914 = PLANE ( 'NONE',  #2128 ) ;
#915 = VECTOR ( 'NONE', #823, 1000.000000000000000 ) ;
#916 = CARTESIAN_POINT ( 'NONE',  ( -16.21496222574226564, -22.47129294843110969, -3.000000000000002665 ) ) ;
#917 = EDGE_CURVE ( 'NONE', #2994, #435, #2724, .T. ) ;
#918 = EDGE_CURVE ( 'NONE', #267, #274, #2668, .T. ) ;
#919 = VERTEX_POINT ( 'NONE', #1509 ) ;
#920 = VERTEX_POINT ( 'NONE', #2470 ) ;
#921 = FACE_OUTER_BOUND ( 'NONE', #1063, .T. ) ;
#922 = DIRECTION ( 'NONE',  ( -1.000000000000000000, 0.000000000000000000, 0.000000000000000000 ) ) ;
#923 = CARTESIAN_POINT ( 'NONE',  ( 16.03503777425773791, -28.34997260487145354, -2.500000000000000000 ) ) ;
#924 = CARTESIAN_POINT ( 'NONE',  ( 15.78503777425775390, -25.22129294843106706, -4.002000000000000668 ) ) ;
#925 = CARTESIAN_POINT ( 'NONE',  ( -10.88296222574226668, 25.68270705156890443, 0.000000000000000000 ) ) ;
#926 = EDGE_LOOP ( 'NONE', ( #705, #197 ) ) ;
#927 = EDGE_CURVE ( 'NONE', #3070, #2233, #2175, .T. ) ;
#928 = CARTESIAN_POINT ( 'NONE',  ( 9.503037774257734327, 25.68270705156890443, 0.000000000000000000 ) ) ;
#929 = CARTESIAN_POINT ( 'NONE',  ( 10.45303777425773362, -25.62529294843109540, 0.000000000000000000 ) ) ;
#930 = ORIENTED_EDGE ( 'NONE', *, *, #1608, .F. ) ;
#931 = ORIENTED_EDGE ( 'NONE', *, *, #841, .T. ) ;
#932 = ADVANCED_FACE ( 'NONE', ( #31 ), #980, .F. ) ;
#933 = DIRECTION ( 'NONE',  ( -0.000000000000000000, 0.000000000000000000, 1.000000000000000000 ) ) ;
#934 = ORIENTED_EDGE ( 'NONE', *, *, #2760, .F. ) ;
#935 = CIRCLE ( 'NONE', #1189, 2.196648138761197799 ) ;
#936 = VECTOR ( 'NONE', #2654, 1000.000000000000000 ) ;
#937 = AXIS2_PLACEMENT_3D ( 'NONE', #2451, #2016, #2245 ) ;
#938 = CARTESIAN_POINT ( 'NONE',  ( 7.285040208365947123, -29.97129294843108838, -0.3076765599984150334 ) ) ;
#939 = CARTESIAN_POINT ( 'NONE',  ( -16.21496222574229051, -19.72129294843107417, -2.500000000000000000 ) ) ;
#940 = LINE ( 'NONE', #2106, #2148 ) ;
#941 = ORIENTED_EDGE ( 'NONE', *, *, #2976, .F. ) ;
#942 = AXIS2_PLACEMENT_3D ( 'NONE', #893, #2111, #2604 ) ;
#943 = CYLINDRICAL_SURFACE ( 'NONE', #2242, 2.999999999999999112 ) ;
#944 = PLANE ( 'NONE',  #3081 ) ;
#945 = ORIENTED_EDGE ( 'NONE', *, *, #2336, .F. ) ;
#946 = ORIENTED_EDGE ( 'NONE', *, *, #2645, .F. ) ;
#947 = DIRECTION ( 'NONE',  ( 0.000000000000000000, -1.000000000000000000, 0.000000000000000000 ) ) ;
#948 = CARTESIAN_POINT ( 'NONE',  ( 16.03503777425773791, -26.97129294843108838, -2.378679656440363388 ) ) ;
#949 = EDGE_CURVE ( 'NONE', #984, #2011, #156, .T. ) ;
#950 = ORIENTED_EDGE ( 'NONE', *, *, #1747, .F. ) ;
#951 = EDGE_CURVE ( 'NONE', #3102, #435, #1689, .T. ) ;
#952 = CARTESIAN_POINT ( 'NONE',  ( 10.45303777425773362, -25.62529294843109540, 0.000000000000000000 ) ) ;
#953 = ORIENTED_EDGE ( 'NONE', *, *, #1827, .T. ) ;
#954 = ADVANCED_FACE ( 'NONE', ( #1559 ), #589, .T. ) ;
#955 = DIRECTION ( 'NONE',  ( -0.000000000000000000, -0.000000000000000000, -1.000000000000000000 ) ) ;
#956 = PLANE ( 'NONE',  #1117 ) ;
#957 = CARTESIAN_POINT ( 'NONE',  ( 17.53503777425774146, -26.22129294843107061, 3.292323440001584611 ) ) ;
#958 = EDGE_CURVE ( 'NONE', #1126, #2837, #1780, .T. ) ;
#959 = DIRECTION ( 'NONE',  ( -0.000000000000000000, -0.000000000000000000, -1.000000000000000000 ) ) ;
#960 = VERTEX_POINT ( 'NONE', #815 ) ;
#961 = DIRECTION ( 'NONE',  ( 1.000000000000000000, 0.000000000000000000, 0.000000000000000000 ) ) ;
#962 = VERTEX_POINT ( 'NONE', #1080 ) ;
#963 = ORIENTED_EDGE ( 'NONE', *, *, #2074, .T. ) ;
#964 = DIRECTION ( 'NONE',  ( 1.000000000000000000, 0.000000000000000000, 0.000000000000000000 ) ) ;
#965 = CIRCLE ( 'NONE', #168, 0.9499999999999995115 ) ;
#966 = CARTESIAN_POINT ( 'NONE',  ( -18.40430205396244645, 30.02870705156890097, -1.939339828220185025 ) ) ;
#967 = PLANE ( 'NONE',  #1240 ) ;
#968 = CIRCLE ( 'NONE', #21, 2.196648138761197799 ) ;
#969 = ORIENTED_EDGE ( 'NONE', *, *, #2202, .F. ) ;
#970 = ADVANCED_FACE ( 'NONE', ( #3026 ), #2260, .F. ) ;
#971 = DIRECTION ( 'NONE',  ( -0.000000000000000000, -0.000000000000000000, 1.000000000000000000 ) ) ;
#972 = FACE_OUTER_BOUND ( 'NONE', #1667, .T. ) ;
#973 = CARTESIAN_POINT ( 'NONE',  ( -11.83296222574226597, 25.68270705156890443, 0.000000000000000000 ) ) ;
#974 = ORIENTED_EDGE ( 'NONE', *, *, #2922, .T. ) ;
#975 = ORIENTED_EDGE ( 'NONE', *, *, #588, .T. ) ;
#976 = FACE_OUTER_BOUND ( 'NONE', #1236, .T. ) ;
#977 = EDGE_LOOP ( 'NONE', ( #1562, #2427, #3029, #348, #1698, #975, #3037, #902, #479, #2180, #2867, #2061, #270, #2576, #2068, #1911, #283, #1922, #2890, #2662, #377, #2255, #1848, #517, #1610, #164, #931, #1636, #1882, #2979, #324, #289, #554, #1035, #1987, #2814, #2796, #420, #1710, #217, #1025, #1045, #325, #6, #2831, #1033 ) ) ;
#978 = ORIENTED_EDGE ( 'NONE', *, *, #519, .T. ) ;
#979 = PLANE ( 'NONE',  #739 ) ;
#980 = PLANE ( 'NONE',  #148 ) ;
#981 = CARTESIAN_POINT ( 'NONE',  ( -18.40430205396244645, 30.02870705156890097, -1.939339828220185025 ) ) ;
#982 = ORIENTED_EDGE ( 'NONE', *, *, #2969, .F. ) ;
#983 = DIRECTION ( 'NONE',  ( 1.000000000000000000, 0.000000000000000000, 0.000000000000000000 ) ) ;
#984 = VERTEX_POINT ( 'NONE', #357 ) ;
#985 = AXIS2_PLACEMENT_3D ( 'NONE', #2914, #749, #769 ) ;
#986 = EDGE_CURVE ( 'NONE', #1055, #2290, #1811, .T. ) ;
#987 = ADVANCED_FACE ( 'NONE', ( #863 ), #831, .F. ) ;
#988 = CIRCLE ( 'NONE', #683, 0.9499999999999995115 ) ;
#989 = DIRECTION ( 'NONE',  ( -1.000000000000000000, 0.000000000000000000, 0.000000000000000000 ) ) ;
#990 = CARTESIAN_POINT ( 'NONE',  ( -18.40430205396244645, 27.02870705156890097, -1.939339828220185025 ) ) ;
#991 = ORIENTED_EDGE ( 'NONE', *, *, #729, .T. ) ;
#992 = VECTOR ( 'NONE', #181, 999.9999999999998863 ) ;
#993 = ORIENTED_EDGE ( 'NONE', *, *, #1143, .F. ) ;
#994 = DIRECTION ( 'NONE',  ( 0.000000000000000000, 0.000000000000000000, 1.000000000000000000 ) ) ;
#995 = ORIENTED_EDGE ( 'NONE', *, *, #278, .F. ) ;
#996 = VERTEX_POINT ( 'NONE', #636 ) ;
#997 = AXIS2_PLACEMENT_3D ( 'NONE', #223, #947, #1124 ) ;
#998 = DIRECTION ( 'NONE',  ( 0.000000000000000000, 0.000000000000000000, 1.000000000000000000 ) ) ;
#999 = DIRECTION ( 'NONE',  ( 0.000000000000000000, -0.000000000000000000, -1.000000000000000000 ) ) ;
#1000 = CARTESIAN_POINT ( 'NONE',  ( 0.000000000000000000, 0.000000000000000000, -2.500000000000000000 ) ) ;
#1001 = EDGE_CURVE ( 'NONE', #2266, #1272, #528, .T. ) ;
#1002 = AXIS2_PLACEMENT_3D ( 'NONE', #1165, #3078, #2360 ) ;
#1003 = ORIENTED_EDGE ( 'NONE', *, *, #2573, .F. ) ;
#1004 = CARTESIAN_POINT ( 'NONE',  ( -11.83296222574226597, 25.68270705156890443, -2.500000000000000000 ) ) ;
#1005 = CARTESIAN_POINT ( 'NONE',  ( 17.53503777425773080, 26.27870705156888320, -4.000000000000000000 ) ) ;
#1006 = CYLINDRICAL_SURFACE ( 'NONE', #1844, 2.196648138761197799 ) ;
#1007 = VERTEX_POINT ( 'NONE', #2276 ) ;
#1008 = EDGE_CURVE ( 'NONE', #657, #2648, #935, .T. ) ;
#1009 = EDGE_LOOP ( 'NONE', ( #2445, #2212, #2032, #2845, #2153, #1960, #1384, #1948, #1170, #236, #3053, #1020, #2334, #2409, #812, #1024, #2937, #2020, #2721, #174, #2753, #2692, #1675, #1860, #456, #2258, #130, #2947, #228, #892, #2679, #2736, #10, #782 ) ) ;
#1010 = DIRECTION ( 'NONE',  ( 1.000000000000000000, 0.000000000000000000, -0.000000000000000000 ) ) ;
#1011 = ORIENTED_EDGE ( 'NONE', *, *, #36, .F. ) ;
#1012 = ORIENTED_EDGE ( 'NONE', *, *, #1543, .F. ) ;
#1013 = FACE_OUTER_BOUND ( 'NONE', #1421, .T. ) ;
#1014 = CARTESIAN_POINT ( 'NONE',  ( 17.41371743069809597, 25.80129521535424075, -2.500000000000000000 ) ) ;
#1015 = DIRECTION ( 'NONE',  ( 1.000000000000000000, 0.000000000000000000, 0.000000000000000000 ) ) ;
#1016 = EDGE_CURVE ( 'NONE', #532, #876, #3012, .T. ) ;
#1017 = DIRECTION ( 'NONE',  ( -1.000000000000000000, 0.000000000000000000, 0.000000000000000000 ) ) ;
#1018 = ORIENTED_EDGE ( 'NONE', *, *, #666, .F. ) ;
#1019 = CYLINDRICAL_SURFACE ( 'NONE', #1746, 1.500000000000001332 ) ;
#1020 = ORIENTED_EDGE ( 'NONE', *, *, #666, .T. ) ;
#1021 = LINE ( 'NONE', #838, #2511 ) ;
#1022 = DIRECTION ( 'NONE',  ( 1.000000000000000000, -0.000000000000000000, -0.000000000000000000 ) ) ;
#1023 = CARTESIAN_POINT ( 'NONE',  ( -16.46496222574226920, 27.02870705156890097, 3.292323440001584611 ) ) ;
#1024 = ORIENTED_EDGE ( 'NONE', *, *, #1402, .F. ) ;
#1025 = ORIENTED_EDGE ( 'NONE', *, *, #2463, .T. ) ;
#1026 = FACE_OUTER_BOUND ( 'NONE', #1468, .T. ) ;
#1027 = EDGE_LOOP ( 'NONE', ( #945, #828, #736, #2401 ) ) ;
#1028 = FACE_OUTER_BOUND ( 'NONE', #1343, .T. ) ;
#1029 = CARTESIAN_POINT ( 'NONE',  ( -17.84364188218263436, 19.25611888778353986, -2.500000000000000000 ) ) ;
#1030 = FACE_OUTER_BOUND ( 'NONE', #44, .T. ) ;
#1031 = DIRECTION ( 'NONE',  ( -0.000000000000000000, 0.000000000000000000, 1.000000000000000000 ) ) ;
#1032 = ADVANCED_FACE ( 'NONE', ( #1065 ), #374, .T. ) ;
#1033 = ORIENTED_EDGE ( 'NONE', *, *, #118, .F. ) ;
#1034 = CARTESIAN_POINT ( 'NONE',  ( 15.78503777425770060, 22.52870705156892583, -3.000000000000002665 ) ) ;
#1035 = ORIENTED_EDGE ( 'NONE', *, *, #1561, .F. ) ;
#1036 = CARTESIAN_POINT ( 'NONE',  ( 10.45303777425773362, -25.62529294843109540, 0.000000000000000000 ) ) ;
#1037 = AXIS2_PLACEMENT_3D ( 'NONE', #1745, #2929, #518 ) ;
#1038 = CARTESIAN_POINT ( 'NONE',  ( -19.46496222574226920, 27.02870705156890097, 3.292323440001584611 ) ) ;
#1039 = DIRECTION ( 'NONE',  ( 1.000000000000000000, 0.000000000000000000, 0.000000000000000000 ) ) ;
#1040 = VECTOR ( 'NONE', #825, 1000.000000000000000 ) ;
#1041 = CIRCLE ( 'NONE', #1096, 0.9499999999999995115 ) ;
#1042 = VECTOR ( 'NONE', #2505, 1000.000000000000000 ) ;
#1043 = EDGE_LOOP ( 'NONE', ( #1437, #2370 ) ) ;
#1044 = CARTESIAN_POINT ( 'NONE',  ( 17.53503777425773436, 18.77870705156889031, -2.378679656440367385 ) ) ;
#1045 = ORIENTED_EDGE ( 'NONE', *, *, #1995, .F. ) ;
#1046 = EDGE_LOOP ( 'NONE', ( #1397, #2769, #1730, #140 ) ) ;
#1047 = LINE ( 'NONE', #2291, #1193 ) ;
#1048 = CARTESIAN_POINT ( 'NONE',  ( 15.78503777425773613, -22.47129294843107417, -3.000000000000002665 ) ) ;
#1049 = CIRCLE ( 'NONE', #2815, 1.000000000000000888 ) ;
#1050 = FACE_OUTER_BOUND ( 'NONE', #1573, .T. ) ;
#1051 = EDGE_LOOP ( 'NONE', ( #319, #2762, #2160, #1485 ) ) ;
#1052 = FACE_OUTER_BOUND ( 'NONE', #2481, .T. ) ;
#1053 = ADVANCED_FACE ( 'NONE', ( #1825 ), #608, .F. ) ;
#1054 = CIRCLE ( 'NONE', #2772, 2.999999999999999112 ) ;
#1055 = VERTEX_POINT ( 'NONE', #2771 ) ;
#1056 = EDGE_CURVE ( 'NONE', #1478, #1719, #2997, .T. ) ;
#1057 = CARTESIAN_POINT ( 'NONE',  ( -17.96496222574225854, -18.72129294843107417, -4.000000000000000000 ) ) ;
#1058 = EDGE_CURVE ( 'NONE', #2263, #2628, #143, .T. ) ;
#1059 = DIRECTION ( 'NONE',  ( -0.000000000000000000, -0.000000000000000000, -1.000000000000000000 ) ) ;
#1060 = EDGE_LOOP ( 'NONE', ( #2920, #1778, #1975, #59 ) ) ;
#1061 = CARTESIAN_POINT ( 'NONE',  ( -16.96496222574225854, -26.22129294843106706, -4.002000000000000668 ) ) ;
#1062 = VERTEX_POINT ( 'NONE', #2069 ) ;
#1063 = EDGE_LOOP ( 'NONE', ( #1458, #2282, #796, #2125 ) ) ;
#1064 = LINE ( 'NONE', #1793, #3075 ) ;
#1065 = FACE_OUTER_BOUND ( 'NONE', #463, .T. ) ;
#1066 = DIRECTION ( 'NONE',  ( 0.000000000000000000, 0.000000000000000000, -1.000000000000000000 ) ) ;
#1067 = AXIS2_PLACEMENT_3D ( 'NONE', #3021, #1090, #353 ) ;
#1068 = EDGE_LOOP ( 'NONE', ( #2168, #1469, #1433, #1012 ) ) ;
#1069 = FACE_OUTER_BOUND ( 'NONE', #494, .T. ) ;
#1070 = ORIENTED_EDGE ( 'NONE', *, *, #2301, .F. ) ;
#1071 = EDGE_CURVE ( 'NONE', #1683, #490, #2437, .T. ) ;
#1072 = AXIS2_PLACEMENT_3D ( 'NONE', #1355, #2302, #1594 ) ;
#1073 = CARTESIAN_POINT ( 'NONE',  ( -19.46496222574226920, 30.02870705156890097, -4.000000000000000000 ) ) ;
#1074 = FACE_BOUND ( 'NONE', #2661, .T. ) ;
#1075 = EDGE_CURVE ( 'NONE', #1371, #2616, #837, .T. ) ;
#1076 = CARTESIAN_POINT ( 'NONE',  ( -9.932962225742267393, 25.68270705156890443, 0.000000000000000000 ) ) ;
#1077 = CARTESIAN_POINT ( 'NONE',  ( -19.46496222574226920, 27.02870705156890097, -4.000000000000000000 ) ) ;
#1078 = ORIENTED_EDGE ( 'NONE', *, *, #2471, .F. ) ;
#1079 = CARTESIAN_POINT ( 'NONE',  ( -16.21496222574229051, -19.72129294843107417, 3.292323440001584611 ) ) ;
#1080 = CARTESIAN_POINT ( 'NONE',  ( -16.21496222574229762, 25.27870705156888320, 3.292323440001584611 ) ) ;
#1081 = CARTESIAN_POINT ( 'NONE',  ( 0.000000000000000000, 0.000000000000000000, 0.000000000000000000 ) ) ;
#1082 = DIRECTION ( 'NONE',  ( 0.000000000000000000, -0.000000000000000000, 1.000000000000000000 ) ) ;
#1083 = ORIENTED_EDGE ( 'NONE', *, *, #3098, .T. ) ;
#1084 = DIRECTION ( 'NONE',  ( 1.000000000000000000, 0.000000000000000000, 0.000000000000000000 ) ) ;
#1085 = VERTEX_POINT ( 'NONE', #2600 ) ;
#1086 = VECTOR ( 'NONE', #1612, 1000.000000000000114 ) ;
#1087 = DIRECTION ( 'NONE',  ( -0.000000000000000000, -0.000000000000000000, -1.000000000000000000 ) ) ;
#1088 = DIRECTION ( 'NONE',  ( -1.000000000000000000, 0.000000000000000000, 0.000000000000000000 ) ) ;
#1089 = EDGE_CURVE ( 'NONE', #1945, #2870, #225, .T. ) ;
#1090 = DIRECTION ( 'NONE',  ( -0.000000000000000000, -0.000000000000000000, 1.000000000000000000 ) ) ;
#1091 = ORIENTED_EDGE ( 'NONE', *, *, #1179, .F. ) ;
#1092 = ORIENTED_EDGE ( 'NONE', *, *, #56, .F. ) ;
#1093 = CIRCLE ( 'NONE', #1134, 2.000000000000005329 ) ;
#1094 = FACE_OUTER_BOUND ( 'NONE', #2871, .T. ) ;
#1095 = DIRECTION ( 'NONE',  ( 1.000000000000000000, 0.000000000000000000, 0.000000000000000000 ) ) ;
#1096 = AXIS2_PLACEMENT_3D ( 'NONE', #767, #2989, #107 ) ;
#1097 = CIRCLE ( 'NONE', #1597, 1.000000000000000888 ) ;
#1098 = CARTESIAN_POINT ( 'NONE',  ( 10.45303777425773362, 25.68270705156890443, 0.000000000000000000 ) ) ;
#1099 = EDGE_LOOP ( 'NONE', ( #330, #1521, #2092, #527 ) ) ;
#1100 = LINE ( 'NONE', #2264, #437 ) ;
#1101 = ADVANCED_FACE ( 'NONE', ( #2816 ), #914, .F. ) ;
#1102 = CARTESIAN_POINT ( 'NONE',  ( 15.78503777425773613, -22.47129294843107417, -3.000000000000002665 ) ) ;
#1103 = DIRECTION ( 'NONE',  ( -0.000000000000000000, -0.000000000000000000, -1.000000000000000000 ) ) ;
#1104 = AXIS2_PLACEMENT_3D ( 'NONE', #300, #2007, #2219 ) ;
#1105 = DIRECTION ( 'NONE',  ( 1.000000000000000000, 1.734723475976807094E-16, -0.000000000000000000 ) ) ;
#1106 = CARTESIAN_POINT ( 'NONE',  ( -16.96496222574226564, 26.27870705156888320, 3.292323440001584611 ) ) ;
#1107 = EDGE_LOOP ( 'NONE', ( #1624, #1930 ) ) ;
#1108 = EDGE_CURVE ( 'NONE', #2046, #1878, #2082, .T. ) ;
#1109 = DIRECTION ( 'NONE',  ( 1.734723475976807094E-16, -1.000000000000000000, 0.000000000000000000 ) ) ;
#1110 = DIRECTION ( 'NONE',  ( 1.000000000000000000, 0.000000000000000000, 0.000000000000000000 ) ) ;
#1111 = DIRECTION ( 'NONE',  ( -1.000000000000000000, 0.000000000000000000, 0.000000000000000000 ) ) ;
#1112 = CARTESIAN_POINT ( 'NONE',  ( 12.64968591301893142, -25.62529294843109540, 0.000000000000000000 ) ) ;
#1113 = EDGE_CURVE ( 'NONE', #3010, #1796, #689, .T. ) ;
#1114 = EDGE_CURVE ( 'NONE', #2826, #1671, #2384, .T. ) ;
#1115 = EDGE_CURVE ( 'NONE', #2102, #2539, #1894, .T. ) ;
#1116 = DIRECTION ( 'NONE',  ( -0.000000000000000000, -0.000000000000000000, -1.000000000000000000 ) ) ;
#1117 = AXIS2_PLACEMENT_3D ( 'NONE', #1968, #748, #2658 ) ;
#1118 = EDGE_LOOP ( 'NONE', ( #701, #1755, #2746, #1556 ) ) ;
#1119 = DIRECTION ( 'NONE',  ( -0.000000000000000000, -0.7071067811865475727, -0.7071067811865475727 ) ) ;
#1120 = LINE ( 'NONE', #3052, #3027 ) ;
#1121 = ORIENTED_EDGE ( 'NONE', *, *, #2495, .F. ) ;
#1122 = FILL_AREA_STYLE_COLOUR ( '', #3097 ) ;
#1123 = PLANE ( 'NONE',  #345 ) ;
#1124 = DIRECTION ( 'NONE',  ( 0.000000000000000000, -0.000000000000000000, -1.000000000000000000 ) ) ;
#1125 = EDGE_CURVE ( 'NONE', #3016, #1062, #903, .T. ) ;
#1126 = VERTEX_POINT ( 'NONE', #3054 ) ;
#1127 = EDGE_CURVE ( 'NONE', #2931, #1936, #218, .T. ) ;
#1128 = LINE ( 'NONE', #633, #1662 ) ;
#1129 = EDGE_CURVE ( 'NONE', #29, #1682, #2572, .T. ) ;
#1130 = CARTESIAN_POINT ( 'NONE',  ( -16.96496222574225854, -18.72129294843107417, -2.500000000000000000 ) ) ;
#1131 = ORIENTED_EDGE ( 'NONE', *, *, #659, .F. ) ;
#1132 = DIRECTION ( 'NONE',  ( 1.000000000000000000, 0.000000000000000000, 0.000000000000000000 ) ) ;
#1133 = CYLINDRICAL_SURFACE ( 'NONE', #896, 2.196648138761197799 ) ;
#1134 = AXIS2_PLACEMENT_3D ( 'NONE', #2430, #999, #2685 ) ;
#1135 = ORIENTED_EDGE ( 'NONE', *, *, #1125, .F. ) ;
#1136 = ORIENTED_EDGE ( 'NONE', *, *, #805, .F. ) ;
#1137 = DIRECTION ( 'NONE',  ( 1.000000000000000000, 0.000000000000000000, 0.000000000000000000 ) ) ;
#1138 = AXIS2_PLACEMENT_3D ( 'NONE', #406, #2807, #2023 ) ;
#1139 = VECTOR ( 'NONE', #16, 1000.000000000000000 ) ;
#1140 = AXIS2_PLACEMENT_3D ( 'NONE', #576, #1031, #1317 ) ;
#1141 = ORIENTED_EDGE ( 'NONE', *, *, #2645, .T. ) ;
#1142 = EDGE_CURVE ( 'NONE', #2994, #1618, #1434, .T. ) ;
#1143 = EDGE_CURVE ( 'NONE', #471, #29, #1178, .T. ) ;
#1144 = AXIS2_PLACEMENT_3D ( 'NONE', #1912, #1977, #65 ) ;
#1145 = CIRCLE ( 'NONE', #1405, 1.000000000000000888 ) ;
#1146 = APPLICATION_CONTEXT ( 'automotive_design' ) ;
#1147 = EDGE_CURVE ( 'NONE', #2571, #860, #3090, .T. ) ;
#1148 = ADVANCED_FACE ( 'NONE', ( #3080 ), #943, .T. ) ;
#1149 = MANIFOLD_SOLID_BREP ( 'Fillet1', #1367 ) ;
#1150 = CARTESIAN_POINT ( 'NONE',  ( -17.96496222574226564, 30.02870705156890097, -4.000000000000000000 ) ) ;
#1151 = AXIS2_PLACEMENT_3D ( 'NONE', #1130, #2570, #1326 ) ;
#1152 = CARTESIAN_POINT ( 'NONE',  ( 17.53503777425774146, -26.97129294843108482, -4.000000000000000000 ) ) ;
#1153 = ORIENTED_EDGE ( 'NONE', *, *, #1752, .T. ) ;
#1154 = DIRECTION ( 'NONE',  ( 0.000000000000000000, 0.000000000000000000, -1.000000000000000000 ) ) ;
#1155 = EDGE_LOOP ( 'NONE', ( #111, #2220, #244, #2423 ) ) ;
#1156 = VERTEX_POINT ( 'NONE', #628 ) ;
#1157 = DIRECTION ( 'NONE',  ( -0.000000000000000000, 0.000000000000000000, 1.000000000000000000 ) ) ;
#1158 = CARTESIAN_POINT ( 'NONE',  ( -9.932962225742267393, -25.62529294843109184, -2.500000000000000000 ) ) ;
#1159 = DIRECTION ( 'NONE',  ( 0.7071067811865474617, 0.000000000000000000, 0.7071067811865474617 ) ) ;
#1160 = EDGE_CURVE ( 'NONE', #2102, #1964, #452, .T. ) ;
#1161 = VECTOR ( 'NONE', #2443, 1000.000000000000000 ) ;
#1162 = FACE_OUTER_BOUND ( 'NONE', #754, .T. ) ;
#1163 = EDGE_CURVE ( 'NONE', #2785, #2026, #3035, .T. ) ;
#1164 = CARTESIAN_POINT ( 'NONE',  ( -16.21496222574229762, 22.52870705156889031, -3.000000000000002665 ) ) ;
#1165 = CARTESIAN_POINT ( 'NONE',  ( 10.45303777425773362, 25.68270705156890443, 0.000000000000000000 ) ) ;
#1166 = ORIENTED_EDGE ( 'NONE', *, *, #1498, .T. ) ;
#1167 = DIRECTION ( 'NONE',  ( 1.000000000000000000, 0.000000000000000000, 0.000000000000000000 ) ) ;
#1168 = AXIS2_PLACEMENT_3D ( 'NONE', #713, #2340, #2835 ) ;
#1169 = CARTESIAN_POINT ( 'NONE',  ( 14.83503777425769599, 22.52870705156892583, -3.000000000000002665 ) ) ;
#1170 = ORIENTED_EDGE ( 'NONE', *, *, #36, .T. ) ;
#1171 = ORIENTED_EDGE ( 'NONE', *, *, #1525, .F. ) ;
#1172 = CARTESIAN_POINT ( 'NONE',  ( 16.03503777425773791, 30.02870705156891162, 3.292323440001584611 ) ) ;
#1173 = CYLINDRICAL_SURFACE ( 'NONE', #3099, 0.9500000000000029532 ) ;
#1174 = DIRECTION ( 'NONE',  ( 1.000000000000000000, 0.000000000000000000, 0.000000000000000000 ) ) ;
#1175 = DIRECTION ( 'NONE',  ( 1.000000000000000000, 0.000000000000000000, 0.000000000000000000 ) ) ;
#1176 = DIRECTION ( 'NONE',  ( -0.000000000000000000, 0.000000000000000000, 1.000000000000000000 ) ) ;
#1177 = ORIENTED_EDGE ( 'NONE', *, *, #1630, .T. ) ;
#1178 = LINE ( 'NONE', #2133, #1842 ) ;
#1179 = EDGE_CURVE ( 'NONE', #1769, #1426, #2557, .T. ) ;
#1180 = DIRECTION ( 'NONE',  ( 1.000000000000000000, 1.734723475976807094E-16, -0.000000000000000000 ) ) ;
#1181 = ORIENTED_EDGE ( 'NONE', *, *, #614, .T. ) ;
#1182 = ORIENTED_EDGE ( 'NONE', *, *, #986, .F. ) ;
#1183 = DIRECTION ( 'NONE',  ( -1.000000000000000000, 0.000000000000000000, 0.000000000000000000 ) ) ;
#1184 = AXIS2_PLACEMENT_3D ( 'NONE', #2697, #1503, #1519 ) ;
#1185 = CARTESIAN_POINT ( 'NONE',  ( 16.03503777425773436, 27.02870705156891162, -3.000000000000006217 ) ) ;
#1186 = EDGE_CURVE ( 'NONE', #1769, #2785, #873, .T. ) ;
#1187 = AXIS2_PLACEMENT_3D ( 'NONE', #2270, #643, #2780 ) ;
#1188 = EDGE_LOOP ( 'NONE', ( #1091, #1670, #3002, #115 ) ) ;
#1189 = AXIS2_PLACEMENT_3D ( 'NONE', #113, #2520, #1575 ) ;
#1190 = AXIS2_PLACEMENT_3D ( 'NONE', #2792, #2368, #922 ) ;
#1191 = EDGE_CURVE ( 'NONE', #2577, #1936, #1316, .T. ) ;
#1192 = AXIS2_PLACEMENT_3D ( 'NONE', #2332, #1613, #1937 ) ;
#1193 = VECTOR ( 'NONE', #373, 1000.000000000000000 ) ;
#1194 = CARTESIAN_POINT ( 'NONE',  ( 16.53503777425774146, -26.22129294843106706, -2.500000000000000000 ) ) ;
#1195 = ORIENTED_EDGE ( 'NONE', *, *, #1075, .T. ) ;
#1196 = LINE ( 'NONE', #1648, #1978 ) ;
#1197 = VECTOR ( 'NONE', #775, 1000.000000000000000 ) ;
#1198 = DIRECTION ( 'NONE',  ( -1.000000000000000000, -1.156482317317871971E-16, 0.000000000000000000 ) ) ;
#1199 = DIRECTION ( 'NONE',  ( 0.000000000000000000, 0.000000000000000000, -1.000000000000000000 ) ) ;
#1200 = ORIENTED_EDGE ( 'NONE', *, *, #1813, .T. ) ;
#1201 = AXIS2_PLACEMENT_3D ( 'NONE', #2126, #457, #1183 ) ;
#1202 = CIRCLE ( 'NONE', #1002, 0.9499999999999995115 ) ;
#1203 = LINE ( 'NONE', #464, #2004 ) ;
#1204 = ORIENTED_EDGE ( 'NONE', *, *, #766, .F. ) ;
#1205 = VERTEX_POINT ( 'NONE', #2189 ) ;
#1206 = EDGE_CURVE ( 'NONE', #1878, #2916, #1695, .T. ) ;
#1207 = CARTESIAN_POINT ( 'NONE',  ( -17.96496222574226564, 26.27870705156888320, 3.292323440001584611 ) ) ;
#1208 = LINE ( 'NONE', #1726, #2817 ) ;
#1209 = VECTOR ( 'NONE', #2375, 1000.000000000000000 ) ;
#1210 = LINE ( 'NONE', #2431, #936 ) ;
#1211 = ORIENTED_EDGE ( 'NONE', *, *, #1231, .F. ) ;
#1212 = PRODUCT_DEFINITION ( 'UNKNOWN', '', #1740, #661 ) ;
#1213 = ORIENTED_EDGE ( 'NONE', *, *, #1373, .F. ) ;
#1214 = ADVANCED_FACE ( 'NONE', ( #2207 ), #979, .T. ) ;
#1215 = FACE_OUTER_BOUND ( 'NONE', #154, .T. ) ;
#1216 = VECTOR ( 'NONE', #794, 1000.000000000000000 ) ;
#1217 = CARTESIAN_POINT ( 'NONE',  ( 17.53503777425773080, 30.02870705156891162, 3.292323440001584611 ) ) ;
#1218 = CYLINDRICAL_SURFACE ( 'NONE', #1184, 2.196648138761197799 ) ;
#1219 = VERTEX_POINT ( 'NONE', #2923 ) ;
#1220 = ORIENTED_EDGE ( 'NONE', *, *, #882, .F. ) ;
#1221 = DIRECTION ( 'NONE',  ( -1.734723475976807094E-16, 1.000000000000000000, 0.000000000000000000 ) ) ;
#1222 = VERTEX_POINT ( 'NONE', #2225 ) ;
#1223 = ORIENTED_EDGE ( 'NONE', *, *, #2246, .T. ) ;
#1224 = DIRECTION ( 'NONE',  ( 1.000000000000000000, 0.000000000000000000, 0.000000000000000000 ) ) ;
#1225 = AXIS2_PLACEMENT_3D ( 'NONE', #2420, #263, #37 ) ;
#1226 = DIRECTION ( 'NONE',  ( -0.000000000000000000, -0.000000000000000000, -1.000000000000000000 ) ) ;
#1227 = DIRECTION ( 'NONE',  ( -0.000000000000000000, -1.000000000000000000, -0.000000000000000000 ) ) ;
#1228 = CIRCLE ( 'NONE', #2075, 1.000000000000000888 ) ;
#1229 = ORIENTED_EDGE ( 'NONE', *, *, #1147, .T. ) ;
#1230 = LINE ( 'NONE', #1965, #1244 ) ;
#1231 = EDGE_CURVE ( 'NONE', #1126, #41, #81, .T. ) ;
#1232 = CARTESIAN_POINT ( 'NONE',  ( 17.41371743069810307, -19.19870478464572017, -2.500000000000000000 ) ) ;
#1233 = DIRECTION ( 'NONE',  ( 1.000000000000000000, 0.000000000000000000, 0.000000000000000000 ) ) ;
#1234 = LINE ( 'NONE', #282, #472 ) ;
#1235 = ORIENTED_EDGE ( 'NONE', *, *, #1664, .F. ) ;
#1236 = EDGE_LOOP ( 'NONE', ( #3000, #1531, #995, #2152 ) ) ;
#1237 = DIRECTION ( 'NONE',  ( -0.000000000000000000, -0.000000000000000000, -1.000000000000000000 ) ) ;
#1238 = VERTEX_POINT ( 'NONE', #1961 ) ;
#1239 = DIRECTION ( 'NONE',  ( -0.000000000000000000, 0.000000000000000000, 1.000000000000000000 ) ) ;
#1240 = AXIS2_PLACEMENT_3D ( 'NONE', #723, #2944, #1457 ) ;
#1241 = CARTESIAN_POINT ( 'NONE',  ( 7.285040208365945347, -28.47129294843108482, -0.3076765599984150334 ) ) ;
#1242 = VERTEX_POINT ( 'NONE', #2942 ) ;
#1243 = CARTESIAN_POINT ( 'NONE',  ( -7.714959791634051989, -28.47129294843108482, -0.3076765599984150334 ) ) ;
#1244 = VECTOR ( 'NONE', #2178, 1000.000000000000000 ) ;
#1245 = ORIENTED_EDGE ( 'NONE', *, *, #1114, .T. ) ;
#1246 = VECTOR ( 'NONE', #1359, 1000.000000000000000 ) ;
#1247 = ADVANCED_FACE ( 'NONE', ( #2633 ), #2515, .F. ) ;
#1248 = AXIS2_PLACEMENT_3D ( 'NONE', #39, #2895, #989 ) ;
#1249 = DIRECTION ( 'NONE',  ( 0.000000000000000000, 0.000000000000000000, 1.000000000000000000 ) ) ;
#1250 = DIRECTION ( 'NONE',  ( -0.000000000000000000, -0.000000000000000000, -1.000000000000000000 ) ) ;
#1251 = EDGE_LOOP ( 'NONE', ( #969, #1871, #635, #2467 ) ) ;
#1252 = DIRECTION ( 'NONE',  ( -1.000000000000000000, 1.889896820699131511E-15, 0.000000000000000000 ) ) ;
#1253 = EDGE_CURVE ( 'NONE', #1735, #1205, #1605, .T. ) ;
#1254 = VERTEX_POINT ( 'NONE', #1207 ) ;
#1255 = CARTESIAN_POINT ( 'NONE',  ( 15.78503777425773613, -22.47129294843107417, -3.000000000000002665 ) ) ;
#1256 = VERTEX_POINT ( 'NONE', #14 ) ;
#1257 = ORIENTED_EDGE ( 'NONE', *, *, #1056, .T. ) ;
#1258 = DIRECTION ( 'NONE',  ( 1.000000000000000000, 0.000000000000000000, 0.000000000000000000 ) ) ;
#1259 = DIRECTION ( 'NONE',  ( 1.000000000000000000, 1.734723475976807094E-16, -0.000000000000000000 ) ) ;
#1260 = FACE_OUTER_BOUND ( 'NONE', #1307, .T. ) ;
#1261 = ORIENTED_EDGE ( 'NONE', *, *, #1108, .T. ) ;
#1262 = CYLINDRICAL_SURFACE ( 'NONE', #38, 0.9500000000000029532 ) ;
#1263 = EDGE_LOOP ( 'NONE', ( #2201, #1547, #1442, #1915, #1496 ) ) ;
#1264 = DIRECTION ( 'NONE',  ( 1.000000000000000000, 0.000000000000000000, 0.000000000000000000 ) ) ;
#1265 = CARTESIAN_POINT ( 'NONE',  ( 10.45303777425773362, -25.62529294843109540, 0.000000000000000000 ) ) ;
#1266 = FACE_OUTER_BOUND ( 'NONE', #2727, .T. ) ;
#1267 = ORIENTED_EDGE ( 'NONE', *, *, #918, .T. ) ;
#1268 = EDGE_CURVE ( 'NONE', #2870, #2673, #2174, .T. ) ;
#1269 = ADVANCED_FACE ( 'NONE', ( #1013 ), #1739, .F. ) ;
#1270 = VERTEX_POINT ( 'NONE', #467 ) ;
#1271 = CARTESIAN_POINT ( 'NONE',  ( 16.73503777425774075, -22.47129294843107417, -3.000000000000002665 ) ) ;
#1272 = VERTEX_POINT ( 'NONE', #513 ) ;
#1273 = CYLINDRICAL_SURFACE ( 'NONE', #2580, 2.196648138761197799 ) ;
#1274 = CIRCLE ( 'NONE', #818, 0.9500000000000029532 ) ;
#1275 = DIRECTION ( 'NONE',  ( -1.734723475976807094E-16, 1.000000000000000000, 0.000000000000000000 ) ) ;
#1276 = DIRECTION ( 'NONE',  ( 1.000000000000000000, 0.000000000000000000, 0.000000000000000000 ) ) ;
#1277 = DIRECTION ( 'NONE',  ( -0.000000000000000000, -0.000000000000000000, -1.000000000000000000 ) ) ;
#1278 = ORIENTED_EDGE ( 'NONE', *, *, #2321, .T. ) ;
#1279 = DIRECTION ( 'NONE',  ( 1.000000000000000000, 0.000000000000000000, 0.000000000000000000 ) ) ;
#1280 = ORIENTED_EDGE ( 'NONE', *, *, #1530, .T. ) ;
#1281 = DIRECTION ( 'NONE',  ( 0.000000000000000000, 0.000000000000000000, 1.000000000000000000 ) ) ;
#1282 = CARTESIAN_POINT ( 'NONE',  ( -10.88296222574226668, -25.62529294843109184, 0.000000000000000000 ) ) ;
#1283 = DIRECTION ( 'NONE',  ( 1.000000000000000000, 0.000000000000000000, 0.000000000000000000 ) ) ;
#1284 = ORIENTED_EDGE ( 'NONE', *, *, #141, .F. ) ;
#1285 = FACE_OUTER_BOUND ( 'NONE', #727, .T. ) ;
#1286 = EDGE_LOOP ( 'NONE', ( #1220, #496, #1897, #2949 ) ) ;
#1287 = ORIENTED_EDGE ( 'NONE', *, *, #201, .T. ) ;
#1288 = EDGE_CURVE ( 'NONE', #186, #1735, #1621, .T. ) ;
#1289 = DIRECTION ( 'NONE',  ( 0.000000000000000000, 0.000000000000000000, 1.000000000000000000 ) ) ;
#1290 = CARTESIAN_POINT ( 'NONE',  ( -16.46496222574226920, 27.02870705156890097, -3.000000000000006217 ) ) ;
#1291 =( LENGTH_UNIT ( ) NAMED_UNIT ( * ) SI_UNIT ( .MILLI., .METRE. ) );
#1292 = ADVANCED_FACE ( 'NONE', ( #2887 ), #2395, .T. ) ;
#1293 = FACE_OUTER_BOUND ( 'NONE', #1051, .T. ) ;
#1294 = VERTEX_POINT ( 'NONE', #721 ) ;
#1295 = LINE ( 'NONE', #1243, #1637 ) ;
#1296 = ADVANCED_FACE ( 'NONE', ( #741, #252 ), #2703, .F. ) ;
#1297 = AXIS2_PLACEMENT_3D ( 'NONE', #1290, #436, #658 ) ;
#1298 = VERTEX_POINT ( 'NONE', #1455 ) ;
#1299 = EDGE_CURVE ( 'NONE', #257, #1907, #968, .T. ) ;
#1300 = LINE ( 'NONE', #2253, #2579 ) ;
#1301 = AXIS2_PLACEMENT_3D ( 'NONE', #732, #1697, #2660 ) ;
#1302 = AXIS2_PLACEMENT_3D ( 'NONE', #1345, #877, #2292 ) ;
#1303 = CARTESIAN_POINT ( 'NONE',  ( -17.96496222574225854, -26.97129294843108838, -4.000000000000000000 ) ) ;
#1304 = CIRCLE ( 'NONE', #150, 2.749999999999995559 ) ;
#1305 = VECTOR ( 'NONE', #2351, 1000.000000000000000 ) ;
#1306 = VECTOR ( 'NONE', #1082, 1000.000000000000000 ) ;
#1307 = EDGE_LOOP ( 'NONE', ( #2875, #2124, #87, #72 ) ) ;
#1308 = CYLINDRICAL_SURFACE ( 'NONE', #364, 1.000000000000000888 ) ;
#1309 = ORIENTED_EDGE ( 'NONE', *, *, #1646, .F. ) ;
#1310 = ORIENTED_EDGE ( 'NONE', *, *, #2876, .T. ) ;
#1311 = CARTESIAN_POINT ( 'NONE',  ( 14.83503777425773151, -22.47129294843107417, -3.000000000000002665 ) ) ;
#1312 =( BOUNDED_CURVE ( )  B_SPLINE_CURVE ( 3, ( #1232, #2196, #22, #2624 ),
 .UNSPECIFIED., .F., .F. ) 
 B_SPLINE_CURVE_WITH_KNOTS ( ( 4, 4 ),
 ( 2.643885820847049928, 3.141592653589789563 ),
 .UNSPECIFIED. ) 
 CURVE ( )  GEOMETRIC_REPRESENTATION_ITEM ( )  RATIONAL_B_SPLINE_CURVE ( ( 1.000000000000000000, 0.9794636360570638800, 0.9794636360570638800, 1.000000000000000000 ) ) 
 REPRESENTATION_ITEM ( '' )  );
#1313 = CARTESIAN_POINT ( 'NONE',  ( -19.46496222574226209, -28.47129294843108482, 3.292323440001584611 ) ) ;
#1314 = CARTESIAN_POINT ( 'NONE',  ( 16.03503777425773791, -26.97129294843108838, 3.292323440001584611 ) ) ;
#1315 = EDGE_CURVE ( 'NONE', #793, #876, #1228, .T. ) ;
#1316 = CIRCLE ( 'NONE', #3066, 1.000000000000000888 ) ;
#1317 = DIRECTION ( 'NONE',  ( 1.000000000000000000, 0.000000000000000000, 0.000000000000000000 ) ) ;
#1318 = ORIENTED_EDGE ( 'NONE', *, *, #1206, .F. ) ;
#1319 = DIRECTION ( 'NONE',  ( -0.000000000000000000, -0.000000000000000000, 1.000000000000000000 ) ) ;
#1320 = ADVANCED_FACE ( 'NONE', ( #1490 ), #1273, .T. ) ;
#1321 = AXIS2_PLACEMENT_3D ( 'NONE', #647, #409, #1572 ) ;
#1322 = VERTEX_POINT ( 'NONE', #1079 ) ;
#1323 = DIRECTION ( 'NONE',  ( -1.000000000000000000, 0.000000000000000000, 0.000000000000000000 ) ) ;
#1324 = CARTESIAN_POINT ( 'NONE',  ( -17.84364188218262726, -25.74388111221641040, -2.500000000000000000 ) ) ;
#1325 = CARTESIAN_POINT ( 'NONE',  ( 10.45303777425773362, 25.68270705156890443, 0.000000000000000000 ) ) ;
#1326 = DIRECTION ( 'NONE',  ( 1.000000000000000000, 0.000000000000000000, 0.000000000000000000 ) ) ;
#1327 = ORIENTED_EDGE ( 'NONE', *, *, #1813, .F. ) ;
#1328 = CYLINDRICAL_SURFACE ( 'NONE', #1826, 0.9500000000000029532 ) ;
#1329 = DIRECTION ( 'NONE',  ( 0.7071067811865482389, 1.226634733346700543E-16, -0.7071067811865469066 ) ) ;
#1330 = DIRECTION ( 'NONE',  ( 1.000000000000000000, 0.000000000000000000, 0.000000000000000000 ) ) ;
#1331 = LINE ( 'NONE', #2278, #49 ) ;
#1332 = ORIENTED_EDGE ( 'NONE', *, *, #1770, .F. ) ;
#1333 = CARTESIAN_POINT ( 'NONE',  ( 17.41371743069810663, -25.74388111221642461, -2.500000000000000000 ) ) ;
#1334 = ORIENTED_EDGE ( 'NONE', *, *, #2743, .F. ) ;
#1335 = EDGE_CURVE ( 'NONE', #1272, #2643, #2770, .T. ) ;
#1336 = AXIS2_PLACEMENT_3D ( 'NONE', #1481, #2436, #2863 ) ;
#1337 = CARTESIAN_POINT ( 'NONE',  ( 15.78503777425773613, -22.47129294843107417, -3.000000000000002665 ) ) ;
#1338 = ADVANCED_FACE ( 'NONE', ( #326 ), #2996, .T. ) ;
#1339 = FACE_OUTER_BOUND ( 'NONE', #1043, .T. ) ;
#1340 = VERTEX_POINT ( 'NONE', #2503 ) ;
#1341 = DIRECTION ( 'NONE',  ( 1.000000000000000000, -2.312964634635740689E-15, 0.000000000000000000 ) ) ;
#1342 = DIRECTION ( 'NONE',  ( 1.000000000000000000, 2.703465157366452467E-16, -0.000000000000000000 ) ) ;
#1343 = EDGE_LOOP ( 'NONE', ( #2617, #1449, #1721, #1489 ) ) ;
#1344 = DIRECTION ( 'NONE',  ( -0.000000000000000000, -0.000000000000000000, -1.000000000000000000 ) ) ;
#1345 = CARTESIAN_POINT ( 'NONE',  ( 7.285040208365947123, -11.83278339979662874, -0.3076765599984150334 ) ) ;
#1346 = ADVANCED_FACE ( 'NONE', ( #2723 ), #2013, .T. ) ;
#1347 = CARTESIAN_POINT ( 'NONE',  ( 16.53503777425773436, 18.77870705156889031, -2.500000000000000000 ) ) ;
#1348 = DIRECTION ( 'NONE',  ( 1.000000000000000000, 0.000000000000000000, 0.000000000000000000 ) ) ;
#1349 = ORIENTED_EDGE ( 'NONE', *, *, #927, .T. ) ;
#1350 = CARTESIAN_POINT ( 'NONE',  ( 17.53503777425773080, 30.02870705156891162, -2.378679656440367385 ) ) ;
#1351 = FACE_OUTER_BOUND ( 'NONE', #560, .T. ) ;
#1352 = ADVANCED_FACE ( 'NONE', ( #96 ), #1328, .F. ) ;
#1353 = VECTOR ( 'NONE', #2716, 1000.000000000000000 ) ;
#1354 = VERTEX_POINT ( 'NONE', #1574 ) ;
#1355 = CARTESIAN_POINT ( 'NONE',  ( -16.96496222574226564, 26.27870705156888320, -4.002000000000000668 ) ) ;
#1356 = LINE ( 'NONE', #2303, #2521 ) ;
#1357 = ORIENTED_EDGE ( 'NONE', *, *, #1955, .T. ) ;
#1358 = EDGE_CURVE ( 'NONE', #2150, #1523, #830, .T. ) ;
#1359 = DIRECTION ( 'NONE',  ( -0.000000000000000000, -0.000000000000000000, -1.000000000000000000 ) ) ;
#1360 = AXIS2_PLACEMENT_3D ( 'NONE', #1567, #2458, #1264 ) ;
#1361 = AXIS2_PLACEMENT_3D ( 'NONE', #1282, #1482, #74 ) ;
#1362 = DIRECTION ( 'NONE',  ( 0.000000000000000000, 0.000000000000000000, 1.000000000000000000 ) ) ;
#1363 = EDGE_CURVE ( 'NONE', #1062, #260, #1064, .T. ) ;
#1364 = DIRECTION ( 'NONE',  ( 0.000000000000000000, -0.000000000000000000, -1.000000000000000000 ) ) ;
#1365 = DIRECTION ( 'NONE',  ( 0.000000000000000000, 0.000000000000000000, 1.000000000000000000 ) ) ;
#1366 = CARTESIAN_POINT ( 'NONE',  ( -7.714959791634051989, -11.83278339979662874, -0.3076765599984150334 ) ) ;
#1367 = CLOSED_SHELL ( 'NONE', ( #1580, #1788, #321, #1320, #1269, #379, #2693, #1346, #550, #2640, #530, #2894, #577, #3076, #1941, #2323, #2283, #2865, #1582, #2161, #1614, #1352, #625, #2400, #2179, #1101, #2166, #305, #2606, #1831, #1374, #543, #2157, #2036, #1708, #778, #869, #1404, #405, #2791, #954, #2608, #447, #1148, #756, #696, #2623, #1292, #2104, #2554, #1214, #3091, #630, #2756, #433, #1699, #1428, #2808, #2946, #865, #783, #1430, #987, #1454, #2691, #1935, #2354, #932, #1247, #1053, #970, #2674, #176, #1032, #1772, #1338, #2629, #2917, #485, #1880, #2357, #2267, #1916, #2974, #642, #403, #1296, #1570, #18, #2059, #1495, #2053, #716, #3031, #3051, #1677, #2441, #1810, #262, #398, #2198, #502, #2310, #2116 ) ) ;
#1368 = CARTESIAN_POINT ( 'NONE',  ( -19.46496222574226920, 28.52870705156889741, 3.292323440001584611 ) ) ;
#1369 = DIRECTION ( 'NONE',  ( -0.000000000000000000, -0.000000000000000000, -1.000000000000000000 ) ) ;
#1370 = LINE ( 'NONE', #2319, #1766 ) ;
#1371 = VERTEX_POINT ( 'NONE', #126 ) ;
#1372 = DIRECTION ( 'NONE',  ( 1.156482317317871971E-16, -1.000000000000000000, 0.000000000000000000 ) ) ;
#1373 = EDGE_CURVE ( 'NONE', #2533, #2274, #2338, .T. ) ;
#1374 = ADVANCED_FACE ( 'NONE', ( #1028 ), #3024, .F. ) ;
#1375 = FACE_OUTER_BOUND ( 'NONE', #355, .T. ) ;
#1376 = FACE_OUTER_BOUND ( 'NONE', #2830, .T. ) ;
#1377 = AXIS2_PLACEMENT_3D ( 'NONE', #1445, #2385, #1918 ) ;
#1378 = AXIS2_PLACEMENT_3D ( 'NONE', #2903, #1470, #964 ) ;
#1379 = CARTESIAN_POINT ( 'NONE',  ( 8.256389635496537593, -25.62529294843109540, 0.000000000000000000 ) ) ;
#1380 = DIRECTION ( 'NONE',  ( -1.000000000000000000, 0.000000000000000000, 0.000000000000000000 ) ) ;
#1381 = ORIENTED_EDGE ( 'NONE', *, *, #2714, .F. ) ;
#1382 = DIRECTION ( 'NONE',  ( 1.000000000000000000, 0.000000000000000000, 0.000000000000000000 ) ) ;
#1383 = LINE ( 'NONE', #2818, #102 ) ;
#1384 = ORIENTED_EDGE ( 'NONE', *, *, #2829, .T. ) ;
#1385 = ORIENTED_EDGE ( 'NONE', *, *, #2457, .T. ) ;
#1386 = CARTESIAN_POINT ( 'NONE',  ( 10.45303777425773362, 25.68270705156890443, -2.500000000000000000 ) ) ;
#1387 = ORIENTED_EDGE ( 'NONE', *, *, #2941, .F. ) ;
#1388 = EDGE_CURVE ( 'NONE', #1371, #1340, #1991, .T. ) ;
#1389 = CARTESIAN_POINT ( 'NONE',  ( 17.53503777425773080, 30.02870705156891162, 3.292323440001584611 ) ) ;
#1390 = LINE ( 'NONE', #2864, #1581 ) ;
#1391 = CARTESIAN_POINT ( 'NONE',  ( 17.53503777425773791, -18.72129294843107772, -2.378679656440367385 ) ) ;
#1392 = ORIENTED_EDGE ( 'NONE', *, *, #1566, .T. ) ;
#1393 = DIRECTION ( 'NONE',  ( -1.156482317317871971E-16, 1.000000000000000000, 0.000000000000000000 ) ) ;
#1394 = UNCERTAINTY_MEASURE_WITH_UNIT (LENGTH_MEASURE( 1.000000000000000082E-05 ), #1291, 'distance_accuracy_value', 'NONE');
#1395 = CARTESIAN_POINT ( 'NONE',  ( -19.46496222574226209, -26.97129294843108838, -4.000000000000000000 ) ) ;
#1396 = AXIS2_PLACEMENT_3D ( 'NONE', #2058, #2982, #2490 ) ;
#1397 = ORIENTED_EDGE ( 'NONE', *, *, #256, .F. ) ;
#1398 = ORIENTED_EDGE ( 'NONE', *, *, #2021, .T. ) ;
#1399 = DIRECTION ( 'NONE',  ( 1.000000000000000000, 0.000000000000000000, 0.000000000000000000 ) ) ;
#1400 = AXIS2_PLACEMENT_3D ( 'NONE', #281, #1249, #525 ) ;
#1401 = DIRECTION ( 'NONE',  ( 0.000000000000000000, 0.000000000000000000, 1.000000000000000000 ) ) ;
#1402 = EDGE_CURVE ( 'NONE', #2530, #664, #1967, .T. ) ;
#1403 = VECTOR ( 'NONE', #2877, 1000.000000000000000 ) ;
#1404 = ADVANCED_FACE ( 'NONE', ( #2028 ), #1779, .T. ) ;
#1405 = AXIS2_PLACEMENT_3D ( 'NONE', #3071, #1, #3084 ) ;
#1406 = VECTOR ( 'NONE', #404, 1000.000000000000000 ) ;
#1407 = LINE ( 'NONE', #2596, #2073 ) ;
#1408 = VECTOR ( 'NONE', #475, 1000.000000000000000 ) ;
#1409 = DIRECTION ( 'NONE',  ( 0.7071067811865482389, 1.226634733346700543E-16, -0.7071067811865469066 ) ) ;
#1410 = ORIENTED_EDGE ( 'NONE', *, *, #1517, .T. ) ;
#1411 = CARTESIAN_POINT ( 'NONE',  ( -17.96496222574225854, -26.22129294843106706, -4.000000000000000000 ) ) ;
#1412 = DIRECTION ( 'NONE',  ( -0.000000000000000000, 0.000000000000000000, 1.000000000000000000 ) ) ;
#1413 = ORIENTED_EDGE ( 'NONE', *, *, #2625, .F. ) ;
#1414 = ORIENTED_EDGE ( 'NONE', *, *, #2743, .T. ) ;
#1415 = CARTESIAN_POINT ( 'NONE',  ( 0.000000000000000000, 0.000000000000000000, -2.500000000000000000 ) ) ;
#1416 = CARTESIAN_POINT ( 'NONE',  ( -16.21496222574229051, -25.22129294843106706, 3.292323440001584611 ) ) ;
#1417 = EDGE_CURVE ( 'NONE', #1792, #1586, #1047, .T. ) ;
#1418 = AXIS2_PLACEMENT_3D ( 'NONE', #287, #45, #1989 ) ;
#1419 = DIRECTION ( 'NONE',  ( -0.000000000000000000, -1.000000000000000000, 0.000000000000000000 ) ) ;
#1420 = CARTESIAN_POINT ( 'NONE',  ( -16.96496222574225854, -26.22129294843106706, -2.500000000000000000 ) ) ;
#1421 = EDGE_LOOP ( 'NONE', ( #542, #1436, #1959, #2632 ) ) ;
#1422 = CARTESIAN_POINT ( 'NONE',  ( -19.46496222574226209, -26.97129294843108838, -3.000000000000006217 ) ) ;
#1423 = EDGE_CURVE ( 'NONE', #471, #2008, #1602, .T. ) ;
#1424 = CARTESIAN_POINT ( 'NONE',  ( -19.46496222574226209, -26.97129294843108838, 3.292323440001584611 ) ) ;
#1425 = ORIENTED_EDGE ( 'NONE', *, *, #2781, .T. ) ;
#1426 = VERTEX_POINT ( 'NONE', #142 ) ;
#1427 = CARTESIAN_POINT ( 'NONE',  ( -13.46496222574230295, 22.52870705156889031, 3.292323440001584611 ) ) ;
#1428 = ADVANCED_FACE ( 'NONE', ( #1094 ), #1544, .F. ) ;
#1429 = DIRECTION ( 'NONE',  ( 1.000000000000000000, 2.703465157366452467E-16, 0.000000000000000000 ) ) ;
#1430 = ADVANCED_FACE ( 'NONE', ( #1620 ), #2017, .F. ) ;
#1431 = DIRECTION ( 'NONE',  ( -1.156482317317871971E-16, 1.000000000000000000, 0.000000000000000000 ) ) ;
#1432 = DIRECTION ( 'NONE',  ( 1.000000000000000000, -0.000000000000000000, 0.000000000000000000 ) ) ;
#1433 = ORIENTED_EDGE ( 'NONE', *, *, #133, .T. ) ;
#1434 = CIRCLE ( 'NONE', #1632, 0.9499999999999995115 ) ;
#1435 = CARTESIAN_POINT ( 'NONE',  ( 16.03503777425773791, -26.97129294843108838, -4.000000000000000000 ) ) ;
#1436 = ORIENTED_EDGE ( 'NONE', *, *, #298, .T. ) ;
#1437 = ORIENTED_EDGE ( 'NONE', *, *, #2793, .T. ) ;
#1438 = CARTESIAN_POINT ( 'NONE',  ( 17.41371743069809597, 30.02870705156891162, -2.500000000000000000 ) ) ;
#1439 = CARTESIAN_POINT ( 'NONE',  ( 16.03503777425773791, -26.97129294843108838, -2.500000000000000000 ) ) ;
#1440 = CIRCLE ( 'NONE', #1037, 2.196648138761197799 ) ;
#1441 = AXIS2_PLACEMENT_3D ( 'NONE', #136, #2567, #381 ) ;
#1442 = ORIENTED_EDGE ( 'NONE', *, *, #2655, .F. ) ;
#1443 = AXIS2_PLACEMENT_3D ( 'NONE', #2382, #2143, #1885 ) ;
#1444 = VECTOR ( 'NONE', #2083, 1000.000000000000000 ) ;
#1445 = CARTESIAN_POINT ( 'NONE',  ( -16.21496222574226564, -22.47129294843110969, -2.500000000000000000 ) ) ;
#1446 = VECTOR ( 'NONE', #2795, 1000.000000000000000 ) ;
#1447 = CARTESIAN_POINT ( 'NONE',  ( -16.21496222574229051, -19.72129294843107417, -4.002000000000000668 ) ) ;
#1448 = FACE_OUTER_BOUND ( 'NONE', #2247, .T. ) ;
#1449 = ORIENTED_EDGE ( 'NONE', *, *, #1608, .T. ) ;
#1450 = CIRCLE ( 'NONE', #2609, 0.9500000000000029532 ) ;
#1451 = FACE_OUTER_BOUND ( 'NONE', #755, .T. ) ;
#1452 = ORIENTED_EDGE ( 'NONE', *, *, #1853, .T. ) ;
#1453 = VERTEX_POINT ( 'NONE', #2162 ) ;
#1454 = ADVANCED_FACE ( 'NONE', ( #1162 ), #1875, .F. ) ;
#1455 = CARTESIAN_POINT ( 'NONE',  ( 8.256389635496537593, 25.68270705156890443, -2.500000000000000000 ) ) ;
#1456 = DIRECTION ( 'NONE',  ( 1.000000000000000000, 1.889896820699138217E-15, -0.000000000000000000 ) ) ;
#1457 = DIRECTION ( 'NONE',  ( 1.000000000000000000, 0.000000000000000000, 0.000000000000000000 ) ) ;
#1458 = ORIENTED_EDGE ( 'NONE', *, *, #170, .F. ) ;
#1459 = DIRECTION ( 'NONE',  ( -1.156482317317871971E-16, 1.000000000000000000, 0.000000000000000000 ) ) ;
#1460 = EDGE_LOOP ( 'NONE', ( #2878, #991, #1410, #941 ) ) ;
#1461 = EDGE_CURVE ( 'NONE', #2274, #1055, #2193, .T. ) ;
#1462 = AXIS2_PLACEMENT_3D ( 'NONE', #1325, #1806, #399 ) ;
#1463 = DIRECTION ( 'NONE',  ( 1.000000000000000000, 0.000000000000000000, 0.000000000000000000 ) ) ;
#1464 = DIRECTION ( 'NONE',  ( 0.7071067811865479058, -8.659560562354937789E-17, -0.7071067811865472397 ) ) ;
#1465 = ORIENTED_EDGE ( 'NONE', *, *, #2112, .T. ) ;
#1466 = ORIENTED_EDGE ( 'NONE', *, *, #310, .T. ) ;
#1467 = CARTESIAN_POINT ( 'NONE',  ( -16.96496222574225854, -18.72129294843107417, 3.292323440001584611 ) ) ;
#1468 = EDGE_LOOP ( 'NONE', ( #1318, #251, #663, #2822, #674 ) ) ;
#1469 = ORIENTED_EDGE ( 'NONE', *, *, #520, .F. ) ;
#1470 = DIRECTION ( 'NONE',  ( 0.000000000000000000, 0.000000000000000000, 1.000000000000000000 ) ) ;
#1471 = VECTOR ( 'NONE', #370, 1000.000000000000000 ) ;
#1472 = DIRECTION ( 'NONE',  ( -0.7071067811865475727, -8.177564888978000334E-17, -0.7071067811865475727 ) ) ;
#1473 = CARTESIAN_POINT ( 'NONE',  ( 15.78503777425773613, -22.47129294843107417, 3.292323440001584611 ) ) ;
#1474 = EDGE_CURVE ( 'NONE', #2456, #2008, #2892, .T. ) ;
#1475 = ORIENTED_EDGE ( 'NONE', *, *, #2181, .F. ) ;
#1476 = CARTESIAN_POINT ( 'NONE',  ( 17.53503777425773791, -18.72129294843107772, 3.292323440001584611 ) ) ;
#1477 = EDGE_CURVE ( 'NONE', #2206, #2602, #341, .T. ) ;
#1478 = VERTEX_POINT ( 'NONE', #565 ) ;
#1479 = EDGE_CURVE ( 'NONE', #385, #267, #1304, .T. ) ;
#1480 = EDGE_CURVE ( 'NONE', #1523, #1340, #2142, .T. ) ;
#1481 = CARTESIAN_POINT ( 'NONE',  ( -16.21496222574226564, -22.47129294843110969, -4.002000000000000668 ) ) ;
#1482 = DIRECTION ( 'NONE',  ( 0.000000000000000000, 0.000000000000000000, -1.000000000000000000 ) ) ;
#1483 = EDGE_CURVE ( 'NONE', #2290, #3040, #1536, .T. ) ;
#1484 = DIRECTION ( 'NONE',  ( -0.000000000000000000, -0.000000000000000000, -1.000000000000000000 ) ) ;
#1485 = ORIENTED_EDGE ( 'NONE', *, *, #60, .T. ) ;
#1486 = ORIENTED_EDGE ( 'NONE', *, *, #2181, .T. ) ;
#1487 = DIRECTION ( 'NONE',  ( 0.000000000000000000, 0.000000000000000000, -1.000000000000000000 ) ) ;
#1488 = EDGE_LOOP ( 'NONE', ( #580, #953 ) ) ;
#1489 = ORIENTED_EDGE ( 'NONE', *, *, #1186, .T. ) ;
#1490 = FACE_OUTER_BOUND ( 'NONE', #1099, .T. ) ;
#1491 = AXIS2_PLACEMENT_3D ( 'NONE', #1347, #2741, #1330 ) ;
#1492 = DIRECTION ( 'NONE',  ( -0.7071067811865475727, -8.177564888978000334E-17, -0.7071067811865475727 ) ) ;
#1493 = CARTESIAN_POINT ( 'NONE',  ( 11.40303777425773468, 25.68270705156890443, 0.000000000000000000 ) ) ;
#1494 = VERTEX_POINT ( 'NONE', #2732 ) ;
#1495 = ADVANCED_FACE ( 'NONE', ( #972 ), #1952, .F. ) ;
#1496 = ORIENTED_EDGE ( 'NONE', *, *, #2229, .F. ) ;
#1497 = AXIS2_PLACEMENT_3D ( 'NONE', #2961, #1741, #2704 ) ;
#1498 = EDGE_CURVE ( 'NONE', #2719, #2613, #285, .T. ) ;
#1499 = CIRCLE ( 'NONE', #1693, 1.000000000000000888 ) ;
#1500 = CIRCLE ( 'NONE', #1901, 0.9499999999999995115 ) ;
#1501 = DIRECTION ( 'NONE',  ( -0.000000000000000000, -0.000000000000000000, -1.000000000000000000 ) ) ;
#1502 = CARTESIAN_POINT ( 'NONE',  ( 10.45303777425773362, -25.62529294843109540, -2.500000000000000000 ) ) ;
#1503 = DIRECTION ( 'NONE',  ( -0.000000000000000000, -0.000000000000000000, -1.000000000000000000 ) ) ;
#1504 = EDGE_LOOP ( 'NONE', ( #681, #2333 ) ) ;
#1505 = EDGE_LOOP ( 'NONE', ( #2702, #2750, #1385, #1849 ) ) ;
#1506 = ORIENTED_EDGE ( 'NONE', *, *, #128, .F. ) ;
#1507 = ORIENTED_EDGE ( 'NONE', *, *, #600, .F. ) ;
#1508 = DIRECTION ( 'NONE',  ( 1.000000000000000000, 0.000000000000000000, 0.000000000000000000 ) ) ;
#1509 = CARTESIAN_POINT ( 'NONE',  ( 15.78503777425776100, 19.77870705156889031, -2.500000000000000000 ) ) ;
#1510 = CARTESIAN_POINT ( 'NONE',  ( 16.73503777425774075, -22.47129294843107417, 3.292323440001584611 ) ) ;
#1511 = CARTESIAN_POINT ( 'NONE',  ( 9.503037774257734327, 25.68270705156890443, -2.500000000000000000 ) ) ;
#1512 = AXIS2_PLACEMENT_3D ( 'NONE', #2915, #75, #2975 ) ;
#1513 = ORIENTED_EDGE ( 'NONE', *, *, #600, .T. ) ;
#1514 = CYLINDRICAL_SURFACE ( 'NONE', #2805, 2.999999999999999112 ) ;
#1515 = ORIENTED_EDGE ( 'NONE', *, *, #1756, .F. ) ;
#1516 = CYLINDRICAL_SURFACE ( 'NONE', #2833, 0.9499999999999995115 ) ;
#1517 = EDGE_CURVE ( 'NONE', #41, #1453, #2696, .T. ) ;
#1518 = CYLINDRICAL_SURFACE ( 'NONE', #590, 0.9499999999999995115 ) ;
#1519 = DIRECTION ( 'NONE',  ( -1.000000000000000000, 0.000000000000000000, 0.000000000000000000 ) ) ;
#1520 = EDGE_LOOP ( 'NONE', ( #1974, #51, #2664, #1280 ) ) ;
#1521 = ORIENTED_EDGE ( 'NONE', *, *, #949, .T. ) ;
#1522 = CARTESIAN_POINT ( 'NONE',  ( -16.46496222574226209, -29.97129294843108838, -3.000000000000006217 ) ) ;
#1523 = VERTEX_POINT ( 'NONE', #1038 ) ;
#1524 = ORIENTED_EDGE ( 'NONE', *, *, #1539, .T. ) ;
#1525 = EDGE_CURVE ( 'NONE', #984, #1792, #2300, .T. ) ;
#1526 = DIRECTION ( 'NONE',  ( 0.000000000000000000, -0.000000000000000000, -1.000000000000000000 ) ) ;
#1527 = DIRECTION ( 'NONE',  ( -0.000000000000000000, -0.000000000000000000, -1.000000000000000000 ) ) ;
#1528 = CARTESIAN_POINT ( 'NONE',  ( -17.16496222574226493, -22.47129294843110969, -3.000000000000002665 ) ) ;
#1529 = LINE ( 'NONE', #592, #2398 ) ;
#1530 = EDGE_CURVE ( 'NONE', #490, #1683, #2343, .T. ) ;
#1531 = ORIENTED_EDGE ( 'NONE', *, *, #2229, .T. ) ;
#1532 = DIRECTION ( 'NONE',  ( 1.000000000000000000, 0.000000000000000000, 0.000000000000000000 ) ) ;
#1533 = AXIS2_PLACEMENT_3D ( 'NONE', #1927, #482, #535 ) ;
#1534 = EDGE_LOOP ( 'NONE', ( #2364, #1261, #363, #1744 ) ) ;
#1535 = DIRECTION ( 'NONE',  ( 1.000000000000000000, 0.000000000000000000, 0.000000000000000000 ) ) ;
#1536 = LINE ( 'NONE', #1716, #1690 ) ;
#1537 = FACE_OUTER_BOUND ( 'NONE', #480, .T. ) ;
#1538 = DIRECTION ( 'NONE',  ( 1.889896820699131511E-15, 1.000000000000000000, -0.000000000000000000 ) ) ;
#1539 = EDGE_CURVE ( 'NONE', #2649, #711, #786, .T. ) ;
#1540 = CARTESIAN_POINT ( 'NONE',  ( 17.53503777425773080, 26.27870705156888320, -2.378679656440367385 ) ) ;
#1541 = ORIENTED_EDGE ( 'NONE', *, *, #833, .T. ) ;
#1542 = EDGE_LOOP ( 'NONE', ( #110, #2185 ) ) ;
#1543 = EDGE_CURVE ( 'NONE', #435, #3102, #849, .T. ) ;
#1544 = PLANE ( 'NONE',  #1886 ) ;
#1545 = DIRECTION ( 'NONE',  ( -0.000000000000000000, 0.000000000000000000, 1.000000000000000000 ) ) ;
#1546 = DIRECTION ( 'NONE',  ( -1.000000000000000000, 0.000000000000000000, 0.000000000000000000 ) ) ;
#1547 = ORIENTED_EDGE ( 'NONE', *, *, #1976, .F. ) ;
#1548 = DIRECTION ( 'NONE',  ( -0.000000000000000000, -0.000000000000000000, -1.000000000000000000 ) ) ;
#1549 = ORIENTED_EDGE ( 'NONE', *, *, #1903, .T. ) ;
#1550 = CARTESIAN_POINT ( 'NONE',  ( 17.53503777425774146, -26.22129294843107061, -4.000000000000000000 ) ) ;
#1551 = AXIS2_PLACEMENT_3D ( 'NONE', #127, #1545, #2800 ) ;
#1552 = DIRECTION ( 'NONE',  ( 1.000000000000000000, 0.000000000000000000, 0.000000000000000000 ) ) ;
#1553 = AXIS2_PLACEMENT_3D ( 'NONE', #2006, #2934, #2659 ) ;
#1554 = VECTOR ( 'NONE', #1227, 1000.000000000000000 ) ;
#1555 = DIRECTION ( 'NONE',  ( -1.000000000000000000, 0.000000000000000000, 0.000000000000000000 ) ) ;
#1556 = ORIENTED_EDGE ( 'NONE', *, *, #2522, .F. ) ;
#1557 = EDGE_LOOP ( 'NONE', ( #1565, #1971, #2388, #930 ) ) ;
#1558 = CARTESIAN_POINT ( 'NONE',  ( -16.46496222574226920, 27.02870705156890097, -4.000000000000000000 ) ) ;
#1559 = FACE_OUTER_BOUND ( 'NONE', #704, .T. ) ;
#1560 = DIRECTION ( 'NONE',  ( -2.703465157366452467E-16, 1.000000000000000000, 0.000000000000000000 ) ) ;
#1561 = EDGE_CURVE ( 'NONE', #1767, #476, #2438, .T. ) ;
#1562 = ORIENTED_EDGE ( 'NONE', *, *, #1480, .F. ) ;
#1563 = LINE ( 'NONE', #1350, #1406 ) ;
#1564 = VECTOR ( 'NONE', #787, 1000.000000000000114 ) ;
#1565 = ORIENTED_EDGE ( 'NONE', *, *, #676, .F. ) ;
#1566 = EDGE_CURVE ( 'NONE', #2172, #167, #2093, .T. ) ;
#1567 = CARTESIAN_POINT ( 'NONE',  ( 15.78503777425770060, 22.52870705156892583, -3.000000000000002665 ) ) ;
#1568 = CARTESIAN_POINT ( 'NONE',  ( 12.64968591301893142, -25.62529294843109540, -2.500000000000000000 ) ) ;
#1569 = PLANE ( 'NONE',  #2963 ) ;
#1570 = ADVANCED_FACE ( 'NONE', ( #1932 ), #2235, .F. ) ;
#1571 = FACE_OUTER_BOUND ( 'NONE', #2631, .T. ) ;
#1572 = DIRECTION ( 'NONE',  ( -1.000000000000000000, 0.000000000000000000, 0.000000000000000000 ) ) ;
#1573 = EDGE_LOOP ( 'NONE', ( #2966, #2010, #1327, #578 ) ) ;
#1574 = CARTESIAN_POINT ( 'NONE',  ( 17.53503777425773080, 26.27870705156888320, 3.292323440001584611 ) ) ;
#1575 = DIRECTION ( 'NONE',  ( -1.000000000000000000, 0.000000000000000000, 0.000000000000000000 ) ) ;
#1576 = DIRECTION ( 'NONE',  ( 1.000000000000000000, 0.000000000000000000, 0.000000000000000000 ) ) ;
#1577 = ORIENTED_EDGE ( 'NONE', *, *, #1617, .T. ) ;
#1578 = DIRECTION ( 'NONE',  ( -0.000000000000000000, -0.000000000000000000, -1.000000000000000000 ) ) ;
#1579 = EDGE_CURVE ( 'NONE', #2188, #1354, #299, .T. ) ;
#1580 = ADVANCED_FACE ( 'NONE', ( #731 ), #1518, .F. ) ;
#1581 = VECTOR ( 'NONE', #202, 1000.000000000000000 ) ;
#1582 = ADVANCED_FACE ( 'NONE', ( #1773 ), #1696, .T. ) ;
#1583 = CARTESIAN_POINT ( 'NONE',  ( -13.46496222574230295, 22.52870705156889031, -4.002000000000000668 ) ) ;
#1584 = CYLINDRICAL_SURFACE ( 'NONE', #1067, 0.9499999999999995115 ) ;
#1585 = CARTESIAN_POINT ( 'NONE',  ( -16.46496222574226209, -26.97129294843108838, -3.000000000000006217 ) ) ;
#1586 = VERTEX_POINT ( 'NONE', #3019 ) ;
#1587 = DIRECTION ( 'NONE',  ( -1.911638545475377396E-16, 0.7071067811865482389, -0.7071067811865469066 ) ) ;
#1588 = LINE ( 'NONE', #160, #992 ) ;
#1589 = CARTESIAN_POINT ( 'NONE',  ( -16.21496222574226564, -22.47129294843110969, -2.500000000000000000 ) ) ;
#1590 = FACE_OUTER_BOUND ( 'NONE', #2485, .T. ) ;
#1591 = LINE ( 'NONE', #3047, #531 ) ;
#1592 = EDGE_CURVE ( 'NONE', #919, #1494, #792, .T. ) ;
#1593 = CARTESIAN_POINT ( 'NONE',  ( -16.96496222574225854, -19.72129294843107417, -4.002000000000000668 ) ) ;
#1594 = DIRECTION ( 'NONE',  ( 1.000000000000000000, 0.000000000000000000, 0.000000000000000000 ) ) ;
#1595 = ORIENTED_EDGE ( 'NONE', *, *, #1752, .F. ) ;
#1596 = ORIENTED_EDGE ( 'NONE', *, *, #2265, .F. ) ;
#1597 = AXIS2_PLACEMENT_3D ( 'NONE', #1194, #2622, #1174 ) ;
#1598 = PRESENTATION_STYLE_ASSIGNMENT (( #1638 ) ) ;
#1599 = CIRCLE ( 'NONE', #344, 1.499999999999999556 ) ;
#1600 = DIRECTION ( 'NONE',  ( -1.000000000000000000, 0.000000000000000000, 0.000000000000000000 ) ) ;
#1601 = AXIS2_PLACEMENT_3D ( 'NONE', #929, #1154, #2839 ) ;
#1602 = CIRCLE ( 'NONE', #2968, 1.499999999999999556 ) ;
#1603 = CARTESIAN_POINT ( 'NONE',  ( -17.96496222574225854, -26.22129294843106706, -2.378679656440365608 ) ) ;
#1604 = CARTESIAN_POINT ( 'NONE',  ( 16.53503777425773791, -18.72129294843107417, 3.292323440001584611 ) ) ;
#1605 = CIRCLE ( 'NONE', #2561, 2.749999999999995559 ) ;
#1606 = AXIS2_PLACEMENT_3D ( 'NONE', #686, #3088, #2612 ) ;
#1607 = DIRECTION ( 'NONE',  ( 0.7071067811865474617, 0.000000000000000000, 0.7071067811865474617 ) ) ;
#1608 = EDGE_CURVE ( 'NONE', #2078, #2986, #1591, .T. ) ;
#1609 = LINE ( 'NONE', #1379, #1471 ) ;
#1610 = ORIENTED_EDGE ( 'NONE', *, *, #2336, .T. ) ;
#1611 = ORIENTED_EDGE ( 'NONE', *, *, #2809, .F. ) ;
#1612 = DIRECTION ( 'NONE',  ( 0.7071067811865474617, 0.000000000000000000, -0.7071067811865474617 ) ) ;
#1613 = DIRECTION ( 'NONE',  ( -0.000000000000000000, 0.000000000000000000, 1.000000000000000000 ) ) ;
#1614 = ADVANCED_FACE ( 'NONE', ( #1339 ), #1820, .T. ) ;
#1615 = ORIENTED_EDGE ( 'NONE', *, *, #2221, .F. ) ;
#1616 = CARTESIAN_POINT ( 'NONE',  ( 16.03503777425773791, -26.97129294843108838, -4.000000000000000000 ) ) ;
#1617 = EDGE_CURVE ( 'NONE', #1907, #257, #894, .T. ) ;
#1618 = VERTEX_POINT ( 'NONE', #351 ) ;
#1619 = AXIS2_PLACEMENT_3D ( 'NONE', #165, #1105, #2038 ) ;
#1620 = FACE_OUTER_BOUND ( 'NONE', #2813, .T. ) ;
#1621 = CIRCLE ( 'NONE', #2879, 2.749999999999995559 ) ;
#1622 = LINE ( 'NONE', #1447, #369 ) ;
#1623 = CARTESIAN_POINT ( 'NONE',  ( 15.78503777425776100, 19.77870705156889031, -2.500000000000000000 ) ) ;
#1624 = ORIENTED_EDGE ( 'NONE', *, *, #1001, .T. ) ;
#1625 = EDGE_CURVE ( 'NONE', #1735, #725, #108, .T. ) ;
#1626 = CARTESIAN_POINT ( 'NONE',  ( -17.96496222574226564, 30.02870705156890097, -4.000000000000000000 ) ) ;
#1627 = DIRECTION ( 'NONE',  ( 1.734723475976807341E-16, -1.000000000000000000, 0.000000000000000000 ) ) ;
#1628 = ORIENTED_EDGE ( 'NONE', *, *, #2778, .F. ) ;
#1629 = ORIENTED_EDGE ( 'NONE', *, *, #1071, .F. ) ;
#1630 = EDGE_CURVE ( 'NONE', #1719, #1242, #2052, .T. ) ;
#1631 = FACE_BOUND ( 'NONE', #2980, .T. ) ;
#1632 = AXIS2_PLACEMENT_3D ( 'NONE', #1879, #205, #1382 ) ;
#1633 = DIRECTION ( 'NONE',  ( -1.911638545475377396E-16, 0.7071067811865482389, -0.7071067811865469066 ) ) ;
#1634 = LINE ( 'NONE', #1904, #2538 ) ;
#1635 = LINE ( 'NONE', #231, #1408 ) ;
#1636 = ORIENTED_EDGE ( 'NONE', *, *, #918, .F. ) ;
#1637 = VECTOR ( 'NONE', #131, 1000.000000000000000 ) ;
#1638 = SURFACE_STYLE_USAGE ( .BOTH. , #2614 ) ;
#1639 = DIRECTION ( 'NONE',  ( 0.000000000000000000, 0.000000000000000000, 1.000000000000000000 ) ) ;
#1640 = AXIS2_PLACEMENT_3D ( 'NONE', #340, #2755, #574 ) ;
#1641 = VERTEX_POINT ( 'NONE', #2285 ) ;
#1642 = ORIENTED_EDGE ( 'NONE', *, *, #2593, .T. ) ;
#1643 = DIRECTION ( 'NONE',  ( 1.000000000000000000, 0.000000000000000000, 0.000000000000000000 ) ) ;
#1644 = AXIS2_PLACEMENT_3D ( 'NONE', #2543, #1059, #396 ) ;
#1645 = CARTESIAN_POINT ( 'NONE',  ( -7.714959791634052877, -28.47129294843108482, 3.292323440001584611 ) ) ;
#1646 = EDGE_CURVE ( 'NONE', #801, #852, #884, .T. ) ;
#1647 = CARTESIAN_POINT ( 'NONE',  ( -13.46496222574226920, -22.47129294843110969, 3.292323440001584611 ) ) ;
#1648 = CARTESIAN_POINT ( 'NONE',  ( -17.96496222574226564, 18.77870705156889031, -4.000000000000000000 ) ) ;
#1649 = DIRECTION ( 'NONE',  ( 1.000000000000000000, 0.000000000000000000, 0.000000000000000000 ) ) ;
#1650 = EDGE_CURVE ( 'NONE', #2682, #69, #2076, .T. ) ;
#1651 = CIRCLE ( 'NONE', #2821, 0.9499999999999995115 ) ;
#1652 = FACE_OUTER_BOUND ( 'NONE', #2177, .T. ) ;
#1653 = EDGE_LOOP ( 'NONE', ( #1229, #978, #2607, #439 ) ) ;
#1654 = DIRECTION ( 'NONE',  ( -1.000000000000000000, -1.156482317317871971E-16, 0.000000000000000000 ) ) ;
#1655 = DIRECTION ( 'NONE',  ( 1.000000000000000000, 0.000000000000000000, 0.000000000000000000 ) ) ;
#1656 = ORIENTED_EDGE ( 'NONE', *, *, #816, .F. ) ;
#1657 = EDGE_LOOP ( 'NONE', ( #569, #511, #1867, #866, #2132, #2416, #2476, #2851 ) ) ;
#1658 = CARTESIAN_POINT ( 'NONE',  ( 16.03503777425773791, 28.96804687978908888, -1.939339828220185691 ) ) ;
#1659 = CARTESIAN_POINT ( 'NONE',  ( 15.78503777425776100, 19.77870705156889031, -4.002000000000000668 ) ) ;
#1660 = EDGE_CURVE ( 'NONE', #1256, #1426, #2134, .T. ) ;
#1661 = LINE ( 'NONE', #3086, #640 ) ;
#1662 = VECTOR ( 'NONE', #2516, 1000.000000000000114 ) ;
#1663 = EDGE_CURVE ( 'NONE', #1829, #2046, #2729, .T. ) ;
#1664 = EDGE_CURVE ( 'NONE', #780, #2613, #872, .T. ) ;
#1665 = CARTESIAN_POINT ( 'NONE',  ( -16.96496222574226920, 25.27870705156888320, -2.500000000000000000 ) ) ;
#1666 = LINE ( 'NONE', #912, #1905 ) ;
#1667 = EDGE_LOOP ( 'NONE', ( #2203, #1656, #1748, #1757 ) ) ;
#1668 =( BOUNDED_CURVE ( )  B_SPLINE_CURVE ( 3, ( #2967, #488, #2671, #2433 ),
 .UNSPECIFIED., .F., .F. ) 
 B_SPLINE_CURVE_WITH_KNOTS ( ( 4, 4 ),
 ( 2.643885820847045043, 3.141592653589793116 ),
 .UNSPECIFIED. ) 
 CURVE ( )  GEOMETRIC_REPRESENTATION_ITEM ( )  RATIONAL_B_SPLINE_CURVE ( ( 1.000000000000000000, 0.9794636360570631028, 0.9794636360570631028, 1.000000000000000000 ) ) 
 REPRESENTATION_ITEM ( '' )  );
#1669 = DIRECTION ( 'NONE',  ( 0.000000000000000000, 0.000000000000000000, 1.000000000000000000 ) ) ;
#1670 = ORIENTED_EDGE ( 'NONE', *, *, #2862, .T. ) ;
#1671 = VERTEX_POINT ( 'NONE', #121 ) ;
#1672 = DIRECTION ( 'NONE',  ( 2.409338161078898687E-16, -0.000000000000000000, -1.000000000000000000 ) ) ;
#1673 = PLANE ( 'NONE',  #942 ) ;
#1674 = DIRECTION ( 'NONE',  ( 1.000000000000000000, 0.000000000000000000, 0.000000000000000000 ) ) ;
#1675 = ORIENTED_EDGE ( 'NONE', *, *, #278, .T. ) ;
#1676 = ORIENTED_EDGE ( 'NONE', *, *, #1402, .T. ) ;
#1677 = ADVANCED_FACE ( 'NONE', ( #1074, #2037, #3004, #839, #1801 ), #627, .T. ) ;
#1678 = CARTESIAN_POINT ( 'NONE',  ( -16.21496222574229762, 22.52870705156889031, 3.292323440001584611 ) ) ;
#1679 = DIRECTION ( 'NONE',  ( -1.000000000000000000, 0.000000000000000000, 0.000000000000000000 ) ) ;
#1680 = ORIENTED_EDGE ( 'NONE', *, *, #1579, .T. ) ;
#1681 = DIRECTION ( 'NONE',  ( -0.000000000000000000, -0.000000000000000000, 1.000000000000000000 ) ) ;
#1682 = VERTEX_POINT ( 'NONE', #602 ) ;
#1683 = VERTEX_POINT ( 'NONE', #1568 ) ;
#1684 = EDGE_CURVE ( 'NONE', #3040, #762, #367, .T. ) ;
#1685 = DIRECTION ( 'NONE',  ( -0.000000000000000000, -0.000000000000000000, -1.000000000000000000 ) ) ;
#1686 = DIRECTION ( 'NONE',  ( -1.000000000000000000, 0.000000000000000000, 0.000000000000000000 ) ) ;
#1687 = AXIS2_PLACEMENT_3D ( 'NONE', #52, #2417, #983 ) ;
#1688 = DIRECTION ( 'NONE',  ( -0.000000000000000000, -0.000000000000000000, -1.000000000000000000 ) ) ;
#1689 = CIRCLE ( 'NONE', #1396, 0.9499999999999995115 ) ;
#1690 = VECTOR ( 'NONE', #2677, 1000.000000000000000 ) ;
#1691 = ORIENTED_EDGE ( 'NONE', *, *, #187, .F. ) ;
#1692 = CARTESIAN_POINT ( 'NONE',  ( 17.41371743069809952, 19.25611888778353631, -2.500000000000000000 ) ) ;
#1693 = AXIS2_PLACEMENT_3D ( 'NONE', #2605, #616, #2542 ) ;
#1694 = AXIS2_PLACEMENT_3D ( 'NONE', #638, #1855, #1576 ) ;
#1695 = CIRCLE ( 'NONE', #1858, 1.000000000000000888 ) ;
#1696 = PLANE ( 'NONE',  #1138 ) ;
#1697 = DIRECTION ( 'NONE',  ( -1.000000000000000000, -1.156482317317871971E-16, 0.000000000000000000 ) ) ;
#1698 = ORIENTED_EDGE ( 'NONE', *, *, #958, .T. ) ;
#1699 = ADVANCED_FACE ( 'NONE', ( #2051 ), #2482, .T. ) ;
#1700 = CIRCLE ( 'NONE', #1104, 2.999999999999999112 ) ;
#1701 = ORIENTED_EDGE ( 'NONE', *, *, #1143, .T. ) ;
#1702 = FACE_OUTER_BOUND ( 'NONE', #1263, .T. ) ;
#1703 = ORIENTED_EDGE ( 'NONE', *, *, #2541, .T. ) ;
#1704 = ORIENTED_EDGE ( 'NONE', *, *, #1113, .T. ) ;
#1705 = CARTESIAN_POINT ( 'NONE',  ( 16.53503777425773791, -18.72129294843107417, -2.500000000000000000 ) ) ;
#1706 = CARTESIAN_POINT ( 'NONE',  ( -17.96496222574226564, 30.02870705156890097, -2.378679656440365608 ) ) ;
#1707 = DIRECTION ( 'NONE',  ( -0.7071067811865475727, -8.177564888978000334E-17, -0.7071067811865475727 ) ) ;
#1708 = ADVANCED_FACE ( 'NONE', ( #1863 ), #1569, .F. ) ;
#1709 = EDGE_CURVE ( 'NONE', #1738, #1682, #3048, .T. ) ;
#1710 = ORIENTED_EDGE ( 'NONE', *, *, #1461, .T. ) ;
#1711 = DIRECTION ( 'NONE',  ( 0.000000000000000000, 0.000000000000000000, 1.000000000000000000 ) ) ;
#1712 = ORIENTED_EDGE ( 'NONE', *, *, #2858, .T. ) ;
#1713 = VECTOR ( 'NONE', #339, 1000.000000000000000 ) ;
#1714 = LINE ( 'NONE', #350, #915 ) ;
#1715 = AXIS2_PLACEMENT_3D ( 'NONE', #2347, #195, #2720 ) ;
#1716 = CARTESIAN_POINT ( 'NONE',  ( 7.285040208365947123, -28.47129294843108482, -0.3076765599984150334 ) ) ;
#1717 = CARTESIAN_POINT ( 'NONE',  ( 15.78503777425776100, 19.77870705156889031, 3.292323440001584611 ) ) ;
#1718 = EDGE_LOOP ( 'NONE', ( #322, #208, #2002, #2902 ) ) ;
#1719 = VERTEX_POINT ( 'NONE', #1647 ) ;
#1720 = DIRECTION ( 'NONE',  ( -1.000000000000000000, 0.000000000000000000, 0.000000000000000000 ) ) ;
#1721 = ORIENTED_EDGE ( 'NONE', *, *, #2862, .F. ) ;
#1722 = ORIENTED_EDGE ( 'NONE', *, *, #1016, .T. ) ;
#1723 = EDGE_CURVE ( 'NONE', #996, #2613, #2088, .T. ) ;
#1724 = DIRECTION ( 'NONE',  ( -0.000000000000000000, -0.000000000000000000, -1.000000000000000000 ) ) ;
#1725 = CONICAL_SURFACE ( 'NONE', #1225, 2.000000000000005329, 0.7853981633974488341 ) ;
#1726 = CARTESIAN_POINT ( 'NONE',  ( 16.03503777425773791, -28.47129294843108482, -4.000000000000000000 ) ) ;
#1727 = DIRECTION ( 'NONE',  ( 1.000000000000000000, 0.000000000000000000, 0.000000000000000000 ) ) ;
#1728 = DIRECTION ( 'NONE',  ( -1.000000000000000000, 0.000000000000000000, 0.000000000000000000 ) ) ;
#1729 = EDGE_CURVE ( 'NONE', #2419, #2680, #1661, .T. ) ;
#1730 = ORIENTED_EDGE ( 'NONE', *, *, #735, .F. ) ;
#1731 = ORIENTED_EDGE ( 'NONE', *, *, #2781, .F. ) ;
#1732 = LINE ( 'NONE', #2730, #2965 ) ;
#1733 = CARTESIAN_POINT ( 'NONE',  ( 15.78503777425770060, 22.52870705156892583, 3.292323440001584611 ) ) ;
#1734 = CARTESIAN_POINT ( 'NONE',  ( -17.16496222574226493, -22.47129294843110969, 3.292323440001584611 ) ) ;
#1735 = VERTEX_POINT ( 'NONE', #227 ) ;
#1736 = ORIENTED_EDGE ( 'NONE', *, *, #551, .F. ) ;
#1737 = DIRECTION ( 'NONE',  ( 1.000000000000000000, 0.000000000000000000, 0.000000000000000000 ) ) ;
#1738 = VERTEX_POINT ( 'NONE', #923 ) ;
#1739 = CYLINDRICAL_SURFACE ( 'NONE', #316, 0.9499999999999995115 ) ;
#1740 = PRODUCT_DEFINITION_FORMATION_WITH_SPECIFIED_SOURCE ( 'ANY', '', #314, .NOT_KNOWN. ) ;
#1741 = DIRECTION ( 'NONE',  ( -0.000000000000000000, 0.000000000000000000, 1.000000000000000000 ) ) ;
#1742 = DIRECTION ( 'NONE',  ( 0.000000000000000000, -0.7071067811865474617, -0.7071067811865474617 ) ) ;
#1743 = LINE ( 'NONE', #2964, #431 ) ;
#1744 = ORIENTED_EDGE ( 'NONE', *, *, #1474, .F. ) ;
#1745 = CARTESIAN_POINT ( 'NONE',  ( -10.88296222574226668, -25.62529294843109184, -2.500000000000000000 ) ) ;
#1746 = AXIS2_PLACEMENT_3D ( 'NONE', #2494, #781, #331 ) ;
#1747 = EDGE_CURVE ( 'NONE', #2665, #1085, #1097, .T. ) ;
#1748 = ORIENTED_EDGE ( 'NONE', *, *, #1845, .T. ) ;
#1749 = AXIS2_PLACEMENT_3D ( 'NONE', #1473, #1688, #2191 ) ;
#1750 = AXIS2_PLACEMENT_3D ( 'NONE', #2765, #2990, #1552 ) ;
#1751 = DIRECTION ( 'NONE',  ( 1.734723475976807094E-16, -1.000000000000000000, 0.000000000000000000 ) ) ;
#1752 = EDGE_CURVE ( 'NONE', #2530, #29, #459, .T. ) ;
#1753 = DIRECTION ( 'NONE',  ( 1.000000000000000000, 0.000000000000000000, 0.000000000000000000 ) ) ;
#1754 = CARTESIAN_POINT ( 'NONE',  ( 17.53503777425773436, 18.77870705156889031, -4.000000000000000000 ) ) ;
#1755 = ORIENTED_EDGE ( 'NONE', *, *, #1160, .T. ) ;
#1756 = EDGE_CURVE ( 'NONE', #2419, #819, #1500, .T. ) ;
#1757 = ORIENTED_EDGE ( 'NONE', *, *, #2120, .F. ) ;
#1758 = LINE ( 'NONE', #109, #2574 ) ;
#1759 = ORIENTED_EDGE ( 'NONE', *, *, #3025, .T. ) ;
#1760 = ORIENTED_EDGE ( 'NONE', *, *, #614, .F. ) ;
#1761 = AXIS2_PLACEMENT_3D ( 'NONE', #1415, #933, #2141 ) ;
#1762 = CARTESIAN_POINT ( 'NONE',  ( -10.88296222574226668, -25.62529294843109184, 0.000000000000000000 ) ) ;
#1763 = DIRECTION ( 'NONE',  ( 0.000000000000000000, 0.000000000000000000, -1.000000000000000000 ) ) ;
#1764 = CARTESIAN_POINT ( 'NONE',  ( 15.78503777425775390, -25.22129294843106706, -4.002000000000000668 ) ) ;
#1765 = CARTESIAN_POINT ( 'NONE',  ( 18.03503777425774857, -26.97129294843108482, -4.000000000000000000 ) ) ;
#1766 = VECTOR ( 'NONE', #166, 1000.000000000000000 ) ;
#1767 = VERTEX_POINT ( 'NONE', #817 ) ;
#1768 = CARTESIAN_POINT ( 'NONE',  ( -16.96496222574225854, -18.72129294843107417, -4.002000000000000668 ) ) ;
#1769 = VERTEX_POINT ( 'NONE', #2742 ) ;
#1770 = EDGE_CURVE ( 'NONE', #1254, #1982, #1781, .T. ) ;
#1771 = CARTESIAN_POINT ( 'NONE',  ( 16.03503777425773791, -29.97129294843108838, -3.000000000000006217 ) ) ;
#1772 = ADVANCED_FACE ( 'NONE', ( #1050 ), #2806, .T. ) ;
#1773 = FACE_OUTER_BOUND ( 'NONE', #1504, .T. ) ;
#1774 = CYLINDRICAL_SURFACE ( 'NONE', #1512, 0.9499999999999995115 ) ;
#1775 = ORIENTED_EDGE ( 'NONE', *, *, #60, .F. ) ;
#1776 = CYLINDRICAL_SURFACE ( 'NONE', #253, 1.000000000000000888 ) ;
#1777 = ORIENTED_EDGE ( 'NONE', *, *, #712, .F. ) ;
#1778 = ORIENTED_EDGE ( 'NONE', *, *, #2086, .T. ) ;
#1779 = PLANE ( 'NONE',  #2399 ) ;
#1780 = LINE ( 'NONE', #389, #2192 ) ;
#1781 = LINE ( 'NONE', #329, #394 ) ;
#1782 = VECTOR ( 'NONE', #1419, 1000.000000000000000 ) ;
#1783 = ORIENTED_EDGE ( 'NONE', *, *, #2402, .F. ) ;
#1784 = DIRECTION ( 'NONE',  ( 0.000000000000000000, 0.000000000000000000, 1.000000000000000000 ) ) ;
#1785 = ORIENTED_EDGE ( 'NONE', *, *, #766, .T. ) ;
#1786 = DIRECTION ( 'NONE',  ( 1.000000000000000000, 0.000000000000000000, 0.000000000000000000 ) ) ;
#1787 = CARTESIAN_POINT ( 'NONE',  ( 16.03503777425773791, 30.02870705156891162, -4.000000000000000000 ) ) ;
#1788 = ADVANCED_FACE ( 'NONE', ( #1917 ), #2726, .T. ) ;
#1789 = ORIENTED_EDGE ( 'NONE', *, *, #597, .T. ) ;
#1790 = CARTESIAN_POINT ( 'NONE',  ( 16.03503777425773436, 27.02870705156891162, 3.292323440001584611 ) ) ;
#1791 = DIRECTION ( 'NONE',  ( 1.000000000000000000, 0.000000000000000000, 0.000000000000000000 ) ) ;
#1792 = VERTEX_POINT ( 'NONE', #538 ) ;
#1793 = CARTESIAN_POINT ( 'NONE',  ( -18.46496222574227275, 27.02870705156890097, -4.000000000000000000 ) ) ;
#1794 = DIRECTION ( 'NONE',  ( 0.000000000000000000, 0.000000000000000000, 1.000000000000000000 ) ) ;
#1795 = DIRECTION ( 'NONE',  ( 0.7071067811865479058, 9.813077866773562929E-16, 0.7071067811865472397 ) ) ;
#1796 = VERTEX_POINT ( 'NONE', #1511 ) ;
#1797 = LINE ( 'NONE', #853, #890 ) ;
#1798 = ORIENTED_EDGE ( 'NONE', *, *, #2541, .F. ) ;
#1799 = AXIS2_PLACEMENT_3D ( 'NONE', #2439, #2896, #1283 ) ;
#1800 = FACE_OUTER_BOUND ( 'NONE', #1870, .T. ) ;
#1801 = FACE_OUTER_BOUND ( 'NONE', #977, .T. ) ;
#1802 = AXIS2_PLACEMENT_3D ( 'NONE', #2514, #2254, #857 ) ;
#1803 = EDGE_CURVE ( 'NONE', #2649, #960, #2509, .T. ) ;
#1804 = AXIS2_PLACEMENT_3D ( 'NONE', #800, #1560, #2758 ) ;
#1805 = EDGE_LOOP ( 'NONE', ( #33, #1524, #2834, #2637 ) ) ;
#1806 = DIRECTION ( 'NONE',  ( 0.000000000000000000, 0.000000000000000000, -1.000000000000000000 ) ) ;
#1807 = CARTESIAN_POINT ( 'NONE',  ( 17.53503777425773436, 18.77870705156889031, -2.378679656440367385 ) ) ;
#1808 = ORIENTED_EDGE ( 'NONE', *, *, #497, .F. ) ;
#1809 = CARTESIAN_POINT ( 'NONE',  ( -16.46496222574226920, 30.02870705156890097, -4.000000000000000000 ) ) ;
#1810 = ADVANCED_FACE ( 'NONE', ( #2983 ), #2473, .F. ) ;
#1811 = LINE ( 'NONE', #1313, #845 ) ;
#1812 = CARTESIAN_POINT ( 'NONE',  ( -15.26496222574226458, -22.47129294843110969, 3.292323440001584611 ) ) ;
#1813 = EDGE_CURVE ( 'NONE', #2107, #2719, #1529, .T. ) ;
#1814 = VECTOR ( 'NONE', #2888, 1000.000000000000000 ) ;
#1815 = CARTESIAN_POINT ( 'NONE',  ( 17.53503777425773080, 30.02870705156891162, -2.378679656440367385 ) ) ;
#1816 = ORIENTED_EDGE ( 'NONE', *, *, #2071, .F. ) ;
#1817 = DIRECTION ( 'NONE',  ( -1.000000000000000000, 0.000000000000000000, 0.000000000000000000 ) ) ;
#1818 = EDGE_CURVE ( 'NONE', #2826, #2908, #100, .T. ) ;
#1819 = CARTESIAN_POINT ( 'NONE',  ( -16.96496222574226564, 18.77870705156889031, -2.500000000000000000 ) ) ;
#1820 = PLANE ( 'NONE',  #1802 ) ;
#1821 = FACE_OUTER_BOUND ( 'NONE', #2462, .T. ) ;
#1822 = LINE ( 'NONE', #2798, #2861 ) ;
#1823 = ORIENTED_EDGE ( 'NONE', *, *, #2312, .T. ) ;
#1824 = DIRECTION ( 'NONE',  ( 0.000000000000000000, 0.000000000000000000, 1.000000000000000000 ) ) ;
#1825 = FACE_OUTER_BOUND ( 'NONE', #1460, .T. ) ;
#1826 = AXIS2_PLACEMENT_3D ( 'NONE', #814, #2042, #2489 ) ;
#1827 = EDGE_CURVE ( 'NONE', #2776, #1796, #2763, .T. ) ;
#1828 = CARTESIAN_POINT ( 'NONE',  ( -17.96496222574225854, -18.72129294843107417, -2.378679656440365608 ) ) ;
#1829 = VERTEX_POINT ( 'NONE', #1996 ) ;
#1830 = CARTESIAN_POINT ( 'NONE',  ( 10.45303777425773362, -25.62529294843109540, 0.000000000000000000 ) ) ;
#1831 = ADVANCED_FACE ( 'NONE', ( #1260 ), #2144, .F. ) ;
#1832 = DIRECTION ( 'NONE',  ( 1.000000000000000000, 0.000000000000000000, 0.000000000000000000 ) ) ;
#1833 = DIRECTION ( 'NONE',  ( -0.000000000000000000, -0.000000000000000000, -1.000000000000000000 ) ) ;
#1834 = DIRECTION ( 'NONE',  ( 1.000000000000000000, -1.889896820699131511E-15, 0.000000000000000000 ) ) ;
#1835 = DIRECTION ( 'NONE',  ( -0.000000000000000000, 0.000000000000000000, 1.000000000000000000 ) ) ;
#1836 = ORIENTED_EDGE ( 'NONE', *, *, #1058, .T. ) ;
#1837 = DIRECTION ( 'NONE',  ( -0.000000000000000000, 0.000000000000000000, 1.000000000000000000 ) ) ;
#1838 = PRODUCT_CONTEXT ( 'NONE', #1146, 'mechanical' ) ;
#1839 = CARTESIAN_POINT ( 'NONE',  ( -8.686314086981068883, -25.62529294843109184, -2.500000000000000000 ) ) ;
#1840 = CYLINDRICAL_SURFACE ( 'NONE', #678, 2.749999999999995559 ) ;
#1841 = EDGE_CURVE ( 'NONE', #2682, #996, #292, .T. ) ;
#1842 = VECTOR ( 'NONE', #2121, 1000.000000000000000 ) ;
#1843 = CARTESIAN_POINT ( 'NONE',  ( 18.03503777425773791, 27.02870705156891162, -4.000000000000000000 ) ) ;
#1844 = AXIS2_PLACEMENT_3D ( 'NONE', #2461, #1250, #2236 ) ;
#1845 = EDGE_CURVE ( 'NONE', #819, #920, #5, .T. ) ;
#1846 = ORIENTED_EDGE ( 'NONE', *, *, #2635, .F. ) ;
#1847 = CARTESIAN_POINT ( 'NONE',  ( -19.46496222574226209, -28.91063277665126563, -1.939339828220185025 ) ) ;
#1848 = ORIENTED_EDGE ( 'NONE', *, *, #382, .T. ) ;
#1849 = ORIENTED_EDGE ( 'NONE', *, *, #411, .T. ) ;
#1850 = AXIS2_PLACEMENT_3D ( 'NONE', #2145, #955, #1889 ) ;
#1851 = CARTESIAN_POINT ( 'NONE',  ( 16.03503777425773436, 27.02870705156891162, -2.500000000000000000 ) ) ;
#1852 = AXIS2_PLACEMENT_3D ( 'NONE', #981, #1707, #1929 ) ;
#1853 = EDGE_CURVE ( 'NONE', #91, #1641, #761, .T. ) ;
#1854 = AXIS2_PLACEMENT_3D ( 'NONE', #2030, #1981, #1017 ) ;
#1855 = DIRECTION ( 'NONE',  ( -0.000000000000000000, 0.000000000000000000, 1.000000000000000000 ) ) ;
#1856 = ORIENTED_EDGE ( 'NONE', *, *, #1483, .T. ) ;
#1857 = LINE ( 'NONE', #417, #2459 ) ;
#1858 = AXIS2_PLACEMENT_3D ( 'NONE', #2447, #271, #706 ) ;
#1859 = VECTOR ( 'NONE', #677, 1000.000000000000000 ) ;
#1860 = ORIENTED_EDGE ( 'NONE', *, *, #1315, .T. ) ;
#1861 = AXIS2_PLACEMENT_3D ( 'NONE', #1106, #2329, #584 ) ;
#1862 = EDGE_CURVE ( 'NONE', #1494, #2811, #559, .T. ) ;
#1863 = FACE_OUTER_BOUND ( 'NONE', #46, .T. ) ;
#1864 = FACE_OUTER_BOUND ( 'NONE', #2841, .T. ) ;
#1865 = DIRECTION ( 'NONE',  ( 1.156482317317871971E-16, -1.000000000000000000, 0.000000000000000000 ) ) ;
#1866 = FACE_OUTER_BOUND ( 'NONE', #2921, .T. ) ;
#1867 = ORIENTED_EDGE ( 'NONE', *, *, #1363, .T. ) ;
#1868 = CARTESIAN_POINT ( 'NONE',  ( -10.88296222574226668, -25.62529294843109184, 0.000000000000000000 ) ) ;
#1869 = CARTESIAN_POINT ( 'NONE',  ( -16.96496222574226564, 19.77870705156889031, 3.292323440001584611 ) ) ;
#1870 = EDGE_LOOP ( 'NONE', ( #54, #2342, #466, #288 ) ) ;
#1871 = ORIENTED_EDGE ( 'NONE', *, *, #2495, .T. ) ;
#1872 = PLANE ( 'NONE',  #53 ) ;
#1873 = CIRCLE ( 'NONE', #758, 2.999999999999999112 ) ;
#1874 = AXIS2_PLACEMENT_3D ( 'NONE', #2318, #2767, #2812 ) ;
#1875 = PLANE ( 'NONE',  #2383 ) ;
#1876 = CARTESIAN_POINT ( 'NONE',  ( -17.84364188218262726, -19.19870478464571306, -2.500000000000000000 ) ) ;
#1877 = LINE ( 'NONE', #2882, #296 ) ;
#1878 = VERTEX_POINT ( 'NONE', #2945 ) ;
#1879 = CARTESIAN_POINT ( 'NONE',  ( -16.21496222574226564, -22.47129294843110969, -3.000000000000002665 ) ) ;
#1880 = ADVANCED_FACE ( 'NONE', ( #1293 ), #2210, .T. ) ;
#1881 = DIRECTION ( 'NONE',  ( 0.000000000000000000, 0.000000000000000000, -1.000000000000000000 ) ) ;
#1882 = ORIENTED_EDGE ( 'NONE', *, *, #1479, .F. ) ;
#1883 = EDGE_LOOP ( 'NONE', ( #1465, #1925, #906, #3049 ) ) ;
#1884 = FACE_BOUND ( 'NONE', #1926, .T. ) ;
#1885 = DIRECTION ( 'NONE',  ( 1.000000000000000000, 0.000000000000000000, 0.000000000000000000 ) ) ;
#1886 = AXIS2_PLACEMENT_3D ( 'NONE', #2057, #2786, #620 ) ;
#1887 = EDGE_CURVE ( 'NONE', #2970, #465, #1743, .T. ) ;
#1888 = VECTOR ( 'NONE', #2585, 1000.000000000000000 ) ;
#1889 = DIRECTION ( 'NONE',  ( 1.000000000000000000, 0.000000000000000000, 0.000000000000000000 ) ) ;
#1890 = DIRECTION ( 'NONE',  ( 0.7071067811865474617, 0.000000000000000000, -0.7071067811865474617 ) ) ;
#1891 = PLANE ( 'NONE',  #2313 ) ;
#1892 = ORIENTED_EDGE ( 'NONE', *, *, #1483, .F. ) ;
#1893 = CONICAL_SURFACE ( 'NONE', #1687, 2.000000000000005329, 0.7853981633974488341 ) ;
#1894 = LINE ( 'NONE', #2377, #724 ) ;
#1895 = LINE ( 'NONE', #1395, #2478 ) ;
#1896 = VERTEX_POINT ( 'NONE', #1828 ) ;
#1897 = ORIENTED_EDGE ( 'NONE', *, *, #448, .F. ) ;
#1898 = EDGE_CURVE ( 'NONE', #960, #2649, #233, .T. ) ;
#1899 = CIRCLE ( 'NONE', #1749, 2.749999999999995559 ) ;
#1900 = FACE_BOUND ( 'NONE', #415, .T. ) ;
#1901 = AXIS2_PLACEMENT_3D ( 'NONE', #952, #342, #1728 ) ;
#1902 = ORIENTED_EDGE ( 'NONE', *, *, #214, .F. ) ;
#1903 = EDGE_CURVE ( 'NONE', #2870, #2172, #1588, .T. ) ;
#1904 = CARTESIAN_POINT ( 'NONE',  ( -19.46496222574226920, 27.02870705156890097, -3.000000000000006217 ) ) ;
#1905 = VECTOR ( 'NONE', #1432, 1000.000000000000000 ) ;
#1906 = CARTESIAN_POINT ( 'NONE',  ( 16.53503777425773436, 25.27870705156888320, 3.292323440001584611 ) ) ;
#1907 = VERTEX_POINT ( 'NONE', #851 ) ;
#1908 = CARTESIAN_POINT ( 'NONE',  ( -16.46496222574226209, -26.97129294843108838, -4.000000000000000000 ) ) ;
#1909 = DIRECTION ( 'NONE',  ( 0.000000000000000000, -0.000000000000000000, 1.000000000000000000 ) ) ;
#1910 = ORIENTED_EDGE ( 'NONE', *, *, #3045, .F. ) ;
#1911 = ORIENTED_EDGE ( 'NONE', *, *, #1191, .T. ) ;
#1912 = CARTESIAN_POINT ( 'NONE',  ( -16.46496222574226209, -26.97129294843108838, -2.939339828220178141 ) ) ;
#1913 = CARTESIAN_POINT ( 'NONE',  ( 7.285040208365947123, -11.83278339979662874, -0.3076765599984150334 ) ) ;
#1914 = DIRECTION ( 'NONE',  ( 1.000000000000000000, 0.000000000000000000, 0.000000000000000000 ) ) ;
#1915 = ORIENTED_EDGE ( 'NONE', *, *, #1315, .F. ) ;
#1916 = ADVANCED_FACE ( 'NONE', ( #1375 ), #1133, .T. ) ;
#1917 = FACE_OUTER_BOUND ( 'NONE', #2885, .T. ) ;
#1918 = DIRECTION ( 'NONE',  ( 1.000000000000000000, 0.000000000000000000, 0.000000000000000000 ) ) ;
#1919 = AXIS2_PLACEMENT_3D ( 'NONE', #2751, #2288, #859 ) ;
#1920 = CYLINDRICAL_SURFACE ( 'NONE', #1168, 2.999999999999999112 ) ;
#1921 = CARTESIAN_POINT ( 'NONE',  ( -16.21496222574229762, 25.27870705156888320, -2.500000000000000000 ) ) ;
#1922 = ORIENTED_EDGE ( 'NONE', *, *, #2525, .F. ) ;
#1923 = EDGE_CURVE ( 'NONE', #2188, #2172, #2548, .T. ) ;
#1924 = CARTESIAN_POINT ( 'NONE',  ( -16.96496222574226209, -25.22129294843106706, -4.002000000000000668 ) ) ;
#1925 = ORIENTED_EDGE ( 'NONE', *, *, #1358, .T. ) ;
#1926 = EDGE_LOOP ( 'NONE', ( #2394, #3007 ) ) ;
#1927 = CARTESIAN_POINT ( 'NONE',  ( -10.88296222574226668, -25.62529294843109184, 0.000000000000000000 ) ) ;
#1928 = CARTESIAN_POINT ( 'NONE',  ( 10.45303777425773362, 25.68270705156890443, 0.000000000000000000 ) ) ;
#1929 = DIRECTION ( 'NONE',  ( -1.156482317317871971E-16, 1.000000000000000000, -0.000000000000000000 ) ) ;
#1930 = ORIENTED_EDGE ( 'NONE', *, *, #2738, .T. ) ;
#1931 = ORIENTED_EDGE ( 'NONE', *, *, #1231, .T. ) ;
#1932 = FACE_OUTER_BOUND ( 'NONE', #487, .T. ) ;
#1933 = LINE ( 'NONE', #809, #744 ) ;
#1934 = VERTEX_POINT ( 'NONE', #2563 ) ;
#1935 = ADVANCED_FACE ( 'NONE', ( #391 ), #2653, .F. ) ;
#1936 = VERTEX_POINT ( 'NONE', #1869 ) ;
#1937 = DIRECTION ( 'NONE',  ( 1.000000000000000000, 0.000000000000000000, 0.000000000000000000 ) ) ;
#1938 = ORIENTED_EDGE ( 'NONE', *, *, #2749, .F. ) ;
#1939 = CARTESIAN_POINT ( 'NONE',  ( -16.21496222574229762, 22.52870705156889031, -2.500000000000000000 ) ) ;
#1940 = DIRECTION ( 'NONE',  ( -0.000000000000000000, -0.000000000000000000, 1.000000000000000000 ) ) ;
#1941 = ADVANCED_FACE ( 'NONE', ( #2309 ), #1123, .T. ) ;
#1942 = CARTESIAN_POINT ( 'NONE',  ( 17.53503777425773436, 18.77870705156889031, 3.292323440001584611 ) ) ;
#1943 = VECTOR ( 'NONE', #1226, 1000.000000000000000 ) ;
#1944 = AXIS2_PLACEMENT_3D ( 'NONE', #359, #2262, #1546 ) ;
#1945 = VERTEX_POINT ( 'NONE', #376 ) ;
#1946 = DIRECTION ( 'NONE',  ( 1.000000000000000000, 0.000000000000000000, 0.000000000000000000 ) ) ;
#1947 = AXIS2_PLACEMENT_3D ( 'NONE', #1000, #273, #1015 ) ;
#1948 = ORIENTED_EDGE ( 'NONE', *, *, #1147, .F. ) ;
#1949 = CARTESIAN_POINT ( 'NONE',  ( 11.40303777425773468, -25.62529294843109540, -2.500000000000000000 ) ) ;
#1950 = EDGE_CURVE ( 'NONE', #2008, #1878, #1331, .T. ) ;
#1951 = CIRCLE ( 'NONE', #599, 2.000000000000005329 ) ;
#1952 = CYLINDRICAL_SURFACE ( 'NONE', #1553, 0.9499999999999995115 ) ;
#1953 = CARTESIAN_POINT ( 'NONE',  ( -16.21496222574229762, 22.52870705156889031, 3.292323440001584611 ) ) ;
#1954 = ORIENTED_EDGE ( 'NONE', *, *, #3, .T. ) ;
#1955 = EDGE_CURVE ( 'NONE', #1982, #2621, #2396, .T. ) ;
#1956 = CIRCLE ( 'NONE', #603, 0.9499999999999995115 ) ;
#1957 = ORIENTED_EDGE ( 'NONE', *, *, #2041, .F. ) ;
#1958 = CARTESIAN_POINT ( 'NONE',  ( 10.45303777425773362, 25.68270705156890443, -2.500000000000000000 ) ) ;
#1959 = ORIENTED_EDGE ( 'NONE', *, *, #2922, .F. ) ;
#1960 = ORIENTED_EDGE ( 'NONE', *, *, #2809, .T. ) ;
#1961 = CARTESIAN_POINT ( 'NONE',  ( 16.73503777425770522, 22.52870705156892583, 3.292323440001584611 ) ) ;
#1962 = CARTESIAN_POINT ( 'NONE',  ( 16.03503777425773791, 30.02870705156891162, -3.000000000000006217 ) ) ;
#1963 = DIRECTION ( 'NONE',  ( -0.000000000000000000, 0.000000000000000000, 1.000000000000000000 ) ) ;
#1964 = VERTEX_POINT ( 'NONE', #2324 ) ;
#1965 = CARTESIAN_POINT ( 'NONE',  ( -16.46496222574226209, -28.97129294843109193, -4.000000000000000000 ) ) ;
#1966 = ORIENTED_EDGE ( 'NONE', *, *, #444, .F. ) ;
#1967 = CIRCLE ( 'NONE', #2366, 1.378679656440362944 ) ;
#1968 = CARTESIAN_POINT ( 'NONE',  ( -19.46496222574226209, -29.97129294843108838, -3.000000000000006217 ) ) ;
#1969 = VECTOR ( 'NONE', #62, 1000.000000000000000 ) ;
#1970 = FACE_OUTER_BOUND ( 'NONE', #2205, .T. ) ;
#1971 = ORIENTED_EDGE ( 'NONE', *, *, #1770, .T. ) ;
#1972 = ORIENTED_EDGE ( 'NONE', *, *, #1008, .F. ) ;
#1973 = LINE ( 'NONE', #2938, #1216 ) ;
#1974 = ORIENTED_EDGE ( 'NONE', *, *, #610, .F. ) ;
#1975 = ORIENTED_EDGE ( 'NONE', *, *, #2483, .F. ) ;
#1976 = EDGE_CURVE ( 'NONE', #179, #465, #611, .T. ) ;
#1977 = DIRECTION ( 'NONE',  ( 0.000000000000000000, 0.000000000000000000, 1.000000000000000000 ) ) ;
#1978 = VECTOR ( 'NONE', #971, 1000.000000000000000 ) ;
#1979 = CARTESIAN_POINT ( 'NONE',  ( 17.53503777425773080, 26.11106913990270684, -2.378679656440368717 ) ) ;
#1980 = FACE_OUTER_BOUND ( 'NONE', #926, .T. ) ;
#1981 = DIRECTION ( 'NONE',  ( 0.000000000000000000, 0.000000000000000000, -1.000000000000000000 ) ) ;
#1982 = VERTEX_POINT ( 'NONE', #864 ) ;
#1983 = ORIENTED_EDGE ( 'NONE', *, *, #1729, .T. ) ;
#1984 = CARTESIAN_POINT ( 'NONE',  ( 17.97437760247791161, 30.02870705156891162, -1.939339828220185691 ) ) ;
#1985 = DIRECTION ( 'NONE',  ( -0.000000000000000000, -0.000000000000000000, -1.000000000000000000 ) ) ;
#1986 = CARTESIAN_POINT ( 'NONE',  ( 16.53503777425774146, -26.22129294843106706, 3.292323440001584611 ) ) ;
#1987 = ORIENTED_EDGE ( 'NONE', *, *, #3005, .F. ) ;
#1988 = ORIENTED_EDGE ( 'NONE', *, *, #1903, .F. ) ;
#1989 = DIRECTION ( 'NONE',  ( -1.000000000000000000, 0.000000000000000000, 0.000000000000000000 ) ) ;
#1990 = ORIENTED_EDGE ( 'NONE', *, *, #2371, .T. ) ;
#1991 = LINE ( 'NONE', #1809, #868 ) ;
#1992 = AXIS2_PLACEMENT_3D ( 'NONE', #1314, #2261, #2536 ) ;
#1993 = CARTESIAN_POINT ( 'NONE',  ( 17.41371743069810307, -19.19870478464572017, -2.500000000000000000 ) ) ;
#1994 = FACE_BOUND ( 'NONE', #2018, .T. ) ;
#1995 = EDGE_CURVE ( 'NONE', #313, #311, #879, .T. ) ;
#1996 = CARTESIAN_POINT ( 'NONE',  ( -17.84364188218262726, -25.74388111221641040, -2.500000000000000000 ) ) ;
#1997 = ORIENTED_EDGE ( 'NONE', *, *, #1827, .F. ) ;
#1998 = FACE_OUTER_BOUND ( 'NONE', #1027, .T. ) ;
#1999 = CIRCLE ( 'NONE', #785, 1.000000000000000888 ) ;
#2000 =( BOUNDED_CURVE ( )  B_SPLINE_CURVE ( 3, ( #596, #2745, #161, #1333 ),
 .UNSPECIFIED., .F., .F. ) 
 B_SPLINE_CURVE_WITH_KNOTS ( ( 4, 4 ),
 ( 0.000000000000000000, 0.4977068327427403016 ),
 .UNSPECIFIED. ) 
 CURVE ( )  GEOMETRIC_REPRESENTATION_ITEM ( )  RATIONAL_B_SPLINE_CURVE ( ( 1.000000000000000000, 0.9794636360570636580, 0.9794636360570636580, 1.000000000000000000 ) ) 
 REPRESENTATION_ITEM ( '' )  );
#2001 = AXIS2_PLACEMENT_3D ( 'NONE', #320, #1538, #1252 ) ;
#2002 = ORIENTED_EDGE ( 'NONE', *, *, #1709, .T. ) ;
#2003 = CIRCLE ( 'NONE', #2651, 2.999999999999999112 ) ;
#2004 = VECTOR ( 'NONE', #2615, 1000.000000000000000 ) ;
#2005 = DIRECTION ( 'NONE',  ( -1.000000000000000000, 0.000000000000000000, 0.000000000000000000 ) ) ;
#2006 = CARTESIAN_POINT ( 'NONE',  ( 10.45303777425773362, -25.62529294843109540, 0.000000000000000000 ) ) ;
#2007 = DIRECTION ( 'NONE',  ( -0.000000000000000000, -0.000000000000000000, -1.000000000000000000 ) ) ;
#2008 = VERTEX_POINT ( 'NONE', #169 ) ;
#2009 = CARTESIAN_POINT ( 'NONE',  ( 17.53503777425773436, 18.94634496323506667, -2.378679656440366497 ) ) ;
#2010 = ORIENTED_EDGE ( 'NONE', *, *, #1498, .F. ) ;
#2011 = VERTEX_POINT ( 'NONE', #1839 ) ;
#2012 = CIRCLE ( 'NONE', #688, 2.196648138761197799 ) ;
#2013 = CYLINDRICAL_SURFACE ( 'NONE', #2215, 2.196648138761197799 ) ;
#2014 = DIRECTION ( 'NONE',  ( -1.156482317317871971E-16, 1.000000000000000000, -0.000000000000000000 ) ) ;
#2015 = VECTOR ( 'NONE', #3022, 1000.000000000000000 ) ;
#2016 = DIRECTION ( 'NONE',  ( 0.000000000000000000, 0.000000000000000000, 1.000000000000000000 ) ) ;
#2017 = CONICAL_SURFACE ( 'NONE', #3104, 0.9393398282201842475, 0.7853981633974488341 ) ;
#2018 = EDGE_LOOP ( 'NONE', ( #1425, #410 ) ) ;
#2019 = CARTESIAN_POINT ( 'NONE',  ( -16.21496222574229051, -25.22129294843106706, -4.002000000000000668 ) ) ;
#2020 = ORIENTED_EDGE ( 'NONE', *, *, #680, .F. ) ;
#2021 = EDGE_CURVE ( 'NONE', #1126, #3070, #1383, .T. ) ;
#2022 = PLANE ( 'NONE',  #2299 ) ;
#2023 = DIRECTION ( 'NONE',  ( 1.000000000000000000, 0.000000000000000000, -0.000000000000000000 ) ) ;
#2024 = CIRCLE ( 'NONE', #2782, 2.196648138761197799 ) ;
#2025 = CARTESIAN_POINT ( 'NONE',  ( 15.78503777425775390, -25.22129294843106706, -2.500000000000000000 ) ) ;
#2026 = VERTEX_POINT ( 'NONE', #3028 ) ;
#2027 = ORIENTED_EDGE ( 'NONE', *, *, #2074, .F. ) ;
#2028 = FACE_OUTER_BOUND ( 'NONE', #3079, .T. ) ;
#2029 = DIRECTION ( 'NONE',  ( 1.000000000000000000, 2.703465157366452467E-16, 0.000000000000000000 ) ) ;
#2030 = CARTESIAN_POINT ( 'NONE',  ( -16.96496222574226564, 18.77870705156889031, -4.002000000000000668 ) ) ;
#2031 = PRODUCT_DEFINITION_SHAPE ( 'NONE', 'NONE',  #1212 ) ;
#2032 = ORIENTED_EDGE ( 'NONE', *, *, #261, .T. ) ;
#2033 = LINE ( 'NONE', #2549, #2444 ) ;
#2034 = ORIENTED_EDGE ( 'NONE', *, *, #1995, .T. ) ;
#2035 = DIRECTION ( 'NONE',  ( -1.000000000000000000, -2.703465157366452467E-16, 0.000000000000000000 ) ) ;
#2036 = ADVANCED_FACE ( 'NONE', ( #2788 ), #414, .F. ) ;
#2037 = FACE_BOUND ( 'NONE', #1542, .T. ) ;
#2038 = DIRECTION ( 'NONE',  ( -1.734723475976807094E-16, 1.000000000000000000, 0.000000000000000000 ) ) ;
#2039 = CARTESIAN_POINT ( 'NONE',  ( -16.46496222574226209, -28.47129294843108482, -2.378679656440364276 ) ) ;
#2040 = ORIENTED_EDGE ( 'NONE', *, *, #2286, .T. ) ;
#2041 = EDGE_CURVE ( 'NONE', #2908, #2380, #3061, .T. ) ;
#2042 = DIRECTION ( 'NONE',  ( -0.000000000000000000, -0.000000000000000000, 1.000000000000000000 ) ) ;
#2043 = DIRECTION ( 'NONE',  ( 1.734723475976807094E-16, -1.000000000000000000, 0.000000000000000000 ) ) ;
#2044 = DIRECTION ( 'NONE',  ( 0.000000000000000000, 0.000000000000000000, 1.000000000000000000 ) ) ;
#2045 = CARTESIAN_POINT ( 'NONE',  ( -17.84364188218263436, 25.80129521535424075, -2.500000000000000000 ) ) ;
#2046 = VERTEX_POINT ( 'NONE', #1603 ) ;
#2047 = DIRECTION ( 'NONE',  ( 1.000000000000000000, 0.000000000000000000, 0.000000000000000000 ) ) ;
#2048 = CIRCLE ( 'NONE', #3014, 0.9499999999999995115 ) ;
#2049 = CARTESIAN_POINT ( 'NONE',  ( -16.21496222574229407, 19.77870705156889031, -2.500000000000000000 ) ) ;
#2050 = VECTOR ( 'NONE', #2943, 1000.000000000000000 ) ;
#2051 = FACE_OUTER_BOUND ( 'NONE', #2454, .T. ) ;
#2052 = CIRCLE ( 'NONE', #1644, 2.749999999999995559 ) ;
#2053 = ADVANCED_FACE ( 'NONE', ( #3055 ), #650, .T. ) ;
#2054 = PLANE ( 'NONE',  #1462 ) ;
#2055 = CARTESIAN_POINT ( 'NONE',  ( -15.26496222574226458, -22.47129294843110969, -3.000000000000002665 ) ) ;
#2056 = VERTEX_POINT ( 'NONE', #2363 ) ;
#2057 = CARTESIAN_POINT ( 'NONE',  ( 17.97437760247791161, 30.02870705156891162, -1.939339828220185691 ) ) ;
#2058 = CARTESIAN_POINT ( 'NONE',  ( -16.21496222574226564, -22.47129294843110969, 3.292323440001584611 ) ) ;
#2059 = ADVANCED_FACE ( 'NONE', ( #2601, #673 ), #207, .F. ) ;
#2060 = CARTESIAN_POINT ( 'NONE',  ( -19.46496222574226209, -29.97129294843108838, 3.292323440001584611 ) ) ;
#2061 = ORIENTED_EDGE ( 'NONE', *, *, #2434, .F. ) ;
#2062 = PLANE ( 'NONE',  #856 ) ;
#2063 = AXIS2_PLACEMENT_3D ( 'NONE', #1420, #1176, #2387 ) ;
#2064 = CARTESIAN_POINT ( 'NONE',  ( -17.92367420541036083, -25.89118113484563111, -2.419967676772265097 ) ) ;
#2065 = CARTESIAN_POINT ( 'NONE',  ( -16.46496222574226920, 27.96804687978908532, -2.939339828220178141 ) ) ;
#2066 = PLANE ( 'NONE',  #1619 ) ;
#2067 = DIRECTION ( 'NONE',  ( 0.000000000000000000, 0.000000000000000000, 1.000000000000000000 ) ) ;
#2068 = ORIENTED_EDGE ( 'NONE', *, *, #448, .T. ) ;
#2069 = CARTESIAN_POINT ( 'NONE',  ( -18.46496222574226564, -26.97129294843108838, -4.000000000000000000 ) ) ;
#2070 = CARTESIAN_POINT ( 'NONE',  ( -17.96496222574226209, 26.11106913990270684, -2.378679656440366497 ) ) ;
#2071 = EDGE_CURVE ( 'NONE', #2603, #606, #3106, .T. ) ;
#2072 = CARTESIAN_POINT ( 'NONE',  ( -16.21496222574229051, -25.22129294843106706, -4.002000000000000668 ) ) ;
#2073 = VECTOR ( 'NONE', #215, 1000.000000000000000 ) ;
#2074 = EDGE_CURVE ( 'NONE', #104, #2411, #1203, .T. ) ;
#2075 = AXIS2_PLACEMENT_3D ( 'NONE', #1705, #1239, #2684 ) ;
#2076 = LINE ( 'NONE', #1843, #188 ) ;
#2077 =( BOUNDED_CURVE ( )  B_SPLINE_CURVE ( 3, ( #1014, #776, #1979, #2155 ),
 .UNSPECIFIED., .F., .F. ) 
 B_SPLINE_CURVE_WITH_KNOTS ( ( 4, 4 ),
 ( 2.643885820847052592, 3.141592653589793116 ),
 .UNSPECIFIED. ) 
 CURVE ( )  GEOMETRIC_REPRESENTATION_ITEM ( )  RATIONAL_B_SPLINE_CURVE ( ( 1.000000000000000000, 0.9794636360570636580, 0.9794636360570636580, 1.000000000000000000 ) ) 
 REPRESENTATION_ITEM ( '' )  );
#2078 = VERTEX_POINT ( 'NONE', #478 ) ;
#2079 = CYLINDRICAL_SURFACE ( 'NONE', #1072, 1.000000000000000888 ) ;
#2080 = CARTESIAN_POINT ( 'NONE',  ( 16.03503777425773791, 28.52870705156890807, -2.378679656440365608 ) ) ;
#2081 = ORIENTED_EDGE ( 'NONE', *, *, #2071, .T. ) ;
#2082 = LINE ( 'NONE', #1411, #2592 ) ;
#2083 = DIRECTION ( 'NONE',  ( -1.000000000000000000, 0.000000000000000000, 0.000000000000000000 ) ) ;
#2084 = EDGE_LOOP ( 'NONE', ( #1954, #1789, #2598, #1452 ) ) ;
#2085 = LINE ( 'NONE', #1658, #2766 ) ;
#2086 = EDGE_CURVE ( 'NONE', #2916, #1156, #2108, .T. ) ;
#2087 = ORIENTED_EDGE ( 'NONE', *, *, #2402, .T. ) ;
#2088 = LINE ( 'NONE', #2356, #2552 ) ;
#2089 = VECTOR ( 'NONE', #621, 1000.000000000000000 ) ;
#2090 = PLANE ( 'NONE',  #3036 ) ;
#2091 = DIRECTION ( 'NONE',  ( 0.000000000000000000, -0.000000000000000000, -1.000000000000000000 ) ) ;
#2092 = ORIENTED_EDGE ( 'NONE', *, *, #898, .T. ) ;
#2093 = CIRCLE ( 'NONE', #1400, 1.500000000000001332 ) ;
#2094 = SURFACE_STYLE_FILL_AREA ( #2853 ) ;
#2095 = CIRCLE ( 'NONE', #1443, 0.9499999999999995115 ) ;
#2096 = AXIS2_PLACEMENT_3D ( 'NONE', #2294, #1362, #2537 ) ;
#2097 = DIRECTION ( 'NONE',  ( 0.000000000000000000, 0.000000000000000000, -1.000000000000000000 ) ) ;
#2098 = ORIENTED_EDGE ( 'NONE', *, *, #99, .F. ) ;
#2099 = VERTEX_POINT ( 'NONE', #3092 ) ;
#2100 = FACE_OUTER_BOUND ( 'NONE', #2361, .T. ) ;
#2101 = CIRCLE ( 'NONE', #3067, 1.378679656440364498 ) ;
#2102 = VERTEX_POINT ( 'NONE', #438 ) ;
#2103 = AXIS2_PLACEMENT_3D ( 'NONE', #875, #1835, #634 ) ;
#2104 = ADVANCED_FACE ( 'NONE', ( #976 ), #944, .T. ) ;
#2105 = LINE ( 'NONE', #1217, #2279 ) ;
#2106 = CARTESIAN_POINT ( 'NONE',  ( 8.256389635496537593, 25.68270705156890443, 0.000000000000000000 ) ) ;
#2107 = VERTEX_POINT ( 'NONE', #11 ) ;
#2108 = LINE ( 'NONE', #1924, #2159 ) ;
#2109 = ORIENTED_EDGE ( 'NONE', *, *, #2301, .T. ) ;
#2110 = ORIENTED_EDGE ( 'NONE', *, *, #2412, .F. ) ;
#2111 = DIRECTION ( 'NONE',  ( -0.000000000000000000, 0.000000000000000000, 1.000000000000000000 ) ) ;
#2112 = EDGE_CURVE ( 'NONE', #3016, #2150, #1895, .T. ) ;
#2113 = DIRECTION ( 'NONE',  ( -0.7071067811865475727, -8.177564888978000334E-17, -0.7071067811865475727 ) ) ;
#2114 = CIRCLE ( 'NONE', #870, 1.000000000000000888 ) ;
#2115 = AXIS2_PLACEMENT_3D ( 'NONE', #2880, #2639, #2372 ) ;
#2116 = ADVANCED_FACE ( 'NONE', ( #1702 ), #2854, .F. ) ;
#2117 = PLANE ( 'NONE',  #2484 ) ;
#2118 = CARTESIAN_POINT ( 'NONE',  ( -18.46496222574227275, 27.02870705156890097, -4.000000000000000000 ) ) ;
#2119 = EDGE_LOOP ( 'NONE', ( #2231, #2518 ) ) ;
#2120 = EDGE_CURVE ( 'NONE', #2680, #920, #2369, .T. ) ;
#2121 = DIRECTION ( 'NONE',  ( 0.000000000000000000, -0.000000000000000000, -1.000000000000000000 ) ) ;
#2122 = DIRECTION ( 'NONE',  ( -0.000000000000000000, -0.000000000000000000, 1.000000000000000000 ) ) ;
#2123 = EDGE_CURVE ( 'NONE', #2603, #2446, #1274, .T. ) ;
#2124 = ORIENTED_EDGE ( 'NONE', *, *, #1186, .F. ) ;
#2125 = ORIENTED_EDGE ( 'NONE', *, *, #2876, .F. ) ;
#2126 = CARTESIAN_POINT ( 'NONE',  ( -10.88296222574226668, -25.62529294843109184, 0.000000000000000000 ) ) ;
#2127 = DIRECTION ( 'NONE',  ( -0.000000000000000000, -0.000000000000000000, 1.000000000000000000 ) ) ;
#2128 = AXIS2_PLACEMENT_3D ( 'NONE', #1626, #1654, #1372 ) ;
#2129 = DIRECTION ( 'NONE',  ( -1.000000000000000000, -1.889896820699138217E-15, 0.000000000000000000 ) ) ;
#2130 = CARTESIAN_POINT ( 'NONE',  ( 15.78503777425775390, -19.72129294843107417, -2.500000000000000000 ) ) ;
#2131 = DIRECTION ( 'NONE',  ( 1.000000000000000000, -1.889896820699131511E-15, 0.000000000000000000 ) ) ;
#2132 = ORIENTED_EDGE ( 'NONE', *, *, #2749, .T. ) ;
#2133 = CARTESIAN_POINT ( 'NONE',  ( -16.46496222574226209, -28.47129294843108482, -4.000000000000000000 ) ) ;
#2134 = CIRCLE ( 'NONE', #1441, 1.378679656440362944 ) ;
#2135 = CARTESIAN_POINT ( 'NONE',  ( 17.53503777425773080, 27.02870705156891162, -2.378679656440365608 ) ) ;
#2136 = CIRCLE ( 'NONE', #1497, 2.196648138761197799 ) ;
#2137 = ORIENTED_EDGE ( 'NONE', *, *, #2123, .F. ) ;
#2138 = ORIENTED_EDGE ( 'NONE', *, *, #3096, .F. ) ;
#2139 = EDGE_CURVE ( 'NONE', #2233, #2719, #2884, .T. ) ;
#2140 = VECTOR ( 'NONE', #2932, 1000.000000000000000 ) ;
#2141 = DIRECTION ( 'NONE',  ( 1.000000000000000000, 0.000000000000000000, 0.000000000000000000 ) ) ;
#2142 = CIRCLE ( 'NONE', #2852, 2.999999999999999112 ) ;
#2143 = DIRECTION ( 'NONE',  ( -0.000000000000000000, 0.000000000000000000, 1.000000000000000000 ) ) ;
#2144 = PLANE ( 'NONE',  #1804 ) ;
#2145 = CARTESIAN_POINT ( 'NONE',  ( 16.03503777425773791, -26.97129294843108838, 3.292323440001584611 ) ) ;
#2146 = DIRECTION ( 'NONE',  ( -1.889896820699138217E-15, 1.000000000000000000, 0.000000000000000000 ) ) ;
#2147 = CARTESIAN_POINT ( 'NONE',  ( 7.285040208365947123, -11.83278339979662874, 3.292323440001584611 ) ) ;
#2148 = VECTOR ( 'NONE', #959, 1000.000000000000000 ) ;
#2149 = CARTESIAN_POINT ( 'NONE',  ( -13.07961036450346448, 25.68270705156890443, -2.500000000000000000 ) ) ;
#2150 = VERTEX_POINT ( 'NONE', #1424 ) ;
#2151 = CARTESIAN_POINT ( 'NONE',  ( 15.78503777425775390, -19.72129294843107417, -4.002000000000000668 ) ) ;
#2152 = ORIENTED_EDGE ( 'NONE', *, *, #712, .T. ) ;
#2153 = ORIENTED_EDGE ( 'NONE', *, *, #1253, .T. ) ;
#2154 = DIRECTION ( 'NONE',  ( 0.000000000000000000, 0.000000000000000000, 1.000000000000000000 ) ) ;
#2155 = CARTESIAN_POINT ( 'NONE',  ( 17.53503777425773080, 26.27870705156888320, -2.378679656440367385 ) ) ;
#2156 = PLANE ( 'NONE',  #1947 ) ;
#2157 = ADVANCED_FACE ( 'NONE', ( #234 ), #2630, .F. ) ;
#2158 = ORIENTED_EDGE ( 'NONE', *, *, #2390, .T. ) ;
#2159 = VECTOR ( 'NONE', #1881, 1000.000000000000000 ) ;
#2160 = ORIENTED_EDGE ( 'NONE', *, *, #175, .T. ) ;
#2161 = ADVANCED_FACE ( 'NONE', ( #718 ), #3082, .F. ) ;
#2162 = CARTESIAN_POINT ( 'NONE',  ( 7.285040208365947123, -29.97129294843108838, -0.3076765599984150334 ) ) ;
#2163 = DIRECTION ( 'NONE',  ( -1.204669080539449344E-16, 0.000000000000000000, 1.000000000000000000 ) ) ;
#2164 = CIRCLE ( 'NONE', #822, 2.196648138761197799 ) ;
#2165 = CARTESIAN_POINT ( 'NONE',  ( -17.96496222574226564, 18.77870705156889031, 3.292323440001584611 ) ) ;
#2166 = ADVANCED_FACE ( 'NONE', ( #1451 ), #249, .F. ) ;
#2167 = CYLINDRICAL_SURFACE ( 'NONE', #1799, 1.000000000000000888 ) ;
#2168 = ORIENTED_EDGE ( 'NONE', *, *, #917, .F. ) ;
#2169 = APPLICATION_CONTEXT ( 'automotive_design' ) ;
#2170 = ORIENTED_EDGE ( 'NONE', *, *, #157, .T. ) ;
#2171 = FACE_OUTER_BOUND ( 'NONE', #1286, .T. ) ;
#2172 = VERTEX_POINT ( 'NONE', #2135 ) ;
#2173 = ORIENTED_EDGE ( 'NONE', *, *, #1887, .F. ) ;
#2174 = LINE ( 'NONE', #1438, #1197 ) ;
#2175 = LINE ( 'NONE', #2414, #1943 ) ;
#2176 = DIRECTION ( 'NONE',  ( 1.000000000000000000, -0.000000000000000000, 0.000000000000000000 ) ) ;
#2177 = EDGE_LOOP ( 'NONE', ( #648, #2353, #765, #1284, #132 ) ) ;
#2178 = DIRECTION ( 'NONE',  ( -1.000000000000000000, 0.000000000000000000, -0.000000000000000000 ) ) ;
#2179 = ADVANCED_FACE ( 'NONE', ( #2171 ), #27, .F. ) ;
#2180 = ORIENTED_EDGE ( 'NONE', *, *, #2838, .F. ) ;
#2181 = EDGE_CURVE ( 'NONE', #1494, #267, #1758, .T. ) ;
#2182 = CARTESIAN_POINT ( 'NONE',  ( -16.21496222574226564, -22.47129294843110969, 3.292323440001584611 ) ) ;
#2183 = CARTESIAN_POINT ( 'NONE',  ( -16.21496222574229407, 19.77870705156889031, -4.002000000000000668 ) ) ;
#2184 = EDGE_LOOP ( 'NONE', ( #2327, #2040, #687, #2087 ) ) ;
#2185 = ORIENTED_EDGE ( 'NONE', *, *, #214, .T. ) ;
#2186 = CYLINDRICAL_SURFACE ( 'NONE', #1418, 0.9499999999999995115 ) ;
#2187 = CIRCLE ( 'NONE', #426, 1.499999999999999556 ) ;
#2188 = VERTEX_POINT ( 'NONE', #1540 ) ;
#2189 = CARTESIAN_POINT ( 'NONE',  ( -16.21496222574229407, 19.77870705156889031, -2.500000000000000000 ) ) ;
#2190 = DIRECTION ( 'NONE',  ( -0.000000000000000000, 0.000000000000000000, 1.000000000000000000 ) ) ;
#2191 = DIRECTION ( 'NONE',  ( 1.000000000000000000, 0.000000000000000000, 0.000000000000000000 ) ) ;
#2192 = VECTOR ( 'NONE', #2547, 1000.000000000000000 ) ;
#2193 = CIRCLE ( 'NONE', #1850, 1.500000000000001332 ) ;
#2194 = ORIENTED_EDGE ( 'NONE', *, *, #1160, .F. ) ;
#2195 = DIRECTION ( 'NONE',  ( 0.000000000000000000, 0.000000000000000000, -1.000000000000000000 ) ) ;
#2196 = CARTESIAN_POINT ( 'NONE',  ( 17.49374975392583664, -19.05140476201650657, -2.419967676772267318 ) ) ;
#2197 = CIRCLE ( 'NONE', #854, 0.9499999999999995115 ) ;
#2198 = ADVANCED_FACE ( 'NONE', ( #1026 ), #1308, .F. ) ;
#2199 = DIRECTION ( 'NONE',  ( 1.000000000000000000, 0.000000000000000000, 0.000000000000000000 ) ) ;
#2200 = DIRECTION ( 'NONE',  ( 1.000000000000000000, 0.000000000000000000, 0.000000000000000000 ) ) ;
#2201 = ORIENTED_EDGE ( 'NONE', *, *, #567, .F. ) ;
#2202 = EDGE_CURVE ( 'NONE', #1085, #2206, #826, .T. ) ;
#2203 = ORIENTED_EDGE ( 'NONE', *, *, #1729, .F. ) ;
#2204 = CARTESIAN_POINT ( 'NONE',  ( 16.53503777425773791, -19.72129294843107417, -4.002000000000000668 ) ) ;
#2205 = EDGE_LOOP ( 'NONE', ( #2425, #117, #1577, #1334 ) ) ;
#2206 = VERTEX_POINT ( 'NONE', #2025 ) ;
#2207 = FACE_OUTER_BOUND ( 'NONE', #1118, .T. ) ;
#2208 = DIRECTION ( 'NONE',  ( 0.000000000000000000, 0.000000000000000000, -1.000000000000000000 ) ) ;
#2209 = DIRECTION ( 'NONE',  ( 1.734723475976807094E-16, -1.000000000000000000, 0.000000000000000000 ) ) ;
#2210 = CYLINDRICAL_SURFACE ( 'NONE', #190, 2.196648138761197799 ) ;
#2211 = EDGE_CURVE ( 'NONE', #2320, #2233, #2486, .T. ) ;
#2212 = ORIENTED_EDGE ( 'NONE', *, *, #682, .T. ) ;
#2213 = DIRECTION ( 'NONE',  ( -0.000000000000000000, -0.000000000000000000, 1.000000000000000000 ) ) ;
#2214 = ORIENTED_EDGE ( 'NONE', *, *, #427, .F. ) ;
#2215 = AXIS2_PLACEMENT_3D ( 'NONE', #2259, #2241, #356 ) ;
#2216 = FACE_OUTER_BOUND ( 'NONE', #2084, .T. ) ;
#2217 = VECTOR ( 'NONE', #583, 1000.000000000000000 ) ;
#2218 = DIRECTION ( 'NONE',  ( -0.000000000000000000, -0.000000000000000000, -1.000000000000000000 ) ) ;
#2219 = DIRECTION ( 'NONE',  ( 1.000000000000000000, 0.000000000000000000, 0.000000000000000000 ) ) ;
#2220 = ORIENTED_EDGE ( 'NONE', *, *, #1525, .T. ) ;
#2221 = EDGE_CURVE ( 'NONE', #1238, #606, #206, .T. ) ;
#2222 = ORIENTED_EDGE ( 'NONE', *, *, #568, .F. ) ;
#2223 = DIRECTION ( 'NONE',  ( 1.000000000000000000, 0.000000000000000000, 0.000000000000000000 ) ) ;
#2224 = ORIENTED_EDGE ( 'NONE', *, *, #1480, .T. ) ;
#2225 = CARTESIAN_POINT ( 'NONE',  ( -11.83296222574226597, 25.68270705156890443, 0.000000000000000000 ) ) ;
#2226 = CARTESIAN_POINT ( 'NONE',  ( 16.03503777425773791, 28.52870705156890807, -4.000000000000000000 ) ) ;
#2227 = CARTESIAN_POINT ( 'NONE',  ( -11.83296222574226597, -25.62529294843109184, 0.000000000000000000 ) ) ;
#2228 = EDGE_CURVE ( 'NONE', #664, #1829, #335, .T. ) ;
#2229 = EDGE_CURVE ( 'NONE', #476, #793, #2426, .T. ) ;
#2230 = DIRECTION ( 'NONE',  ( 0.000000000000000000, -0.7071067811865474617, 0.7071067811865474617 ) ) ;
#2231 = ORIENTED_EDGE ( 'NONE', *, *, #816, .T. ) ;
#2232 = DIRECTION ( 'NONE',  ( -0.000000000000000000, 0.000000000000000000, 1.000000000000000000 ) ) ;
#2233 = VERTEX_POINT ( 'NONE', #1522 ) ;
#2234 = FACE_OUTER_BOUND ( 'NONE', #1046, .T. ) ;
#2235 = CYLINDRICAL_SURFACE ( 'NONE', #1248, 0.9499999999999995115 ) ;
#2236 = DIRECTION ( 'NONE',  ( -1.000000000000000000, 0.000000000000000000, 0.000000000000000000 ) ) ;
#2237 = ORIENTED_EDGE ( 'NONE', *, *, #444, .T. ) ;
#2238 = FACE_OUTER_BOUND ( 'NONE', #1107, .T. ) ;
#2239 = ORIENTED_EDGE ( 'NONE', *, *, #2139, .T. ) ;
#2240 = ORIENTED_EDGE ( 'NONE', *, *, #1388, .F. ) ;
#2241 = DIRECTION ( 'NONE',  ( -0.000000000000000000, -0.000000000000000000, -1.000000000000000000 ) ) ;
#2242 = AXIS2_PLACEMENT_3D ( 'NONE', #1908, #2331, #1132 ) ;
#2243 = CARTESIAN_POINT ( 'NONE',  ( -8.686314086981068883, -25.62529294843109184, 0.000000000000000000 ) ) ;
#2244 = APPLICATION_PROTOCOL_DEFINITION ( 'draft international standard', 'automotive_design', 1998, #2169 ) ;
#2245 = DIRECTION ( 'NONE',  ( 1.000000000000000000, 0.000000000000000000, 0.000000000000000000 ) ) ;
#2246 = EDGE_CURVE ( 'NONE', #2266, #3069, #2992, .T. ) ;
#2247 = EDGE_LOOP ( 'NONE', ( #1182, #248, #2435, #993, #2487, #193, #2855, #1892 ) ) ;
#2248 = AXIS2_PLACEMENT_3D ( 'NONE', #3030, #1319, #2047 ) ;
#2249 = VECTOR ( 'NONE', #2715, 1000.000000000000000 ) ;
#2250 = EDGE_LOOP ( 'NONE', ( #1200, #2408, #619, #1808 ) ) ;
#2251 = AXIS2_PLACEMENT_3D ( 'NONE', #134, #1281, #1786 ) ;
#2252 = VECTOR ( 'NONE', #2828, 1000.000000000000000 ) ;
#2253 = CARTESIAN_POINT ( 'NONE',  ( -16.96496222574226920, 25.27870705156888320, -4.002000000000000668 ) ) ;
#2254 = DIRECTION ( 'NONE',  ( 0.000000000000000000, 0.000000000000000000, 1.000000000000000000 ) ) ;
#2255 = ORIENTED_EDGE ( 'NONE', *, *, #676, .T. ) ;
#2256 = CARTESIAN_POINT ( 'NONE',  ( -17.84364188218263436, 30.02870705156890097, -2.500000000000000000 ) ) ;
#2257 = EDGE_LOOP ( 'NONE', ( #572, #1466, #221, #2560 ) ) ;
#2258 = ORIENTED_EDGE ( 'NONE', *, *, #3096, .T. ) ;
#2259 = CARTESIAN_POINT ( 'NONE',  ( 10.45303777425773362, 25.68270705156890443, 0.000000000000000000 ) ) ;
#2260 = PLANE ( 'NONE',  #1551 ) ;
#2261 = DIRECTION ( 'NONE',  ( -0.000000000000000000, -0.000000000000000000, -1.000000000000000000 ) ) ;
#2262 = DIRECTION ( 'NONE',  ( -0.000000000000000000, -0.000000000000000000, -1.000000000000000000 ) ) ;
#2263 = VERTEX_POINT ( 'NONE', #495 ) ;
#2264 = CARTESIAN_POINT ( 'NONE',  ( 16.73503777425770522, 22.52870705156892583, -3.000000000000002665 ) ) ;
#2265 = EDGE_CURVE ( 'NONE', #1964, #2442, #2114, .T. ) ;
#2266 = VERTEX_POINT ( 'NONE', #1271 ) ;
#2267 = ADVANCED_FACE ( 'NONE', ( #1285 ), #2186, .F. ) ;
#2268 = DIRECTION ( 'NONE',  ( 1.000000000000000000, 0.000000000000000000, 0.000000000000000000 ) ) ;
#2269 = EDGE_CURVE ( 'NONE', #711, #1298, #2024, .T. ) ;
#2270 = CARTESIAN_POINT ( 'NONE',  ( 15.78503777425770060, 22.52870705156892583, -2.500000000000000000 ) ) ;
#2271 = VECTOR ( 'NONE', #268, 1000.000000000000000 ) ;
#2272 = DIRECTION ( 'NONE',  ( -0.000000000000000000, -0.000000000000000000, -1.000000000000000000 ) ) ;
#2273 = CARTESIAN_POINT ( 'NONE',  ( 17.41371743069809597, -26.97129294843108838, -2.500000000000000000 ) ) ;
#2274 = VERTEX_POINT ( 'NONE', #510 ) ;
#2275 = DIRECTION ( 'NONE',  ( -1.156482317317871971E-16, 1.000000000000000000, 0.000000000000000000 ) ) ;
#2276 = CARTESIAN_POINT ( 'NONE',  ( -17.96496222574226564, 18.77870705156889031, -2.378679656440365608 ) ) ;
#2277 = FACE_OUTER_BOUND ( 'NONE', #844, .T. ) ;
#2278 = CARTESIAN_POINT ( 'NONE',  ( -17.96496222574226564, 30.02870705156890097, 3.292323440001584611 ) ) ;
#2279 = VECTOR ( 'NONE', #2359, 1000.000000000000000 ) ;
#2280 = ORIENTED_EDGE ( 'NONE', *, *, #2731, .T. ) ;
#2281 = CARTESIAN_POINT ( 'NONE',  ( -10.88296222574226668, 25.68270705156890443, 0.000000000000000000 ) ) ;
#2282 = ORIENTED_EDGE ( 'NONE', *, *, #86, .T. ) ;
#2283 = ADVANCED_FACE ( 'NONE', ( #2238 ), #92, .T. ) ;
#2284 = CYLINDRICAL_SURFACE ( 'NONE', #2251, 2.749999999999995559 ) ;
#2285 = CARTESIAN_POINT ( 'NONE',  ( 17.53503777425773791, -26.97129294843108482, -2.378679656440365164 ) ) ;
#2286 = EDGE_CURVE ( 'NONE', #1934, #780, #1973, .T. ) ;
#2287 =( NAMED_UNIT ( * ) PLANE_ANGLE_UNIT ( ) SI_UNIT ( $, .RADIAN. ) );
#2288 = DIRECTION ( 'NONE',  ( -0.000000000000000000, -0.000000000000000000, -1.000000000000000000 ) ) ;
#2289 = CARTESIAN_POINT ( 'NONE',  ( 15.78503777425773613, -22.47129294843107417, 3.292323440001584611 ) ) ;
#2290 = VERTEX_POINT ( 'NONE', #773 ) ;
#2291 = CARTESIAN_POINT ( 'NONE',  ( -13.07961036450346448, -25.62529294843109184, 0.000000000000000000 ) ) ;
#2292 = DIRECTION ( 'NONE',  ( -1.000000000000000000, 0.000000000000000000, -0.000000000000000000 ) ) ;
#2293 = FACE_OUTER_BOUND ( 'NONE', #2526, .T. ) ;
#2294 = CARTESIAN_POINT ( 'NONE',  ( -16.46496222574226920, 27.02870705156890097, -2.939339828220178141 ) ) ;
#2295 = AXIS2_PLACEMENT_3D ( 'NONE', #1868, #889, #649 ) ;
#2296 = VECTOR ( 'NONE', #1600, 1000.000000000000000 ) ;
#2297 = ORIENTED_EDGE ( 'NONE', *, *, #1179, .T. ) ;
#2298 = DIRECTION ( 'NONE',  ( 1.000000000000000000, 0.000000000000000000, 0.000000000000000000 ) ) ;
#2299 = AXIS2_PLACEMENT_3D ( 'NONE', #1073, #601, #2035 ) ;
#2300 = CIRCLE ( 'NONE', #1361, 2.196648138761197799 ) ;
#2301 = EDGE_CURVE ( 'NONE', #84, #532, #768, .T. ) ;
#2302 = DIRECTION ( 'NONE',  ( 0.000000000000000000, 0.000000000000000000, 1.000000000000000000 ) ) ;
#2303 = CARTESIAN_POINT ( 'NONE',  ( -19.46496222574226209, -26.97129294843108838, -3.000000000000006217 ) ) ;
#2304 = ORIENTED_EDGE ( 'NONE', *, *, #2305, .T. ) ;
#2305 = EDGE_CURVE ( 'NONE', #606, #1238, #2988, .T. ) ;
#2306 = CARTESIAN_POINT ( 'NONE',  ( 17.41371743069809597, 30.02870705156891162, -2.500000000000000000 ) ) ;
#2307 =( NAMED_UNIT ( * ) SI_UNIT ( $, .STERADIAN. ) SOLID_ANGLE_UNIT ( ) );
#2308 = CIRCLE ( 'NONE', #2352, 0.9499999999999995115 ) ;
#2309 = FACE_OUTER_BOUND ( 'NONE', #336, .T. ) ;
#2310 = ADVANCED_FACE ( 'NONE', ( #533 ), #1776, .F. ) ;
#2311 = LINE ( 'NONE', #2072, #280 ) ;
#2312 = EDGE_CURVE ( 'NONE', #2717, #962, #386, .T. ) ;
#2313 = AXIS2_PLACEMENT_3D ( 'NONE', #203, #1409, #2583 ) ;
#2314 = DIRECTION ( 'NONE',  ( 1.000000000000000000, 0.000000000000000000, -0.000000000000000000 ) ) ;
#2315 = DIRECTION ( 'NONE',  ( -2.409338161078898687E-16, 0.000000000000000000, 1.000000000000000000 ) ) ;
#2316 = DIRECTION ( 'NONE',  ( 1.000000000000000000, 2.703465157366452467E-16, -0.000000000000000000 ) ) ;
#2317 = ORIENTED_EDGE ( 'NONE', *, *, #1388, .T. ) ;
#2318 = CARTESIAN_POINT ( 'NONE',  ( -16.21496222574229762, 22.52870705156889031, -3.000000000000002665 ) ) ;
#2319 = CARTESIAN_POINT ( 'NONE',  ( 16.03503777425773791, -29.97129294843108838, -4.000000000000000000 ) ) ;
#2320 = VERTEX_POINT ( 'NONE', #617 ) ;
#2321 = EDGE_CURVE ( 'NONE', #852, #1371, #2328, .T. ) ;
#2322 =( LENGTH_UNIT ( ) NAMED_UNIT ( * ) SI_UNIT ( .MILLI., .METRE. ) );
#2323 = ADVANCED_FACE ( 'NONE', ( #2797 ), #1584, .F. ) ;
#2324 = CARTESIAN_POINT ( 'NONE',  ( -16.96496222574225854, -19.72129294843107417, 3.292323440001584611 ) ) ;
#2325 = DIRECTION ( 'NONE',  ( -0.000000000000000000, -0.000000000000000000, -1.000000000000000000 ) ) ;
#2326 = CIRCLE ( 'NONE', #2933, 0.9499999999999995115 ) ;
#2327 = ORIENTED_EDGE ( 'NONE', *, *, #2687, .T. ) ;
#2328 = LINE ( 'NONE', #874, #2217 ) ;
#2329 = DIRECTION ( 'NONE',  ( -0.000000000000000000, -0.000000000000000000, -1.000000000000000000 ) ) ;
#2330 = VERTEX_POINT ( 'NONE', #1076 ) ;
#2331 = DIRECTION ( 'NONE',  ( 0.000000000000000000, 0.000000000000000000, 1.000000000000000000 ) ) ;
#2332 = CARTESIAN_POINT ( 'NONE',  ( 0.000000000000000000, 0.000000000000000000, -2.500000000000000000 ) ) ;
#2333 = ORIENTED_EDGE ( 'NONE', *, *, #1142, .T. ) ;
#2334 = ORIENTED_EDGE ( 'NONE', *, *, #2483, .T. ) ;
#2335 = CARTESIAN_POINT ( 'NONE',  ( -17.96496222574226564, 30.02870705156890097, 3.292323440001584611 ) ) ;
#2336 = EDGE_CURVE ( 'NONE', #2026, #751, #2620, .T. ) ;
#2337 = CIRCLE ( 'NONE', #2803, 2.749999999999995559 ) ;
#2338 = LINE ( 'NONE', #1389, #1713 ) ;
#2339 = CARTESIAN_POINT ( 'NONE',  ( -19.46496222574226920, 27.02870705156890097, -3.000000000000006217 ) ) ;
#2340 = DIRECTION ( 'NONE',  ( 0.000000000000000000, 0.000000000000000000, 1.000000000000000000 ) ) ;
#2341 = DIRECTION ( 'NONE',  ( 1.000000000000000000, 2.703465157366452467E-16, 0.000000000000000000 ) ) ;
#2342 = ORIENTED_EDGE ( 'NONE', *, *, #1288, .F. ) ;
#2343 = CIRCLE ( 'NONE', #473, 2.196648138761197799 ) ;
#2344 = DIRECTION ( 'NONE',  ( 1.000000000000000000, 0.000000000000000000, 0.000000000000000000 ) ) ;
#2345 = AXIS2_PLACEMENT_3D ( 'NONE', #1819, #2857, #2779 ) ;
#2346 = VECTOR ( 'NONE', #2122, 1000.000000000000000 ) ;
#2347 = CARTESIAN_POINT ( 'NONE',  ( -17.96496222574226564, 30.02870705156890097, -4.000000000000000000 ) ) ;
#2348 = EDGE_LOOP ( 'NONE', ( #1775, #2698 ) ) ;
#2349 = VERTEX_POINT ( 'NONE', #177 ) ;
#2350 = FACE_BOUND ( 'NONE', #2348, .T. ) ;
#2351 = DIRECTION ( 'NONE',  ( -1.000000000000000000, -1.889896820699131511E-15, 0.000000000000000000 ) ) ;
#2352 = AXIS2_PLACEMENT_3D ( 'NONE', #1386, #1157, #1137 ) ;
#2353 = ORIENTED_EDGE ( 'NONE', *, *, #1579, .F. ) ;
#2354 = ADVANCED_FACE ( 'NONE', ( #153 ), #2090, .F. ) ;
#2355 = CIRCLE ( 'NONE', #2103, 1.000000000000000888 ) ;
#2356 = CARTESIAN_POINT ( 'NONE',  ( 18.03503777425774857, -26.97129294843108482, -4.000000000000000000 ) ) ;
#2357 = ADVANCED_FACE ( 'NONE', ( #842, #3063 ), #2054, .F. ) ;
#2358 =( BOUNDED_CURVE ( )  B_SPLINE_CURVE ( 3, ( #699, #685, #461, #1876 ),
 .UNSPECIFIED., .F., .F. ) 
 B_SPLINE_CURVE_WITH_KNOTS ( ( 4, 4 ),
 ( 0.000000000000000000, 0.4977068327427357497 ),
 .UNSPECIFIED. ) 
 CURVE ( )  GEOMETRIC_REPRESENTATION_ITEM ( )  RATIONAL_B_SPLINE_CURVE ( ( 1.000000000000000000, 0.9794636360570641020, 0.9794636360570641020, 1.000000000000000000 ) ) 
 REPRESENTATION_ITEM ( '' )  );
#2359 = DIRECTION ( 'NONE',  ( 1.734723475976807341E-16, -1.000000000000000000, 0.000000000000000000 ) ) ;
#2360 = DIRECTION ( 'NONE',  ( -1.000000000000000000, 0.000000000000000000, 0.000000000000000000 ) ) ;
#2361 = EDGE_LOOP ( 'NONE', ( #974, #152 ) ) ;
#2362 = DIRECTION ( 'NONE',  ( 1.000000000000000000, 0.000000000000000000, 0.000000000000000000 ) ) ;
#2363 = CARTESIAN_POINT ( 'NONE',  ( 16.53503777425774501, -25.22129294843106706, 3.292323440001584611 ) ) ;
#2364 = ORIENTED_EDGE ( 'NONE', *, *, #2457, .F. ) ;
#2365 = EDGE_LOOP ( 'NONE', ( #286, #3107, #2428, #1988 ) ) ;
#2366 = AXIS2_PLACEMENT_3D ( 'NONE', #797, #607, #2960 ) ;
#2367 = DIRECTION ( 'NONE',  ( 0.000000000000000000, -0.000000000000000000, -1.000000000000000000 ) ) ;
#2368 = DIRECTION ( 'NONE',  ( 0.000000000000000000, 0.000000000000000000, -1.000000000000000000 ) ) ;
#2369 = CIRCLE ( 'NONE', #2418, 0.9499999999999995115 ) ;
#2370 = ORIENTED_EDGE ( 'NONE', *, *, #2123, .T. ) ;
#2371 = EDGE_CURVE ( 'NONE', #1371, #2465, #1128, .T. ) ;
#2372 = DIRECTION ( 'NONE',  ( -1.000000000000000000, 0.000000000000000000, 0.000000000000000000 ) ) ;
#2373 = EDGE_CURVE ( 'NONE', #801, #1934, #1873, .T. ) ;
#2374 = DIRECTION ( 'NONE',  ( -0.000000000000000000, -0.000000000000000000, -1.000000000000000000 ) ) ;
#2375 = DIRECTION ( 'NONE',  ( 0.000000000000000000, 0.000000000000000000, -1.000000000000000000 ) ) ;
#2376 = EDGE_LOOP ( 'NONE', ( #26, #821, #2493, #13 ) ) ;
#2377 = CARTESIAN_POINT ( 'NONE',  ( -16.21496222574229051, -19.72129294843107417, -2.500000000000000000 ) ) ;
#2378 = DIRECTION ( 'NONE',  ( -1.000000000000000000, 0.000000000000000000, 0.000000000000000000 ) ) ;
#2379 = EDGE_LOOP ( 'NONE', ( #277, #670, #1777, #61 ) ) ;
#2380 = VERTEX_POINT ( 'NONE', #2783 ) ;
#2381 = CARTESIAN_POINT ( 'NONE',  ( 15.78503777425770060, 22.52870705156892583, -4.002000000000000668 ) ) ;
#2382 = CARTESIAN_POINT ( 'NONE',  ( -10.88296222574226668, 25.68270705156890443, -2.500000000000000000 ) ) ;
#2383 = AXIS2_PLACEMENT_3D ( 'NONE', #445, #1633, #1429 ) ;
#2384 = CIRCLE ( 'NONE', #2295, 0.9499999999999995115 ) ;
#2385 = DIRECTION ( 'NONE',  ( 0.000000000000000000, -0.000000000000000000, -1.000000000000000000 ) ) ;
#2386 = FACE_OUTER_BOUND ( 'NONE', #1534, .T. ) ;
#2387 = DIRECTION ( 'NONE',  ( 1.000000000000000000, 0.000000000000000000, 0.000000000000000000 ) ) ;
#2388 = ORIENTED_EDGE ( 'NONE', *, *, #276, .F. ) ;
#2389 = VECTOR ( 'NONE', #1459, 1000.000000000000000 ) ;
#2390 = EDGE_CURVE ( 'NONE', #2263, #104, #499, .T. ) ;
#2391 = VECTOR ( 'NONE', #883, 1000.000000000000000 ) ;
#2392 = CARTESIAN_POINT ( 'NONE',  ( 16.03503777425773791, -29.97129294843108838, -3.000000000000006217 ) ) ;
#2393 = ORIENTED_EDGE ( 'NONE', *, *, #2666, .T. ) ;
#2394 = ORIENTED_EDGE ( 'NONE', *, *, #1299, .F. ) ;
#2395 = CYLINDRICAL_SURFACE ( 'NONE', #1378, 2.749999999999995559 ) ;
#2396 =( BOUNDED_CURVE ( )  B_SPLINE_CURVE ( 3, ( #2575, #2070, #662, #2045 ),
 .UNSPECIFIED., .F., .F. ) 
 B_SPLINE_CURVE_WITH_KNOTS ( ( 4, 4 ),
 ( 0.000000000000000000, 0.4977068327427405792 ),
 .UNSPECIFIED. ) 
 CURVE ( )  GEOMETRIC_REPRESENTATION_ITEM ( )  RATIONAL_B_SPLINE_CURVE ( ( 1.000000000000000000, 0.9794636360570636580, 0.9794636360570636580, 1.000000000000000000 ) ) 
 REPRESENTATION_ITEM ( '' )  );
#2397 = CARTESIAN_POINT ( 'NONE',  ( 12.64968591301893142, 25.68270705156890443, -2.500000000000000000 ) ) ;
#2398 = VECTOR ( 'NONE', #2230, 1000.000000000000114 ) ;
#2399 = AXIS2_PLACEMENT_3D ( 'NONE', #862, #2534, #1526 ) ;
#2400 = ADVANCED_FACE ( 'NONE', ( #1571 ), #2066, .F. ) ;
#2401 = ORIENTED_EDGE ( 'NONE', *, *, #522, .T. ) ;
#2402 = EDGE_CURVE ( 'NONE', #2613, #69, #408, .T. ) ;
#2403 = AXIS2_PLACEMENT_3D ( 'NONE', #15, #2208, #557 ) ;
#2404 = CIRCLE ( 'NONE', #242, 2.196648138761197799 ) ;
#2405 = CARTESIAN_POINT ( 'NONE',  ( -8.686314086981068883, 25.68270705156890443, 0.000000000000000000 ) ) ;
#2406 = CARTESIAN_POINT ( 'NONE',  ( -16.46496222574226920, 29.02870705156890452, -4.000000000000000000 ) ) ;
#2407 = CARTESIAN_POINT ( 'NONE',  ( -19.46496222574226209, -28.47129294843108482, -4.000000000000000000 ) ) ;
#2408 = ORIENTED_EDGE ( 'NONE', *, *, #2139, .F. ) ;
#2409 = ORIENTED_EDGE ( 'NONE', *, *, #238, .T. ) ;
#2410 = CARTESIAN_POINT ( 'NONE',  ( 15.78503777425770060, 22.52870705156892583, -3.000000000000002665 ) ) ;
#2411 = VERTEX_POINT ( 'NONE', #3038 ) ;
#2412 = EDGE_CURVE ( 'NONE', #504, #490, #1609, .T. ) ;
#2413 = CARTESIAN_POINT ( 'NONE',  ( -10.88296222574226668, 25.68270705156890443, -2.500000000000000000 ) ) ;
#2414 = CARTESIAN_POINT ( 'NONE',  ( -16.46496222574226209, -29.97129294843108838, -4.000000000000000000 ) ) ;
#2415 = LINE ( 'NONE', #2227, #1139 ) ;
#2416 = ORIENTED_EDGE ( 'NONE', *, *, #848, .T. ) ;
#2417 = DIRECTION ( 'NONE',  ( 0.000000000000000000, 0.000000000000000000, 1.000000000000000000 ) ) ;
#2418 = AXIS2_PLACEMENT_3D ( 'NONE', #737, #1412, #2901 ) ;
#2419 = VERTEX_POINT ( 'NONE', #2544 ) ;
#2420 = CARTESIAN_POINT ( 'NONE',  ( 16.03503777425773436, 27.02870705156891162, -4.000000000000000000 ) ) ;
#2421 = VECTOR ( 'NONE', #2163, 1000.000000000000000 ) ;
#2422 = DIRECTION ( 'NONE',  ( -0.000000000000000000, -0.000000000000000000, -1.000000000000000000 ) ) ;
#2423 = ORIENTED_EDGE ( 'NONE', *, *, #503, .T. ) ;
#2424 = ADVANCED_BREP_SHAPE_REPRESENTATION ( 'Bottom_Enclosure', ( #1149, #672 ), #632 ) ;
#2425 = ORIENTED_EDGE ( 'NONE', *, *, #1008, .T. ) ;
#2426 = LINE ( 'NONE', #2204, #2271 ) ;
#2427 = ORIENTED_EDGE ( 'NONE', *, *, #1358, .F. ) ;
#2428 = ORIENTED_EDGE ( 'NONE', *, *, #1923, .T. ) ;
#2429 = CARTESIAN_POINT ( 'NONE',  ( -7.714959791634051989, -29.97129294843108838, -0.3076765599984150334 ) ) ;
#2430 = CARTESIAN_POINT ( 'NONE',  ( 16.03503777425773436, 27.02870705156891162, -4.000000000000000000 ) ) ;
#2431 = CARTESIAN_POINT ( 'NONE',  ( -19.46496222574226920, 28.52870705156889741, -2.378679656440367385 ) ) ;
#2432 = ORIENTED_EDGE ( 'NONE', *, *, #2041, .T. ) ;
#2433 = CARTESIAN_POINT ( 'NONE',  ( -17.96496222574226564, 18.77870705156889031, -2.378679656440365608 ) ) ;
#2434 = EDGE_CURVE ( 'NONE', #1322, #1719, #505, .T. ) ;
#2435 = ORIENTED_EDGE ( 'NONE', *, *, #1129, .F. ) ;
#2436 = DIRECTION ( 'NONE',  ( 0.000000000000000000, 0.000000000000000000, 1.000000000000000000 ) ) ;
#2437 = CIRCLE ( 'NONE', #2951, 2.196648138761197799 ) ;
#2438 = LINE ( 'NONE', #808, #2599 ) ;
#2439 = CARTESIAN_POINT ( 'NONE',  ( 16.53503777425773436, 18.77870705156889031, -4.002000000000000668 ) ) ;
#2440 = ORIENTED_EDGE ( 'NONE', *, *, #187, .T. ) ;
#2441 = ADVANCED_FACE ( 'NONE', ( #1821 ), #2079, .F. ) ;
#2442 = VERTEX_POINT ( 'NONE', #2558 ) ;
#2443 = DIRECTION ( 'NONE',  ( -0.000000000000000000, -0.000000000000000000, 1.000000000000000000 ) ) ;
#2444 = VECTOR ( 'NONE', #613, 1000.000000000000000 ) ;
#2445 = ORIENTED_EDGE ( 'NONE', *, *, #2593, .F. ) ;
#2446 = VERTEX_POINT ( 'NONE', #3050 ) ;
#2447 = CARTESIAN_POINT ( 'NONE',  ( -16.96496222574225854, -26.22129294843106706, 3.292323440001584611 ) ) ;
#2448 = FACE_OUTER_BOUND ( 'NONE', #2184, .T. ) ;
#2449 = DIRECTION ( 'NONE',  ( -0.000000000000000000, -0.000000000000000000, -1.000000000000000000 ) ) ;
#2450 = AXIS2_PLACEMENT_3D ( 'NONE', #742, #1259, #1275 ) ;
#2451 = CARTESIAN_POINT ( 'NONE',  ( 16.03503777425773791, -26.97129294843108838, -4.000000000000000000 ) ) ;
#2452 = CIRCLE ( 'NONE', #101, 1.500000000000001332 ) ;
#2453 = VECTOR ( 'NONE', #430, 1000.000000000000114 ) ;
#2454 = EDGE_LOOP ( 'NONE', ( #2737, #2280, #1823, #196 ) ) ;
#2455 = CARTESIAN_POINT ( 'NONE',  ( 8.256389635496537593, -25.62529294843109540, 0.000000000000000000 ) ) ;
#2456 = VERTEX_POINT ( 'NONE', #886 ) ;
#2457 = EDGE_CURVE ( 'NONE', #2046, #2456, #1407, .T. ) ;
#2458 = DIRECTION ( 'NONE',  ( 0.000000000000000000, 0.000000000000000000, 1.000000000000000000 ) ) ;
#2459 = VECTOR ( 'NONE', #2843, 1000.000000000000000 ) ;
#2460 = DIRECTION ( 'NONE',  ( -0.000000000000000000, -0.000000000000000000, -1.000000000000000000 ) ) ;
#2461 = CARTESIAN_POINT ( 'NONE',  ( -10.88296222574226668, -25.62529294843109184, 0.000000000000000000 ) ) ;
#2462 = EDGE_LOOP ( 'NONE', ( #738, #1332, #1092, #861, #2954 ) ) ;
#2463 = EDGE_CURVE ( 'NONE', #2290, #311, #911, .T. ) ;
#2464 = CIRCLE ( 'NONE', #4, 0.9500000000000029532 ) ;
#2465 = VERTEX_POINT ( 'NONE', #2406 ) ;
#2466 = DIRECTION ( 'NONE',  ( 0.000000000000000000, -0.7071067811865474617, 0.7071067811865474617 ) ) ;
#2467 = ORIENTED_EDGE ( 'NONE', *, *, #2927, .F. ) ;
#2468 = ORIENTED_EDGE ( 'NONE', *, *, #1335, .T. ) ;
#2469 = DIRECTION ( 'NONE',  ( 0.000000000000000000, 1.000000000000000000, -0.000000000000000000 ) ) ;
#2470 = CARTESIAN_POINT ( 'NONE',  ( 9.503037774257734327, -25.62529294843109540, -2.500000000000000000 ) ) ;
#2471 = EDGE_CURVE ( 'NONE', #751, #1354, #2105, .T. ) ;
#2472 = CARTESIAN_POINT ( 'NONE',  ( -16.21496222574229407, 19.77870705156889031, 3.292323440001584611 ) ) ;
#2473 = CYLINDRICAL_SURFACE ( 'NONE', #1854, 1.000000000000000888 ) ;
#2474 = ORIENTED_EDGE ( 'NONE', *, *, #2858, .F. ) ;
#2475 = CARTESIAN_POINT ( 'NONE',  ( -10.88296222574226668, 25.68270705156890443, -2.500000000000000000 ) ) ;
#2476 = ORIENTED_EDGE ( 'NONE', *, *, #1841, .T. ) ;
#2477 = DIRECTION ( 'NONE',  ( 0.000000000000000000, 0.000000000000000000, 1.000000000000000000 ) ) ;
#2478 = VECTOR ( 'NONE', #1669, 1000.000000000000000 ) ;
#2479 = DIRECTION ( 'NONE',  ( -1.000000000000000000, 0.000000000000000000, 0.000000000000000000 ) ) ;
#2480 = PLANE ( 'NONE',  #1301 ) ;
#2481 = EDGE_LOOP ( 'NONE', ( #2510, #512, #95, #125 ) ) ;
#2482 = PLANE ( 'NONE',  #2001 ) ;
#2483 = EDGE_CURVE ( 'NONE', #1219, #1156, #668, .T. ) ;
#2484 = AXIS2_PLACEMENT_3D ( 'NONE', #924, #3100, #655 ) ;
#2485 = EDGE_LOOP ( 'NONE', ( #304, #555, #1135, #3108 ) ) ;
#2486 = LINE ( 'NONE', #2500, #407 ) ;
#2487 = ORIENTED_EDGE ( 'NONE', *, *, #588, .F. ) ;
#2488 = ORIENTED_EDGE ( 'NONE', *, *, #2373, .T. ) ;
#2489 = DIRECTION ( 'NONE',  ( 1.000000000000000000, 0.000000000000000000, 0.000000000000000000 ) ) ;
#2490 = DIRECTION ( 'NONE',  ( 1.000000000000000000, 0.000000000000000000, 0.000000000000000000 ) ) ;
#2491 = CARTESIAN_POINT ( 'NONE',  ( -19.46496222574226209, -26.97129294843108838, -3.000000000000006217 ) ) ;
#2492 = DIRECTION ( 'NONE',  ( 1.000000000000000000, 1.889896820699138217E-15, 0.000000000000000000 ) ) ;
#2493 = ORIENTED_EDGE ( 'NONE', *, *, #2926, .F. ) ;
#2494 = CARTESIAN_POINT ( 'NONE',  ( 16.03503777425773436, 27.02870705156891162, -4.000000000000000000 ) ) ;
#2495 = EDGE_CURVE ( 'NONE', #1085, #2056, #1390, .T. ) ;
#2496 = ORIENTED_EDGE ( 'NONE', *, *, #2434, .T. ) ;
#2497 = LINE ( 'NONE', #1550, #2140 ) ;
#2498 = DIRECTION ( 'NONE',  ( 1.000000000000000000, 0.000000000000000000, 0.000000000000000000 ) ) ;
#2499 = CARTESIAN_POINT ( 'NONE',  ( 12.64968591301893142, -25.62529294843109540, 0.000000000000000000 ) ) ;
#2500 = CARTESIAN_POINT ( 'NONE',  ( -16.46496222574226209, -28.97129294843109193, -4.000000000000000000 ) ) ;
#2501 = ORIENTED_EDGE ( 'NONE', *, *, #2390, .F. ) ;
#2502 = VERTEX_POINT ( 'NONE', #1665 ) ;
#2503 = CARTESIAN_POINT ( 'NONE',  ( -16.46496222574226920, 30.02870705156890097, 3.292323440001584611 ) ) ;
#2504 = DIRECTION ( 'NONE',  ( 0.000000000000000000, 0.000000000000000000, 1.000000000000000000 ) ) ;
#2505 = DIRECTION ( 'NONE',  ( 1.734723475976807094E-16, -1.000000000000000000, 0.000000000000000000 ) ) ;
#2506 = ORIENTED_EDGE ( 'NONE', *, *, #256, .T. ) ;
#2507 = CARTESIAN_POINT ( 'NONE',  ( 14.83503777425769599, 22.52870705156892583, 3.292323440001584611 ) ) ;
#2508 = EDGE_CURVE ( 'NONE', #2616, #260, #1634, .T. ) ;
#2509 = CIRCLE ( 'NONE', #2512, 2.196648138761197799 ) ;
#2510 = ORIENTED_EDGE ( 'NONE', *, *, #2211, .T. ) ;
#2511 = VECTOR ( 'NONE', #1501, 1000.000000000000000 ) ;
#2512 = AXIS2_PLACEMENT_3D ( 'NONE', #2688, #1066, #2999 ) ;
#2513 = LINE ( 'NONE', #1057, #563 ) ;
#2514 = CARTESIAN_POINT ( 'NONE',  ( 15.78503777425770060, 22.52870705156892583, -3.000000000000002665 ) ) ;
#2515 = CONICAL_SURFACE ( 'NONE', #1144, 0.9393398282201842475, 0.7853981633974488341 ) ;
#2516 = DIRECTION ( 'NONE',  ( 0.000000000000000000, -0.7071067811865474617, -0.7071067811865474617 ) ) ;
#2517 = DIRECTION ( 'NONE',  ( -1.734723475976806848E-16, 1.000000000000000000, 1.232595164407830946E-32 ) ) ;
#2518 = ORIENTED_EDGE ( 'NONE', *, *, #1756, .T. ) ;
#2519 = DIRECTION ( 'NONE',  ( -0.000000000000000000, -0.000000000000000000, -1.000000000000000000 ) ) ;
#2520 = DIRECTION ( 'NONE',  ( 0.000000000000000000, 0.000000000000000000, -1.000000000000000000 ) ) ;
#2521 = VECTOR ( 'NONE', #3039, 1000.000000000000000 ) ;
#2522 = EDGE_CURVE ( 'NONE', #2539, #1322, #1622, .T. ) ;
#2523 = ORIENTED_EDGE ( 'NONE', *, *, #2778, .T. ) ;
#2524 = DIRECTION ( 'NONE',  ( 1.000000000000000000, 1.889896820699131511E-15, 0.000000000000000000 ) ) ;
#2525 = EDGE_CURVE ( 'NONE', #725, #2931, #707, .T. ) ;
#2526 = EDGE_LOOP ( 'NONE', ( #1798, #963, #1003, #155 ) ) ;
#2527 = DIRECTION ( 'NONE',  ( 0.000000000000000000, 0.000000000000000000, 1.000000000000000000 ) ) ;
#2528 = AXIS2_PLACEMENT_3D ( 'NONE', #2995, #556, #846 ) ;
#2529 = AXIS2_PLACEMENT_3D ( 'NONE', #1435, #422, #961 ) ;
#2530 = VERTEX_POINT ( 'NONE', #2881 ) ;
#2531 = DIRECTION ( 'NONE',  ( -1.734723475976807094E-16, 1.000000000000000000, 0.000000000000000000 ) ) ;
#2532 = LINE ( 'NONE', #1077, #199 ) ;
#2533 = VERTEX_POINT ( 'NONE', #957 ) ;
#2534 = DIRECTION ( 'NONE',  ( 0.000000000000000000, -1.000000000000000000, 0.000000000000000000 ) ) ;
#2535 = DIRECTION ( 'NONE',  ( -1.000000000000000000, 0.000000000000000000, 0.000000000000000000 ) ) ;
#2536 = DIRECTION ( 'NONE',  ( 1.000000000000000000, 0.000000000000000000, 0.000000000000000000 ) ) ;
#2537 = DIRECTION ( 'NONE',  ( 1.000000000000000000, 0.000000000000000000, 0.000000000000000000 ) ) ;
#2538 = VECTOR ( 'NONE', #1890, 1000.000000000000114 ) ;
#2539 = VERTEX_POINT ( 'NONE', #939 ) ;
#2540 = CARTESIAN_POINT ( 'NONE',  ( -13.07961036450346448, 25.68270705156890443, 0.000000000000000000 ) ) ;
#2541 = EDGE_CURVE ( 'NONE', #104, #2263, #2326, .T. ) ;
#2542 = DIRECTION ( 'NONE',  ( 1.000000000000000000, 0.000000000000000000, 0.000000000000000000 ) ) ;
#2543 = CARTESIAN_POINT ( 'NONE',  ( -16.21496222574226564, -22.47129294843110969, 3.292323440001584611 ) ) ;
#2544 = CARTESIAN_POINT ( 'NONE',  ( 11.40303777425773468, -25.62529294843109540, 0.000000000000000000 ) ) ;
#2545 = CARTESIAN_POINT ( 'NONE',  ( 10.45303777425773362, 25.68270705156890443, -2.500000000000000000 ) ) ;
#2546 = ORIENTED_EDGE ( 'NONE', *, *, #2829, .F. ) ;
#2547 = DIRECTION ( 'NONE',  ( 0.000000000000000000, 1.000000000000000000, 0.000000000000000000 ) ) ;
#2548 = LINE ( 'NONE', #1815, #2252 ) ;
#2549 = CARTESIAN_POINT ( 'NONE',  ( -16.21496222574229762, 25.27870705156888320, -4.002000000000000668 ) ) ;
#2550 = AXIS2_PLACEMENT_3D ( 'NONE', #2564, #378, #2298 ) ;
#2551 = CARTESIAN_POINT ( 'NONE',  ( -19.46496222574226920, 30.02870705156890097, -3.000000000000006217 ) ) ;
#2552 = VECTOR ( 'NONE', #1159, 1000.000000000000114 ) ;
#2553 = AXIS2_PLACEMENT_3D ( 'NONE', #1048, #2504, #1095 ) ;
#2554 = ADVANCED_FACE ( 'NONE', ( #3087 ), #2117, .T. ) ;
#2555 = CARTESIAN_POINT ( 'NONE',  ( 19.03503777425773791, 30.03870705156891319, 3.292323440001584611 ) ) ;
#2556 = AXIS2_PLACEMENT_3D ( 'NONE', #1984, #2950, #1751 ) ;
#2557 = LINE ( 'NONE', #2065, #1446 ) ;
#2558 = CARTESIAN_POINT ( 'NONE',  ( -17.96496222574225854, -18.72129294843107417, 3.292323440001584611 ) ) ;
#2559 = DIRECTION ( 'NONE',  ( -0.000000000000000000, -0.000000000000000000, -1.000000000000000000 ) ) ;
#2560 = ORIENTED_EDGE ( 'NONE', *, *, #80, .T. ) ;
#2561 = AXIS2_PLACEMENT_3D ( 'NONE', #2872, #2667, #1224 ) ;
#2562 = CIRCLE ( 'NONE', #1201, 2.196648138761197799 ) ;
#2563 = CARTESIAN_POINT ( 'NONE',  ( 19.03503777425773080, 27.02870705156891162, 3.292323440001584611 ) ) ;
#2564 = CARTESIAN_POINT ( 'NONE',  ( -16.46496222574226920, 27.02870705156890097, -4.000000000000000000 ) ) ;
#2565 = CIRCLE ( 'NONE', #2063, 1.000000000000000888 ) ;
#2566 = AXIS2_PLACEMENT_3D ( 'NONE', #2850, #192, #419 ) ;
#2567 = DIRECTION ( 'NONE',  ( 0.000000000000000000, -0.000000000000000000, -1.000000000000000000 ) ) ;
#2568 = CARTESIAN_POINT ( 'NONE',  ( -17.84364188218263436, 25.80129521535424075, -2.500000000000000000 ) ) ;
#2569 = DIRECTION ( 'NONE',  ( 0.000000000000000000, 0.000000000000000000, 1.000000000000000000 ) ) ;
#2570 = DIRECTION ( 'NONE',  ( -0.000000000000000000, 0.000000000000000000, 1.000000000000000000 ) ) ;
#2571 = VERTEX_POINT ( 'NONE', #2849 ) ;
#2572 = LINE ( 'NONE', #412, #3006 ) ;
#2573 = EDGE_CURVE ( 'NONE', #2628, #2411, #965, .T. ) ;
#2574 = VECTOR ( 'NONE', #994, 1000.000000000000000 ) ;
#2575 = CARTESIAN_POINT ( 'NONE',  ( -17.96496222574226564, 26.27870705156888320, -2.378679656440365608 ) ) ;
#2576 = ORIENTED_EDGE ( 'NONE', *, *, #2265, .T. ) ;
#2577 = VERTEX_POINT ( 'NONE', #2165 ) ;
#2578 = DIRECTION ( 'NONE',  ( 0.000000000000000000, -0.000000000000000000, -1.000000000000000000 ) ) ;
#2579 = VECTOR ( 'NONE', #315, 1000.000000000000000 ) ;
#2580 = AXIS2_PLACEMENT_3D ( 'NONE', #1762, #2519, #2754 ) ;
#2581 = CARTESIAN_POINT ( 'NONE',  ( 16.03503777425773436, 27.02870705156891162, -2.939339828220178141 ) ) ;
#2582 = DIRECTION ( 'NONE',  ( 0.000000000000000000, 0.000000000000000000, 1.000000000000000000 ) ) ;
#2583 = DIRECTION ( 'NONE',  ( 1.734723475976807094E-16, -1.000000000000000000, 0.000000000000000000 ) ) ;
#2584 = ORIENTED_EDGE ( 'NONE', *, *, #848, .F. ) ;
#2585 = DIRECTION ( 'NONE',  ( -1.000000000000000000, 0.000000000000000000, 0.000000000000000000 ) ) ;
#2586 = UNCERTAINTY_MEASURE_WITH_UNIT (LENGTH_MEASURE( 1.000000000000000082E-05 ), #2322, 'distance_accuracy_value', 'NONE');
#2587 = DIRECTION ( 'NONE',  ( 0.000000000000000000, 0.000000000000000000, 1.000000000000000000 ) ) ;
#2588 = ORIENTED_EDGE ( 'NONE', *, *, #503, .F. ) ;
#2589 = ORIENTED_EDGE ( 'NONE', *, *, #833, .F. ) ;
#2590 = EDGE_CURVE ( 'NONE', #1896, #2571, #2358, .T. ) ;
#2591 = FACE_OUTER_BOUND ( 'NONE', #3065, .T. ) ;
#2592 = VECTOR ( 'NONE', #180, 1000.000000000000000 ) ;
#2593 = EDGE_CURVE ( 'NONE', #2621, #1256, #2611, .T. ) ;
#2594 = CIRCLE ( 'NONE', #2701, 0.9499999999999995115 ) ;
#2595 = AXIS2_PLACEMENT_3D ( 'NONE', #2740, #1329, #2043 ) ;
#2596 = CARTESIAN_POINT ( 'NONE',  ( -17.96496222574226564, 30.02870705156890097, -2.378679656440365608 ) ) ;
#2597 = LINE ( 'NONE', #1623, #858 ) ;
#2598 = ORIENTED_EDGE ( 'NONE', *, *, #2987, .T. ) ;
#2599 = VECTOR ( 'NONE', #1463, 1000.000000000000000 ) ;
#2600 = CARTESIAN_POINT ( 'NONE',  ( 16.53503777425774501, -25.22129294843106706, -2.500000000000000000 ) ) ;
#2601 = FACE_BOUND ( 'NONE', #2119, .T. ) ;
#2602 = VERTEX_POINT ( 'NONE', #2130 ) ;
#2603 = VERTEX_POINT ( 'NONE', #899 ) ;
#2604 = DIRECTION ( 'NONE',  ( 1.000000000000000000, 0.000000000000000000, 0.000000000000000000 ) ) ;
#2605 = CARTESIAN_POINT ( 'NONE',  ( 16.53503777425773436, 18.77870705156889031, 3.292323440001584611 ) ) ;
#2606 = ADVANCED_FACE ( 'NONE', ( #2386 ), #230, .F. ) ;
#2607 = ORIENTED_EDGE ( 'NONE', *, *, #882, .T. ) ;
#2608 = ADVANCED_FACE ( 'NONE', ( #8 ), #1920, .T. ) ;
#2609 = AXIS2_PLACEMENT_3D ( 'NONE', #216, #2627, #450 ) ;
#2610 = DIRECTION ( 'NONE',  ( -0.000000000000000000, -0.000000000000000000, -1.000000000000000000 ) ) ;
#2611 = LINE ( 'NONE', #449, #2733 ) ;
#2612 = DIRECTION ( 'NONE',  ( -1.000000000000000000, 0.000000000000000000, 0.000000000000000000 ) ) ;
#2613 = VERTEX_POINT ( 'NONE', #432 ) ;
#2614 = SURFACE_SIDE_STYLE ('',( #2094 ) ) ;
#2615 = DIRECTION ( 'NONE',  ( -0.000000000000000000, -0.000000000000000000, 1.000000000000000000 ) ) ;
#2616 = VERTEX_POINT ( 'NONE', #2339 ) ;
#2617 = ORIENTED_EDGE ( 'NONE', *, *, #382, .F. ) ;
#2618 = CARTESIAN_POINT ( 'NONE',  ( 19.03503777425774146, -26.97129294843108482, 3.292323440001584611 ) ) ;
#2619 = DIRECTION ( 'NONE',  ( -0.000000000000000000, -0.000000000000000000, 1.000000000000000000 ) ) ;
#2620 = CIRCLE ( 'NONE', #2827, 1.500000000000001332 ) ;
#2621 = VERTEX_POINT ( 'NONE', #2568 ) ;
#2622 = DIRECTION ( 'NONE',  ( -0.000000000000000000, 0.000000000000000000, 1.000000000000000000 ) ) ;
#2623 = ADVANCED_FACE ( 'NONE', ( #1864 ), #383, .T. ) ;
#2624 = CARTESIAN_POINT ( 'NONE',  ( 17.53503777425773791, -18.72129294843107772, -2.378679656440367385 ) ) ;
#2625 = EDGE_CURVE ( 'NONE', #1007, #2577, #1196, .T. ) ;
#2626 = CARTESIAN_POINT ( 'NONE',  ( -16.21496222574229051, -25.22129294843106706, -2.500000000000000000 ) ) ;
#2627 = DIRECTION ( 'NONE',  ( -0.000000000000000000, -0.000000000000000000, -1.000000000000000000 ) ) ;
#2628 = VERTEX_POINT ( 'NONE', #213 ) ;
#2629 = ADVANCED_FACE ( 'NONE', ( #2675 ), #956, .T. ) ;
#2630 = CYLINDRICAL_SURFACE ( 'NONE', #2529, 1.500000000000001332 ) ;
#2631 = EDGE_LOOP ( 'NONE', ( #1213, #2523, #20, #562 ) ) ;
#2632 = ORIENTED_EDGE ( 'NONE', *, *, #352, .F. ) ;
#2633 = FACE_OUTER_BOUND ( 'NONE', #2699, .T. ) ;
#2634 = DIRECTION ( 'NONE',  ( 1.000000000000000000, 0.000000000000000000, 0.000000000000000000 ) ) ;
#2635 = EDGE_CURVE ( 'NONE', #2539, #1478, #3042, .T. ) ;
#2636 = DIRECTION ( 'NONE',  ( 0.000000000000000000, 0.000000000000000000, 1.000000000000000000 ) ) ;
#2637 = ORIENTED_EDGE ( 'NONE', *, *, #175, .F. ) ;
#2638 = EDGE_LOOP ( 'NONE', ( #443, #1731, #612, #3083 ) ) ;
#2639 = DIRECTION ( 'NONE',  ( 0.000000000000000000, 0.000000000000000000, -1.000000000000000000 ) ) ;
#2640 = ADVANCED_FACE ( 'NONE', ( #1215 ), #7, .T. ) ;
#2641 = DIRECTION ( 'NONE',  ( -1.000000000000000000, -1.889896820699131511E-15, 0.000000000000000000 ) ) ;
#2642 = DIRECTION ( 'NONE',  ( 1.156482317317871971E-16, -1.000000000000000000, 0.000000000000000000 ) ) ;
#2643 = VERTEX_POINT ( 'NONE', #279 ) ;
#2644 = VECTOR ( 'NONE', #2195, 1000.000000000000000 ) ;
#2645 = EDGE_CURVE ( 'NONE', #1671, #2826, #2991, .T. ) ;
#2646 = AXIS2_PLACEMENT_3D ( 'NONE', #847, #1587, #2029 ) ;
#2647 = DIRECTION ( 'NONE',  ( 1.000000000000000000, 0.000000000000000000, 0.000000000000000000 ) ) ;
#2648 = VERTEX_POINT ( 'NONE', #2405 ) ;
#2649 = VERTEX_POINT ( 'NONE', #698 ) ;
#2650 = DIRECTION ( 'NONE',  ( -1.000000000000000000, 0.000000000000000000, 0.000000000000000000 ) ) ;
#2651 = AXIS2_PLACEMENT_3D ( 'NONE', #1185, #2636, #241 ) ;
#2652 = CARTESIAN_POINT ( 'NONE',  ( 15.78503777425776988, 25.27870705156888320, 3.292323440001584611 ) ) ;
#2653 = CONICAL_SURFACE ( 'NONE', #2096, 0.9393398282201842475, 0.7853981633974488341 ) ;
#2654 = DIRECTION ( 'NONE',  ( -1.000000000000000000, -2.703465157366452467E-16, 1.743152798421053874E-32 ) ) ;
#2655 = EDGE_CURVE ( 'NONE', #876, #179, #1312, .T. ) ;
#2656 = EDGE_LOOP ( 'NONE', ( #1309, #2488, #2734, #913 ) ) ;
#2657 = LINE ( 'NONE', #2909, #2644 ) ;
#2658 = DIRECTION ( 'NONE',  ( -1.000000000000000000, 0.000000000000000000, 0.000000000000000000 ) ) ;
#2659 = DIRECTION ( 'NONE',  ( -1.000000000000000000, 0.000000000000000000, 0.000000000000000000 ) ) ;
#2660 = DIRECTION ( 'NONE',  ( 1.156482317317871971E-16, -1.000000000000000000, 0.000000000000000000 ) ) ;
#2661 = EDGE_LOOP ( 'NONE', ( #2883, #2304 ) ) ;
#2662 = ORIENTED_EDGE ( 'NONE', *, *, #2312, .F. ) ;
#2663 = DIRECTION ( 'NONE',  ( -0.000000000000000000, -0.000000000000000000, -1.000000000000000000 ) ) ;
#2664 = ORIENTED_EDGE ( 'NONE', *, *, #2412, .T. ) ;
#2665 = VERTEX_POINT ( 'NONE', #2893 ) ;
#2666 = EDGE_CURVE ( 'NONE', #1453, #311, #446, .T. ) ;
#2667 = DIRECTION ( 'NONE',  ( 0.000000000000000000, -0.000000000000000000, -1.000000000000000000 ) ) ;
#2668 = LINE ( 'NONE', #2652, #428 ) ;
#2669 = CARTESIAN_POINT ( 'NONE',  ( 7.285040208365947123, -11.83278339979662874, -0.3076765599984150334 ) ) ;
#2670 = ORIENTED_EDGE ( 'NONE', *, *, #1898, .F. ) ;
#2671 = CARTESIAN_POINT ( 'NONE',  ( -17.96496222574226564, 18.94634496323506667, -2.378679656440365608 ) ) ;
#2672 = VECTOR ( 'NONE', #454, 1000.000000000000000 ) ;
#2673 = VERTEX_POINT ( 'NONE', #728 ) ;
#2674 = ADVANCED_FACE ( 'NONE', ( #491 ), #1725, .T. ) ;
#2675 = FACE_OUTER_BOUND ( 'NONE', #2250, .T. ) ;
#2676 = AXIS2_PLACEMENT_3D ( 'NONE', #2972, #2527, #1535 ) ;
#2677 = DIRECTION ( 'NONE',  ( 1.204669080539449344E-16, 0.000000000000000000, -1.000000000000000000 ) ) ;
#2678 = CARTESIAN_POINT ( 'NONE',  ( 7.285040208365947123, -29.97129294843108838, 3.292323440001584611 ) ) ;
#2679 = ORIENTED_EDGE ( 'NONE', *, *, #1268, .F. ) ;
#2680 = VERTEX_POINT ( 'NONE', #1949 ) ;
#2681 = DIRECTION ( 'NONE',  ( -0.000000000000000000, 0.000000000000000000, 1.000000000000000000 ) ) ;
#2682 = VERTEX_POINT ( 'NONE', #2913 ) ;
#2683 = EDGE_LOOP ( 'NONE', ( #1310, #2897, #1475, #651 ) ) ;
#2684 = DIRECTION ( 'NONE',  ( 1.000000000000000000, 0.000000000000000000, 0.000000000000000000 ) ) ;
#2685 = DIRECTION ( 'NONE',  ( 1.000000000000000000, 0.000000000000000000, 0.000000000000000000 ) ) ;
#2686 = LINE ( 'NONE', #1493, #730 ) ;
#2687 = EDGE_CURVE ( 'NONE', #69, #1934, #1714, .T. ) ;
#2688 = CARTESIAN_POINT ( 'NONE',  ( 10.45303777425773362, 25.68270705156890443, 0.000000000000000000 ) ) ;
#2689 = EDGE_LOOP ( 'NONE', ( #332, #424, #3089, #2584 ) ) ;
#2690 = LINE ( 'NONE', #540, #2389 ) ;
#2691 = ADVANCED_FACE ( 'NONE', ( #297 ), #413, .F. ) ;
#2692 = ORIENTED_EDGE ( 'NONE', *, *, #1477, .T. ) ;
#2693 = ADVANCED_FACE ( 'NONE', ( #2234 ), #1516, .F. ) ;
#2694 = CARTESIAN_POINT ( 'NONE',  ( -16.96496222574226920, 25.27870705156888320, 3.292323440001584611 ) ) ;
#2695 = CIRCLE ( 'NONE', #1491, 1.000000000000000888 ) ;
#2696 = LINE ( 'NONE', #547, #2761 ) ;
#2697 = CARTESIAN_POINT ( 'NONE',  ( -10.88296222574226668, 25.68270705156890443, 0.000000000000000000 ) ) ;
#2698 = ORIENTED_EDGE ( 'NONE', *, *, #2269, .F. ) ;
#2699 = EDGE_LOOP ( 'NONE', ( #1595, #1676, #834, #2939 ) ) ;
#2700 = CARTESIAN_POINT ( 'NONE',  ( 17.41371743069809952, 19.25611888778353631, -2.500000000000000000 ) ) ;
#2701 = AXIS2_PLACEMENT_3D ( 'NONE', #2475, #2232, #1279 ) ;
#2702 = ORIENTED_EDGE ( 'NONE', *, *, #2228, .T. ) ;
#2703 = PLANE ( 'NONE',  #1533 ) ;
#2704 = DIRECTION ( 'NONE',  ( 1.000000000000000000, 0.000000000000000000, 0.000000000000000000 ) ) ;
#2705 = CARTESIAN_POINT ( 'NONE',  ( -16.21496222574229051, -19.72129294843107417, 3.292323440001584611 ) ) ;
#2706 = DIRECTION ( 'NONE',  ( -0.000000000000000000, -0.000000000000000000, -1.000000000000000000 ) ) ;
#2707 = AXIS2_PLACEMENT_3D ( 'NONE', #2551, #2113, #3085 ) ;
#2708 = VECTOR ( 'NONE', #1088, 1000.000000000000000 ) ;
#2709 = ORIENTED_EDGE ( 'NONE', *, *, #1423, .F. ) ;
#2710 = DIRECTION ( 'NONE',  ( 0.000000000000000000, 0.000000000000000000, 1.000000000000000000 ) ) ;
#2711 = ORIENTED_EDGE ( 'NONE', *, *, #1517, .F. ) ;
#2712 = EDGE_CURVE ( 'NONE', #2442, #1896, #2513, .T. ) ;
#2713 = LINE ( 'NONE', #2049, #3060 ) ;
#2714 = EDGE_CURVE ( 'NONE', #360, #504, #2164, .T. ) ;
#2715 = DIRECTION ( 'NONE',  ( -0.000000000000000000, -0.000000000000000000, 1.000000000000000000 ) ) ;
#2716 = DIRECTION ( 'NONE',  ( -0.000000000000000000, -0.000000000000000000, -1.000000000000000000 ) ) ;
#2717 = VERTEX_POINT ( 'NONE', #2694 ) ;
#2718 = VECTOR ( 'NONE', #1380, 1000.000000000000000 ) ;
#2719 = VERTEX_POINT ( 'NONE', #1771 ) ;
#2720 = DIRECTION ( 'NONE',  ( 1.156482317317871971E-16, -1.000000000000000000, 0.000000000000000000 ) ) ;
#2721 = ORIENTED_EDGE ( 'NONE', *, *, #2987, .F. ) ;
#2722 = EDGE_LOOP ( 'NONE', ( #508, #1628, #2214, #1121, #950 ) ) ;
#2723 = FACE_OUTER_BOUND ( 'NONE', #1805, .T. ) ;
#2724 = LINE ( 'NONE', #483, #586 ) ;
#2725 = DIRECTION ( 'NONE',  ( -1.000000000000000000, 0.000000000000000000, -0.000000000000000000 ) ) ;
#2726 = CYLINDRICAL_SURFACE ( 'NONE', #1944, 2.196648138761197799 ) ;
#2727 = EDGE_LOOP ( 'NONE', ( #1070, #1966, #451, #183, #2138 ) ) ;
#2728 = ORIENTED_EDGE ( 'NONE', *, *, #958, .F. ) ;
#2729 =( BOUNDED_CURVE ( )  B_SPLINE_CURVE ( 3, ( #1324, #2064, #2794, #3033 ),
 .UNSPECIFIED., .F., .T. ) 
 B_SPLINE_CURVE_WITH_KNOTS ( ( 4, 4 ),
 ( 2.643885820847040158, 3.141592653589793116 ),
 .UNSPECIFIED. ) 
 CURVE ( )  GEOMETRIC_REPRESENTATION_ITEM ( )  RATIONAL_B_SPLINE_CURVE ( ( 1.000000000000000000, 0.9794636360570626588, 0.9794636360570626588, 1.000000000000000000 ) ) 
 REPRESENTATION_ITEM ( '' )  );
#2730 = CARTESIAN_POINT ( 'NONE',  ( -13.07961036450346448, 25.68270705156890443, 0.000000000000000000 ) ) ;
#2731 = EDGE_CURVE ( 'NONE', #2502, #2717, #1300, .T. ) ;
#2732 = CARTESIAN_POINT ( 'NONE',  ( 15.78503777425776988, 25.27870705156888320, -2.500000000000000000 ) ) ;
#2733 = VECTOR ( 'NONE', #1431, 1000.000000000000000 ) ;
#2734 = ORIENTED_EDGE ( 'NONE', *, *, #2687, .F. ) ;
#2735 = CARTESIAN_POINT ( 'NONE',  ( 15.78503777425770060, 22.52870705156892583, 3.292323440001584611 ) ) ;
#2736 = ORIENTED_EDGE ( 'NONE', *, *, #1089, .F. ) ;
#2737 = ORIENTED_EDGE ( 'NONE', *, *, #261, .F. ) ;
#2738 = EDGE_CURVE ( 'NONE', #1272, #2266, #259, .T. ) ;
#2739 = CARTESIAN_POINT ( 'NONE',  ( -16.46496222574226209, -26.97129294843108838, 3.292323440001584611 ) ) ;
#2740 = CARTESIAN_POINT ( 'NONE',  ( 17.97437760247791161, 30.02870705156891162, -1.939339828220185691 ) ) ;
#2741 = DIRECTION ( 'NONE',  ( -0.000000000000000000, 0.000000000000000000, 1.000000000000000000 ) ) ;
#2742 = CARTESIAN_POINT ( 'NONE',  ( -16.46496222574226920, 28.52870705156890097, -2.378679656440365608 ) ) ;
#2743 = EDGE_CURVE ( 'NONE', #657, #257, #1732, .T. ) ;
#2744 = ORIENTED_EDGE ( 'NONE', *, *, #366, .F. ) ;
#2745 = CARTESIAN_POINT ( 'NONE',  ( 17.53503777425774146, -26.05365503676489070, -2.378679656440367385 ) ) ;
#2746 = ORIENTED_EDGE ( 'NONE', *, *, #3062, .T. ) ;
#2747 = CARTESIAN_POINT ( 'NONE',  ( 16.03503777425773791, 29.02870705156891518, -4.000000000000000000 ) ) ;
#2748 = CARTESIAN_POINT ( 'NONE',  ( 19.03503777425774146, -26.97129294843108482, -4.000000000000000000 ) ) ;
#2749 = EDGE_CURVE ( 'NONE', #2465, #2819, #564, .T. ) ;
#2750 = ORIENTED_EDGE ( 'NONE', *, *, #1663, .T. ) ;
#2751 = CARTESIAN_POINT ( 'NONE',  ( -16.21496222574226564, -22.47129294843110969, 3.292323440001584611 ) ) ;
#2752 = LINE ( 'NONE', #2055, #2015 ) ;
#2753 = ORIENTED_EDGE ( 'NONE', *, *, #2202, .T. ) ;
#2754 = DIRECTION ( 'NONE',  ( -1.000000000000000000, 0.000000000000000000, 0.000000000000000000 ) ) ;
#2755 = DIRECTION ( 'NONE',  ( 0.000000000000000000, 0.000000000000000000, 1.000000000000000000 ) ) ;
#2756 = ADVANCED_FACE ( 'NONE', ( #1800 ), #2284, .T. ) ;
#2757 = VECTOR ( 'NONE', #275, 1000.000000000000000 ) ;
#2758 = DIRECTION ( 'NONE',  ( -1.000000000000000000, -2.703465157366452467E-16, 0.000000000000000000 ) ) ;
#2759 = ORIENTED_EDGE ( 'NONE', *, *, #1723, .F. ) ;
#2760 = EDGE_CURVE ( 'NONE', #2648, #1907, #1021, .T. ) ;
#2761 = VECTOR ( 'NONE', #1022, 1000.000000000000000 ) ;
#2762 = ORIENTED_EDGE ( 'NONE', *, *, #1803, .T. ) ;
#2763 = CIRCLE ( 'NONE', #1140, 0.9499999999999995115 ) ;
#2764 = CARTESIAN_POINT ( 'NONE',  ( 11.40303777425773468, 25.68270705156890443, -2.500000000000000000 ) ) ;
#2765 = CARTESIAN_POINT ( 'NONE',  ( -10.88296222574226668, 25.68270705156890443, -2.500000000000000000 ) ) ;
#2766 = VECTOR ( 'NONE', #198, 999.9999999999998863 ) ;
#2767 = DIRECTION ( 'NONE',  ( 0.000000000000000000, 0.000000000000000000, 1.000000000000000000 ) ) ;
#2768 = CARTESIAN_POINT ( 'NONE',  ( -7.714959791634051989, -29.97129294843108838, -0.3076765599984150334 ) ) ;
#2769 = ORIENTED_EDGE ( 'NONE', *, *, #2941, .T. ) ;
#2770 = LINE ( 'NONE', #1311, #171 ) ;
#2771 = CARTESIAN_POINT ( 'NONE',  ( 16.03503777425773791, -28.47129294843108482, 3.292323440001584611 ) ) ;
#2772 = AXIS2_PLACEMENT_3D ( 'NONE', #1585, #387, #124 ) ;
#2773 = SHAPE_DEFINITION_REPRESENTATION ( #2031, #2424 ) ;
#2774 = CARTESIAN_POINT ( 'NONE',  ( -16.46496222574226209, -26.97129294843108838, -4.000000000000000000 ) ) ;
#2775 = EDGE_CURVE ( 'NONE', #2056, #2911, #3003, .T. ) ;
#2776 = VERTEX_POINT ( 'NONE', #2764 ) ;
#2777 = DIRECTION ( 'NONE',  ( 1.000000000000000000, -3.469446951953611033E-15, 0.000000000000000000 ) ) ;
#2778 = EDGE_CURVE ( 'NONE', #2533, #585, #2497, .T. ) ;
#2779 = DIRECTION ( 'NONE',  ( 1.000000000000000000, 0.000000000000000000, 0.000000000000000000 ) ) ;
#2780 = DIRECTION ( 'NONE',  ( 1.000000000000000000, 0.000000000000000000, 0.000000000000000000 ) ) ;
#2781 = EDGE_CURVE ( 'NONE', #1222, #2330, #1041, .T. ) ;
#2782 = AXIS2_PLACEMENT_3D ( 'NONE', #1958, #2681, #2223 ) ;
#2783 = CARTESIAN_POINT ( 'NONE',  ( -11.83296222574226597, -25.62529294843109184, -2.500000000000000000 ) ) ;
#2784 = LINE ( 'NONE', #400, #2718 ) ;
#2785 = VERTEX_POINT ( 'NONE', #333 ) ;
#2786 = DIRECTION ( 'NONE',  ( 0.7071067811865482389, 1.226634733346700543E-16, -0.7071067811865469066 ) ) ;
#2787 = CARTESIAN_POINT ( 'NONE',  ( -15.26496222574230011, 22.52870705156889031, -3.000000000000002665 ) ) ;
#2788 = FACE_OUTER_BOUND ( 'NONE', #774, .T. ) ;
#2789 = EDGE_LOOP ( 'NONE', ( #2137, #2081, #1615, #1760 ) ) ;
#2790 = LINE ( 'NONE', #1112, #55 ) ;
#2791 = ADVANCED_FACE ( 'NONE', ( #545 ), #2022, .T. ) ;
#2792 = CARTESIAN_POINT ( 'NONE',  ( -10.88296222574226668, 25.68270705156890443, 0.000000000000000000 ) ) ;
#2793 = EDGE_CURVE ( 'NONE', #2446, #2603, #895, .T. ) ;
#2794 = CARTESIAN_POINT ( 'NONE',  ( -17.96496222574225854, -26.05365503676488359, -2.378679656440366497 ) ) ;
#2795 = DIRECTION ( 'NONE',  ( -4.329780281177468894E-17, -0.7071067811865479058, -0.7071067811865472397 ) ) ;
#2796 = ORIENTED_EDGE ( 'NONE', *, *, #427, .T. ) ;
#2797 = FACE_OUTER_BOUND ( 'NONE', #795, .T. ) ;
#2798 = CARTESIAN_POINT ( 'NONE',  ( 17.53503777425773080, 30.02870705156891162, -2.378679656440367385 ) ) ;
#2799 = ORIENTED_EDGE ( 'NONE', *, *, #1001, .F. ) ;
#2800 = DIRECTION ( 'NONE',  ( 1.000000000000000000, 0.000000000000000000, 0.000000000000000000 ) ) ;
#2801 = DIRECTION ( 'NONE',  ( 1.000000000000000000, 0.000000000000000000, 0.000000000000000000 ) ) ;
#2802 = DIRECTION ( 'NONE',  ( -1.000000000000000000, 0.000000000000000000, 0.000000000000000000 ) ) ;
#2803 = AXIS2_PLACEMENT_3D ( 'NONE', #32, #743, #1276 ) ;
#2804 = CARTESIAN_POINT ( 'NONE',  ( -16.21496222574229762, 22.52870705156889031, -4.002000000000000668 ) ) ;
#2805 = AXIS2_PLACEMENT_3D ( 'NONE', #70, #2710, #802 ) ;
#2806 = CONICAL_SURFACE ( 'NONE', #937, 2.000000000000005329, 0.7853981633974488341 ) ;
#2807 = DIRECTION ( 'NONE',  ( 0.000000000000000000, 0.000000000000000000, 1.000000000000000000 ) ) ;
#2808 = ADVANCED_FACE ( 'NONE', ( #2216 ), #73, .F. ) ;
#2809 = EDGE_CURVE ( 'NONE', #1205, #295, #2713, .T. ) ;
#2810 = AXIS2_PLACEMENT_3D ( 'NONE', #395, #2619, #1832 ) ;
#2811 = VERTEX_POINT ( 'NONE', #709 ) ;
#2812 = DIRECTION ( 'NONE',  ( 1.000000000000000000, 0.000000000000000000, 0.000000000000000000 ) ) ;
#2813 = EDGE_LOOP ( 'NONE', ( #1785, #719, #1549, #1392 ) ) ;
#2814 = ORIENTED_EDGE ( 'NONE', *, *, #2775, .F. ) ;
#2815 = AXIS2_PLACEMENT_3D ( 'NONE', #307, #1527, #254 ) ;
#2816 = FACE_OUTER_BOUND ( 'NONE', #1557, .T. ) ;
#2817 = VECTOR ( 'NONE', #2190, 1000.000000000000000 ) ;
#2818 = CARTESIAN_POINT ( 'NONE',  ( -19.46496222574226209, -29.97129294843108838, 3.292323440001584611 ) ) ;
#2819 = VERTEX_POINT ( 'NONE', #151 ) ;
#2820 = LINE ( 'NONE', #2335, #1859 ) ;
#2821 = AXIS2_PLACEMENT_3D ( 'NONE', #925, #1199, #656 ) ;
#2822 = ORIENTED_EDGE ( 'NONE', *, *, #238, .F. ) ;
#2823 = EDGE_CURVE ( 'NONE', #69, #852, #2003, .T. ) ;
#2824 = DIRECTION ( 'NONE',  ( 0.000000000000000000, 0.000000000000000000, 1.000000000000000000 ) ) ;
#2825 = PLANE ( 'NONE',  #3072 ) ;
#2826 = VERTEX_POINT ( 'NONE', #855 ) ;
#2827 = AXIS2_PLACEMENT_3D ( 'NONE', #3008, #2272, #1341 ) ;
#2828 = DIRECTION ( 'NONE',  ( -1.734723475976806848E-16, 1.000000000000000000, 1.232595164407830946E-32 ) ) ;
#2829 = EDGE_CURVE ( 'NONE', #295, #860, #2848, .T. ) ;
#2830 = EDGE_LOOP ( 'NONE', ( #2173, #2237, #1507, #552 ) ) ;
#2831 = ORIENTED_EDGE ( 'NONE', *, *, #2373, .F. ) ;
#2832 = FACE_OUTER_BOUND ( 'NONE', #2683, .T. ) ;
#2833 = AXIS2_PLACEMENT_3D ( 'NONE', #523, #88, #1323 ) ;
#2834 = ORIENTED_EDGE ( 'NONE', *, *, #2269, .T. ) ;
#2835 = DIRECTION ( 'NONE',  ( 1.000000000000000000, 0.000000000000000000, 0.000000000000000000 ) ) ;
#2836 = DIRECTION ( 'NONE',  ( -0.000000000000000000, -0.000000000000000000, -1.000000000000000000 ) ) ;
#2837 = VERTEX_POINT ( 'NONE', #1645 ) ;
#2838 = EDGE_CURVE ( 'NONE', #1242, #2916, #200, .T. ) ;
#2839 = DIRECTION ( 'NONE',  ( -1.000000000000000000, 0.000000000000000000, -0.000000000000000000 ) ) ;
#2840 = EDGE_LOOP ( 'NONE', ( #2984, #1413, #401, #2546, #1691 ) ) ;
#2841 = EDGE_LOOP ( 'NONE', ( #1267, #178, #103, #1486 ) ) ;
#2842 = EDGE_CURVE ( 'NONE', #1294, #2970, #1499, .T. ) ;
#2843 = DIRECTION ( 'NONE',  ( -0.000000000000000000, -1.000000000000000000, -0.000000000000000000 ) ) ;
#2844 = DIRECTION ( 'NONE',  ( 0.000000000000000000, 0.000000000000000000, 1.000000000000000000 ) ) ;
#2845 = ORIENTED_EDGE ( 'NONE', *, *, #1288, .T. ) ;
#2846 = CIRCLE ( 'NONE', #93, 1.000000000000000888 ) ;
#2847 = AXIS2_PLACEMENT_3D ( 'NONE', #966, #1492, #759 ) ;
#2848 = CIRCLE ( 'NONE', #2345, 1.000000000000000888 ) ;
#2849 = CARTESIAN_POINT ( 'NONE',  ( -17.84364188218262726, -19.19870478464571306, -2.500000000000000000 ) ) ;
#2850 = CARTESIAN_POINT ( 'NONE',  ( -16.46496222574226209, -26.97129294843108838, -2.378679656440363388 ) ) ;
#2851 = ORIENTED_EDGE ( 'NONE', *, *, #717, .T. ) ;
#2852 = AXIS2_PLACEMENT_3D ( 'NONE', #89, #1985, #2199 ) ;
#2853 = FILL_AREA_STYLE ('',( #1122 ) ) ;
#2854 = CYLINDRICAL_SURFACE ( 'NONE', #119, 1.000000000000000888 ) ;
#2855 = ORIENTED_EDGE ( 'NONE', *, *, #1684, .F. ) ;
#2856 = PLANE ( 'NONE',  #1761 ) ;
#2857 = DIRECTION ( 'NONE',  ( -0.000000000000000000, 0.000000000000000000, 1.000000000000000000 ) ) ;
#2858 = EDGE_CURVE ( 'NONE', #2648, #657, #791, .T. ) ;
#2859 = FACE_OUTER_BOUND ( 'NONE', #887, .T. ) ;
#2860 = ORIENTED_EDGE ( 'NONE', *, *, #343, .F. ) ;
#2861 = VECTOR ( 'NONE', #2517, 1000.000000000000000 ) ;
#2862 = EDGE_CURVE ( 'NONE', #1769, #2986, #1599, .T. ) ;
#2863 = DIRECTION ( 'NONE',  ( 1.000000000000000000, 0.000000000000000000, 0.000000000000000000 ) ) ;
#2864 = CARTESIAN_POINT ( 'NONE',  ( 16.53503777425774501, -25.22129294843106706, -4.002000000000000668 ) ) ;
#2865 = ADVANCED_FACE ( 'NONE', ( #1351 ), #1173, .F. ) ;
#2866 = LINE ( 'NONE', #700, #900 ) ;
#2867 = ORIENTED_EDGE ( 'NONE', *, *, #1630, .F. ) ;
#2868 = DIRECTION ( 'NONE',  ( 0.000000000000000000, -0.000000000000000000, -1.000000000000000000 ) ) ;
#2869 = DIRECTION ( 'NONE',  ( -0.000000000000000000, 0.000000000000000000, -1.000000000000000000 ) ) ;
#2870 = VERTEX_POINT ( 'NONE', #3032 ) ;
#2871 = EDGE_LOOP ( 'NONE', ( #1513, #2109, #1722, #3094 ) ) ;
#2872 = CARTESIAN_POINT ( 'NONE',  ( -16.21496222574229762, 22.52870705156889031, -2.500000000000000000 ) ) ;
#2873 = DIRECTION ( 'NONE',  ( 1.000000000000000000, -0.000000000000000000, 1.204669080539449344E-16 ) ) ;
#2874 = LINE ( 'NONE', #1764, #593 ) ;
#2875 = ORIENTED_EDGE ( 'NONE', *, *, #1163, .F. ) ;
#2876 = EDGE_CURVE ( 'NONE', #919, #385, #695, .T. ) ;
#2877 = DIRECTION ( 'NONE',  ( -0.000000000000000000, -0.000000000000000000, -1.000000000000000000 ) ) ;
#2878 = ORIENTED_EDGE ( 'NONE', *, *, #1684, .T. ) ;
#2879 = AXIS2_PLACEMENT_3D ( 'NONE', #1939, #757, #306 ) ;
#2880 = CARTESIAN_POINT ( 'NONE',  ( -10.88296222574226668, -25.62529294843109184, 0.000000000000000000 ) ) ;
#2881 = CARTESIAN_POINT ( 'NONE',  ( -16.46496222574226209, -28.34997260487145354, -2.500000000000000000 ) ) ;
#2882 = CARTESIAN_POINT ( 'NONE',  ( -19.46496222574226920, 28.40738670800926613, -2.500000000000000000 ) ) ;
#2883 = ORIENTED_EDGE ( 'NONE', *, *, #2221, .T. ) ;
#2884 = LINE ( 'NONE', #2392, #2672 ) ;
#2885 = EDGE_LOOP ( 'NONE', ( #810, #388, #247, #2110 ) ) ;
#2886 = ORIENTED_EDGE ( 'NONE', *, *, #118, .T. ) ;
#2887 = FACE_OUTER_BOUND ( 'NONE', #2379, .T. ) ;
#2888 = DIRECTION ( 'NONE',  ( -0.000000000000000000, -0.000000000000000000, -1.000000000000000000 ) ) ;
#2889 = LINE ( 'NONE', #515, #474 ) ;
#2890 = ORIENTED_EDGE ( 'NONE', *, *, #3074, .F. ) ;
#2891 = CARTESIAN_POINT ( 'NONE',  ( 8.256389635496537593, -25.62529294843109540, -2.500000000000000000 ) ) ;
#2892 = LINE ( 'NONE', #1303, #3103 ) ;
#2893 = CARTESIAN_POINT ( 'NONE',  ( 17.41371743069810663, -25.74388111221642461, -2.500000000000000000 ) ) ;
#2894 = ADVANCED_FACE ( 'NONE', ( #871 ), #224, .F. ) ;
#2895 = DIRECTION ( 'NONE',  ( -0.000000000000000000, -0.000000000000000000, -1.000000000000000000 ) ) ;
#2896 = DIRECTION ( 'NONE',  ( 0.000000000000000000, 0.000000000000000000, 1.000000000000000000 ) ) ;
#2897 = ORIENTED_EDGE ( 'NONE', *, *, #1479, .T. ) ;
#2898 = AXIS2_PLACEMENT_3D ( 'NONE', #536, #240, #798 ) ;
#2899 = AXIS2_PLACEMENT_3D ( 'NONE', #2555, #1365, #2314 ) ;
#2900 = ORIENTED_EDGE ( 'NONE', *, *, #917, .T. ) ;
#2901 = DIRECTION ( 'NONE',  ( 1.000000000000000000, 0.000000000000000000, 0.000000000000000000 ) ) ;
#2902 = ORIENTED_EDGE ( 'NONE', *, *, #2926, .T. ) ;
#2903 = CARTESIAN_POINT ( 'NONE',  ( 15.78503777425773613, -22.47129294843107417, -4.002000000000000668 ) ) ;
#2904 = AXIS2_PLACEMENT_3D ( 'NONE', #2962, #799, #2725 ) ;
#2905 = FACE_OUTER_BOUND ( 'NONE', #301, .T. ) ;
#2906 = VECTOR ( 'NONE', #2492, 1000.000000000000000 ) ;
#2907 = LINE ( 'NONE', #2669, #1554 ) ;
#2908 = VERTEX_POINT ( 'NONE', #1158 ) ;
#2909 = CARTESIAN_POINT ( 'NONE',  ( 16.53503777425773436, 25.27870705156888320, -4.002000000000000668 ) ) ;
#2910 = VECTOR ( 'NONE', #3095, 1000.000000000000000 ) ;
#2911 = VERTEX_POINT ( 'NONE', #626 ) ;
#2912 = VECTOR ( 'NONE', #90, 1000.000000000000000 ) ;
#2913 = CARTESIAN_POINT ( 'NONE',  ( 18.03503777425773791, 27.02870705156891162, -4.000000000000000000 ) ) ;
#2914 = CARTESIAN_POINT ( 'NONE',  ( 15.78503777425773613, -22.47129294843107417, -2.500000000000000000 ) ) ;
#2915 = CARTESIAN_POINT ( 'NONE',  ( -10.88296222574226668, -25.62529294843109184, 0.000000000000000000 ) ) ;
#2916 = VERTEX_POINT ( 'NONE', #2 ) ;
#2917 = ADVANCED_FACE ( 'NONE', ( #1590 ), #458, .T. ) ;
#2918 = ORIENTED_EDGE ( 'NONE', *, *, #2969, .T. ) ;
#2919 = CARTESIAN_POINT ( 'NONE',  ( 15.78503777425770060, 22.52870705156892583, 3.292323440001584611 ) ) ;
#2920 = ORIENTED_EDGE ( 'NONE', *, *, #2838, .T. ) ;
#2921 = EDGE_LOOP ( 'NONE', ( #266, #1783, #2759, #423 ) ) ;
#2922 = EDGE_CURVE ( 'NONE', #509, #2099, #2095, .T. ) ;
#2923 = CARTESIAN_POINT ( 'NONE',  ( -16.21496222574229051, -25.22129294843106706, -2.500000000000000000 ) ) ;
#2924 = LINE ( 'NONE', #2226, #1814 ) ;
#2925 = DIRECTION ( 'NONE',  ( 0.000000000000000000, 0.000000000000000000, 1.000000000000000000 ) ) ;
#2926 = EDGE_CURVE ( 'NONE', #1682, #1641, #2452, .T. ) ;
#2927 = EDGE_CURVE ( 'NONE', #2206, #2911, #2874, .T. ) ;
#2928 = ORIENTED_EDGE ( 'NONE', *, *, #2522, .T. ) ;
#2929 = DIRECTION ( 'NONE',  ( -0.000000000000000000, 0.000000000000000000, 1.000000000000000000 ) ) ;
#2930 = VECTOR ( 'NONE', #553, 1000.000000000000000 ) ;
#2931 = VERTEX_POINT ( 'NONE', #2472 ) ;
#2932 = DIRECTION ( 'NONE',  ( -0.000000000000000000, -0.000000000000000000, -1.000000000000000000 ) ) ;
#2933 = AXIS2_PLACEMENT_3D ( 'NONE', #1164, #2582, #191 ) ;
#2934 = DIRECTION ( 'NONE',  ( -0.000000000000000000, -0.000000000000000000, -1.000000000000000000 ) ) ;
#2935 = PLANE ( 'NONE',  #840 ) ;
#2936 = ORIENTED_EDGE ( 'NONE', *, *, #1923, .F. ) ;
#2937 = ORIENTED_EDGE ( 'NONE', *, *, #43, .F. ) ;
#2938 = CARTESIAN_POINT ( 'NONE',  ( 19.03503777425773080, 30.02870705156891162, 3.292323440001584611 ) ) ;
#2939 = ORIENTED_EDGE ( 'NONE', *, *, #185, .T. ) ;
#2940 = ORIENTED_EDGE ( 'NONE', *, *, #1543, .T. ) ;
#2941 = EDGE_CURVE ( 'NONE', #2349, #2776, #2686, .T. ) ;
#2942 = CARTESIAN_POINT ( 'NONE',  ( -16.21496222574229051, -25.22129294843106706, 3.292323440001584611 ) ) ;
#2943 = DIRECTION ( 'NONE',  ( 1.156482317317871971E-16, -1.000000000000000000, 0.000000000000000000 ) ) ;
#2944 = DIRECTION ( 'NONE',  ( -0.000000000000000000, 0.000000000000000000, 1.000000000000000000 ) ) ;
#2945 = CARTESIAN_POINT ( 'NONE',  ( -17.96496222574225854, -26.22129294843106706, 3.292323440001584611 ) ) ;
#2946 = ADVANCED_FACE ( 'NONE', ( #760 ), #777, .F. ) ;
#2947 = ORIENTED_EDGE ( 'NONE', *, *, #1592, .T. ) ;
#2948 = CYLINDRICAL_SURFACE ( 'NONE', #524, 1.000000000000000888 ) ;
#2949 = ORIENTED_EDGE ( 'NONE', *, *, #2712, .T. ) ;
#2950 = DIRECTION ( 'NONE',  ( 0.7071067811865482389, 1.226634733346700543E-16, -0.7071067811865469066 ) ) ;
#2951 = AXIS2_PLACEMENT_3D ( 'NONE', #3041, #1837, #327 ) ;
#2952 = DIRECTION ( 'NONE',  ( 1.000000000000000000, 0.000000000000000000, 0.000000000000000000 ) ) ;
#2953 = FACE_OUTER_BOUND ( 'NONE', #675, .T. ) ;
#2954 = ORIENTED_EDGE ( 'NONE', *, *, #682, .F. ) ;
#2955 =( NAMED_UNIT ( * ) SI_UNIT ( $, .STERADIAN. ) SOLID_ANGLE_UNIT ( ) );
#2956 = ORIENTED_EDGE ( 'NONE', *, *, #1818, .T. ) ;
#2957 = CARTESIAN_POINT ( 'NONE',  ( 15.78503777425775390, -25.22129294843106706, -2.500000000000000000 ) ) ;
#2958 = ORIENTED_EDGE ( 'NONE', *, *, #910, .T. ) ;
#2959 = ORIENTED_EDGE ( 'NONE', *, *, #910, .F. ) ;
#2960 = DIRECTION ( 'NONE',  ( 1.000000000000000000, 0.000000000000000000, 0.000000000000000000 ) ) ;
#2961 = CARTESIAN_POINT ( 'NONE',  ( -10.88296222574226668, -25.62529294843109184, -2.500000000000000000 ) ) ;
#2962 = CARTESIAN_POINT ( 'NONE',  ( -10.88296222574226668, 25.68270705156890443, 0.000000000000000000 ) ) ;
#2963 = AXIS2_PLACEMENT_3D ( 'NONE', #1366, #368, #2315 ) ;
#2964 = CARTESIAN_POINT ( 'NONE',  ( 17.53503777425773080, 30.02870705156891162, 3.292323440001584611 ) ) ;
#2965 = VECTOR ( 'NONE', #1087, 1000.000000000000000 ) ;
#2966 = ORIENTED_EDGE ( 'NONE', *, *, #1723, .T. ) ;
#2967 = CARTESIAN_POINT ( 'NONE',  ( -17.84364188218263436, 19.25611888778353986, -2.500000000000000000 ) ) ;
#2968 = AXIS2_PLACEMENT_3D ( 'NONE', #2739, #1344, #112 ) ;
#2969 = EDGE_CURVE ( 'NONE', #1671, #2380, #2415, .T. ) ;
#2970 = VERTEX_POINT ( 'NONE', #1942 ) ;
#2971 = VECTOR ( 'NONE', #2154, 1000.000000000000000 ) ;
#2972 = CARTESIAN_POINT ( 'NONE',  ( 16.03503777425773791, -26.97129294843108838, -2.939339828220178141 ) ) ;
#2973 = CIRCLE ( 'NONE', #2403, 0.9499999999999995115 ) ;
#2974 = ADVANCED_FACE ( 'NONE', ( #1994, #1030 ), #50, .F. ) ;
#2975 = DIRECTION ( 'NONE',  ( -1.000000000000000000, 0.000000000000000000, 0.000000000000000000 ) ) ;
#2976 = EDGE_CURVE ( 'NONE', #3040, #1453, #2907, .T. ) ;
#2977 = ORIENTED_EDGE ( 'NONE', *, *, #2321, .F. ) ;
#2978 = CARTESIAN_POINT ( 'NONE',  ( 17.49374975392583664, 19.10881886515432271, -2.419967676772263321 ) ) ;
#2979 = ORIENTED_EDGE ( 'NONE', *, *, #3109, .F. ) ;
#2980 = EDGE_LOOP ( 'NONE', ( #598, #1629 ) ) ;
#2981 = CARTESIAN_POINT ( 'NONE',  ( -19.46496222574226920, 30.02870705156890097, 3.292323440001584611 ) ) ;
#2982 = DIRECTION ( 'NONE',  ( -0.000000000000000000, -0.000000000000000000, -1.000000000000000000 ) ) ;
#2983 = FACE_OUTER_BOUND ( 'NONE', #2840, .T. ) ;
#2984 = ORIENTED_EDGE ( 'NONE', *, *, #1191, .F. ) ;
#2985 = DIRECTION ( 'NONE',  ( 1.889896820699131511E-15, -1.000000000000000000, 0.000000000000000000 ) ) ;
#2986 = VERTEX_POINT ( 'NONE', #558 ) ;
#2987 = EDGE_CURVE ( 'NONE', #2665, #91, #501, .T. ) ;
#2988 = CIRCLE ( 'NONE', #71, 0.9500000000000029532 ) ;
#2989 = DIRECTION ( 'NONE',  ( 0.000000000000000000, 0.000000000000000000, -1.000000000000000000 ) ) ;
#2990 = DIRECTION ( 'NONE',  ( -0.000000000000000000, 0.000000000000000000, 1.000000000000000000 ) ) ;
#2991 = CIRCLE ( 'NONE', #2115, 0.9499999999999995115 ) ;
#2992 = LINE ( 'NONE', #323, #1161 ) ;
#2993 = DIRECTION ( 'NONE',  ( 1.000000000000000000, 0.000000000000000000, 0.000000000000000000 ) ) ;
#2994 = VERTEX_POINT ( 'NONE', #1528 ) ;
#2995 = CARTESIAN_POINT ( 'NONE',  ( -16.46496222574226920, 27.02870705156890097, -4.000000000000000000 ) ) ;
#2996 = CONICAL_SURFACE ( 'NONE', #710, 2.000000000000005329, 0.7853981633974488341 ) ;
#2997 = LINE ( 'NONE', #97, #338 ) ;
#2998 = APPLICATION_PROTOCOL_DEFINITION ( 'draft international standard', 'automotive_design', 1998, #1146 ) ;
#2999 = DIRECTION ( 'NONE',  ( -1.000000000000000000, 0.000000000000000000, 0.000000000000000000 ) ) ;
#3000 = ORIENTED_EDGE ( 'NONE', *, *, #1561, .T. ) ;
#3001 = FACE_OUTER_BOUND ( 'NONE', #17, .T. ) ;
#3002 = ORIENTED_EDGE ( 'NONE', *, *, #362, .T. ) ;
#3003 = LINE ( 'NONE', #120, #529 ) ;
#3004 = FACE_BOUND ( 'NONE', #35, .T. ) ;
#3005 = EDGE_CURVE ( 'NONE', #2911, #1767, #1899, .T. ) ;
#3006 = VECTOR ( 'NONE', #1167, 1000.000000000000000 ) ;
#3007 = ORIENTED_EDGE ( 'NONE', *, *, #1617, .F. ) ;
#3008 = CARTESIAN_POINT ( 'NONE',  ( 16.03503777425773436, 27.02870705156891162, 3.292323440001584611 ) ) ;
#3009 = FACE_OUTER_BOUND ( 'NONE', #1520, .T. ) ;
#3010 = VERTEX_POINT ( 'NONE', #291 ) ;
#3011 = DIRECTION ( 'NONE',  ( -1.156482317317871971E-16, 1.000000000000000000, 0.000000000000000000 ) ) ;
#3012 = LINE ( 'NONE', #2306, #891 ) ;
#3013 = LINE ( 'NONE', #609, #2296 ) ;
#3014 = AXIS2_PLACEMENT_3D ( 'NONE', #294, #1711, #726 ) ;
#3015 = DIRECTION ( 'NONE',  ( 0.000000000000000000, 0.000000000000000000, 1.000000000000000000 ) ) ;
#3016 = VERTEX_POINT ( 'NONE', #2491 ) ;
#3017 = CARTESIAN_POINT ( 'NONE',  ( 17.53503777425773080, 30.02870705156891162, -4.000000000000000000 ) ) ;
#3018 = EDGE_CURVE ( 'NONE', #167, #1769, #1210, .T. ) ;
#3019 = CARTESIAN_POINT ( 'NONE',  ( -13.07961036450346448, -25.62529294843109184, -2.500000000000000000 ) ) ;
#3020 = ORIENTED_EDGE ( 'NONE', *, *, #1142, .F. ) ;
#3021 = CARTESIAN_POINT ( 'NONE',  ( -16.21496222574229762, 22.52870705156889031, -3.000000000000002665 ) ) ;
#3022 = DIRECTION ( 'NONE',  ( -0.000000000000000000, -0.000000000000000000, 1.000000000000000000 ) ) ;
#3023 = ORIENTED_EDGE ( 'NONE', *, *, #366, .T. ) ;
#3024 = CYLINDRICAL_SURFACE ( 'NONE', #2528, 1.499999999999999556 ) ;
#3025 = EDGE_CURVE ( 'NONE', #852, #2819, #2889, .T. ) ;
#3026 = FACE_OUTER_BOUND ( 'NONE', #1657, .T. ) ;
#3027 = VECTOR ( 'NONE', #1342, 1000.000000000000000 ) ;
#3028 = CARTESIAN_POINT ( 'NONE',  ( 16.03503777425773791, 28.52870705156890807, 3.292323440001584611 ) ) ;
#3029 = ORIENTED_EDGE ( 'NONE', *, *, #310, .F. ) ;
#3030 = CARTESIAN_POINT ( 'NONE',  ( 15.78503777425773613, -22.47129294843107417, -3.000000000000002665 ) ) ;
#3031 = ADVANCED_FACE ( 'NONE', ( #67 ), #2156, .T. ) ;
#3032 = CARTESIAN_POINT ( 'NONE',  ( 17.41371743069809597, 27.02870705156891162, -2.500000000000000000 ) ) ;
#3033 = CARTESIAN_POINT ( 'NONE',  ( -17.96496222574225854, -26.22129294843106706, -2.378679656440365608 ) ) ;
#3034 = VECTOR ( 'NONE', #3011, 1000.000000000000000 ) ;
#3035 = LINE ( 'NONE', #1368, #105 ) ;
#3036 = AXIS2_PLACEMENT_3D ( 'NONE', #1847, #1119, #1555 ) ;
#3037 = ORIENTED_EDGE ( 'NONE', *, *, #1423, .T. ) ;
#3038 = CARTESIAN_POINT ( 'NONE',  ( -17.16496222574230046, 22.52870705156889031, 3.292323440001584611 ) ) ;
#3039 = DIRECTION ( 'NONE',  ( 1.156482317317871971E-16, -1.000000000000000000, 0.000000000000000000 ) ) ;
#3040 = VERTEX_POINT ( 'NONE', #1241 ) ;
#3041 = CARTESIAN_POINT ( 'NONE',  ( 10.45303777425773362, -25.62529294843109540, -2.500000000000000000 ) ) ;
#3042 = CIRCLE ( 'NONE', #1377, 2.749999999999995559 ) ;
#3043 = CARTESIAN_POINT ( 'NONE',  ( 17.53503777425773791, -18.72129294843107772, -4.000000000000000000 ) ) ;
#3044 = DIRECTION ( 'NONE',  ( 1.000000000000000000, 1.734723475976807094E-16, -0.000000000000000000 ) ) ;
#3045 = EDGE_CURVE ( 'NONE', #920, #2680, #988, .T. ) ;
#3046 = CARTESIAN_POINT ( 'NONE',  ( -16.46496222574226209, -27.91063277665127274, -2.939339828220178141 ) ) ;
#3047 = CARTESIAN_POINT ( 'NONE',  ( -17.96496222574226564, 27.02870705156890097, -4.000000000000000000 ) ) ;
#3048 = LINE ( 'NONE', #667, #2453 ) ;
#3049 = ORIENTED_EDGE ( 'NONE', *, *, #135, .T. ) ;
#3050 = CARTESIAN_POINT ( 'NONE',  ( 16.73503777425770522, 22.52870705156892583, -3.000000000000002665 ) ) ;
#3051 = ADVANCED_FACE ( 'NONE', ( #1980 ), #967, .T. ) ;
#3052 = CARTESIAN_POINT ( 'NONE',  ( -19.46496222574226920, 30.02870705156890097, 3.292323440001584611 ) ) ;
#3053 = ORIENTED_EDGE ( 'NONE', *, *, #2635, .T. ) ;
#3054 = CARTESIAN_POINT ( 'NONE',  ( -7.714959791634052877, -29.97129294843108838, 3.292323440001584611 ) ) ;
#3055 = FACE_OUTER_BOUND ( 'NONE', #1488, .T. ) ;
#3056 = ORIENTED_EDGE ( 'NONE', *, *, #729, .F. ) ;
#3057 = VECTOR ( 'NONE', #194, 1000.000000000000000 ) ;
#3058 = CYLINDRICAL_SURFACE ( 'NONE', #644, 2.749999999999995559 ) ;
#3059 = AXIS2_PLACEMENT_3D ( 'NONE', #2182, #57, #2498 ) ;
#3060 = VECTOR ( 'NONE', #211, 1000.000000000000000 ) ;
#3061 = CIRCLE ( 'NONE', #1694, 0.9499999999999995115 ) ;
#3062 = EDGE_CURVE ( 'NONE', #1964, #1322, #255, .T. ) ;
#3063 = FACE_OUTER_BOUND ( 'NONE', #888, .T. ) ;
#3064 = CARTESIAN_POINT ( 'NONE',  ( -16.96496222574226564, 19.77870705156889031, -4.002000000000000668 ) ) ;
#3065 = EDGE_LOOP ( 'NONE', ( #534, #1856, #733, #2393 ) ) ;
#3066 = AXIS2_PLACEMENT_3D ( 'NONE', #239, #1724, #1258 ) ;
#3067 = AXIS2_PLACEMENT_3D ( 'NONE', #1439, #2367, #1399 ) ;
#3068 = DIRECTION ( 'NONE',  ( -1.000000000000000000, 0.000000000000000000, 0.000000000000000000 ) ) ;
#3069 = VERTEX_POINT ( 'NONE', #1510 ) ;
#3070 = VERTEX_POINT ( 'NONE', #308 ) ;
#3071 = CARTESIAN_POINT ( 'NONE',  ( -16.96496222574226564, 26.27870705156888320, -2.500000000000000000 ) ) ;
#3072 = AXIS2_PLACEMENT_3D ( 'NONE', #2407, #246, #2091 ) ;
#3073 = ORIENTED_EDGE ( 'NONE', *, *, #2525, .T. ) ;
#3074 = EDGE_CURVE ( 'NONE', #962, #725, #2337, .T. ) ;
#3075 = VECTOR ( 'NONE', #2275, 1000.000000000000000 ) ;
#3076 = ADVANCED_FACE ( 'NONE', ( #2293 ), #328, .F. ) ;
#3077 = DIRECTION ( 'NONE',  ( -0.000000000000000000, -0.000000000000000000, -1.000000000000000000 ) ) ;
#3078 = DIRECTION ( 'NONE',  ( 0.000000000000000000, 0.000000000000000000, -1.000000000000000000 ) ) ;
#3079 = EDGE_LOOP ( 'NONE', ( #2170, #2034, #232, #2711, #1211, #1398, #1349, #2239 ) ) ;
#3080 = FACE_OUTER_BOUND ( 'NONE', #2257, .T. ) ;
#3081 = AXIS2_PLACEMENT_3D ( 'NONE', #2151, #703, #1909 ) ;
#3082 = CYLINDRICAL_SURFACE ( 'NONE', #909, 0.9499999999999995115 ) ;
#3083 = ORIENTED_EDGE ( 'NONE', *, *, #489, .F. ) ;
#3084 = DIRECTION ( 'NONE',  ( 1.000000000000000000, 0.000000000000000000, 0.000000000000000000 ) ) ;
#3085 = DIRECTION ( 'NONE',  ( -1.156482317317871971E-16, 1.000000000000000000, -0.000000000000000000 ) ) ;
#3086 = CARTESIAN_POINT ( 'NONE',  ( 11.40303777425773468, -25.62529294843109540, 0.000000000000000000 ) ) ;
#3087 = FACE_OUTER_BOUND ( 'NONE', #1251, .T. ) ;
#3088 = DIRECTION ( 'NONE',  ( 0.000000000000000000, 0.000000000000000000, -1.000000000000000000 ) ) ;
#3089 = ORIENTED_EDGE ( 'NONE', *, *, #1650, .F. ) ;
#3090 = LINE ( 'NONE', #3105, #671 ) ;
#3091 = ADVANCED_FACE ( 'NONE', ( #2277 ), #358, .T. ) ;
#3092 = CARTESIAN_POINT ( 'NONE',  ( -9.932962225742267393, 25.68270705156890443, -2.500000000000000000 ) ) ;
#3093 = ORIENTED_EDGE ( 'NONE', *, *, #1845, .F. ) ;
#3094 = ORIENTED_EDGE ( 'NONE', *, *, #2655, .T. ) ;
#3095 = DIRECTION ( 'NONE',  ( 0.000000000000000000, 0.000000000000000000, 1.000000000000000000 ) ) ;
#3096 = EDGE_CURVE ( 'NONE', #532, #1270, #2695, .T. ) ;
#3097 = COLOUR_RGB ( '',0.7921568627450980005, 0.8196078431372548767, 0.9333333333333333481 ) ;
#3098 = EDGE_CURVE ( 'NONE', #780, #313, #581, .T. ) ;
#3099 = AXIS2_PLACEMENT_3D ( 'NONE', #1102, #2127, #1674 ) ;
#3100 = DIRECTION ( 'NONE',  ( -1.889896820699124017E-15, -1.000000000000000000, 0.000000000000000000 ) ) ;
#3101 = LINE ( 'NONE', #901, #158 ) ;
#3102 = VERTEX_POINT ( 'NONE', #1812 ) ;
#3103 = VECTOR ( 'NONE', #264, 1000.000000000000000 ) ;
#3104 = AXIS2_PLACEMENT_3D ( 'NONE', #2581, #418, #697 ) ;
#3105 = CARTESIAN_POINT ( 'NONE',  ( -17.84364188218263436, 30.02870705156890097, -2.500000000000000000 ) ) ;
#3106 = LINE ( 'NONE', #1169, #2346 ) ;
#3107 = ORIENTED_EDGE ( 'NONE', *, *, #881, .T. ) ;
#3108 = ORIENTED_EDGE ( 'NONE', *, *, #135, .F. ) ;
#3109 = EDGE_CURVE ( 'NONE', #1294, #385, #3013, .T. ) ;
ENDSEC;
END-ISO-10303-21;
