ISO-10303-21;
HEADER;
FILE_DESCRIPTION (( 'STEP AP214' ),
    '1' );
FILE_NAME ('Bottom_Enclosure.STEP',
    '2026-01-18T23:30:12',
    ( '' ),
    ( '' ),
    'SwSTEP 2.0',
    'SolidWorks 2026',
    '' );
FILE_SCHEMA (( 'AUTOMOTIVE_DESIGN' ));
ENDSEC;

DATA;
#1 = CARTESIAN_POINT ( 'NONE',  ( -17.96496222574226564, 26.27870705156888320, -4.000000000000000000 ) ) ;
#2 = DIRECTION ( 'NONE',  ( 1.000000000000000000, 0.000000000000000000, 0.000000000000000000 ) ) ;
#3 = AXIS2_PLACEMENT_3D ( 'NONE', #1212, #976, #2979 ) ;
#4 = AXIS2_PLACEMENT_3D ( 'NONE', #72, #2632, #90 ) ;
#5 = CARTESIAN_POINT ( 'NONE',  ( 10.45303777425773362, -25.62529294843109540, -2.500000000000000000 ) ) ;
#6 = ORIENTED_EDGE ( 'NONE', *, *, #203, .T. ) ;
#7 = DIRECTION ( 'NONE',  ( 0.000000000000000000, 0.000000000000000000, 1.000000000000000000 ) ) ;
#8 = DIRECTION ( 'NONE',  ( -0.000000000000000000, -0.000000000000000000, -1.000000000000000000 ) ) ;
#9 = EDGE_CURVE ( 'NONE', #191, #1607, #3116, .T. ) ;
#10 = CIRCLE ( 'NONE', #2105, 1.500000000000001332 ) ;
#11 = CIRCLE ( 'NONE', #2583, 2.749999999999995559 ) ;
#12 = EDGE_CURVE ( 'NONE', #511, #961, #3279, .T. ) ;
#13 = ORIENTED_EDGE ( 'NONE', *, *, #1739, .F. ) ;
#14 = CIRCLE ( 'NONE', #770, 1.500000000000001332 ) ;
#15 = LINE ( 'NONE', #2349, #1839 ) ;
#16 = EDGE_CURVE ( 'NONE', #1620, #750, #2208, .T. ) ;
#17 = AXIS2_PLACEMENT_3D ( 'NONE', #1168, #2685, #2669 ) ;
#18 = DIRECTION ( 'NONE',  ( -1.000000000000000000, 0.000000000000000000, 0.000000000000000000 ) ) ;
#19 = CARTESIAN_POINT ( 'NONE',  ( -17.16496222574230046, 22.52870705156889031, -3.000000000000002665 ) ) ;
#20 = ORIENTED_EDGE ( 'NONE', *, *, #68, .F. ) ;
#21 = CARTESIAN_POINT ( 'NONE',  ( -10.88296222574226668, 25.68270705156890443, 0.000000000000000000 ) ) ;
#22 = EDGE_CURVE ( 'NONE', #1824, #3249, #282, .T. ) ;
#23 = AXIS2_PLACEMENT_3D ( 'NONE', #2585, #314, #598 ) ;
#24 = ADVANCED_FACE ( 'NONE', ( #1596 ), #1828, .T. ) ;
#25 = ORIENTED_EDGE ( 'NONE', *, *, #1278, .T. ) ;
#26 = DIRECTION ( 'NONE',  ( 1.000000000000000000, 0.000000000000000000, 0.000000000000000000 ) ) ;
#27 = LINE ( 'NONE', #2572, #2959 ) ;
#28 = CARTESIAN_POINT ( 'NONE',  ( -16.21496222574229762, 22.52870705156888675, 3.000000000000001776 ) ) ;
#29 = ORIENTED_EDGE ( 'NONE', *, *, #1871, .T. ) ;
#30 = DIRECTION ( 'NONE',  ( 0.000000000000000000, 0.000000000000000000, 1.000000000000000000 ) ) ;
#31 = DIRECTION ( 'NONE',  ( 1.000000000000000000, 1.734723475976807094E-16, -0.000000000000000000 ) ) ;
#32 = EDGE_CURVE ( 'NONE', #2338, #635, #2902, .T. ) ;
#33 = ORIENTED_EDGE ( 'NONE', *, *, #1744, .T. ) ;
#34 = LINE ( 'NONE', #2078, #347 ) ;
#35 = DIRECTION ( 'NONE',  ( 0.000000000000000000, 0.000000000000000000, 1.000000000000000000 ) ) ;
#36 = ORIENTED_EDGE ( 'NONE', *, *, #281, .F. ) ;
#37 = CARTESIAN_POINT ( 'NONE',  ( -10.88296222574226668, 25.68270705156890443, 0.000000000000000000 ) ) ;
#38 = ORIENTED_EDGE ( 'NONE', *, *, #672, .F. ) ;
#39 = CARTESIAN_POINT ( 'NONE',  ( -13.46496222574230295, 22.52870705156889031, 3.292323440001584611 ) ) ;
#40 = AXIS2_PLACEMENT_3D ( 'NONE', #1177, #960, #1975 ) ;
#41 = ORIENTED_EDGE ( 'NONE', *, *, #1624, .F. ) ;
#42 = CARTESIAN_POINT ( 'NONE',  ( 15.78503777425775390, -25.22129294843106706, -2.500000000000000000 ) ) ;
#43 = FACE_OUTER_BOUND ( 'NONE', #1901, .T. ) ;
#44 = CARTESIAN_POINT ( 'NONE',  ( -16.46496222574226209, -26.97129294843108838, -4.000000000000000000 ) ) ;
#45 = ORIENTED_EDGE ( 'NONE', *, *, #2883, .T. ) ;
#46 = DIRECTION ( 'NONE',  ( 1.156482317317871971E-16, -1.000000000000000000, 0.000000000000000000 ) ) ;
#47 = CARTESIAN_POINT ( 'NONE',  ( -19.46496222574226209, -29.97129294843108838, 3.292323440001584611 ) ) ;
#48 = AXIS2_PLACEMENT_3D ( 'NONE', #3037, #753, #1768 ) ;
#49 = FACE_OUTER_BOUND ( 'NONE', #1869, .T. ) ;
#50 = ORIENTED_EDGE ( 'NONE', *, *, #759, .F. ) ;
#51 = CARTESIAN_POINT ( 'NONE',  ( 15.78503777425773613, -22.47129294843107417, -3.000000000000002665 ) ) ;
#52 = EDGE_LOOP ( 'NONE', ( #1714, #640 ) ) ;
#53 = CARTESIAN_POINT ( 'NONE',  ( 14.83503777425773151, -22.47129294843107417, 3.000000000000001776 ) ) ;
#54 = ORIENTED_EDGE ( 'NONE', *, *, #3082, .F. ) ;
#55 = DIRECTION ( 'NONE',  ( 0.000000000000000000, 0.000000000000000000, -1.000000000000000000 ) ) ;
#56 = ADVANCED_FACE ( 'NONE', ( #719 ), #2579, .F. ) ;
#57 = ADVANCED_FACE ( 'NONE', ( #1288 ), #2352, .F. ) ;
#58 = VERTEX_POINT ( 'NONE', #1307 ) ;
#59 = CARTESIAN_POINT ( 'NONE',  ( -13.46496222574230295, 22.52870705156889031, -4.002000000000000668 ) ) ;
#60 = LINE ( 'NONE', #2109, #1354 ) ;
#61 = CARTESIAN_POINT ( 'NONE',  ( 11.40187074164450998, 28.52870705156890452, 0.000000000000000000 ) ) ;
#62 = VECTOR ( 'NONE', #3230, 1000.000000000000000 ) ;
#63 = VERTEX_POINT ( 'NONE', #2080 ) ;
#64 = CARTESIAN_POINT ( 'NONE',  ( 15.78503777425773613, -22.47129294843107417, 3.000000000000001776 ) ) ;
#65 = CARTESIAN_POINT ( 'NONE',  ( -11.83296222574226597, -25.62529294843109184, 0.000000000000000000 ) ) ;
#66 = EDGE_CURVE ( 'NONE', #1779, #1407, #1679, .T. ) ;
#67 = AXIS2_PLACEMENT_3D ( 'NONE', #988, #2615, #3259 ) ;
#68 = EDGE_CURVE ( 'NONE', #538, #1639, #2261, .T. ) ;
#69 = CYLINDRICAL_SURFACE ( 'NONE', #1344, 0.9500000000000029532 ) ;
#70 = DIRECTION ( 'NONE',  ( -0.000000000000000000, -0.000000000000000000, -1.000000000000000000 ) ) ;
#71 = AXIS2_PLACEMENT_3D ( 'NONE', #585, #3166, #1891 ) ;
#72 = CARTESIAN_POINT ( 'NONE',  ( 15.78503777425773613, -22.47129294843107417, -2.500000000000000000 ) ) ;
#73 = VECTOR ( 'NONE', #902, 1000.000000000000000 ) ;
#74 = ORIENTED_EDGE ( 'NONE', *, *, #66, .F. ) ;
#75 = FACE_BOUND ( 'NONE', #52, .T. ) ;
#76 = AXIS2_PLACEMENT_3D ( 'NONE', #1606, #2344, #2112 ) ;
#77 = ORIENTED_EDGE ( 'NONE', *, *, #2085, .F. ) ;
#78 = CYLINDRICAL_SURFACE ( 'NONE', #296, 0.9499999999999995115 ) ;
#79 = EDGE_CURVE ( 'NONE', #464, #2603, #812, .T. ) ;
#80 = AXIS2_PLACEMENT_3D ( 'NONE', #3225, #1923, #2987 ) ;
#81 = ADVANCED_FACE ( 'NONE', ( #465 ), #736, .T. ) ;
#82 = VERTEX_POINT ( 'NONE', #539 ) ;
#83 = DIRECTION ( 'NONE',  ( 0.000000000000000000, 0.000000000000000000, 1.000000000000000000 ) ) ;
#84 = DIRECTION ( 'NONE',  ( 0.000000000000000000, 0.000000000000000000, -1.000000000000000000 ) ) ;
#85 = DIRECTION ( 'NONE',  ( 1.000000000000000000, 0.000000000000000000, 0.000000000000000000 ) ) ;
#86 = ORIENTED_EDGE ( 'NONE', *, *, #2734, .T. ) ;
#87 = DIRECTION ( 'NONE',  ( 0.000000000000000000, 0.000000000000000000, 1.000000000000000000 ) ) ;
#88 = DIRECTION ( 'NONE',  ( 1.000000000000000000, 1.387778780781446464E-15, 0.000000000000000000 ) ) ;
#89 = EDGE_CURVE ( 'NONE', #511, #2340, #1851, .T. ) ;
#90 = DIRECTION ( 'NONE',  ( 1.000000000000000000, 0.000000000000000000, 0.000000000000000000 ) ) ;
#91 = VERTEX_POINT ( 'NONE', #1812 ) ;
#92 = DIRECTION ( 'NONE',  ( 0.000000000000000000, 0.000000000000000000, 1.000000000000000000 ) ) ;
#93 = EDGE_LOOP ( 'NONE', ( #1982, #2616 ) ) ;
#94 = DIRECTION ( 'NONE',  ( 1.000000000000000000, 0.000000000000000000, 0.000000000000000000 ) ) ;
#95 = ORIENTED_EDGE ( 'NONE', *, *, #2774, .T. ) ;
#96 = AXIS2_PLACEMENT_3D ( 'NONE', #1409, #1165, #683 ) ;
#97 = DIRECTION ( 'NONE',  ( -1.000000000000000000, 0.000000000000000000, 0.000000000000000000 ) ) ;
#98 = CARTESIAN_POINT ( 'NONE',  ( -16.46496222574226920, 27.02870705156890097, -4.000000000000000000 ) ) ;
#99 = EDGE_CURVE ( 'NONE', #2312, #3325, #1580, .T. ) ;
#100 = LINE ( 'NONE', #3167, #2216 ) ;
#101 = VERTEX_POINT ( 'NONE', #2868 ) ;
#102 = CARTESIAN_POINT ( 'NONE',  ( 16.03503777425773791, -26.97129294843108838, -4.000000000000000000 ) ) ;
#103 = CARTESIAN_POINT ( 'NONE',  ( -7.714959791634052877, -11.83278339979662874, 3.292323440001584611 ) ) ;
#104 = EDGE_CURVE ( 'NONE', #2076, #2281, #2597, .T. ) ;
#105 = DIRECTION ( 'NONE',  ( 1.000000000000000000, 2.135044278125326586E-15, 0.000000000000000000 ) ) ;
#106 = CARTESIAN_POINT ( 'NONE',  ( 17.53503777425773080, 26.27870705156888320, -4.000000000000000000 ) ) ;
#107 = ORIENTED_EDGE ( 'NONE', *, *, #2845, .F. ) ;
#108 = CARTESIAN_POINT ( 'NONE',  ( -7.712636549863114944E-15, 28.52870705156890452, -2.500000000000000000 ) ) ;
#109 = ORIENTED_EDGE ( 'NONE', *, *, #1718, .F. ) ;
#110 = LINE ( 'NONE', #399, #1128 ) ;
#111 = ORIENTED_EDGE ( 'NONE', *, *, #508, .T. ) ;
#112 = DIRECTION ( 'NONE',  ( -1.000000000000000000, 0.000000000000000000, 0.000000000000000000 ) ) ;
#113 = DIRECTION ( 'NONE',  ( -1.000000000000000000, 0.000000000000000000, 0.000000000000000000 ) ) ;
#114 = FACE_OUTER_BOUND ( 'NONE', #200, .T. ) ;
#115 = VERTEX_POINT ( 'NONE', #2003 ) ;
#116 = PLANE ( 'NONE',  #1740 ) ;
#117 = CARTESIAN_POINT ( 'NONE',  ( -17.96496222574225854, -26.97129294843108838, -2.500000000000000000 ) ) ;
#118 = DIRECTION ( 'NONE',  ( 0.000000000000000000, 0.000000000000000000, 1.000000000000000000 ) ) ;
#119 = AXIS2_PLACEMENT_3D ( 'NONE', #1149, #2132, #360 ) ;
#120 = ADVANCED_FACE ( 'NONE', ( #310 ), #1752, .F. ) ;
#121 = CARTESIAN_POINT ( 'NONE',  ( -16.46496222574226920, 28.52870705156889741, -4.000000000000000000 ) ) ;
#122 = AXIS2_PLACEMENT_3D ( 'NONE', #1900, #1664, #1152 ) ;
#123 = ORIENTED_EDGE ( 'NONE', *, *, #800, .F. ) ;
#124 = AXIS2_PLACEMENT_3D ( 'NONE', #993, #1022, #1800 ) ;
#125 = CARTESIAN_POINT ( 'NONE',  ( 7.453037774257734505, -25.62529294843109540, -2.500000000000000000 ) ) ;
#126 = AXIS2_PLACEMENT_3D ( 'NONE', #854, #3103, #1309 ) ;
#127 = ORIENTED_EDGE ( 'NONE', *, *, #2160, .T. ) ;
#128 = CARTESIAN_POINT ( 'NONE',  ( -16.21496222574229762, 25.27870705156888320, -2.500000000000000000 ) ) ;
#129 = ADVANCED_FACE ( 'NONE', ( #525 ), #3120, .F. ) ;
#130 = DIRECTION ( 'NONE',  ( -0.000000000000000000, 0.000000000000000000, 1.000000000000000000 ) ) ;
#131 = VECTOR ( 'NONE', #1636, 1000.000000000000000 ) ;
#132 = CIRCLE ( 'NONE', #2912, 3.000000000000000888 ) ;
#133 = DIRECTION ( 'NONE',  ( 1.734723475976807094E-16, -1.000000000000000000, 0.000000000000000000 ) ) ;
#134 = ORIENTED_EDGE ( 'NONE', *, *, #2296, .F. ) ;
#135 = CARTESIAN_POINT ( 'NONE',  ( -16.21496222574229051, -19.72129294843107417, -2.500000000000000000 ) ) ;
#136 = CARTESIAN_POINT ( 'NONE',  ( -16.21496222574229762, 22.52870705156888675, 3.000000000000001776 ) ) ;
#137 = EDGE_CURVE ( 'NONE', #1746, #1259, #1932, .T. ) ;
#138 = DIRECTION ( 'NONE',  ( 1.000000000000000000, 0.000000000000000000, 0.000000000000000000 ) ) ;
#139 = CARTESIAN_POINT ( 'NONE',  ( -13.88296222574226668, -25.62529294843109184, -2.500000000000000000 ) ) ;
#140 = ORIENTED_EDGE ( 'NONE', *, *, #1171, .F. ) ;
#141 = CARTESIAN_POINT ( 'NONE',  ( 15.78503777425770060, 22.52870705156892583, -3.000000000000002665 ) ) ;
#142 = EDGE_CURVE ( 'NONE', #1637, #1746, #2427, .T. ) ;
#143 = ORIENTED_EDGE ( 'NONE', *, *, #1092, .T. ) ;
#144 = DIRECTION ( 'NONE',  ( -1.000000000000000000, 0.000000000000000000, -0.000000000000000000 ) ) ;
#145 = DIRECTION ( 'NONE',  ( 0.000000000000000000, 0.000000000000000000, -1.000000000000000000 ) ) ;
#146 = CARTESIAN_POINT ( 'NONE',  ( -11.83179519312905370, 28.52870705156890097, 0.000000000000000000 ) ) ;
#147 = VERTEX_POINT ( 'NONE', #594 ) ;
#148 = DIRECTION ( 'NONE',  ( 2.135044278125326586E-15, 1.000000000000000000, -0.000000000000000000 ) ) ;
#149 = CARTESIAN_POINT ( 'NONE',  ( 17.53503777425773791, -18.72129294843107772, -2.500000000000000000 ) ) ;
#150 = CARTESIAN_POINT ( 'NONE',  ( -16.21496222574226564, -22.47129294843110969, -4.002000000000000668 ) ) ;
#151 = AXIS2_PLACEMENT_3D ( 'NONE', #1577, #2827, #537 ) ;
#152 = DIRECTION ( 'NONE',  ( -0.000000000000000000, -0.000000000000000000, -1.000000000000000000 ) ) ;
#153 = ORIENTED_EDGE ( 'NONE', *, *, #1595, .F. ) ;
#154 = DIRECTION ( 'NONE',  ( 0.000000000000000000, 0.000000000000000000, 1.000000000000000000 ) ) ;
#155 = VECTOR ( 'NONE', #1280, 1000.000000000000000 ) ;
#156 = EDGE_LOOP ( 'NONE', ( #2029, #1893, #1827, #2259 ) ) ;
#157 = FACE_BOUND ( 'NONE', #2600, .T. ) ;
#158 = EDGE_CURVE ( 'NONE', #2026, #413, #609, .T. ) ;
#159 = DIRECTION ( 'NONE',  ( -0.000000000000000000, -0.000000000000000000, 1.000000000000000000 ) ) ;
#160 = EDGE_CURVE ( 'NONE', #778, #1704, #394, .T. ) ;
#161 = AXIS2_PLACEMENT_3D ( 'NONE', #102, #2398, #1132 ) ;
#162 = CARTESIAN_POINT ( 'NONE',  ( -16.46496222574226920, 27.02870705156890097, -2.500000000000000000 ) ) ;
#163 = ORIENTED_EDGE ( 'NONE', *, *, #2160, .F. ) ;
#164 = CARTESIAN_POINT ( 'NONE',  ( 17.53503777425773791, -18.72129294843107772, -4.000000000000000000 ) ) ;
#165 = DIRECTION ( 'NONE',  ( 0.000000000000000000, 0.000000000000000000, 1.000000000000000000 ) ) ;
#166 = EDGE_CURVE ( 'NONE', #2729, #1882, #1729, .T. ) ;
#167 = ORIENTED_EDGE ( 'NONE', *, *, #2649, .T. ) ;
#168 = DIRECTION ( 'NONE',  ( -0.000000000000000000, -0.000000000000000000, 1.000000000000000000 ) ) ;
#169 = EDGE_CURVE ( 'NONE', #2338, #3273, #2404, .T. ) ;
#170 = CYLINDRICAL_SURFACE ( 'NONE', #2790, 3.000000000000000888 ) ;
#171 = ORIENTED_EDGE ( 'NONE', *, *, #1051, .T. ) ;
#172 = DIRECTION ( 'NONE',  ( 1.000000000000000000, 0.000000000000000000, 0.000000000000000000 ) ) ;
#173 = CIRCLE ( 'NONE', #1037, 1.000000000000000888 ) ;
#174 = PRODUCT_DEFINITION_CONTEXT ( 'detailed design', #183, 'design' ) ;
#175 = EDGE_LOOP ( 'NONE', ( #1999, #716, #2336, #323 ) ) ;
#176 = LINE ( 'NONE', #2972, #236 ) ;
#177 = LINE ( 'NONE', #941, #179 ) ;
#178 = EDGE_CURVE ( 'NONE', #558, #2348, #2788, .T. ) ;
#179 = VECTOR ( 'NONE', #145, 1000.000000000000000 ) ;
#180 = DIRECTION ( 'NONE',  ( -1.000000000000000000, -2.135044278125331319E-15, 0.000000000000000000 ) ) ;
#181 = ORIENTED_EDGE ( 'NONE', *, *, #2371, .F. ) ;
#182 = CIRCLE ( 'NONE', #2051, 1.000000000000000888 ) ;
#183 = APPLICATION_CONTEXT ( 'automotive_design' ) ;
#184 = CARTESIAN_POINT ( 'NONE',  ( -16.21496222574229762, 25.27870705156888320, -4.002000000000000668 ) ) ;
#185 = CARTESIAN_POINT ( 'NONE',  ( -19.46496222574226920, 30.02870705156890097, -3.499999999999999556 ) ) ;
#186 = ORIENTED_EDGE ( 'NONE', *, *, #1273, .F. ) ;
#187 = PLANE ( 'NONE',  #1775 ) ;
#188 = ADVANCED_FACE ( 'NONE', ( #3190 ), #1120, .T. ) ;
#189 = FACE_OUTER_BOUND ( 'NONE', #3024, .T. ) ;
#190 = ORIENTED_EDGE ( 'NONE', *, *, #3233, .T. ) ;
#191 = VERTEX_POINT ( 'NONE', #651 ) ;
#192 = CYLINDRICAL_SURFACE ( 'NONE', #1778, 0.9500000000000029532 ) ;
#193 = DIRECTION ( 'NONE',  ( 0.000000000000000000, 0.000000000000000000, -1.000000000000000000 ) ) ;
#194 = DIRECTION ( 'NONE',  ( 1.000000000000000000, 0.000000000000000000, 0.000000000000000000 ) ) ;
#195 = EDGE_LOOP ( 'NONE', ( #1994, #2867, #29, #803 ) ) ;
#196 = EDGE_CURVE ( 'NONE', #3275, #2264, #1776, .T. ) ;
#197 = CARTESIAN_POINT ( 'NONE',  ( 16.53503777425773436, 18.77870705156889031, -2.500000000000000000 ) ) ;
#198 = CARTESIAN_POINT ( 'NONE',  ( 7.285040208365947123, -28.47129294843108482, -0.3076765599984150334 ) ) ;
#199 = CARTESIAN_POINT ( 'NONE',  ( 13.45303777425773539, -25.62529294843109540, 0.000000000000000000 ) ) ;
#200 = EDGE_LOOP ( 'NONE', ( #623, #240, #507, #2596 ) ) ;
#201 = CARTESIAN_POINT ( 'NONE',  ( -14.71496222574226387, -22.47129294843110969, 3.292323440001584611 ) ) ;
#202 = VECTOR ( 'NONE', #696, 1000.000000000000000 ) ;
#203 = EDGE_CURVE ( 'NONE', #1790, #2742, #342, .T. ) ;
#204 = EDGE_CURVE ( 'NONE', #1581, #1781, #173, .T. ) ;
#205 = VERTEX_POINT ( 'NONE', #2181 ) ;
#206 = FACE_OUTER_BOUND ( 'NONE', #3112, .T. ) ;
#207 = AXIS2_PLACEMENT_3D ( 'NONE', #1434, #2954, #172 ) ;
#208 = EDGE_LOOP ( 'NONE', ( #1650, #447, #1983, #1020 ) ) ;
#209 = VECTOR ( 'NONE', #2033, 1000.000000000000000 ) ;
#210 = DIRECTION ( 'NONE',  ( -2.409338161078898687E-16, 0.000000000000000000, 1.000000000000000000 ) ) ;
#211 = ORIENTED_EDGE ( 'NONE', *, *, #2561, .F. ) ;
#212 = LINE ( 'NONE', #2807, #817 ) ;
#213 = FACE_OUTER_BOUND ( 'NONE', #2718, .T. ) ;
#214 = CARTESIAN_POINT ( 'NONE',  ( 15.78503777425770060, 22.52870705156892583, 3.292323440001584611 ) ) ;
#215 = ORIENTED_EDGE ( 'NONE', *, *, #1193, .F. ) ;
#216 = LINE ( 'NONE', #2009, #382 ) ;
#217 = EDGE_LOOP ( 'NONE', ( #831, #3133, #1990, #2953 ) ) ;
#218 = AXIS2_PLACEMENT_3D ( 'NONE', #2147, #2918, #633 ) ;
#219 = AXIS2_PLACEMENT_3D ( 'NONE', #2679, #2493, #2932 ) ;
#220 = DIRECTION ( 'NONE',  ( 1.000000000000000000, 0.000000000000000000, 0.000000000000000000 ) ) ;
#221 = VERTEX_POINT ( 'NONE', #345 ) ;
#222 = CARTESIAN_POINT ( 'NONE',  ( 15.78503777425775390, -19.72129294843107417, -4.002000000000000668 ) ) ;
#223 = AXIS2_PLACEMENT_3D ( 'NONE', #1323, #2753, #1985 ) ;
#224 = DIRECTION ( 'NONE',  ( -0.000000000000000000, -0.000000000000000000, 1.000000000000000000 ) ) ;
#225 = AXIS2_PLACEMENT_3D ( 'NONE', #794, #272, #968 ) ;
#226 = EDGE_LOOP ( 'NONE', ( #3147, #1980 ) ) ;
#227 = LINE ( 'NONE', #3262, #1875 ) ;
#228 = DIRECTION ( 'NONE',  ( 1.000000000000000000, 0.000000000000000000, 0.000000000000000000 ) ) ;
#229 = AXIS2_PLACEMENT_3D ( 'NONE', #1539, #2787, #516 ) ;
#230 = AXIS2_PLACEMENT_3D ( 'NONE', #909, #1671, #2428 ) ;
#231 = CIRCLE ( 'NONE', #1469, 2.999999999999999112 ) ;
#232 = CARTESIAN_POINT ( 'NONE',  ( 14.28503777425773436, -22.47129294843107417, 3.000000000000001776 ) ) ;
#233 = ORIENTED_EDGE ( 'NONE', *, *, #137, .F. ) ;
#234 = DIRECTION ( 'NONE',  ( 0.000000000000000000, 0.000000000000000000, 1.000000000000000000 ) ) ;
#235 = FACE_OUTER_BOUND ( 'NONE', #726, .T. ) ;
#236 = VECTOR ( 'NONE', #955, 1000.000000000000000 ) ;
#237 = VERTEX_POINT ( 'NONE', #1416 ) ;
#238 = EDGE_CURVE ( 'NONE', #982, #3000, #1890, .T. ) ;
#239 = UNCERTAINTY_MEASURE_WITH_UNIT (LENGTH_MEASURE( 1.000000000000000082E-05 ), #2169, 'distance_accuracy_value', 'NONE');
#240 = ORIENTED_EDGE ( 'NONE', *, *, #3059, .F. ) ;
#241 = DIRECTION ( 'NONE',  ( -0.000000000000000000, -0.000000000000000000, -1.000000000000000000 ) ) ;
#242 = VERTEX_POINT ( 'NONE', #1102 ) ;
#243 = DIRECTION ( 'NONE',  ( 0.000000000000000000, -0.000000000000000000, 1.000000000000000000 ) ) ;
#244 = AXIS2_PLACEMENT_3D ( 'NONE', #1458, #2481, #2712 ) ;
#245 = EDGE_CURVE ( 'NONE', #595, #2871, #3003, .T. ) ;
#246 = VERTEX_POINT ( 'NONE', #2387 ) ;
#247 = DIRECTION ( 'NONE',  ( 0.000000000000000000, 0.000000000000000000, -1.000000000000000000 ) ) ;
#248 = DIRECTION ( 'NONE',  ( -1.000000000000000000, 0.000000000000000000, 0.000000000000000000 ) ) ;
#249 = DIRECTION ( 'NONE',  ( -1.000000000000000000, 0.000000000000000000, 0.000000000000000000 ) ) ;
#250 = ORIENTED_EDGE ( 'NONE', *, *, #1699, .T. ) ;
#251 = DIRECTION ( 'NONE',  ( 0.000000000000000000, 0.000000000000000000, 1.000000000000000000 ) ) ;
#252 = CARTESIAN_POINT ( 'NONE',  ( -16.96496222574226920, 25.27870705156888320, -4.002000000000000668 ) ) ;
#253 = AXIS2_PLACEMENT_3D ( 'NONE', #1459, #2436, #3199 ) ;
#254 = ORIENTED_EDGE ( 'NONE', *, *, #158, .F. ) ;
#255 = ORIENTED_EDGE ( 'NONE', *, *, #488, .T. ) ;
#256 = LINE ( 'NONE', #1054, #1045 ) ;
#257 = ORIENTED_EDGE ( 'NONE', *, *, #3059, .T. ) ;
#258 = LINE ( 'NONE', #1472, #3285 ) ;
#259 = AXIS2_PLACEMENT_3D ( 'NONE', #1200, #154, #1183 ) ;
#260 = EDGE_CURVE ( 'NONE', #1373, #2004, #1379, .T. ) ;
#261 = ORIENTED_EDGE ( 'NONE', *, *, #3163, .T. ) ;
#262 = DIRECTION ( 'NONE',  ( 1.000000000000000000, 0.000000000000000000, 0.000000000000000000 ) ) ;
#263 = DIRECTION ( 'NONE',  ( -0.000000000000000000, -0.000000000000000000, 1.000000000000000000 ) ) ;
#264 = ADVANCED_FACE ( 'NONE', ( #887 ), #634, .F. ) ;
#265 = DIRECTION ( 'NONE',  ( -0.000000000000000000, 0.000000000000000000, 1.000000000000000000 ) ) ;
#266 = ORIENTED_EDGE ( 'NONE', *, *, #591, .T. ) ;
#267 = DIRECTION ( 'NONE',  ( 0.000000000000000000, 0.000000000000000000, 1.000000000000000000 ) ) ;
#268 = CARTESIAN_POINT ( 'NONE',  ( 10.45303777425773362, 25.68270705156890443, 0.000000000000000000 ) ) ;
#269 = EDGE_CURVE ( 'NONE', #2182, #1986, #2667, .T. ) ;
#270 = ORIENTED_EDGE ( 'NONE', *, *, #2252, .F. ) ;
#271 = CARTESIAN_POINT ( 'NONE',  ( 13.45303777425773539, 25.68270705156890443, 0.000000000000000000 ) ) ;
#272 = DIRECTION ( 'NONE',  ( 0.000000000000000000, -0.000000000000000000, -1.000000000000000000 ) ) ;
#273 = ORIENTED_EDGE ( 'NONE', *, *, #1850, .F. ) ;
#274 = LINE ( 'NONE', #19, #1300 ) ;
#275 = EDGE_LOOP ( 'NONE', ( #2053, #3293, #1261, #2829 ) ) ;
#276 = FACE_OUTER_BOUND ( 'NONE', #2854, .T. ) ;
#277 = AXIS2_PLACEMENT_3D ( 'NONE', #2613, #2419, #2899 ) ;
#278 = ORIENTED_EDGE ( 'NONE', *, *, #2943, .F. ) ;
#279 = DIRECTION ( 'NONE',  ( 1.734723475976807094E-16, -1.000000000000000000, 0.000000000000000000 ) ) ;
#280 = PLANE ( 'NONE',  #2212 ) ;
#281 = EDGE_CURVE ( 'NONE', #668, #1654, #2420, .T. ) ;
#282 = CIRCLE ( 'NONE', #223, 2.999999999999999112 ) ;
#283 = LINE ( 'NONE', #2142, #2643 ) ;
#284 = ORIENTED_EDGE ( 'NONE', *, *, #1245, .T. ) ;
#285 = CARTESIAN_POINT ( 'NONE',  ( -16.21496222574226564, -22.47129294843110969, -3.000000000000002665 ) ) ;
#286 = LINE ( 'NONE', #2075, #2138 ) ;
#287 = VECTOR ( 'NONE', #603, 1000.000000000000000 ) ;
#288 = ADVANCED_FACE ( 'NONE', ( #2936, #503 ), #518, .F. ) ;
#289 = ORIENTED_EDGE ( 'NONE', *, *, #639, .F. ) ;
#290 = CIRCLE ( 'NONE', #937, 0.9500000000000029532 ) ;
#291 = DIRECTION ( 'NONE',  ( 0.000000000000000000, 0.000000000000000000, -1.000000000000000000 ) ) ;
#292 = ORIENTED_EDGE ( 'NONE', *, *, #1431, .T. ) ;
#293 = DIRECTION ( 'NONE',  ( -0.000000000000000000, -0.000000000000000000, -1.000000000000000000 ) ) ;
#294 = ORIENTED_EDGE ( 'NONE', *, *, #388, .F. ) ;
#295 = LINE ( 'NONE', #1311, #801 ) ;
#296 = AXIS2_PLACEMENT_3D ( 'NONE', #1106, #2601, #94 ) ;
#297 = CIRCLE ( 'NONE', #729, 2.749999999999995559 ) ;
#298 = AXIS2_PLACEMENT_3D ( 'NONE', #682, #148, #898 ) ;
#299 = ORIENTED_EDGE ( 'NONE', *, *, #2290, .F. ) ;
#300 = DIRECTION ( 'NONE',  ( -0.000000000000000000, -0.000000000000000000, -1.000000000000000000 ) ) ;
#301 = CARTESIAN_POINT ( 'NONE',  ( -11.83179519312906436, -28.47129294843108482, -2.500000000000000000 ) ) ;
#302 = EDGE_CURVE ( 'NONE', #1644, #82, #1745, .T. ) ;
#303 = DIRECTION ( 'NONE',  ( -0.000000000000000000, -0.000000000000000000, -1.000000000000000000 ) ) ;
#304 = VERTEX_POINT ( 'NONE', #1556 ) ;
#305 = CARTESIAN_POINT ( 'NONE',  ( 15.78503777425773613, -22.47129294843107417, 3.000000000000001776 ) ) ;
#306 = LINE ( 'NONE', #2773, #586 ) ;
#307 = ADVANCED_FACE ( 'NONE', ( #470 ), #2556, .T. ) ;
#308 = VERTEX_POINT ( 'NONE', #232 ) ;
#309 = AXIS2_PLACEMENT_3D ( 'NONE', #2088, #1640, #821 ) ;
#310 = FACE_OUTER_BOUND ( 'NONE', #2547, .T. ) ;
#311 = ORIENTED_EDGE ( 'NONE', *, *, #2701, .F. ) ;
#312 = FACE_OUTER_BOUND ( 'NONE', #2791, .T. ) ;
#313 = ORIENTED_EDGE ( 'NONE', *, *, #728, .F. ) ;
#314 = DIRECTION ( 'NONE',  ( -0.000000000000000000, -0.000000000000000000, -1.000000000000000000 ) ) ;
#315 = ADVANCED_FACE ( 'NONE', ( #1254 ), #1494, .F. ) ;
#316 = ORIENTED_EDGE ( 'NONE', *, *, #260, .F. ) ;
#317 = FACE_OUTER_BOUND ( 'NONE', #2562, .T. ) ;
#318 = EDGE_CURVE ( 'NONE', #1452, #2021, #132, .T. ) ;
#319 = CARTESIAN_POINT ( 'NONE',  ( -9.932962225742267393, 25.68270705156890443, 0.000000000000000000 ) ) ;
#320 = EDGE_CURVE ( 'NONE', #2806, #2388, #1046, .T. ) ;
#321 = CIRCLE ( 'NONE', #1444, 1.500000000000001332 ) ;
#322 = CYLINDRICAL_SURFACE ( 'NONE', #502, 0.9499999999999995115 ) ;
#323 = ORIENTED_EDGE ( 'NONE', *, *, #1425, .F. ) ;
#324 = CARTESIAN_POINT ( 'NONE',  ( -16.96496222574226564, 26.27870705156888320, -2.500000000000000000 ) ) ;
#325 = CARTESIAN_POINT ( 'NONE',  ( 15.78503777425773613, -22.47129294843107417, 3.292323440001584611 ) ) ;
#326 = DIRECTION ( 'NONE',  ( 0.000000000000000000, 0.000000000000000000, 1.000000000000000000 ) ) ;
#327 = ORIENTED_EDGE ( 'NONE', *, *, #2676, .T. ) ;
#328 = VECTOR ( 'NONE', #2515, 1000.000000000000000 ) ;
#329 = ADVANCED_FACE ( 'NONE', ( #3040 ), #2823, .T. ) ;
#330 = DIRECTION ( 'NONE',  ( -0.000000000000000000, -0.000000000000000000, -1.000000000000000000 ) ) ;
#331 = EDGE_LOOP ( 'NONE', ( #2445, #2036, #1835, #1688 ) ) ;
#332 = CARTESIAN_POINT ( 'NONE',  ( 7.453037774257734505, -25.62529294843109540, 0.000000000000000000 ) ) ;
#333 = ORIENTED_EDGE ( 'NONE', *, *, #2206, .F. ) ;
#334 = DIRECTION ( 'NONE',  ( 1.156482317317871971E-16, -1.000000000000000000, 0.000000000000000000 ) ) ;
#335 = ORIENTED_EDGE ( 'NONE', *, *, #1733, .T. ) ;
#336 = LINE ( 'NONE', #2069, #1811 ) ;
#337 = CARTESIAN_POINT ( 'NONE',  ( -16.21496222574226564, -22.47129294843110969, 3.000000000000001776 ) ) ;
#338 = DIRECTION ( 'NONE',  ( 0.000000000000000000, 0.000000000000000000, 1.000000000000000000 ) ) ;
#339 = ORIENTED_EDGE ( 'NONE', *, *, #3208, .F. ) ;
#340 = DIRECTION ( 'NONE',  ( -1.000000000000000000, -1.156482317317871971E-16, 0.000000000000000000 ) ) ;
#341 = CARTESIAN_POINT ( 'NONE',  ( 7.285040208365947123, -11.83278339979662874, -0.3076765599984150334 ) ) ;
#342 = CIRCLE ( 'NONE', #980, 1.000000000000000888 ) ;
#343 = LINE ( 'NONE', #849, #604 ) ;
#344 = AXIS2_PLACEMENT_3D ( 'NONE', #2463, #2675, #1971 ) ;
#345 = CARTESIAN_POINT ( 'NONE',  ( -7.714959791634051989, -29.97129294843108838, -0.3076765599984150334 ) ) ;
#346 = ADVANCED_FACE ( 'NONE', ( #1989 ), #1687, .T. ) ;
#347 = VECTOR ( 'NONE', #2847, 1000.000000000000000 ) ;
#348 = VERTEX_POINT ( 'NONE', #2057 ) ;
#349 = CARTESIAN_POINT ( 'NONE',  ( -16.96496222574226209, -25.22129294843106706, -2.500000000000000000 ) ) ;
#350 = ORIENTED_EDGE ( 'NONE', *, *, #866, .F. ) ;
#351 = CARTESIAN_POINT ( 'NONE',  ( -7.714959791634052877, -29.97129294843108838, 3.292323440001584611 ) ) ;
#352 = EDGE_LOOP ( 'NONE', ( #3209, #535, #1159, #3322 ) ) ;
#353 = DIRECTION ( 'NONE',  ( 1.000000000000000000, 0.000000000000000000, 0.000000000000000000 ) ) ;
#354 = DIRECTION ( 'NONE',  ( -0.000000000000000000, -0.000000000000000000, -1.000000000000000000 ) ) ;
#355 = EDGE_CURVE ( 'NONE', #1000, #2150, #1251, .T. ) ;
#356 = DIRECTION ( 'NONE',  ( 1.000000000000000000, 0.000000000000000000, 0.000000000000000000 ) ) ;
#357 = ORIENTED_EDGE ( 'NONE', *, *, #1185, .T. ) ;
#358 = CARTESIAN_POINT ( 'NONE',  ( -16.96496222574225854, -26.22129294843106706, -2.500000000000000000 ) ) ;
#359 = FACE_OUTER_BOUND ( 'NONE', #2925, .T. ) ;
#360 = DIRECTION ( 'NONE',  ( 1.000000000000000000, 0.000000000000000000, 0.000000000000000000 ) ) ;
#361 = CARTESIAN_POINT ( 'NONE',  ( 16.53503777425774146, -26.22129294843106706, -2.500000000000000000 ) ) ;
#362 = ORIENTED_EDGE ( 'NONE', *, *, #1850, .T. ) ;
#363 = LINE ( 'NONE', #562, #2850 ) ;
#364 = ORIENTED_EDGE ( 'NONE', *, *, #3039, .T. ) ;
#365 = DIRECTION ( 'NONE',  ( -0.000000000000000000, -0.000000000000000000, 1.000000000000000000 ) ) ;
#366 = VERTEX_POINT ( 'NONE', #1236 ) ;
#367 = VECTOR ( 'NONE', #647, 1000.000000000000000 ) ;
#368 = CARTESIAN_POINT ( 'NONE',  ( 0.000000000000000000, -28.47129294843108482, -2.500000000000000000 ) ) ;
#369 = CARTESIAN_POINT ( 'NONE',  ( -17.71496222574226564, -22.47129294843110969, 3.000000000000001776 ) ) ;
#370 = EDGE_CURVE ( 'NONE', #2557, #1068, #2322, .T. ) ;
#371 = DIRECTION ( 'NONE',  ( 1.000000000000000000, 0.000000000000000000, 0.000000000000000000 ) ) ;
#372 = ORIENTED_EDGE ( 'NONE', *, *, #281, .T. ) ;
#373 = CARTESIAN_POINT ( 'NONE',  ( -16.21496222574229762, 22.52870705156889031, -2.500000000000000000 ) ) ;
#374 = DIRECTION ( 'NONE',  ( -0.000000000000000000, 0.000000000000000000, 1.000000000000000000 ) ) ;
#375 = CIRCLE ( 'NONE', #700, 1.000000000000000888 ) ;
#376 = DIRECTION ( 'NONE',  ( 1.000000000000000000, 0.000000000000000000, 0.000000000000000000 ) ) ;
#377 = EDGE_CURVE ( 'NONE', #919, #1563, #1525, .T. ) ;
#378 = CARTESIAN_POINT ( 'NONE',  ( 16.73503777425774075, -22.47129294843107417, -3.000000000000002665 ) ) ;
#379 = CARTESIAN_POINT ( 'NONE',  ( -16.46496222574226209, -29.97129294843108838, -3.499999999999999556 ) ) ;
#380 = ORIENTED_EDGE ( 'NONE', *, *, #1913, .T. ) ;
#381 = DIRECTION ( 'NONE',  ( 0.000000000000000000, 0.000000000000000000, 1.000000000000000000 ) ) ;
#382 = VECTOR ( 'NONE', #3029, 1000.000000000000000 ) ;
#383 = ORIENTED_EDGE ( 'NONE', *, *, #3138, .T. ) ;
#384 = CARTESIAN_POINT ( 'NONE',  ( 9.504204806870928834, -28.47129294843108482, -2.500000000000000000 ) ) ;
#385 = CARTESIAN_POINT ( 'NONE',  ( 10.45303777425773362, 25.68270705156890443, -2.500000000000000000 ) ) ;
#386 = CARTESIAN_POINT ( 'NONE',  ( 17.53503777425773080, 30.02870705156891162, -2.500000000000000000 ) ) ;
#387 = EDGE_LOOP ( 'NONE', ( #3181, #1195, #545, #578 ) ) ;
#388 = EDGE_CURVE ( 'NONE', #3012, #558, #741, .T. ) ;
#389 = SURFACE_STYLE_USAGE ( .BOTH. , #1960 ) ;
#390 = LINE ( 'NONE', #2609, #367 ) ;
#391 = CIRCLE ( 'NONE', #929, 1.000000000000000888 ) ;
#392 = CYLINDRICAL_SURFACE ( 'NONE', #2041, 0.9499999999999995115 ) ;
#393 = VECTOR ( 'NONE', #326, 1000.000000000000000 ) ;
#394 = LINE ( 'NONE', #613, #2479 ) ;
#395 = VECTOR ( 'NONE', #3100, 1000.000000000000000 ) ;
#396 =( NAMED_UNIT ( * ) PLANE_ANGLE_UNIT ( ) SI_UNIT ( $, .RADIAN. ) );
#397 = VERTEX_POINT ( 'NONE', #1771 ) ;
#398 = AXIS2_PLACEMENT_3D ( 'NONE', #956, #2491, #3257 ) ;
#399 = CARTESIAN_POINT ( 'NONE',  ( -19.46496222574226209, -28.47129294843108482, 0.000000000000000000 ) ) ;
#400 = AXIS2_PLACEMENT_3D ( 'NONE', #2389, #92, #1085 ) ;
#401 = AXIS2_PLACEMENT_3D ( 'NONE', #879, #1588, #85 ) ;
#402 = VERTEX_POINT ( 'NONE', #2258 ) ;
#403 = CARTESIAN_POINT ( 'NONE',  ( 16.53503777425773436, 19.77870705156889031, -4.002000000000000668 ) ) ;
#404 = CARTESIAN_POINT ( 'NONE',  ( -16.46496222574226209, -29.47129294843108838, -4.000000000000000000 ) ) ;
#405 = CARTESIAN_POINT ( 'NONE',  ( 10.45303777425773362, -25.62529294843109540, 0.000000000000000000 ) ) ;
#406 = ORIENTED_EDGE ( 'NONE', *, *, #1699, .F. ) ;
#407 = FILL_AREA_STYLE_COLOUR ( '', #3271 ) ;
#408 = DIRECTION ( 'NONE',  ( 1.000000000000000000, 0.000000000000000000, 0.000000000000000000 ) ) ;
#409 = CYLINDRICAL_SURFACE ( 'NONE', #3057, 2.749999999999995559 ) ;
#410 = CARTESIAN_POINT ( 'NONE',  ( -16.46496222574226209, -26.97129294843108838, 3.292323440001584611 ) ) ;
#411 = EDGE_CURVE ( 'NONE', #1310, #1452, #2276, .T. ) ;
#412 = DIRECTION ( 'NONE',  ( 0.000000000000000000, -0.000000000000000000, -1.000000000000000000 ) ) ;
#413 = VERTEX_POINT ( 'NONE', #2035 ) ;
#414 = CARTESIAN_POINT ( 'NONE',  ( 11.40303777425773468, 25.68270705156890443, 0.000000000000000000 ) ) ;
#415 = ADVANCED_FACE ( 'NONE', ( #785 ), #1508, .F. ) ;
#416 = AXIS2_PLACEMENT_3D ( 'NONE', #2838, #2341, #1604 ) ;
#417 = EDGE_LOOP ( 'NONE', ( #2170, #2015, #807, #2522 ) ) ;
#418 = FACE_BOUND ( 'NONE', #3020, .T. ) ;
#419 = DIRECTION ( 'NONE',  ( -1.000000000000000000, 0.000000000000000000, 0.000000000000000000 ) ) ;
#420 = CONICAL_SURFACE ( 'NONE', #957, 2.499999999999998668, 0.7853981633974491672 ) ;
#421 = ADVANCED_FACE ( 'NONE', ( #755, #3300 ), #2291, .F. ) ;
#422 = CARTESIAN_POINT ( 'NONE',  ( -16.46496222574226209, -29.97129294843108838, -4.000000000000000000 ) ) ;
#423 = ORIENTED_EDGE ( 'NONE', *, *, #1158, .F. ) ;
#424 = EDGE_CURVE ( 'NONE', #3273, #2281, #2965, .T. ) ;
#425 = PLANE ( 'NONE',  #2444 ) ;
#426 = LINE ( 'NONE', #1988, #202 ) ;
#427 = ORIENTED_EDGE ( 'NONE', *, *, #260, .T. ) ;
#428 = CYLINDRICAL_SURFACE ( 'NONE', #810, 0.9500000000000029532 ) ;
#429 = AXIS2_PLACEMENT_3D ( 'NONE', #3079, #744, #1286 ) ;
#430 = CARTESIAN_POINT ( 'NONE',  ( 17.53503777425773080, 30.02870705156891162, 3.292323440001584611 ) ) ;
#431 = VERTEX_POINT ( 'NONE', #2072 ) ;
#432 = CARTESIAN_POINT ( 'NONE',  ( 16.53503777425773436, 18.77870705156889031, 3.292323440001584611 ) ) ;
#433 = EDGE_CURVE ( 'NONE', #734, #1700, #3067, .T. ) ;
#434 = AXIS2_PLACEMENT_3D ( 'NONE', #2255, #2554, #262 ) ;
#435 = ORIENTED_EDGE ( 'NONE', *, *, #2502, .T. ) ;
#436 = CARTESIAN_POINT ( 'NONE',  ( 15.78503777425770060, 22.52870705156892583, 3.000000000000001776 ) ) ;
#437 = CARTESIAN_POINT ( 'NONE',  ( -10.88296222574226668, 25.68270705156890443, -2.500000000000000000 ) ) ;
#438 = CIRCLE ( 'NONE', #2302, 1.000000000000000888 ) ;
#439 = CARTESIAN_POINT ( 'NONE',  ( 9.504204806870967914, 28.52870705156890807, -2.500000000000000000 ) ) ;
#440 = ORIENTED_EDGE ( 'NONE', *, *, #945, .T. ) ;
#441 = FACE_OUTER_BOUND ( 'NONE', #550, .T. ) ;
#442 = CARTESIAN_POINT ( 'NONE',  ( -16.21496222574229762, 22.52870705156889031, -3.000000000000002665 ) ) ;
#443 = ORIENTED_EDGE ( 'NONE', *, *, #1540, .T. ) ;
#444 = DIRECTION ( 'NONE',  ( -1.000000000000000000, 0.000000000000000000, 0.000000000000000000 ) ) ;
#445 = AXIS2_PLACEMENT_3D ( 'NONE', #2949, #3236, #1978 ) ;
#446 = PLANE ( 'NONE',  #1350 ) ;
#447 = ORIENTED_EDGE ( 'NONE', *, *, #1464, .T. ) ;
#448 = AXIS2_PLACEMENT_3D ( 'NONE', #1361, #1633, #2702 ) ;
#449 = ORIENTED_EDGE ( 'NONE', *, *, #1962, .F. ) ;
#450 = DIRECTION ( 'NONE',  ( 1.000000000000000000, 0.000000000000000000, 0.000000000000000000 ) ) ;
#451 = CIRCLE ( 'NONE', #71, 3.000000000000000888 ) ;
#452 = VECTOR ( 'NONE', #2414, 1000.000000000000000 ) ;
#453 = VERTEX_POINT ( 'NONE', #1112 ) ;
#454 = CARTESIAN_POINT ( 'NONE',  ( 17.53503777425773080, 26.27870705156888320, -2.500000000000000000 ) ) ;
#455 = AXIS2_PLACEMENT_3D ( 'NONE', #214, #3027, #1789 ) ;
#456 = CARTESIAN_POINT ( 'NONE',  ( 16.73503777425770522, 22.52870705156892583, 3.000000000000001776 ) ) ;
#457 = ADVANCED_FACE ( 'NONE', ( #2396 ), #1077, .T. ) ;
#458 = ORIENTED_EDGE ( 'NONE', *, *, #245, .T. ) ;
#459 = DIRECTION ( 'NONE',  ( -1.000000000000000000, 0.000000000000000000, 0.000000000000000000 ) ) ;
#460 = AXIS2_PLACEMENT_3D ( 'NONE', #816, #2137, #2103 ) ;
#461 = ORIENTED_EDGE ( 'NONE', *, *, #2295, .T. ) ;
#462 = ORIENTED_EDGE ( 'NONE', *, *, #2094, .F. ) ;
#463 = DIRECTION ( 'NONE',  ( 0.000000000000000000, 0.000000000000000000, -1.000000000000000000 ) ) ;
#464 = VERTEX_POINT ( 'NONE', #2625 ) ;
#465 = FACE_OUTER_BOUND ( 'NONE', #2732, .T. ) ;
#466 = ORIENTED_EDGE ( 'NONE', *, *, #1708, .F. ) ;
#467 = PLANE ( 'NONE',  #977 ) ;
#468 = LINE ( 'NONE', #3056, #1571 ) ;
#469 = EDGE_CURVE ( 'NONE', #1030, #2227, #1859, .T. ) ;
#470 = FACE_OUTER_BOUND ( 'NONE', #2064, .T. ) ;
#471 = EDGE_LOOP ( 'NONE', ( #1843, #2766 ) ) ;
#472 = DIRECTION ( 'NONE',  ( -1.000000000000000000, 0.000000000000000000, 0.000000000000000000 ) ) ;
#473 = CIRCLE ( 'NONE', #906, 2.499999999999998668 ) ;
#474 = ORIENTED_EDGE ( 'NONE', *, *, #1241, .F. ) ;
#475 = EDGE_CURVE ( 'NONE', #453, #737, #100, .T. ) ;
#476 = ORIENTED_EDGE ( 'NONE', *, *, #830, .F. ) ;
#477 = CARTESIAN_POINT ( 'NONE',  ( -16.96496222574226564, 26.27870705156888320, -4.002000000000000668 ) ) ;
#478 = EDGE_LOOP ( 'NONE', ( #519, #1737, #752, #2062 ) ) ;
#479 = ORIENTED_EDGE ( 'NONE', *, *, #1179, .F. ) ;
#480 = DIRECTION ( 'NONE',  ( 1.000000000000000000, 0.000000000000000000, 0.000000000000000000 ) ) ;
#481 = CARTESIAN_POINT ( 'NONE',  ( 9.503037774257734327, 25.68270705156890443, 0.000000000000000000 ) ) ;
#482 = ADVANCED_FACE ( 'NONE', ( #2606, #1574 ), #587, .T. ) ;
#483 = CARTESIAN_POINT ( 'NONE',  ( -19.46496222574226920, 30.02870705156890097, 3.292323440001584611 ) ) ;
#484 = ORIENTED_EDGE ( 'NONE', *, *, #2745, .T. ) ;
#485 = DIRECTION ( 'NONE',  ( 0.000000000000000000, 0.000000000000000000, -1.000000000000000000 ) ) ;
#486 = DIRECTION ( 'NONE',  ( -0.000000000000000000, -0.000000000000000000, -1.000000000000000000 ) ) ;
#487 = ORIENTED_EDGE ( 'NONE', *, *, #388, .T. ) ;
#488 = EDGE_CURVE ( 'NONE', #1380, #237, #231, .T. ) ;
#489 = CIRCLE ( 'NONE', #1672, 1.500000000000001332 ) ;
#490 = PRESENTATION_LAYER_ASSIGNMENT (  '', '', ( #1404 ) ) ;
#491 = EDGE_LOOP ( 'NONE', ( #443, #2372, #797, #1583 ) ) ;
#492 = CARTESIAN_POINT ( 'NONE',  ( -13.88296222574226668, 25.68270705156890443, -2.500000000000000000 ) ) ;
#493 = ORIENTED_EDGE ( 'NONE', *, *, #1209, .F. ) ;
#494 = DIRECTION ( 'NONE',  ( 0.000000000000000000, 1.000000000000000000, 0.000000000000000000 ) ) ;
#495 = CLOSED_SHELL ( 'NONE', ( #315, #188, #329, #925, #81, #2125, #1131, #3155, #3270, #875, #601, #3296, #457, #979, #877, #1521, #56, #987, #2682, #1845, #867, #799, #901, #2803, #1658, #57, #1023, #552, #2188, #2172, #764, #120, #1423, #1210, #2061, #2890, #482, #1357, #2157, #1253, #969, #1305, #1914, #1327, #1905, #1387, #3201, #1513, #2512, #2644, #129, #3131, #3304, #1215, #1224, #2228, #2913, #1320, #1593, #24, #2988, #1025, #776, #1474, #2538, #1284, #2884, #1076, #632, #832, #1813, #2022, #3286, #1491, #1503, #2233, #517, #2395, #346, #1004, #1013, #3237, #548, #2637, #1613, #415, #288, #1929, #685, #421, #307, #264, #1663, #2778, #703, #2783, #1943, #2990, #3310, #3135, #3092, #2794, #3048, #1921, #964, #1762, #1535, #2361 ) ) ;
#496 = VECTOR ( 'NONE', #2168, 1000.000000000000000 ) ;
#497 = VERTEX_POINT ( 'NONE', #628 ) ;
#498 = FACE_OUTER_BOUND ( 'NONE', #2537, .T. ) ;
#499 = DIRECTION ( 'NONE',  ( 0.000000000000000000, 0.000000000000000000, -1.000000000000000000 ) ) ;
#500 = VECTOR ( 'NONE', #2839, 1000.000000000000000 ) ;
#501 = VECTOR ( 'NONE', #983, 1000.000000000000114 ) ;
#502 = AXIS2_PLACEMENT_3D ( 'NONE', #3111, #1332, #356 ) ;
#503 = FACE_OUTER_BOUND ( 'NONE', #2043, .T. ) ;
#504 = ORIENTED_EDGE ( 'NONE', *, *, #908, .F. ) ;
#505 = DIRECTION ( 'NONE',  ( -1.000000000000000000, 0.000000000000000000, 0.000000000000000000 ) ) ;
#506 = DIRECTION ( 'NONE',  ( 0.000000000000000000, 0.000000000000000000, 1.000000000000000000 ) ) ;
#507 = ORIENTED_EDGE ( 'NONE', *, *, #672, .T. ) ;
#508 = EDGE_CURVE ( 'NONE', #3036, #3273, #674, .T. ) ;
#509 = ORIENTED_EDGE ( 'NONE', *, *, #2860, .F. ) ;
#510 = PLANE ( 'NONE',  #614 ) ;
#511 = VERTEX_POINT ( 'NONE', #3151 ) ;
#512 = EDGE_CURVE ( 'NONE', #1294, #3073, #283, .T. ) ;
#513 = CARTESIAN_POINT ( 'NONE',  ( -10.88296222574226668, -25.62529294843109184, -2.500000000000000000 ) ) ;
#514 = ORIENTED_EDGE ( 'NONE', *, *, #945, .F. ) ;
#515 = CARTESIAN_POINT ( 'NONE',  ( 19.03503777425773080, 27.02870705156891162, -4.000000000000000000 ) ) ;
#516 = DIRECTION ( 'NONE',  ( 1.000000000000000000, 0.000000000000000000, 0.000000000000000000 ) ) ;
#517 = ADVANCED_FACE ( 'NONE', ( #1876 ), #605, .T. ) ;
#518 = PLANE ( 'NONE',  #3178 ) ;
#519 = ORIENTED_EDGE ( 'NONE', *, *, #2611, .T. ) ;
#520 = DIRECTION ( 'NONE',  ( -1.156482317317871971E-16, 1.000000000000000000, 0.000000000000000000 ) ) ;
#521 = AXIS2_PLACEMENT_3D ( 'NONE', #940, #3194, #144 ) ;
#522 = DIRECTION ( 'NONE',  ( -1.000000000000000000, -2.703465157366452467E-16, 0.000000000000000000 ) ) ;
#523 = ORIENTED_EDGE ( 'NONE', *, *, #1981, .T. ) ;
#524 = CARTESIAN_POINT ( 'NONE',  ( 16.03503777425773791, -28.47129294843108482, -4.000000000000000000 ) ) ;
#525 = FACE_OUTER_BOUND ( 'NONE', #387, .T. ) ;
#526 = EDGE_CURVE ( 'NONE', #1910, #1704, #886, .T. ) ;
#527 = DIRECTION ( 'NONE',  ( -1.000000000000000000, -2.135044278125326586E-15, 0.000000000000000000 ) ) ;
#528 = ORIENTED_EDGE ( 'NONE', *, *, #2011, .F. ) ;
#529 = DIRECTION ( 'NONE',  ( 1.000000000000000000, 1.734723475976807094E-16, -0.000000000000000000 ) ) ;
#530 = AXIS2_PLACEMENT_3D ( 'NONE', #798, #1291, #581 ) ;
#531 = ORIENTED_EDGE ( 'NONE', *, *, #843, .T. ) ;
#532 = CARTESIAN_POINT ( 'NONE',  ( -16.21496222574229762, 22.52870705156889031, -4.002000000000000668 ) ) ;
#533 = DIRECTION ( 'NONE',  ( 0.000000000000000000, -1.000000000000000000, 0.000000000000000000 ) ) ;
#534 = DIRECTION ( 'NONE',  ( 0.000000000000000000, 0.000000000000000000, 1.000000000000000000 ) ) ;
#535 = ORIENTED_EDGE ( 'NONE', *, *, #1570, .T. ) ;
#536 = CARTESIAN_POINT ( 'NONE',  ( -17.96496222574226564, 30.02870705156890097, 3.292323440001584611 ) ) ;
#537 = DIRECTION ( 'NONE',  ( -1.000000000000000000, 0.000000000000000000, 0.000000000000000000 ) ) ;
#538 = VERTEX_POINT ( 'NONE', #2591 ) ;
#539 = CARTESIAN_POINT ( 'NONE',  ( -16.96496222574226209, -25.22129294843106706, 3.292323440001584611 ) ) ;
#540 = EDGE_LOOP ( 'NONE', ( #995, #2842, #1522, #857 ) ) ;
#541 = CARTESIAN_POINT ( 'NONE',  ( 15.78503777425770060, 22.52870705156892583, 3.000000000000001776 ) ) ;
#542 = ORIENTED_EDGE ( 'NONE', *, *, #1802, .T. ) ;
#543 = EDGE_CURVE ( 'NONE', #147, #2246, #2111, .T. ) ;
#544 = CIRCLE ( 'NONE', #1461, 1.500000000000001332 ) ;
#545 = ORIENTED_EDGE ( 'NONE', *, *, #2313, .F. ) ;
#546 = FACE_OUTER_BOUND ( 'NONE', #3309, .T. ) ;
#547 = CARTESIAN_POINT ( 'NONE',  ( 19.03503777425773080, 27.02870705156891162, -3.499999999999999556 ) ) ;
#548 = ADVANCED_FACE ( 'NONE', ( #1352 ), #2853, .T. ) ;
#549 = DIRECTION ( 'NONE',  ( 1.156482317317871971E-16, -1.000000000000000000, 0.000000000000000000 ) ) ;
#550 = EDGE_LOOP ( 'NONE', ( #939, #2530, #1793, #1270 ) ) ;
#551 = AXIS2_PLACEMENT_3D ( 'NONE', #3282, #1787, #228 ) ;
#552 = ADVANCED_FACE ( 'NONE', ( #2645 ), #322, .F. ) ;
#553 = CARTESIAN_POINT ( 'NONE',  ( -19.46496222574226209, -26.97129294843108838, -3.499999999999999556 ) ) ;
#554 = CARTESIAN_POINT ( 'NONE',  ( 11.40187074164454017, -28.47129294843108482, 0.000000000000000000 ) ) ;
#555 = AXIS2_PLACEMENT_3D ( 'NONE', #1141, #2187, #691 ) ;
#556 = VECTOR ( 'NONE', #793, 1000.000000000000000 ) ;
#557 = AXIS2_PLACEMENT_3D ( 'NONE', #2031, #2238, #765 ) ;
#558 = VERTEX_POINT ( 'NONE', #1372 ) ;
#559 = CARTESIAN_POINT ( 'NONE',  ( 15.78503777425773613, -22.47129294843107417, 3.000000000000001776 ) ) ;
#560 = DIRECTION ( 'NONE',  ( -0.000000000000000000, -0.000000000000000000, 1.000000000000000000 ) ) ;
#561 = ORIENTED_EDGE ( 'NONE', *, *, #662, .T. ) ;
#562 = CARTESIAN_POINT ( 'NONE',  ( -7.712636549863114944E-15, 28.52870705156890452, -2.500000000000000000 ) ) ;
#563 = ORIENTED_EDGE ( 'NONE', *, *, #2739, .T. ) ;
#564 = DIRECTION ( 'NONE',  ( -0.000000000000000000, -0.000000000000000000, 1.000000000000000000 ) ) ;
#565 = VECTOR ( 'NONE', #2467, 1000.000000000000000 ) ;
#566 = EDGE_LOOP ( 'NONE', ( #2250, #2969, #1050, #38 ) ) ;
#567 = CARTESIAN_POINT ( 'NONE',  ( 16.53503777425773791, -19.72129294843107417, 3.292323440001584611 ) ) ;
#568 = DIRECTION ( 'NONE',  ( -0.000000000000000000, -0.000000000000000000, -1.000000000000000000 ) ) ;
#569 = CARTESIAN_POINT ( 'NONE',  ( -10.88296222574226668, 25.68270705156890443, -2.500000000000000000 ) ) ;
#570 = ORIENTED_EDGE ( 'NONE', *, *, #1770, .T. ) ;
#571 = DIRECTION ( 'NONE',  ( 1.000000000000000000, 0.000000000000000000, 0.000000000000000000 ) ) ;
#572 = LINE ( 'NONE', #3136, #2455 ) ;
#573 = EDGE_CURVE ( 'NONE', #2574, #497, #2362, .T. ) ;
#574 = FACE_OUTER_BOUND ( 'NONE', #2442, .T. ) ;
#575 = EDGE_LOOP ( 'NONE', ( #1437, #1884, #1546, #3049 ) ) ;
#576 = CARTESIAN_POINT ( 'NONE',  ( 15.78503777425770060, 22.52870705156892583, 3.000000000000001776 ) ) ;
#577 = DIRECTION ( 'NONE',  ( 0.000000000000000000, 0.000000000000000000, 1.000000000000000000 ) ) ;
#578 = ORIENTED_EDGE ( 'NONE', *, *, #99, .T. ) ;
#579 = DIRECTION ( 'NONE',  ( -1.000000000000000000, -2.703465157366452467E-16, 0.000000000000000000 ) ) ;
#580 = ORIENTED_EDGE ( 'NONE', *, *, #2040, .T. ) ;
#581 = DIRECTION ( 'NONE',  ( -1.000000000000000000, 0.000000000000000000, 0.000000000000000000 ) ) ;
#582 = EDGE_CURVE ( 'NONE', #668, #2603, #617, .T. ) ;
#583 = VERTEX_POINT ( 'NONE', #2450 ) ;
#584 = LINE ( 'NONE', #1126, #2243 ) ;
#585 = CARTESIAN_POINT ( 'NONE',  ( -10.88296222574226668, -25.62529294843109184, 0.000000000000000000 ) ) ;
#586 = VECTOR ( 'NONE', #2576, 1000.000000000000114 ) ;
#587 = PLANE ( 'NONE',  #1248 ) ;
#588 = ORIENTED_EDGE ( 'NONE', *, *, #2131, .T. ) ;
#589 = DIRECTION ( 'NONE',  ( -0.000000000000000000, -0.000000000000000000, -1.000000000000000000 ) ) ;
#590 = CARTESIAN_POINT ( 'NONE',  ( 18.53503777425774146, -26.97129294843108482, -4.000000000000000000 ) ) ;
#591 = EDGE_CURVE ( 'NONE', #1637, #1186, #2974, .T. ) ;
#592 = VECTOR ( 'NONE', #247, 1000.000000000000000 ) ;
#593 = DIRECTION ( 'NONE',  ( 0.000000000000000000, 0.000000000000000000, 1.000000000000000000 ) ) ;
#594 = CARTESIAN_POINT ( 'NONE',  ( -9.932962225742267393, -25.62529294843109184, 0.000000000000000000 ) ) ;
#595 = VERTEX_POINT ( 'NONE', #2710 ) ;
#596 = CARTESIAN_POINT ( 'NONE',  ( 16.53503777425773080, 26.27870705156888320, 3.292323440001584611 ) ) ;
#597 = ORIENTED_EDGE ( 'NONE', *, *, #1950, .F. ) ;
#598 = DIRECTION ( 'NONE',  ( 1.000000000000000000, 0.000000000000000000, 0.000000000000000000 ) ) ;
#599 = EDGE_CURVE ( 'NONE', #959, #3249, #1426, .T. ) ;
#600 = EDGE_LOOP ( 'NONE', ( #2489, #2711 ) ) ;
#601 = ADVANCED_FACE ( 'NONE', ( #3185 ), #1456, .T. ) ;
#602 = CARTESIAN_POINT ( 'NONE',  ( 17.53503777425774146, -26.22129294843107061, -2.500000000000000000 ) ) ;
#603 = DIRECTION ( 'NONE',  ( 0.000000000000000000, 0.000000000000000000, 1.000000000000000000 ) ) ;
#604 = VECTOR ( 'NONE', #1099, 1000.000000000000000 ) ;
#605 = PLANE ( 'NONE',  #2266 ) ;
#606 = ORIENTED_EDGE ( 'NONE', *, *, #2981, .T. ) ;
#607 = LINE ( 'NONE', #2114, #565 ) ;
#608 = CARTESIAN_POINT ( 'NONE',  ( -7.714959791634051989, -28.47129294843108482, -0.3076765599984150334 ) ) ;
#609 = CIRCLE ( 'NONE', #1939, 1.500000000000001332 ) ;
#610 = CARTESIAN_POINT ( 'NONE',  ( 15.78503777425773613, -22.47129294843107417, -4.002000000000000668 ) ) ;
#611 = VECTOR ( 'NONE', #354, 1000.000000000000000 ) ;
#612 = VECTOR ( 'NONE', #1406, 1000.000000000000000 ) ;
#613 = CARTESIAN_POINT ( 'NONE',  ( -16.21496222574229407, 19.77870705156889031, -4.002000000000000668 ) ) ;
#614 = AXIS2_PLACEMENT_3D ( 'NONE', #715, #1289, #2565 ) ;
#615 = ORIENTED_EDGE ( 'NONE', *, *, #2306, .T. ) ;
#616 = CARTESIAN_POINT ( 'NONE',  ( -13.46496222574226920, -22.47129294843110969, -4.002000000000000668 ) ) ;
#617 = CIRCLE ( 'NONE', #1415, 1.499999999999999556 ) ;
#618 = ORIENTED_EDGE ( 'NONE', *, *, #12, .T. ) ;
#619 = CARTESIAN_POINT ( 'NONE',  ( -16.46496222574226920, 27.02870705156890097, -3.499999999999999556 ) ) ;
#620 = EDGE_CURVE ( 'NONE', #2806, #1373, #2661, .T. ) ;
#621 = AXIS2_PLACEMENT_3D ( 'NONE', #636, #1651, #3219 ) ;
#622 = EDGE_CURVE ( 'NONE', #1758, #402, #943, .T. ) ;
#623 = ORIENTED_EDGE ( 'NONE', *, *, #2469, .F. ) ;
#624 = CARTESIAN_POINT ( 'NONE',  ( 9.503037774257734327, -25.62529294843109540, -2.500000000000000000 ) ) ;
#625 = CIRCLE ( 'NONE', #460, 0.9500000000000029532 ) ;
#626 = FACE_OUTER_BOUND ( 'NONE', #2570, .T. ) ;
#627 = EDGE_CURVE ( 'NONE', #1015, #1186, #896, .T. ) ;
#628 = CARTESIAN_POINT ( 'NONE',  ( 11.40187074164450109, 28.52870705156890807, -2.500000000000000000 ) ) ;
#629 = VERTEX_POINT ( 'NONE', #439 ) ;
#630 = DIRECTION ( 'NONE',  ( -0.000000000000000000, 0.000000000000000000, 1.000000000000000000 ) ) ;
#631 = DIRECTION ( 'NONE',  ( -0.000000000000000000, 0.000000000000000000, -1.000000000000000000 ) ) ;
#632 = ADVANCED_FACE ( 'NONE', ( #1205 ), #3245, .T. ) ;
#633 = DIRECTION ( 'NONE',  ( 1.000000000000000000, 0.000000000000000000, 0.000000000000000000 ) ) ;
#634 = CYLINDRICAL_SURFACE ( 'NONE', #1293, 0.9499999999999995115 ) ;
#635 = VERTEX_POINT ( 'NONE', #958 ) ;
#636 = CARTESIAN_POINT ( 'NONE',  ( 0.000000000000000000, 0.000000000000000000, -2.500000000000000000 ) ) ;
#637 = ORIENTED_EDGE ( 'NONE', *, *, #3317, .F. ) ;
#638 = FACE_OUTER_BOUND ( 'NONE', #226, .T. ) ;
#639 = EDGE_CURVE ( 'NONE', #583, #1530, #1972, .T. ) ;
#640 = ORIENTED_EDGE ( 'NONE', *, *, #850, .T. ) ;
#641 = VECTOR ( 'NONE', #1743, 1000.000000000000000 ) ;
#642 = CARTESIAN_POINT ( 'NONE',  ( 9.503037774257734327, 25.68270705156890443, -2.500000000000000000 ) ) ;
#643 = CARTESIAN_POINT ( 'NONE',  ( -16.21496222574229762, 22.52870705156889031, -3.000000000000002665 ) ) ;
#644 = DIRECTION ( 'NONE',  ( -1.000000000000000000, 0.000000000000000000, 0.000000000000000000 ) ) ;
#645 = VERTEX_POINT ( 'NONE', #3227 ) ;
#646 = DIRECTION ( 'NONE',  ( 0.000000000000000000, -0.000000000000000000, -1.000000000000000000 ) ) ;
#647 = DIRECTION ( 'NONE',  ( 0.000000000000000000, 0.000000000000000000, 1.000000000000000000 ) ) ;
#648 = AXIS2_PLACEMENT_3D ( 'NONE', #619, #1157, #2171 ) ;
#649 = DIRECTION ( 'NONE',  ( 0.000000000000000000, 0.000000000000000000, 1.000000000000000000 ) ) ;
#650 = CIRCLE ( 'NONE', #3256, 3.000000000000000000 ) ;
#651 = CARTESIAN_POINT ( 'NONE',  ( -11.83179519312906436, -28.47129294843108482, 0.000000000000000000 ) ) ;
#652 = DIRECTION ( 'NONE',  ( -0.000000000000000000, -0.000000000000000000, -1.000000000000000000 ) ) ;
#653 = EDGE_LOOP ( 'NONE', ( #2496, #2961, #479, #1730 ) ) ;
#654 = FACE_OUTER_BOUND ( 'NONE', #1338, .T. ) ;
#655 = ORIENTED_EDGE ( 'NONE', *, *, #2441, .T. ) ;
#656 = DIRECTION ( 'NONE',  ( 1.000000000000000000, 0.000000000000000000, 0.000000000000000000 ) ) ;
#657 = CARTESIAN_POINT ( 'NONE',  ( -19.46496222574226920, 27.02870705156890097, -3.499999999999999556 ) ) ;
#658 = CYLINDRICAL_SURFACE ( 'NONE', #1996, 0.9499999999999995115 ) ;
#659 = VERTEX_POINT ( 'NONE', #1189 ) ;
#660 = CARTESIAN_POINT ( 'NONE',  ( 17.53503777425773080, 27.02870705156891162, 3.292323440001584611 ) ) ;
#661 = EDGE_CURVE ( 'NONE', #1364, #919, #2991, .T. ) ;
#662 = EDGE_CURVE ( 'NONE', #1563, #63, #11, .T. ) ;
#663 = FACE_OUTER_BOUND ( 'NONE', #653, .T. ) ;
#664 = AXIS2_PLACEMENT_3D ( 'NONE', #1797, #529, #2084 ) ;
#665 = AXIS2_PLACEMENT_3D ( 'NONE', #1082, #560, #834 ) ;
#666 = CARTESIAN_POINT ( 'NONE',  ( 16.03503777425773791, -26.97129294843108838, 3.292323440001584611 ) ) ;
#667 = FACE_OUTER_BOUND ( 'NONE', #1973, .T. ) ;
#668 = VERTEX_POINT ( 'NONE', #1390 ) ;
#669 = VECTOR ( 'NONE', #1371, 1000.000000000000000 ) ;
#670 = CARTESIAN_POINT ( 'NONE',  ( 13.45303777425773539, 25.68270705156890443, 0.000000000000000000 ) ) ;
#671 = EDGE_CURVE ( 'NONE', #1903, #2726, #1958, .T. ) ;
#672 = EDGE_CURVE ( 'NONE', #1882, #982, #2677, .T. ) ;
#673 = VECTOR ( 'NONE', #3160, 1000.000000000000000 ) ;
#674 = CIRCLE ( 'NONE', #1840, 3.000000000000000888 ) ;
#675 = ORIENTED_EDGE ( 'NONE', *, *, #2154, .T. ) ;
#676 = DIRECTION ( 'NONE',  ( 1.000000000000000000, 0.000000000000000000, 0.000000000000000000 ) ) ;
#677 = CARTESIAN_POINT ( 'NONE',  ( 14.83503777425773151, -22.47129294843107417, -3.000000000000002665 ) ) ;
#678 = AXIS2_PLACEMENT_3D ( 'NONE', #1952, #999, #3252 ) ;
#679 = AXIS2_PLACEMENT_3D ( 'NONE', #3243, #2692, #676 ) ;
#680 = CARTESIAN_POINT ( 'NONE',  ( 15.78503777425775390, -25.22129294843106706, 3.292323440001584611 ) ) ;
#681 = ORIENTED_EDGE ( 'NONE', *, *, #627, .T. ) ;
#682 = CARTESIAN_POINT ( 'NONE',  ( -16.21496222574229762, 25.27870705156888320, -4.002000000000000668 ) ) ;
#683 = DIRECTION ( 'NONE',  ( 1.000000000000000000, 0.000000000000000000, 0.000000000000000000 ) ) ;
#684 = CARTESIAN_POINT ( 'NONE',  ( -11.83296222574226597, 25.68270705156890443, -2.500000000000000000 ) ) ;
#685 = ADVANCED_FACE ( 'NONE', ( #114 ), #2432, .F. ) ;
#686 = CIRCLE ( 'NONE', #730, 1.000000000000000888 ) ;
#687 = ORIENTED_EDGE ( 'NONE', *, *, #1460, .T. ) ;
#688 = CARTESIAN_POINT ( 'NONE',  ( 7.285040208365947123, -29.97129294843108838, -0.3076765599984150334 ) ) ;
#689 = VECTOR ( 'NONE', #2623, 1000.000000000000000 ) ;
#690 = ORIENTED_EDGE ( 'NONE', *, *, #3268, .T. ) ;
#691 = DIRECTION ( 'NONE',  ( 1.000000000000000000, 0.000000000000000000, 0.000000000000000000 ) ) ;
#692 = EDGE_CURVE ( 'NONE', #3125, #1785, #2176, .T. ) ;
#693 = CIRCLE ( 'NONE', #96, 1.500000000000001332 ) ;
#694 = DIRECTION ( 'NONE',  ( -1.000000000000000000, 0.000000000000000000, 0.000000000000000000 ) ) ;
#695 = ORIENTED_EDGE ( 'NONE', *, *, #2796, .T. ) ;
#696 = DIRECTION ( 'NONE',  ( 1.156482317317871971E-16, -1.000000000000000000, 0.000000000000000000 ) ) ;
#697 = EDGE_LOOP ( 'NONE', ( #780, #2687, #1328, #791 ) ) ;
#698 = DIRECTION ( 'NONE',  ( -0.000000000000000000, -0.000000000000000000, -1.000000000000000000 ) ) ;
#699 = EDGE_CURVE ( 'NONE', #1977, #1108, #2725, .T. ) ;
#700 = AXIS2_PLACEMENT_3D ( 'NONE', #432, #2200, #1689 ) ;
#701 = CARTESIAN_POINT ( 'NONE',  ( -16.21496222574229762, 22.52870705156889031, -2.500000000000000000 ) ) ;
#702 = ORIENTED_EDGE ( 'NONE', *, *, #3101, .T. ) ;
#703 = ADVANCED_FACE ( 'NONE', ( #2944 ), #658, .F. ) ;
#704 = VERTEX_POINT ( 'NONE', #2052 ) ;
#705 = LINE ( 'NONE', #403, #2385 ) ;
#706 = CYLINDRICAL_SURFACE ( 'NONE', #2580, 1.000000000000000888 ) ;
#707 = AXIS2_PLACEMENT_3D ( 'NONE', #1392, #630, #2164 ) ;
#708 = DIRECTION ( 'NONE',  ( 0.000000000000000000, 0.000000000000000000, 1.000000000000000000 ) ) ;
#709 = ORIENTED_EDGE ( 'NONE', *, *, #1345, .T. ) ;
#710 = PLANE ( 'NONE',  #3088 ) ;
#711 = ORIENTED_EDGE ( 'NONE', *, *, #1044, .T. ) ;
#712 = FACE_OUTER_BOUND ( 'NONE', #2100, .T. ) ;
#713 = ORIENTED_EDGE ( 'NONE', *, *, #2217, .T. ) ;
#714 = EDGE_LOOP ( 'NONE', ( #934, #2248, #1190, #123 ) ) ;
#715 = CARTESIAN_POINT ( 'NONE',  ( 0.000000000000000000, 0.000000000000000000, -2.500000000000000000 ) ) ;
#716 = ORIENTED_EDGE ( 'NONE', *, *, #1794, .F. ) ;
#717 = EDGE_CURVE ( 'NONE', #2407, #1817, #3010, .T. ) ;
#718 = AXIS2_PLACEMENT_3D ( 'NONE', #924, #2724, #1439 ) ;
#719 = FACE_OUTER_BOUND ( 'NONE', #3224, .T. ) ;
#720 = CARTESIAN_POINT ( 'NONE',  ( -17.96496222574225854, -26.22129294843106706, -4.000000000000000000 ) ) ;
#721 = ORIENTED_EDGE ( 'NONE', *, *, #2920, .T. ) ;
#722 = CIRCLE ( 'NONE', #2586, 0.9499999999999995115 ) ;
#723 = DIRECTION ( 'NONE',  ( 0.000000000000000000, 0.000000000000000000, 1.000000000000000000 ) ) ;
#724 = DIRECTION ( 'NONE',  ( -0.000000000000000000, -0.000000000000000000, -1.000000000000000000 ) ) ;
#725 = DIRECTION ( 'NONE',  ( -1.000000000000000000, -2.135044278125326586E-15, 0.000000000000000000 ) ) ;
#726 = EDGE_LOOP ( 'NONE', ( #1214, #3161 ) ) ;
#727 = CARTESIAN_POINT ( 'NONE',  ( -16.46496222574226209, -29.97129294843108838, 3.292323440001584611 ) ) ;
#728 = EDGE_CURVE ( 'NONE', #3125, #737, #3287, .T. ) ;
#729 = AXIS2_PLACEMENT_3D ( 'NONE', #373, #1576, #826 ) ;
#730 = AXIS2_PLACEMENT_3D ( 'NONE', #324, #1334, #3153 ) ;
#731 = ORIENTED_EDGE ( 'NONE', *, *, #1395, .T. ) ;
#732 = EDGE_LOOP ( 'NONE', ( #1695, #1382, #2219, #311 ) ) ;
#733 = CARTESIAN_POINT ( 'NONE',  ( 11.40303777425773468, -25.62529294843109540, 0.000000000000000000 ) ) ;
#734 = VERTEX_POINT ( 'NONE', #1536 ) ;
#735 = EDGE_CURVE ( 'NONE', #1030, #2239, #751, .T. ) ;
#736 = CYLINDRICAL_SURFACE ( 'NONE', #2158, 3.000000000000000888 ) ;
#737 = VERTEX_POINT ( 'NONE', #3324 ) ;
#738 = CARTESIAN_POINT ( 'NONE',  ( -16.46496222574226209, -29.47129294843108838, -4.000000000000000000 ) ) ;
#739 = CARTESIAN_POINT ( 'NONE',  ( -14.71496222574226387, -22.47129294843110969, 3.000000000000001776 ) ) ;
#740 = AXIS2_PLACEMENT_3D ( 'NONE', #1568, #1074, #97 ) ;
#741 = LINE ( 'NONE', #483, #2267 ) ;
#742 = ORIENTED_EDGE ( 'NONE', *, *, #1841, .F. ) ;
#743 = CARTESIAN_POINT ( 'NONE',  ( -19.46496222574226920, 27.02870705156890097, 3.292323440001584611 ) ) ;
#744 = DIRECTION ( 'NONE',  ( -0.000000000000000000, 0.000000000000000000, 1.000000000000000000 ) ) ;
#745 = CIRCLE ( 'NONE', #3203, 3.000000000000000888 ) ;
#746 = ORIENTED_EDGE ( 'NONE', *, *, #526, .T. ) ;
#747 = AXIS2_PLACEMENT_3D ( 'NONE', #1638, #892, #2443 ) ;
#748 = ORIENTED_EDGE ( 'NONE', *, *, #2416, .F. ) ;
#749 = LINE ( 'NONE', #2249, #828 ) ;
#750 = VERTEX_POINT ( 'NONE', #3023 ) ;
#751 = LINE ( 'NONE', #720, #2630 ) ;
#752 = ORIENTED_EDGE ( 'NONE', *, *, #1602, .F. ) ;
#753 = DIRECTION ( 'NONE',  ( -0.000000000000000000, 0.000000000000000000, 1.000000000000000000 ) ) ;
#754 = CARTESIAN_POINT ( 'NONE',  ( 15.78503777425773613, -22.47129294843107417, 3.000000000000001776 ) ) ;
#755 = FACE_BOUND ( 'NONE', #3297, .T. ) ;
#756 = VERTEX_POINT ( 'NONE', #2272 ) ;
#757 = CARTESIAN_POINT ( 'NONE',  ( -19.46496222574226209, -29.97129294843108838, 3.292323440001584611 ) ) ;
#758 = CARTESIAN_POINT ( 'NONE',  ( -16.21496222574226564, -22.47129294843110969, 3.292323440001584611 ) ) ;
#759 = EDGE_CURVE ( 'NONE', #1597, #242, #3277, .T. ) ;
#760 = ORIENTED_EDGE ( 'NONE', *, *, #424, .F. ) ;
#761 = EDGE_CURVE ( 'NONE', #1078, #397, #489, .T. ) ;
#762 = DIRECTION ( 'NONE',  ( -1.000000000000000000, 0.000000000000000000, 0.000000000000000000 ) ) ;
#763 = VERTEX_POINT ( 'NONE', #1005 ) ;
#764 = ADVANCED_FACE ( 'NONE', ( #1220 ), #3260, .T. ) ;
#765 = DIRECTION ( 'NONE',  ( 1.000000000000000000, 0.000000000000000000, 0.000000000000000000 ) ) ;
#766 = VERTEX_POINT ( 'NONE', #989 ) ;
#767 = LINE ( 'NONE', #738, #155 ) ;
#768 = DIRECTION ( 'NONE',  ( 1.000000000000000000, 2.135044278125331319E-15, -0.000000000000000000 ) ) ;
#769 = VECTOR ( 'NONE', #2141, 1000.000000000000000 ) ;
#770 = AXIS2_PLACEMENT_3D ( 'NONE', #559, #593, #1611 ) ;
#771 = VECTOR ( 'NONE', #549, 1000.000000000000000 ) ;
#772 = DIRECTION ( 'NONE',  ( 1.000000000000000000, 0.000000000000000000, 0.000000000000000000 ) ) ;
#773 = ORIENTED_EDGE ( 'NONE', *, *, #627, .F. ) ;
#774 = DIRECTION ( 'NONE',  ( 1.000000000000000000, 0.000000000000000000, -0.000000000000000000 ) ) ;
#775 = LINE ( 'NONE', #252, #2500 ) ;
#776 = ADVANCED_FACE ( 'NONE', ( #1376 ), #1915, .T. ) ;
#777 = ORIENTED_EDGE ( 'NONE', *, *, #370, .F. ) ;
#778 = VERTEX_POINT ( 'NONE', #865 ) ;
#779 = FACE_OUTER_BOUND ( 'NONE', #2292, .T. ) ;
#780 = ORIENTED_EDGE ( 'NONE', *, *, #302, .T. ) ;
#781 = EDGE_CURVE ( 'NONE', #1639, #538, #3001, .T. ) ;
#782 = ORIENTED_EDGE ( 'NONE', *, *, #908, .T. ) ;
#783 = LINE ( 'NONE', #1007, #592 ) ;
#784 = FACE_OUTER_BOUND ( 'NONE', #352, .T. ) ;
#785 = FACE_OUTER_BOUND ( 'NONE', #1433, .T. ) ;
#786 = ORIENTED_EDGE ( 'NONE', *, *, #66, .T. ) ;
#787 = DIRECTION ( 'NONE',  ( 1.000000000000000000, 0.000000000000000000, 0.000000000000000000 ) ) ;
#788 = VECTOR ( 'NONE', #300, 1000.000000000000000 ) ;
#789 = LINE ( 'NONE', #2560, #2721 ) ;
#790 = VECTOR ( 'NONE', #1097, 1000.000000000000000 ) ;
#791 = ORIENTED_EDGE ( 'NONE', *, *, #2206, .T. ) ;
#792 = EDGE_CURVE ( 'NONE', #3242, #2673, #2784, .T. ) ;
#793 = DIRECTION ( 'NONE',  ( -0.000000000000000000, -0.000000000000000000, -1.000000000000000000 ) ) ;
#794 = CARTESIAN_POINT ( 'NONE',  ( -16.21496222574226564, -22.47129294843110969, -2.500000000000000000 ) ) ;
#795 = VERTEX_POINT ( 'NONE', #883 ) ;
#796 = CARTESIAN_POINT ( 'NONE',  ( 17.53503777425773080, 30.02870705156891162, -2.500000000000000000 ) ) ;
#797 = ORIENTED_EDGE ( 'NONE', *, *, #2814, .T. ) ;
#798 = CARTESIAN_POINT ( 'NONE',  ( -10.88296222574226668, 25.68270705156890443, 0.000000000000000000 ) ) ;
#799 = ADVANCED_FACE ( 'NONE', ( #574 ), #69, .F. ) ;
#800 = EDGE_CURVE ( 'NONE', #1781, #1015, #343, .T. ) ;
#801 = VECTOR ( 'NONE', #3177, 1000.000000000000000 ) ;
#802 = AXIS2_PLACEMENT_3D ( 'NONE', #1621, #2640, #353 ) ;
#803 = ORIENTED_EDGE ( 'NONE', *, *, #850, .F. ) ;
#804 = CYLINDRICAL_SURFACE ( 'NONE', #802, 2.999999999999999112 ) ;
#805 = CARTESIAN_POINT ( 'NONE',  ( 11.40187074164450642, 28.52870705156890452, 0.000000000000000000 ) ) ;
#806 = DIRECTION ( 'NONE',  ( -0.000000000000000000, 0.000000000000000000, 1.000000000000000000 ) ) ;
#807 = ORIENTED_EDGE ( 'NONE', *, *, #424, .T. ) ;
#808 = CARTESIAN_POINT ( 'NONE',  ( 15.78503777425773613, -22.47129294843107417, 3.000000000000001776 ) ) ;
#809 = DIRECTION ( 'NONE',  ( -1.000000000000000000, 0.000000000000000000, 0.000000000000000000 ) ) ;
#810 = AXIS2_PLACEMENT_3D ( 'NONE', #1446, #2575, #3078 ) ;
#811 = ORIENTED_EDGE ( 'NONE', *, *, #3234, .F. ) ;
#812 = LINE ( 'NONE', #2830, #395 ) ;
#813 = ORIENTED_EDGE ( 'NONE', *, *, #2943, .T. ) ;
#814 = CYLINDRICAL_SURFACE ( 'NONE', #2110, 3.000000000000000888 ) ;
#815 = ORIENTED_EDGE ( 'NONE', *, *, #89, .F. ) ;
#816 = CARTESIAN_POINT ( 'NONE',  ( 15.78503777425773613, -22.47129294843107417, -3.000000000000002665 ) ) ;
#817 = VECTOR ( 'NONE', #1538, 1000.000000000000000 ) ;
#818 = AXIS2_PLACEMENT_3D ( 'NONE', #610, #118, #3115 ) ;
#819 = EDGE_CURVE ( 'NONE', #1848, #766, #1899, .T. ) ;
#820 = VERTEX_POINT ( 'NONE', #1337 ) ;
#821 = DIRECTION ( 'NONE',  ( 1.000000000000000000, 0.000000000000000000, 0.000000000000000000 ) ) ;
#822 = DIRECTION ( 'NONE',  ( -0.000000000000000000, -0.000000000000000000, 1.000000000000000000 ) ) ;
#823 = CARTESIAN_POINT ( 'NONE',  ( -17.96496222574226209, -2.077616114535444481E-15, -2.500000000000000000 ) ) ;
#824 = VERTEX_POINT ( 'NONE', #1321 ) ;
#825 = VECTOR ( 'NONE', #1587, 1000.000000000000000 ) ;
#826 = DIRECTION ( 'NONE',  ( 1.000000000000000000, 0.000000000000000000, 0.000000000000000000 ) ) ;
#827 = DIRECTION ( 'NONE',  ( 0.000000000000000000, 1.000000000000000000, 0.000000000000000000 ) ) ;
#828 = VECTOR ( 'NONE', #1780, 1000.000000000000000 ) ;
#829 = VECTOR ( 'NONE', #2694, 1000.000000000000000 ) ;
#830 = EDGE_CURVE ( 'NONE', #1217, #2182, #2203, .T. ) ;
#831 = ORIENTED_EDGE ( 'NONE', *, *, #1436, .F. ) ;
#832 = ADVANCED_FACE ( 'NONE', ( #49 ), #2095, .T. ) ;
#833 = DIRECTION ( 'NONE',  ( -0.000000000000000000, -0.000000000000000000, -1.000000000000000000 ) ) ;
#834 = DIRECTION ( 'NONE',  ( 1.000000000000000000, 0.000000000000000000, 0.000000000000000000 ) ) ;
#835 = ORIENTED_EDGE ( 'NONE', *, *, #2535, .T. ) ;
#836 = FACE_OUTER_BOUND ( 'NONE', #1081, .T. ) ;
#837 = ORIENTED_EDGE ( 'NONE', *, *, #2290, .T. ) ;
#838 = CARTESIAN_POINT ( 'NONE',  ( 10.45303777425773362, -25.62529294843109540, -2.500000000000000000 ) ) ;
#839 = VECTOR ( 'NONE', #46, 1000.000000000000000 ) ;
#840 = ORIENTED_EDGE ( 'NONE', *, *, #3248, .T. ) ;
#841 = DIRECTION ( 'NONE',  ( 1.000000000000000000, 0.000000000000000000, 0.000000000000000000 ) ) ;
#842 = FACE_OUTER_BOUND ( 'NONE', #1017, .T. ) ;
#843 = EDGE_CURVE ( 'NONE', #2246, #1926, #1865, .T. ) ;
#844 = CARTESIAN_POINT ( 'NONE',  ( -16.21496222574229762, 22.52870705156889031, -4.002000000000000668 ) ) ;
#845 = ORIENTED_EDGE ( 'NONE', *, *, #1497, .F. ) ;
#846 = DIRECTION ( 'NONE',  ( 1.000000000000000000, 0.000000000000000000, 0.000000000000000000 ) ) ;
#847 = CARTESIAN_POINT ( 'NONE',  ( 16.03503777425773436, 27.02870705156891162, -4.000000000000000000 ) ) ;
#848 = EDGE_CURVE ( 'NONE', #1015, #1231, #1670, .T. ) ;
#849 = CARTESIAN_POINT ( 'NONE',  ( 16.53503777425774501, -25.22129294843106706, -4.002000000000000668 ) ) ;
#850 = EDGE_CURVE ( 'NONE', #2473, #659, #1561, .T. ) ;
#851 = CIRCLE ( 'NONE', #2819, 1.499999999999999556 ) ;
#852 = DIRECTION ( 'NONE',  ( -0.000000000000000000, -0.000000000000000000, -1.000000000000000000 ) ) ;
#853 = ORIENTED_EDGE ( 'NONE', *, *, #1179, .T. ) ;
#854 = CARTESIAN_POINT ( 'NONE',  ( 16.03503777425773436, 27.02870705156891162, 3.292323440001584611 ) ) ;
#855 = ORIENTED_EDGE ( 'NONE', *, *, #1863, .F. ) ;
#856 = PLANE ( 'NONE',  #2409 ) ;
#857 = ORIENTED_EDGE ( 'NONE', *, *, #2331, .F. ) ;
#858 = CYLINDRICAL_SURFACE ( 'NONE', #1072, 1.000000000000000888 ) ;
#859 = LINE ( 'NONE', #1110, #500 ) ;
#860 = VECTOR ( 'NONE', #920, 1000.000000000000000 ) ;
#861 = DIRECTION ( 'NONE',  ( 1.000000000000000000, 0.000000000000000000, 0.000000000000000000 ) ) ;
#862 = VERTEX_POINT ( 'NONE', #1134 ) ;
#863 = CARTESIAN_POINT ( 'NONE',  ( -19.46496222574226920, 30.02870705156890097, -4.000000000000000000 ) ) ;
#864 = CARTESIAN_POINT ( 'NONE',  ( -16.96496222574226564, 18.77870705156889031, -2.500000000000000000 ) ) ;
#865 = CARTESIAN_POINT ( 'NONE',  ( -16.21496222574229407, 19.77870705156889386, -2.500000000000000000 ) ) ;
#866 = EDGE_CURVE ( 'NONE', #246, #2654, #1194, .T. ) ;
#867 = ADVANCED_FACE ( 'NONE', ( #1647 ), #2666, .F. ) ;
#868 = DIRECTION ( 'NONE',  ( 1.000000000000000000, 0.000000000000000000, 0.000000000000000000 ) ) ;
#869 = ORIENTED_EDGE ( 'NONE', *, *, #2501, .T. ) ;
#870 = FACE_BOUND ( 'NONE', #3228, .T. ) ;
#871 = ORIENTED_EDGE ( 'NONE', *, *, #2117, .F. ) ;
#872 = CARTESIAN_POINT ( 'NONE',  ( 16.03503777425773791, -29.47129294843108838, -4.000000000000000000 ) ) ;
#873 = EDGE_LOOP ( 'NONE', ( #2317, #2813, #163, #2526 ) ) ;
#874 = CARTESIAN_POINT ( 'NONE',  ( 10.45303777425773362, 25.68270705156890443, 0.000000000000000000 ) ) ;
#875 = ADVANCED_FACE ( 'NONE', ( #2743 ), #1483, .F. ) ;
#876 = CARTESIAN_POINT ( 'NONE',  ( -17.96496222574225854, -26.97129294843108838, -4.000000000000000000 ) ) ;
#877 = ADVANCED_FACE ( 'NONE', ( #2214 ), #949, .F. ) ;
#878 = AXIS2_PLACEMENT_3D ( 'NONE', #962, #2497, #2700 ) ;
#879 = CARTESIAN_POINT ( 'NONE',  ( -10.88296222574226668, 25.68270705156890443, -2.500000000000000000 ) ) ;
#880 = ORIENTED_EDGE ( 'NONE', *, *, #1273, .T. ) ;
#881 = CARTESIAN_POINT ( 'NONE',  ( 9.504204806870928834, -28.47129294843108482, 0.000000000000000000 ) ) ;
#882 = CARTESIAN_POINT ( 'NONE',  ( -9.934129258355479664, 28.52870705156890097, -2.500000000000000000 ) ) ;
#883 = CARTESIAN_POINT ( 'NONE',  ( 16.03503777425773791, 28.52870705156890807, 3.292323440001584611 ) ) ;
#884 = EDGE_CURVE ( 'NONE', #961, #511, #544, .T. ) ;
#885 = CIRCLE ( 'NONE', #3283, 2.499999999999998668 ) ;
#886 = CIRCLE ( 'NONE', #1949, 2.749999999999995559 ) ;
#887 = FACE_OUTER_BOUND ( 'NONE', #2869, .T. ) ;
#888 = VECTOR ( 'NONE', #1750, 1000.000000000000000 ) ;
#889 = ORIENTED_EDGE ( 'NONE', *, *, #2950, .F. ) ;
#890 = CARTESIAN_POINT ( 'NONE',  ( 11.40187074164454017, -28.47129294843108482, -2.500000000000000000 ) ) ;
#891 = ORIENTED_EDGE ( 'NONE', *, *, #933, .T. ) ;
#892 = DIRECTION ( 'NONE',  ( -2.135044278125326586E-15, -1.000000000000000000, 0.000000000000000000 ) ) ;
#893 = ORIENTED_EDGE ( 'NONE', *, *, #2929, .T. ) ;
#894 = CARTESIAN_POINT ( 'NONE',  ( 10.45303777425773362, 25.68270705156890443, 0.000000000000000000 ) ) ;
#895 = CARTESIAN_POINT ( 'NONE',  ( -16.96496222574226564, 19.77870705156889031, 3.292323440001584611 ) ) ;
#896 = LINE ( 'NONE', #680, #612 ) ;
#897 = ORIENTED_EDGE ( 'NONE', *, *, #1886, .F. ) ;
#898 = DIRECTION ( 'NONE',  ( -1.000000000000000000, 2.135044278125326586E-15, 0.000000000000000000 ) ) ;
#899 = LINE ( 'NONE', #103, #2552 ) ;
#900 = DIRECTION ( 'NONE',  ( -0.000000000000000000, -0.000000000000000000, -1.000000000000000000 ) ) ;
#901 = ADVANCED_FACE ( 'NONE', ( #712 ), #1728, .T. ) ;
#902 = DIRECTION ( 'NONE',  ( -0.000000000000000000, -0.000000000000000000, -1.000000000000000000 ) ) ;
#903 = ORIENTED_EDGE ( 'NONE', *, *, #2449, .F. ) ;
#904 = CARTESIAN_POINT ( 'NONE',  ( 16.03503777425773791, -29.47129294843108838, -4.000000000000000000 ) ) ;
#905 = VERTEX_POINT ( 'NONE', #2714 ) ;
#906 = AXIS2_PLACEMENT_3D ( 'NONE', #847, #2880, #88 ) ;
#907 = DIRECTION ( 'NONE',  ( 1.000000000000000000, 0.000000000000000000, 0.000000000000000000 ) ) ;
#908 = EDGE_CURVE ( 'NONE', #1380, #2264, #1991, .T. ) ;
#909 = CARTESIAN_POINT ( 'NONE',  ( -16.21496222574226564, -22.47129294843110969, 3.292323440001584611 ) ) ;
#910 = AXIS2_PLACEMENT_3D ( 'NONE', #21, #55, #2636 ) ;
#911 = CARTESIAN_POINT ( 'NONE',  ( 15.78503777425770060, 22.52870705156892583, 3.292323440001584611 ) ) ;
#912 = VERTEX_POINT ( 'NONE', #201 ) ;
#913 = DIRECTION ( 'NONE',  ( -1.000000000000000000, 0.000000000000000000, 0.000000000000000000 ) ) ;
#914 = DIRECTION ( 'NONE',  ( -0.000000000000000000, -0.000000000000000000, -1.000000000000000000 ) ) ;
#915 = DIRECTION ( 'NONE',  ( 1.734723475976807341E-16, -1.000000000000000000, 0.000000000000000000 ) ) ;
#916 = CIRCLE ( 'NONE', #2770, 3.000000000000000000 ) ;
#917 = DIRECTION ( 'NONE',  ( -1.000000000000000000, 0.000000000000000000, 0.000000000000000000 ) ) ;
#918 = DIRECTION ( 'NONE',  ( 1.000000000000000000, 1.734723475976807094E-16, -0.000000000000000000 ) ) ;
#919 = VERTEX_POINT ( 'NONE', #2454 ) ;
#920 = DIRECTION ( 'NONE',  ( -0.000000000000000000, -0.000000000000000000, -1.000000000000000000 ) ) ;
#921 = AXIS2_PLACEMENT_3D ( 'NONE', #2309, #7, #787 ) ;
#922 = ORIENTED_EDGE ( 'NONE', *, *, #2920, .F. ) ;
#923 = PLANE ( 'NONE',  #521 ) ;
#924 = CARTESIAN_POINT ( 'NONE',  ( 16.53503777425773791, -18.72129294843107417, 3.292323440001584611 ) ) ;
#925 = ADVANCED_FACE ( 'NONE', ( #1430 ), #392, .F. ) ;
#926 = DIRECTION ( 'NONE',  ( -2.135044278125331319E-15, 1.000000000000000000, 0.000000000000000000 ) ) ;
#927 = ORIENTED_EDGE ( 'NONE', *, *, #2535, .F. ) ;
#928 = CARTESIAN_POINT ( 'NONE',  ( 7.453037774257734505, 25.68270705156890443, 0.000000000000000000 ) ) ;
#929 = AXIS2_PLACEMENT_3D ( 'NONE', #197, #1428, #1176 ) ;
#930 = DIRECTION ( 'NONE',  ( 1.000000000000000000, 0.000000000000000000, 0.000000000000000000 ) ) ;
#931 = VECTOR ( 'NONE', #3141, 1000.000000000000000 ) ;
#932 = VECTOR ( 'NONE', #1933, 1000.000000000000000 ) ;
#933 = EDGE_CURVE ( 'NONE', #3125, #1856, #2485, .T. ) ;
#934 = ORIENTED_EDGE ( 'NONE', *, *, #204, .F. ) ;
#935 = AXIS2_PLACEMENT_3D ( 'NONE', #754, #2056, #2289 ) ;
#936 = LINE ( 'NONE', #2655, #3156 ) ;
#937 = AXIS2_PLACEMENT_3D ( 'NONE', #576, #70, #1100 ) ;
#938 = VECTOR ( 'NONE', #133, 1000.000000000000000 ) ;
#939 = ORIENTED_EDGE ( 'NONE', *, *, #1951, .F. ) ;
#940 = CARTESIAN_POINT ( 'NONE',  ( 10.45303777425773362, -25.62529294843109540, 0.000000000000000000 ) ) ;
#941 = CARTESIAN_POINT ( 'NONE',  ( 16.53503777425773436, 25.27870705156888320, -4.002000000000000668 ) ) ;
#942 = AXIS2_PLACEMENT_3D ( 'NONE', #1669, #2926, #2174 ) ;
#943 = LINE ( 'NONE', #146, #3124 ) ;
#944 = ORIENTED_EDGE ( 'NONE', *, *, #1278, .F. ) ;
#945 = EDGE_CURVE ( 'NONE', #1748, #1644, #1036, .T. ) ;
#946 = FACE_OUTER_BOUND ( 'NONE', #2083, .T. ) ;
#947 = LINE ( 'NONE', #2241, #1488 ) ;
#948 = ORIENTED_EDGE ( 'NONE', *, *, #1540, .F. ) ;
#949 = CYLINDRICAL_SURFACE ( 'NONE', #3052, 1.500000000000001332 ) ;
#950 = EDGE_CURVE ( 'NONE', #1231, #1575, #1166, .T. ) ;
#951 = LINE ( 'NONE', #1448, #2380 ) ;
#952 = ORIENTED_EDGE ( 'NONE', *, *, #819, .T. ) ;
#953 = AXIS2_PLACEMENT_3D ( 'NONE', #1721, #1705, #656 ) ;
#954 = VERTEX_POINT ( 'NONE', #1412 ) ;
#955 = DIRECTION ( 'NONE',  ( 1.734723475976807094E-16, -1.000000000000000000, 0.000000000000000000 ) ) ;
#956 = CARTESIAN_POINT ( 'NONE',  ( -16.96496222574226564, 26.27870705156888320, 3.292323440001584611 ) ) ;
#957 = AXIS2_PLACEMENT_3D ( 'NONE', #1862, #2129, #1879 ) ;
#958 = CARTESIAN_POINT ( 'NONE',  ( -13.88296222574226668, 25.68270705156890443, 0.000000000000000000 ) ) ;
#959 = VERTEX_POINT ( 'NONE', #727 ) ;
#960 = DIRECTION ( 'NONE',  ( 0.000000000000000000, 0.000000000000000000, 1.000000000000000000 ) ) ;
#961 = VERTEX_POINT ( 'NONE', #2683 ) ;
#962 = CARTESIAN_POINT ( 'NONE',  ( 15.78503777425770060, 22.52870705156892583, -3.000000000000002665 ) ) ;
#963 = CIRCLE ( 'NONE', #2079, 3.000000000000000000 ) ;
#964 = ADVANCED_FACE ( 'NONE', ( #663 ), #2439, .F. ) ;
#965 = ORIENTED_EDGE ( 'NONE', *, *, #933, .F. ) ;
#966 = EDGE_LOOP ( 'NONE', ( #1274, #2909, #3084, #1419 ) ) ;
#967 = AXIS2_PLACEMENT_3D ( 'NONE', #285, #251, #774 ) ;
#968 = DIRECTION ( 'NONE',  ( 1.000000000000000000, 0.000000000000000000, 0.000000000000000000 ) ) ;
#969 = ADVANCED_FACE ( 'NONE', ( #3202 ), #187, .F. ) ;
#970 = CARTESIAN_POINT ( 'NONE',  ( 15.78503777425773613, -22.47129294843107417, -3.000000000000002665 ) ) ;
#971 = ORIENTED_EDGE ( 'NONE', *, *, #2998, .T. ) ;
#972 = DIRECTION ( 'NONE',  ( -1.000000000000000000, 2.135044278125326586E-15, -0.000000000000000000 ) ) ;
#973 = CARTESIAN_POINT ( 'NONE',  ( 11.40303777425773468, -25.62529294843109540, 0.000000000000000000 ) ) ;
#974 = CARTESIAN_POINT ( 'NONE',  ( 17.53503777425773080, 27.02870705156891162, -4.000000000000000000 ) ) ;
#975 = ORIENTED_EDGE ( 'NONE', *, *, #2893, .F. ) ;
#976 = DIRECTION ( 'NONE',  ( -0.000000000000000000, -0.000000000000000000, -1.000000000000000000 ) ) ;
#977 = AXIS2_PLACEMENT_3D ( 'NONE', #2821, #2755, #1266 ) ;
#978 = ORIENTED_EDGE ( 'NONE', *, *, #1116, .T. ) ;
#979 = ADVANCED_FACE ( 'NONE', ( #1681 ), #409, .T. ) ;
#980 = AXIS2_PLACEMENT_3D ( 'NONE', #2149, #3158, #1167 ) ;
#981 = CIRCLE ( 'NONE', #2045, 3.000000000000000888 ) ;
#982 = VERTEX_POINT ( 'NONE', #684 ) ;
#983 = DIRECTION ( 'NONE',  ( 0.000000000000000000, -0.7071067811865474617, 0.7071067811865474617 ) ) ;
#984 = EDGE_LOOP ( 'NONE', ( #3047, #3032, #2155, #815 ) ) ;
#985 = CARTESIAN_POINT ( 'NONE',  ( -19.46496222574226209, -26.97129294843108838, -3.499999999999999556 ) ) ;
#986 = VECTOR ( 'NONE', #2521, 1000.000000000000000 ) ;
#987 = ADVANCED_FACE ( 'NONE', ( #1698 ), #428, .F. ) ;
#988 = CARTESIAN_POINT ( 'NONE',  ( 10.45303777425773362, -25.62529294843109540, -2.500000000000000000 ) ) ;
#989 = CARTESIAN_POINT ( 'NONE',  ( -16.21496222574229051, -19.72129294843107417, 3.292323440001584611 ) ) ;
#990 = ORIENTED_EDGE ( 'NONE', *, *, #12, .F. ) ;
#991 = LINE ( 'NONE', #3025, #1816 ) ;
#992 = VECTOR ( 'NONE', #534, 1000.000000000000000 ) ;
#993 = CARTESIAN_POINT ( 'NONE',  ( -16.46496222574226209, -26.97129294843108838, -4.000000000000000000 ) ) ;
#994 = DIRECTION ( 'NONE',  ( 0.000000000000000000, 0.000000000000000000, 1.000000000000000000 ) ) ;
#995 = ORIENTED_EDGE ( 'NONE', *, *, #2086, .F. ) ;
#996 = DIRECTION ( 'NONE',  ( -0.000000000000000000, 0.000000000000000000, 1.000000000000000000 ) ) ;
#997 = DIRECTION ( 'NONE',  ( 0.000000000000000000, 0.000000000000000000, 1.000000000000000000 ) ) ;
#998 = AXIS2_PLACEMENT_3D ( 'NONE', #2435, #3198, #1974 ) ;
#999 = DIRECTION ( 'NONE',  ( 0.000000000000000000, 0.000000000000000000, 1.000000000000000000 ) ) ;
#1000 = VERTEX_POINT ( 'NONE', #1028 ) ;
#1001 = VERTEX_POINT ( 'NONE', #3062 ) ;
#1002 = DIRECTION ( 'NONE',  ( -0.000000000000000000, 0.000000000000000000, 1.000000000000000000 ) ) ;
#1003 = ORIENTED_EDGE ( 'NONE', *, *, #9, .T. ) ;
#1004 = ADVANCED_FACE ( 'NONE', ( #1773 ), #2834, .T. ) ;
#1005 = CARTESIAN_POINT ( 'NONE',  ( 17.53503777425773436, 18.77870705156889031, -2.500000000000000000 ) ) ;
#1006 = ORIENTED_EDGE ( 'NONE', *, *, #2689, .T. ) ;
#1007 = CARTESIAN_POINT ( 'NONE',  ( -16.96496222574226209, -25.22129294843106706, -4.002000000000000668 ) ) ;
#1008 = DIRECTION ( 'NONE',  ( 1.734723475976807341E-16, -1.000000000000000000, 0.000000000000000000 ) ) ;
#1009 = DIRECTION ( 'NONE',  ( 0.000000000000000000, 0.000000000000000000, -1.000000000000000000 ) ) ;
#1010 = ORIENTED_EDGE ( 'NONE', *, *, #370, .T. ) ;
#1011 = CARTESIAN_POINT ( 'NONE',  ( 16.03503777425773791, -28.47129294843108482, -2.500000000000000000 ) ) ;
#1012 = DIRECTION ( 'NONE',  ( 1.000000000000000000, 0.000000000000000000, -0.000000000000000000 ) ) ;
#1013 = ADVANCED_FACE ( 'NONE', ( #1303 ), #1527, .T. ) ;
#1014 = EDGE_LOOP ( 'NONE', ( #1922, #3292, #2008, #2139 ) ) ;
#1015 = VERTEX_POINT ( 'NONE', #1805 ) ;
#1016 = DIRECTION ( 'NONE',  ( -1.000000000000000000, 0.000000000000000000, 0.000000000000000000 ) ) ;
#1017 = EDGE_LOOP ( 'NONE', ( #786, #2975 ) ) ;
#1018 = AXIS2_PLACEMENT_3D ( 'NONE', #3055, #1786, #2523 ) ;
#1019 = DIRECTION ( 'NONE',  ( -0.000000000000000000, -0.000000000000000000, -1.000000000000000000 ) ) ;
#1020 = ORIENTED_EDGE ( 'NONE', *, *, #79, .F. ) ;
#1021 = CARTESIAN_POINT ( 'NONE',  ( 17.53503777425773080, 30.02870705156891162, -2.500000000000000000 ) ) ;
#1022 = DIRECTION ( 'NONE',  ( 0.000000000000000000, 0.000000000000000000, 1.000000000000000000 ) ) ;
#1023 = ADVANCED_FACE ( 'NONE', ( #2811 ), #2329, .T. ) ;
#1024 = AXIS2_PLACEMENT_3D ( 'NONE', #305, #87, #846 ) ;
#1025 = ADVANCED_FACE ( 'NONE', ( #2558 ), #2825, .T. ) ;
#1026 = DIRECTION ( 'NONE',  ( 0.000000000000000000, 0.000000000000000000, 1.000000000000000000 ) ) ;
#1027 = EDGE_LOOP ( 'NONE', ( #2049, #461, #233, #2319 ) ) ;
#1028 = CARTESIAN_POINT ( 'NONE',  ( 14.28503777425770060, 22.52870705156892583, 3.292323440001584611 ) ) ;
#1029 = LINE ( 'NONE', #3097, #2612 ) ;
#1030 = VERTEX_POINT ( 'NONE', #1285 ) ;
#1031 = EDGE_CURVE ( 'NONE', #1860, #954, #3095, .T. ) ;
#1032 = VECTOR ( 'NONE', #2402, 1000.000000000000000 ) ;
#1033 = DIRECTION ( 'NONE',  ( -0.000000000000000000, 0.000000000000000000, 1.000000000000000000 ) ) ;
#1034 = ORIENTED_EDGE ( 'NONE', *, *, #3272, .F. ) ;
#1035 = DIRECTION ( 'NONE',  ( 0.000000000000000000, 0.000000000000000000, -1.000000000000000000 ) ) ;
#1036 = CIRCLE ( 'NONE', #3, 2.749999999999995559 ) ;
#1037 = AXIS2_PLACEMENT_3D ( 'NONE', #361, #1649, #138 ) ;
#1038 = CARTESIAN_POINT ( 'NONE',  ( 15.78503777425770060, 22.52870705156892583, -3.000000000000002665 ) ) ;
#1039 = ORIENTED_EDGE ( 'NONE', *, *, #735, .T. ) ;
#1040 = DIRECTION ( 'NONE',  ( -0.000000000000000000, -0.000000000000000000, 1.000000000000000000 ) ) ;
#1041 = DIRECTION ( 'NONE',  ( 0.000000000000000000, -0.000000000000000000, -1.000000000000000000 ) ) ;
#1042 = CIRCLE ( 'NONE', #1201, 0.9499999999999995115 ) ;
#1043 = VECTOR ( 'NONE', #1757, 1000.000000000000000 ) ;
#1044 = EDGE_CURVE ( 'NONE', #756, #464, #1238, .T. ) ;
#1045 = VECTOR ( 'NONE', #527, 1000.000000000000000 ) ;
#1046 = LINE ( 'NONE', #974, #1998 ) ;
#1047 = ORIENTED_EDGE ( 'NONE', *, *, #2638, .T. ) ;
#1048 = CARTESIAN_POINT ( 'NONE',  ( -10.88296222574226668, -25.62529294843109184, -2.500000000000000000 ) ) ;
#1049 = LINE ( 'NONE', #2060, #1388 ) ;
#1050 = ORIENTED_EDGE ( 'NONE', *, *, #238, .F. ) ;
#1051 = EDGE_CURVE ( 'NONE', #1888, #959, #1544, .T. ) ;
#1052 = DIRECTION ( 'NONE',  ( -0.000000000000000000, 0.000000000000000000, 1.000000000000000000 ) ) ;
#1053 = ORIENTED_EDGE ( 'NONE', *, *, #1051, .F. ) ;
#1054 = CARTESIAN_POINT ( 'NONE',  ( -16.21496222574229051, -25.22129294843106706, -2.500000000000000000 ) ) ;
#1055 = ORIENTED_EDGE ( 'NONE', *, *, #2326, .T. ) ;
#1056 = DIRECTION ( 'NONE',  ( 1.000000000000000000, 0.000000000000000000, 0.000000000000000000 ) ) ;
#1057 = ORIENTED_EDGE ( 'NONE', *, *, #16, .F. ) ;
#1058 = CARTESIAN_POINT ( 'NONE',  ( -16.96496222574226920, 25.27870705156888320, 3.292323440001584611 ) ) ;
#1059 = DIRECTION ( 'NONE',  ( -0.000000000000000000, -0.000000000000000000, -1.000000000000000000 ) ) ;
#1060 = DIRECTION ( 'NONE',  ( -0.000000000000000000, -0.000000000000000000, -1.000000000000000000 ) ) ;
#1061 = ORIENTED_EDGE ( 'NONE', *, *, #1756, .T. ) ;
#1062 = CARTESIAN_POINT ( 'NONE',  ( -16.46496222574226920, 30.02870705156890097, -3.499999999999999556 ) ) ;
#1063 = DIRECTION ( 'NONE',  ( -1.734723475976807094E-16, 1.000000000000000000, 0.000000000000000000 ) ) ;
#1064 = VECTOR ( 'NONE', #2648, 1000.000000000000000 ) ;
#1065 = ORIENTED_EDGE ( 'NONE', *, *, #3208, .T. ) ;
#1066 = EDGE_CURVE ( 'NONE', #862, #1926, #1719, .T. ) ;
#1067 = CARTESIAN_POINT ( 'NONE',  ( 10.45303777425773362, 25.68270705156890443, -2.500000000000000000 ) ) ;
#1068 = VERTEX_POINT ( 'NONE', #2059 ) ;
#1069 = DIRECTION ( 'NONE',  ( -1.000000000000000000, -2.703465157366452467E-16, 0.000000000000000000 ) ) ;
#1070 = EDGE_LOOP ( 'NONE', ( #186, #278, #855, #1006, #748, #1255, #2066, #891, #2475, #1353, #1735, #1449, #423, #1113, #2639, #903 ) ) ;
#1071 = FACE_OUTER_BOUND ( 'NONE', #2657, .T. ) ;
#1072 = AXIS2_PLACEMENT_3D ( 'NONE', #2875, #83, #26 ) ;
#1073 = ORIENTED_EDGE ( 'NONE', *, *, #2148, .T. ) ;
#1074 = DIRECTION ( 'NONE',  ( -0.000000000000000000, -0.000000000000000000, -1.000000000000000000 ) ) ;
#1075 = CYLINDRICAL_SURFACE ( 'NONE', #1834, 3.000000000000000000 ) ;
#1076 = ADVANCED_FACE ( 'NONE', ( #1747 ), #2293, .T. ) ;
#1077 = CYLINDRICAL_SURFACE ( 'NONE', #3231, 2.749999999999995559 ) ;
#1078 = VERTEX_POINT ( 'NONE', #1011 ) ;
#1079 = DIRECTION ( 'NONE',  ( -0.000000000000000000, 0.000000000000000000, 1.000000000000000000 ) ) ;
#1080 = LINE ( 'NONE', #2864, #2715 ) ;
#1081 = EDGE_LOOP ( 'NONE', ( #2012, #1772, #1668, #383 ) ) ;
#1082 = CARTESIAN_POINT ( 'NONE',  ( 15.78503777425770060, 22.52870705156892583, 3.000000000000001776 ) ) ;
#1083 = EDGE_CURVE ( 'NONE', #1860, #3012, #2759, .T. ) ;
#1084 = ORIENTED_EDGE ( 'NONE', *, *, #1431, .F. ) ;
#1085 = DIRECTION ( 'NONE',  ( 1.000000000000000000, 0.000000000000000000, 0.000000000000000000 ) ) ;
#1086 = ORIENTED_EDGE ( 'NONE', *, *, #2734, .F. ) ;
#1087 = FACE_OUTER_BOUND ( 'NONE', #1626, .T. ) ;
#1088 = AXIS2_PLACEMENT_3D ( 'NONE', #1631, #1610, #2629 ) ;
#1089 = ORIENTED_EDGE ( 'NONE', *, *, #1171, .T. ) ;
#1090 = DIRECTION ( 'NONE',  ( -1.000000000000000000, 0.000000000000000000, 0.000000000000000000 ) ) ;
#1091 = CARTESIAN_POINT ( 'NONE',  ( 11.40187074164454017, -28.47129294843108482, 0.000000000000000000 ) ) ;
#1092 = EDGE_CURVE ( 'NONE', #2603, #824, #216, .T. ) ;
#1093 = DIRECTION ( 'NONE',  ( -0.000000000000000000, -0.000000000000000000, -1.000000000000000000 ) ) ;
#1094 = EDGE_LOOP ( 'NONE', ( #1919, #1198, #74, #1963 ) ) ;
#1095 = VECTOR ( 'NONE', #1605, 1000.000000000000000 ) ;
#1096 = DIRECTION ( 'NONE',  ( 1.000000000000000000, 0.000000000000000000, 0.000000000000000000 ) ) ;
#1097 = DIRECTION ( 'NONE',  ( -0.000000000000000000, -0.000000000000000000, 1.000000000000000000 ) ) ;
#1098 = CIRCLE ( 'NONE', #2963, 1.000000000000000888 ) ;
#1099 = DIRECTION ( 'NONE',  ( 0.000000000000000000, 0.000000000000000000, 1.000000000000000000 ) ) ;
#1100 = DIRECTION ( 'NONE',  ( 1.000000000000000000, 0.000000000000000000, 0.000000000000000000 ) ) ;
#1101 = CIRCLE ( 'NONE', #80, 2.999999999999999112 ) ;
#1102 = CARTESIAN_POINT ( 'NONE',  ( 14.83503777425769599, 22.52870705156892583, -3.000000000000002665 ) ) ;
#1103 = ORIENTED_EDGE ( 'NONE', *, *, #692, .T. ) ;
#1104 = DIRECTION ( 'NONE',  ( -0.000000000000000000, -0.000000000000000000, -1.000000000000000000 ) ) ;
#1105 = ORIENTED_EDGE ( 'NONE', *, *, #2446, .F. ) ;
#1106 = CARTESIAN_POINT ( 'NONE',  ( -16.21496222574226564, -22.47129294843110969, -3.000000000000002665 ) ) ;
#1107 = VECTOR ( 'NONE', #2192, 1000.000000000000000 ) ;
#1108 = VERTEX_POINT ( 'NONE', #743 ) ;
#1109 = CARTESIAN_POINT ( 'NONE',  ( 15.78503777425776100, 19.77870705156889031, 3.292323440001584611 ) ) ;
#1110 = CARTESIAN_POINT ( 'NONE',  ( 14.28503777425773436, -22.47129294843107417, 3.000000000000001776 ) ) ;
#1111 = EDGE_CURVE ( 'NONE', #2150, #1000, #2776, .T. ) ;
#1112 = CARTESIAN_POINT ( 'NONE',  ( -7.882962225742265794, -25.62529294843109184, 0.000000000000000000 ) ) ;
#1113 = ORIENTED_EDGE ( 'NONE', *, *, #99, .F. ) ;
#1114 = DIRECTION ( 'NONE',  ( 0.000000000000000000, -1.000000000000000000, 0.000000000000000000 ) ) ;
#1115 = LINE ( 'NONE', #1393, #1064 ) ;
#1116 = EDGE_CURVE ( 'NONE', #1310, #2091, #1336, .T. ) ;
#1117 = DIRECTION ( 'NONE',  ( -0.000000000000000000, 0.000000000000000000, 1.000000000000000000 ) ) ;
#1118 = VECTOR ( 'NONE', #2482, 1000.000000000000000 ) ;
#1119 = EDGE_CURVE ( 'NONE', #629, #905, #1510, .T. ) ;
#1120 = CYLINDRICAL_SURFACE ( 'NONE', #1147, 3.000000000000000000 ) ;
#1121 = ORIENTED_EDGE ( 'NONE', *, *, #68, .T. ) ;
#1122 = LINE ( 'NONE', #2082, #2531 ) ;
#1123 = ORIENTED_EDGE ( 'NONE', *, *, #792, .F. ) ;
#1124 = DIRECTION ( 'NONE',  ( -1.000000000000000000, 0.000000000000000000, 0.000000000000000000 ) ) ;
#1125 = ORIENTED_EDGE ( 'NONE', *, *, #661, .T. ) ;
#1126 = CARTESIAN_POINT ( 'NONE',  ( 7.453037774257734505, 25.68270705156890443, 0.000000000000000000 ) ) ;
#1127 = CYLINDRICAL_SURFACE ( 'NONE', #2529, 1.500000000000001332 ) ;
#1128 = VECTOR ( 'NONE', #1139, 1000.000000000000000 ) ;
#1129 = CARTESIAN_POINT ( 'NONE',  ( -16.21496222574226564, -22.47129294843110969, 3.000000000000001776 ) ) ;
#1130 = ORIENTED_EDGE ( 'NONE', *, *, #2050, .F. ) ;
#1131 = ADVANCED_FACE ( 'NONE', ( #1256 ), #2278, .F. ) ;
#1132 = DIRECTION ( 'NONE',  ( 1.000000000000000000, 0.000000000000000000, 0.000000000000000000 ) ) ;
#1133 = LINE ( 'NONE', #47, #2285 ) ;
#1134 = CARTESIAN_POINT ( 'NONE',  ( -9.932962225742267393, -25.62529294843109184, -2.500000000000000000 ) ) ;
#1135 = DIRECTION ( 'NONE',  ( -0.000000000000000000, -0.000000000000000000, 1.000000000000000000 ) ) ;
#1136 = ORIENTED_EDGE ( 'NONE', *, *, #2252, .T. ) ;
#1137 = DIRECTION ( 'NONE',  ( 1.000000000000000000, 0.000000000000000000, -0.000000000000000000 ) ) ;
#1138 = ORIENTED_EDGE ( 'NONE', *, *, #2690, .T. ) ;
#1139 = DIRECTION ( 'NONE',  ( 1.000000000000000000, 0.000000000000000000, 0.000000000000000000 ) ) ;
#1140 = ORIENTED_EDGE ( 'NONE', *, *, #2399, .F. ) ;
#1141 = CARTESIAN_POINT ( 'NONE',  ( -16.96496222574225854, -18.72129294843107417, -4.002000000000000668 ) ) ;
#1142 = DIRECTION ( 'NONE',  ( -0.000000000000000000, -0.000000000000000000, 1.000000000000000000 ) ) ;
#1143 = CARTESIAN_POINT ( 'NONE',  ( 15.78503777425775390, -19.72129294843107417, 3.292323440001584611 ) ) ;
#1144 = ORIENTED_EDGE ( 'NONE', *, *, #1245, .F. ) ;
#1145 = CARTESIAN_POINT ( 'NONE',  ( 16.03503777425773791, -28.47129294843108482, 3.292323440001584611 ) ) ;
#1146 = DIRECTION ( 'NONE',  ( -1.000000000000000000, -2.703465157366452467E-16, 0.000000000000000000 ) ) ;
#1147 = AXIS2_PLACEMENT_3D ( 'NONE', #2919, #852, #3173 ) ;
#1148 = EDGE_CURVE ( 'NONE', #2254, #2046, #1184, .T. ) ;
#1149 = CARTESIAN_POINT ( 'NONE',  ( 15.78503777425773613, -22.47129294843107417, 3.292323440001584611 ) ) ;
#1150 = CIRCLE ( 'NONE', #3008, 0.9499999999999995115 ) ;
#1151 = CIRCLE ( 'NONE', #718, 1.000000000000000888 ) ;
#1152 = DIRECTION ( 'NONE',  ( -1.000000000000000000, 0.000000000000000000, 0.000000000000000000 ) ) ;
#1153 = CIRCLE ( 'NONE', #126, 1.500000000000001332 ) ;
#1154 = CARTESIAN_POINT ( 'NONE',  ( -7.714959791634052877, -28.47129294843108482, 3.292323440001584611 ) ) ;
#1155 = AXIS2_PLACEMENT_3D ( 'NONE', #3011, #3264, #2809 ) ;
#1156 = ORIENTED_EDGE ( 'NONE', *, *, #1871, .F. ) ;
#1157 = DIRECTION ( 'NONE',  ( 0.000000000000000000, 0.000000000000000000, 1.000000000000000000 ) ) ;
#1158 = EDGE_CURVE ( 'NONE', #3325, #595, #2608, .T. ) ;
#1159 = ORIENTED_EDGE ( 'NONE', *, *, #2265, .F. ) ;
#1160 = CARTESIAN_POINT ( 'NONE',  ( -15.26496222574226458, -22.47129294843110969, 3.000000000000001776 ) ) ;
#1161 = CYLINDRICAL_SURFACE ( 'NONE', #2696, 2.999999999999999112 ) ;
#1162 = DIRECTION ( 'NONE',  ( -0.000000000000000000, -0.000000000000000000, -1.000000000000000000 ) ) ;
#1163 = ORIENTED_EDGE ( 'NONE', *, *, #2495, .T. ) ;
#1164 = LINE ( 'NONE', #164, #1107 ) ;
#1165 = DIRECTION ( 'NONE',  ( -0.000000000000000000, -0.000000000000000000, -1.000000000000000000 ) ) ;
#1166 = LINE ( 'NONE', #3013, #2098 ) ;
#1167 = DIRECTION ( 'NONE',  ( 1.000000000000000000, 0.000000000000000000, 0.000000000000000000 ) ) ;
#1168 = CARTESIAN_POINT ( 'NONE',  ( 10.45303777425773362, 25.68270705156890443, -2.500000000000000000 ) ) ;
#1169 = ORIENTED_EDGE ( 'NONE', *, *, #662, .F. ) ;
#1170 = LINE ( 'NONE', #904, #1228 ) ;
#1171 = EDGE_CURVE ( 'NONE', #308, #2282, #2030, .T. ) ;
#1172 = ORIENTED_EDGE ( 'NONE', *, *, #843, .F. ) ;
#1173 = DIRECTION ( 'NONE',  ( 1.000000000000000000, 0.000000000000000000, 0.000000000000000000 ) ) ;
#1174 = DIRECTION ( 'NONE',  ( -0.000000000000000000, -0.000000000000000000, -1.000000000000000000 ) ) ;
#1175 = EDGE_LOOP ( 'NONE', ( #1105, #2287, #1226, #2837 ) ) ;
#1176 = DIRECTION ( 'NONE',  ( 1.000000000000000000, 0.000000000000000000, 0.000000000000000000 ) ) ;
#1177 = CARTESIAN_POINT ( 'NONE',  ( 16.03503777425773436, 27.02870705156891162, -3.499999999999999556 ) ) ;
#1178 = CIRCLE ( 'NONE', #429, 3.000000000000000888 ) ;
#1179 = EDGE_CURVE ( 'NONE', #3106, #1030, #438, .T. ) ;
#1180 = DIRECTION ( 'NONE',  ( -1.000000000000000000, 0.000000000000000000, 0.000000000000000000 ) ) ;
#1181 = LINE ( 'NONE', #3238, #73 ) ;
#1182 = ORIENTED_EDGE ( 'NONE', *, *, #508, .F. ) ;
#1183 = DIRECTION ( 'NONE',  ( 1.000000000000000000, 0.000000000000000000, -0.000000000000000000 ) ) ;
#1184 = CIRCLE ( 'NONE', #161, 2.499999999999998668 ) ;
#1185 = EDGE_CURVE ( 'NONE', #3269, #2983, #2146, .T. ) ;
#1186 = VERTEX_POINT ( 'NONE', #1645 ) ;
#1187 = DIRECTION ( 'NONE',  ( -0.000000000000000000, -0.000000000000000000, 1.000000000000000000 ) ) ;
#1188 = DIRECTION ( 'NONE',  ( -0.000000000000000000, -0.000000000000000000, 1.000000000000000000 ) ) ;
#1189 = CARTESIAN_POINT ( 'NONE',  ( 17.28503777425773791, -22.47129294843107417, 3.292323440001584611 ) ) ;
#1190 = ORIENTED_EDGE ( 'NONE', *, *, #848, .F. ) ;
#1191 = DIRECTION ( 'NONE',  ( 0.000000000000000000, -1.000000000000000000, 0.000000000000000000 ) ) ;
#1192 = DIRECTION ( 'NONE',  ( 1.000000000000000000, 0.000000000000000000, 0.000000000000000000 ) ) ;
#1193 = EDGE_CURVE ( 'NONE', #1001, #1785, #1374, .T. ) ;
#1194 = CIRCLE ( 'NONE', #218, 0.9499999999999995115 ) ;
#1195 = ORIENTED_EDGE ( 'NONE', *, *, #2399, .T. ) ;
#1196 = DIRECTION ( 'NONE',  ( 0.000000000000000000, 0.000000000000000000, 1.000000000000000000 ) ) ;
#1197 = CARTESIAN_POINT ( 'NONE',  ( -7.882962225742265794, 25.68270705156890443, -2.500000000000000000 ) ) ;
#1198 = ORIENTED_EDGE ( 'NONE', *, *, #2002, .T. ) ;
#1199 = AXIS2_PLACEMENT_3D ( 'NONE', #2973, #2189, #1693 ) ;
#1200 = CARTESIAN_POINT ( 'NONE',  ( -16.21496222574229762, 22.52870705156889031, -3.000000000000002665 ) ) ;
#1201 = AXIS2_PLACEMENT_3D ( 'NONE', #2237, #1656, #1403 ) ;
#1202 = EDGE_LOOP ( 'NONE', ( #2152, #1086, #1553, #2771 ) ) ;
#1203 = PLANE ( 'NONE',  #1264 ) ;
#1204 = DIRECTION ( 'NONE',  ( 1.000000000000000000, -2.135044278125326586E-15, 0.000000000000000000 ) ) ;
#1205 = FACE_OUTER_BOUND ( 'NONE', #478, .T. ) ;
#1206 = ORIENTED_EDGE ( 'NONE', *, *, #2295, .F. ) ;
#1207 = DIRECTION ( 'NONE',  ( -0.000000000000000000, -0.000000000000000000, 1.000000000000000000 ) ) ;
#1208 = LINE ( 'NONE', #135, #1541 ) ;
#1209 = EDGE_CURVE ( 'NONE', #3239, #1986, #1366, .T. ) ;
#1210 = ADVANCED_FACE ( 'NONE', ( #1628 ), #2647, .F. ) ;
#1211 = ORIENTED_EDGE ( 'NONE', *, *, #104, .T. ) ;
#1212 = CARTESIAN_POINT ( 'NONE',  ( -16.21496222574226564, -22.47129294843110969, 3.292323440001584611 ) ) ;
#1213 = EDGE_CURVE ( 'NONE', #3275, #237, #1861, .T. ) ;
#1214 = ORIENTED_EDGE ( 'NONE', *, *, #1708, .T. ) ;
#1215 = ADVANCED_FACE ( 'NONE', ( #2417 ), #1608, .T. ) ;
#1216 = CIRCLE ( 'NONE', #942, 3.000000000000000888 ) ;
#1217 = VERTEX_POINT ( 'NONE', #1355 ) ;
#1218 = FACE_OUTER_BOUND ( 'NONE', #156, .T. ) ;
#1219 = AXIS2_PLACEMENT_3D ( 'NONE', #1223, #1678, #1480 ) ;
#1220 = FACE_OUTER_BOUND ( 'NONE', #3159, .T. ) ;
#1221 = ORIENTED_EDGE ( 'NONE', *, *, #22, .T. ) ;
#1222 = CARTESIAN_POINT ( 'NONE',  ( -17.96496222574225854, -18.72129294843107417, 3.292323440001584611 ) ) ;
#1223 = CARTESIAN_POINT ( 'NONE',  ( 16.53503777425773080, 26.27870705156888320, -2.500000000000000000 ) ) ;
#1224 = ADVANCED_FACE ( 'NONE', ( #3113 ), #116, .T. ) ;
#1225 = DIRECTION ( 'NONE',  ( -0.000000000000000000, -0.000000000000000000, -1.000000000000000000 ) ) ;
#1226 = ORIENTED_EDGE ( 'NONE', *, *, #1396, .F. ) ;
#1227 = CARTESIAN_POINT ( 'NONE',  ( -10.88296222574226668, -25.62529294843109184, 0.000000000000000000 ) ) ;
#1228 = VECTOR ( 'NONE', #2408, 1000.000000000000114 ) ;
#1229 = ORIENTED_EDGE ( 'NONE', *, *, #79, .T. ) ;
#1230 = LINE ( 'NONE', #2028, #1997 ) ;
#1231 = VERTEX_POINT ( 'NONE', #2346 ) ;
#1232 = DIRECTION ( 'NONE',  ( -0.000000000000000000, -0.000000000000000000, 1.000000000000000000 ) ) ;
#1233 = ORIENTED_EDGE ( 'NONE', *, *, #2774, .F. ) ;
#1234 = DIRECTION ( 'NONE',  ( 0.000000000000000000, 0.000000000000000000, 1.000000000000000000 ) ) ;
#1235 = CARTESIAN_POINT ( 'NONE',  ( -19.46496222574226920, 27.02870705156890097, -4.000000000000000000 ) ) ;
#1236 = CARTESIAN_POINT ( 'NONE',  ( -17.96496222574226564, 18.77870705156889031, -2.500000000000000000 ) ) ;
#1237 = ORIENTED_EDGE ( 'NONE', *, *, #411, .F. ) ;
#1238 = LINE ( 'NONE', #536, #3266 ) ;
#1239 = AXIS2_PLACEMENT_3D ( 'NONE', #513, #1504, #1784 ) ;
#1240 = ORIENTED_EDGE ( 'NONE', *, *, #1119, .F. ) ;
#1241 = EDGE_CURVE ( 'NONE', #2833, #1824, #2663, .T. ) ;
#1242 = VECTOR ( 'NONE', #2275, 1000.000000000000000 ) ;
#1243 = ORIENTED_EDGE ( 'NONE', *, *, #2331, .T. ) ;
#1244 = CARTESIAN_POINT ( 'NONE',  ( -10.88296222574226668, 25.68270705156890443, -2.500000000000000000 ) ) ;
#1245 = EDGE_CURVE ( 'NONE', #348, #778, #297, .T. ) ;
#1246 = ORIENTED_EDGE ( 'NONE', *, *, #3171, .F. ) ;
#1247 = AXIS2_PLACEMENT_3D ( 'NONE', #2373, #1853, #1868 ) ;
#1248 = AXIS2_PLACEMENT_3D ( 'NONE', #28, #2914, #1301 ) ;
#1249 = VERTEX_POINT ( 'NONE', #1145 ) ;
#1250 = LINE ( 'NONE', #2018, #2298 ) ;
#1251 = CIRCLE ( 'NONE', #455, 1.500000000000001332 ) ;
#1252 = LINE ( 'NONE', #3299, #2316 ) ;
#1253 = ADVANCED_FACE ( 'NONE', ( #2384 ), #2593, .F. ) ;
#1254 = FACE_OUTER_BOUND ( 'NONE', #732, .T. ) ;
#1255 = ORIENTED_EDGE ( 'NONE', *, *, #1193, .T. ) ;
#1256 = FACE_OUTER_BOUND ( 'NONE', #566, .T. ) ;
#1257 = CARTESIAN_POINT ( 'NONE',  ( -16.21496222574226564, -22.47129294843110969, 3.000000000000001776 ) ) ;
#1258 = ORIENTED_EDGE ( 'NONE', *, *, #3248, .F. ) ;
#1259 = VERTEX_POINT ( 'NONE', #1590 ) ;
#1260 = DIRECTION ( 'NONE',  ( 0.000000000000000000, 0.000000000000000000, -1.000000000000000000 ) ) ;
#1261 = ORIENTED_EDGE ( 'NONE', *, *, #318, .T. ) ;
#1262 = CARTESIAN_POINT ( 'NONE',  ( 14.28503777425770060, 22.52870705156892583, 3.000000000000001776 ) ) ;
#1263 = EDGE_CURVE ( 'NONE', #824, #205, #686, .T. ) ;
#1264 = AXIS2_PLACEMENT_3D ( 'NONE', #436, #2941, #2723 ) ;
#1265 = ORIENTED_EDGE ( 'NONE', *, *, #1066, .T. ) ;
#1266 = DIRECTION ( 'NONE',  ( -1.000000000000000000, -2.703465157366452467E-16, 0.000000000000000000 ) ) ;
#1267 = CARTESIAN_POINT ( 'NONE',  ( -10.88296222574226668, -25.62529294843109184, -2.500000000000000000 ) ) ;
#1268 = CIRCLE ( 'NONE', #1219, 1.000000000000000888 ) ;
#1269 = DIRECTION ( 'NONE',  ( 1.000000000000000000, 2.703465157366452467E-16, -0.000000000000000000 ) ) ;
#1270 = ORIENTED_EDGE ( 'NONE', *, *, #1351, .F. ) ;
#1271 = CARTESIAN_POINT ( 'NONE',  ( -19.46496222574226209, -29.97129294843108838, -3.499999999999999556 ) ) ;
#1272 = DIRECTION ( 'NONE',  ( 0.000000000000000000, 0.000000000000000000, 1.000000000000000000 ) ) ;
#1273 = EDGE_CURVE ( 'NONE', #1249, #1903, #2897, .T. ) ;
#1274 = ORIENTED_EDGE ( 'NONE', *, *, #2106, .T. ) ;
#1275 = CIRCLE ( 'NONE', #207, 2.749999999999995559 ) ;
#1276 = DIRECTION ( 'NONE',  ( -0.000000000000000000, -0.000000000000000000, -1.000000000000000000 ) ) ;
#1277 = ORIENTED_EDGE ( 'NONE', *, *, #761, .F. ) ;
#1278 = EDGE_CURVE ( 'NONE', #2076, #402, #607, .T. ) ;
#1279 = ORIENTED_EDGE ( 'NONE', *, *, #1770, .F. ) ;
#1280 = DIRECTION ( 'NONE',  ( -1.000000000000000000, 0.000000000000000000, -0.000000000000000000 ) ) ;
#1281 = CARTESIAN_POINT ( 'NONE',  ( -17.96496222574226920, 27.02870705156890097, -2.500000000000000000 ) ) ;
#1282 = DIRECTION ( 'NONE',  ( -0.000000000000000000, 0.000000000000000000, 1.000000000000000000 ) ) ;
#1283 = ORIENTED_EDGE ( 'NONE', *, *, #2804, .F. ) ;
#1284 = ADVANCED_FACE ( 'NONE', ( #441 ), #1677, .T. ) ;
#1285 = CARTESIAN_POINT ( 'NONE',  ( -17.96496222574225854, -26.22129294843106706, -2.500000000000000000 ) ) ;
#1286 = DIRECTION ( 'NONE',  ( 1.000000000000000000, 0.000000000000000000, 0.000000000000000000 ) ) ;
#1287 = EDGE_LOOP ( 'NONE', ( #1061, #709 ) ) ;
#1288 = FACE_OUTER_BOUND ( 'NONE', #1854, .T. ) ;
#1289 = DIRECTION ( 'NONE',  ( -0.000000000000000000, 0.000000000000000000, 1.000000000000000000 ) ) ;
#1290 = EDGE_LOOP ( 'NONE', ( #2199, #528, #2997, #1761 ) ) ;
#1291 = DIRECTION ( 'NONE',  ( -0.000000000000000000, -0.000000000000000000, -1.000000000000000000 ) ) ;
#1292 = AXIS2_PLACEMENT_3D ( 'NONE', #2335, #291, #18 ) ;
#1293 = AXIS2_PLACEMENT_3D ( 'NONE', #2440, #3204, #917 ) ;
#1294 = VERTEX_POINT ( 'NONE', #2964 ) ;
#1295 = CARTESIAN_POINT ( 'NONE',  ( 16.73503777425770522, 22.52870705156892583, -3.000000000000002665 ) ) ;
#1296 = VECTOR ( 'NONE', #1173, 1000.000000000000000 ) ;
#1297 = LINE ( 'NONE', #3075, #1566 ) ;
#1298 = VECTOR ( 'NONE', #822, 1000.000000000000000 ) ;
#1299 = AXIS2_PLACEMENT_3D ( 'NONE', #2161, #1162, #694 ) ;
#1300 = VECTOR ( 'NONE', #2504, 1000.000000000000000 ) ;
#1301 = DIRECTION ( 'NONE',  ( 1.000000000000000000, 0.000000000000000000, -0.000000000000000000 ) ) ;
#1302 = ORIENTED_EDGE ( 'NONE', *, *, #320, .F. ) ;
#1303 = FACE_OUTER_BOUND ( 'NONE', #175, .T. ) ;
#1304 = FACE_OUTER_BOUND ( 'NONE', #2614, .T. ) ;
#1305 = ADVANCED_FACE ( 'NONE', ( #1696 ), #2178, .F. ) ;
#1306 = VERTEX_POINT ( 'NONE', #1222 ) ;
#1307 = CARTESIAN_POINT ( 'NONE',  ( -15.26496222574226458, -22.47129294843110969, -3.000000000000002665 ) ) ;
#1308 = ORIENTED_EDGE ( 'NONE', *, *, #433, .F. ) ;
#1309 = DIRECTION ( 'NONE',  ( 1.000000000000000000, -2.312964634635740689E-15, 0.000000000000000000 ) ) ;
#1310 = VERTEX_POINT ( 'NONE', #1442 ) ;
#1311 = CARTESIAN_POINT ( 'NONE',  ( 17.28503777425770238, 22.52870705156892583, 3.000000000000001776 ) ) ;
#1312 = EDGE_CURVE ( 'NONE', #2422, #431, #1164, .T. ) ;
#1313 = EDGE_LOOP ( 'NONE', ( #1652, #2921, #1749, #2737 ) ) ;
#1314 = DIRECTION ( 'NONE',  ( 0.000000000000000000, -0.000000000000000000, -1.000000000000000000 ) ) ;
#1315 = LINE ( 'NONE', #1386, #825 ) ;
#1316 = DIRECTION ( 'NONE',  ( 0.000000000000000000, 0.000000000000000000, 1.000000000000000000 ) ) ;
#1317 = ORIENTED_EDGE ( 'NONE', *, *, #2836, .F. ) ;
#1318 = CARTESIAN_POINT ( 'NONE',  ( -19.46496222574226209, -29.97129294843108838, -4.000000000000000000 ) ) ;
#1319 = DIRECTION ( 'NONE',  ( 0.7071067811865474617, 0.000000000000000000, 0.7071067811865474617 ) ) ;
#1320 = ADVANCED_FACE ( 'NONE', ( #1711 ), #1408, .T. ) ;
#1321 = CARTESIAN_POINT ( 'NONE',  ( -17.96496222574226564, 26.27870705156888320, -2.500000000000000000 ) ) ;
#1322 = ORIENTED_EDGE ( 'NONE', *, *, #2836, .T. ) ;
#1323 = CARTESIAN_POINT ( 'NONE',  ( -16.46496222574226209, -26.97129294843108838, -3.499999999999999556 ) ) ;
#1324 = ORIENTED_EDGE ( 'NONE', *, *, #178, .F. ) ;
#1325 = DIRECTION ( 'NONE',  ( -1.156482317317871971E-16, 1.000000000000000000, -0.000000000000000000 ) ) ;
#1326 = ORIENTED_EDGE ( 'NONE', *, *, #950, .F. ) ;
#1327 = ADVANCED_FACE ( 'NONE', ( #3215 ), #425, .F. ) ;
#1328 = ORIENTED_EDGE ( 'NONE', *, *, #3039, .F. ) ;
#1329 = CARTESIAN_POINT ( 'NONE',  ( -16.96496222574225854, -18.72129294843107417, 3.292323440001584611 ) ) ;
#1330 = DIRECTION ( 'NONE',  ( 1.000000000000000000, 0.000000000000000000, 0.000000000000000000 ) ) ;
#1331 = VECTOR ( 'NONE', #279, 1000.000000000000000 ) ;
#1332 = DIRECTION ( 'NONE',  ( -0.000000000000000000, -0.000000000000000000, 1.000000000000000000 ) ) ;
#1333 = ORIENTED_EDGE ( 'NONE', *, *, #2752, .T. ) ;
#1334 = DIRECTION ( 'NONE',  ( -0.000000000000000000, 0.000000000000000000, 1.000000000000000000 ) ) ;
#1335 = DIRECTION ( 'NONE',  ( -0.000000000000000000, -0.000000000000000000, -1.000000000000000000 ) ) ;
#1336 = CIRCLE ( 'NONE', #2567, 3.000000000000000000 ) ;
#1337 = CARTESIAN_POINT ( 'NONE',  ( -18.96496222574225854, -26.97129294843108838, -4.000000000000000000 ) ) ;
#1338 = EDGE_LOOP ( 'NONE', ( #845, #2668, #681, #2213 ) ) ;
#1339 = CARTESIAN_POINT ( 'NONE',  ( -14.71496222574229762, 22.52870705156888675, 3.000000000000001776 ) ) ;
#1340 = EDGE_LOOP ( 'NONE', ( #3168, #713, #380, #215 ) ) ;
#1341 = DIRECTION ( 'NONE',  ( 0.000000000000000000, 0.000000000000000000, 1.000000000000000000 ) ) ;
#1342 = EDGE_LOOP ( 'NONE', ( #1084, #406, #2824, #1308 ) ) ;
#1343 = CARTESIAN_POINT ( 'NONE',  ( -11.83296222574226597, -25.62529294843109184, -2.500000000000000000 ) ) ;
#1344 = AXIS2_PLACEMENT_3D ( 'NONE', #3172, #2866, #1592 ) ;
#1345 = EDGE_CURVE ( 'NONE', #704, #2652, #2865, .T. ) ;
#1346 = AXIS2_PLACEMENT_3D ( 'NONE', #1463, #2180, #1180 ) ;
#1347 = ORIENTED_EDGE ( 'NONE', *, *, #1083, .F. ) ;
#1348 = CARTESIAN_POINT ( 'NONE',  ( 16.03503777425773436, 27.02870705156891162, -4.000000000000000000 ) ) ;
#1349 = CARTESIAN_POINT ( 'NONE',  ( -16.21496222574229051, -19.72129294843107417, 3.292323440001584611 ) ) ;
#1350 = AXIS2_PLACEMENT_3D ( 'NONE', #2952, #1665, #1466 ) ;
#1351 = EDGE_CURVE ( 'NONE', #1691, #115, #1661, .T. ) ;
#1352 = FACE_OUTER_BOUND ( 'NONE', #2017, .T. ) ;
#1353 = ORIENTED_EDGE ( 'NONE', *, *, #1624, .T. ) ;
#1354 = VECTOR ( 'NONE', #3130, 1000.000000000000000 ) ;
#1355 = CARTESIAN_POINT ( 'NONE',  ( 14.83503777425773151, -22.47129294843107417, -3.000000000000002665 ) ) ;
#1356 = CARTESIAN_POINT ( 'NONE',  ( -14.71496222574229762, 22.52870705156888675, 3.292323440001584611 ) ) ;
#1357 = ADVANCED_FACE ( 'NONE', ( #946 ), #2727, .F. ) ;
#1358 = AXIS2_PLACEMENT_3D ( 'NONE', #643, #3195, #2942 ) ;
#1359 = AXIS2_PLACEMENT_3D ( 'NONE', #1542, #2877, #2126 ) ;
#1360 = CIRCLE ( 'NONE', #17, 3.000000000000000888 ) ;
#1361 = CARTESIAN_POINT ( 'NONE',  ( -10.88296222574226668, 25.68270705156890443, -2.500000000000000000 ) ) ;
#1362 = ORIENTED_EDGE ( 'NONE', *, *, #3109, .T. ) ;
#1363 = FACE_OUTER_BOUND ( 'NONE', #3289, .T. ) ;
#1364 = VERTEX_POINT ( 'NONE', #1479 ) ;
#1365 = CARTESIAN_POINT ( 'NONE',  ( -10.88296222574226668, -25.62529294843109184, 0.000000000000000000 ) ) ;
#1366 = CIRCLE ( 'NONE', #2271, 0.9500000000000029532 ) ;
#1367 = EDGE_CURVE ( 'NONE', #3174, #1310, #2097, .T. ) ;
#1368 = MANIFOLD_SOLID_BREP ( 'Fillet1', #495 ) ;
#1369 = ORIENTED_EDGE ( 'NONE', *, *, #475, .T. ) ;
#1370 = CARTESIAN_POINT ( 'NONE',  ( -13.88296222574226668, -25.62529294843109184, 0.000000000000000000 ) ) ;
#1371 = DIRECTION ( 'NONE',  ( -1.734723475976807094E-16, 1.000000000000000000, 0.000000000000000000 ) ) ;
#1372 = CARTESIAN_POINT ( 'NONE',  ( 16.03503777425773791, 30.02870705156891162, 3.292323440001584611 ) ) ;
#1373 = VERTEX_POINT ( 'NONE', #454 ) ;
#1374 = LINE ( 'NONE', #881, #2805 ) ;
#1375 = DIRECTION ( 'NONE',  ( 1.000000000000000000, 0.000000000000000000, 0.000000000000000000 ) ) ;
#1376 = FACE_OUTER_BOUND ( 'NONE', #697, .T. ) ;
#1377 = EDGE_CURVE ( 'NONE', #763, #1364, #391, .T. ) ;
#1378 = AXIS2_PLACEMENT_3D ( 'NONE', #864, #374, #2898 ) ;
#1379 = LINE ( 'NONE', #106, #2957 ) ;
#1380 = VERTEX_POINT ( 'NONE', #2508 ) ;
#1381 = DIRECTION ( 'NONE',  ( 1.000000000000000000, 0.000000000000000000, 0.000000000000000000 ) ) ;
#1382 = ORIENTED_EDGE ( 'NONE', *, *, #3082, .T. ) ;
#1383 = LINE ( 'NONE', #688, #3096 ) ;
#1384 = ORIENTED_EDGE ( 'NONE', *, *, #2716, .T. ) ;
#1385 = CARTESIAN_POINT ( 'NONE',  ( -17.16496222574230046, 22.52870705156889031, 3.000000000000001776 ) ) ;
#1386 = CARTESIAN_POINT ( 'NONE',  ( -13.88296222574226668, 25.68270705156890443, 0.000000000000000000 ) ) ;
#1387 = ADVANCED_FACE ( 'NONE', ( #498 ), #467, .F. ) ;
#1388 = VECTOR ( 'NONE', #809, 1000.000000000000000 ) ;
#1389 = AXIS2_PLACEMENT_3D ( 'NONE', #1329, #3149, #841 ) ;
#1390 = CARTESIAN_POINT ( 'NONE',  ( -16.46496222574226920, 28.52870705156890097, -2.500000000000000000 ) ) ;
#1391 = ORIENTED_EDGE ( 'NONE', *, *, #2403, .T. ) ;
#1392 = CARTESIAN_POINT ( 'NONE',  ( -16.96496222574225854, -18.72129294843107417, -2.500000000000000000 ) ) ;
#1394 = VECTOR ( 'NONE', #1234, 1000.000000000000000 ) ;
#1393 = CARTESIAN_POINT ( 'NONE',  ( 7.453037774257734505, -25.62529294843109540, 0.000000000000000000 ) ) ;
#1395 = EDGE_CURVE ( 'NONE', #1306, #1790, #212, .T. ) ;
#1396 = EDGE_CURVE ( 'NONE', #3073, #2348, #2541, .T. ) ;
#1397 = DIRECTION ( 'NONE',  ( -0.000000000000000000, -0.000000000000000000, 1.000000000000000000 ) ) ;
#1398 = CARTESIAN_POINT ( 'NONE',  ( -10.88296222574226668, 25.68270705156890443, 0.000000000000000000 ) ) ;
#1399 = EDGE_LOOP ( 'NONE', ( #1831, #2800, #2492, #1221 ) ) ;
#1400 = CARTESIAN_POINT ( 'NONE',  ( -9.934129258355474335, 28.52870705156890097, 0.000000000000000000 ) ) ;
#1401 = ORIENTED_EDGE ( 'NONE', *, *, #2548, .F. ) ;
#1402 = CARTESIAN_POINT ( 'NONE',  ( -17.96496222574226564, 18.77870705156889031, 3.292323440001584611 ) ) ;
#1403 = DIRECTION ( 'NONE',  ( 1.000000000000000000, 0.000000000000000000, 0.000000000000000000 ) ) ;
#1404 = STYLED_ITEM ( 'NONE', ( #2946 ), #1368 ) ;
#1405 = AXIS2_PLACEMENT_3D ( 'NONE', #2366, #649, #376 ) ;
#1406 = DIRECTION ( 'NONE',  ( -1.000000000000000000, 2.135044278125326586E-15, 0.000000000000000000 ) ) ;
#1407 = VERTEX_POINT ( 'NONE', #2288 ) ;
#1408 = CYLINDRICAL_SURFACE ( 'NONE', #998, 2.999999999999999112 ) ;
#1409 = CARTESIAN_POINT ( 'NONE',  ( -16.21496222574229762, 22.52870705156888675, 3.292323440001584611 ) ) ;
#1410 = VECTOR ( 'NONE', #1487, 1000.000000000000000 ) ;
#1411 = CIRCLE ( 'NONE', #398, 1.000000000000000888 ) ;
#1412 = CARTESIAN_POINT ( 'NONE',  ( -16.46496222574226920, 29.52870705156890097, -4.000000000000000000 ) ) ;
#1413 = EDGE_CURVE ( 'NONE', #1751, #101, #3041, .T. ) ;
#1414 = CIRCLE ( 'NONE', #3121, 0.9500000000000029532 ) ;
#1415 = AXIS2_PLACEMENT_3D ( 'NONE', #162, #3213, #1694 ) ;
#1416 = CARTESIAN_POINT ( 'NONE',  ( 19.03503777425774146, -26.97129294843108482, -3.499999999999999556 ) ) ;
#1417 = AXIS2_PLACEMENT_3D ( 'NONE', #701, #412, #1918 ) ;
#1418 = LINE ( 'NONE', #430, #1948 ) ;
#1419 = ORIENTED_EDGE ( 'NONE', *, *, #2334, .F. ) ;
#1420 = CARTESIAN_POINT ( 'NONE',  ( 17.53503777425773080, 26.27870705156888320, 3.292323440001584611 ) ) ;
#1421 = ORIENTED_EDGE ( 'NONE', *, *, #355, .F. ) ;
#1422 = DIRECTION ( 'NONE',  ( -1.000000000000000000, 0.000000000000000000, 0.000000000000000000 ) ) ;
#1423 = ADVANCED_FACE ( 'NONE', ( #3281, #2005 ), #3074, .T. ) ;
#1424 = CARTESIAN_POINT ( 'NONE',  ( 17.53503777425773080, 27.02870705156891162, -2.500000000000000000 ) ) ;
#1425 = EDGE_CURVE ( 'NONE', #2046, #2831, #767, .T. ) ;
#1426 = LINE ( 'NONE', #422, #2799 ) ;
#1427 = ORIENTED_EDGE ( 'NONE', *, *, #1702, .T. ) ;
#1428 = DIRECTION ( 'NONE',  ( -0.000000000000000000, 0.000000000000000000, 1.000000000000000000 ) ) ;
#1429 = LINE ( 'NONE', #2453, #3148 ) ;
#1430 = FACE_OUTER_BOUND ( 'NONE', #3152, .T. ) ;
#1431 = EDGE_CURVE ( 'NONE', #2058, #734, #991, .T. ) ;
#1432 = DIRECTION ( 'NONE',  ( -1.734723475976807094E-16, 1.000000000000000000, 0.000000000000000000 ) ) ;
#1433 = EDGE_LOOP ( 'NONE', ( #2581, #2507, #3295, #2592 ) ) ;
#1434 = CARTESIAN_POINT ( 'NONE',  ( 15.78503777425770060, 22.52870705156892583, -2.500000000000000000 ) ) ;
#1435 = CIRCLE ( 'NONE', #1916, 0.9499999999999995115 ) ;
#1436 = EDGE_CURVE ( 'NONE', #1001, #3174, #916, .T. ) ;
#1437 = ORIENTED_EDGE ( 'NONE', *, *, #203, .F. ) ;
#1438 = LINE ( 'NONE', #2462, #1690 ) ;
#1439 = DIRECTION ( 'NONE',  ( 1.000000000000000000, -3.469446951953611033E-15, 0.000000000000000000 ) ) ;
#1440 = CARTESIAN_POINT ( 'NONE',  ( 15.78503777425776988, 25.27870705156888320, -4.002000000000000668 ) ) ;
#1441 = ORIENTED_EDGE ( 'NONE', *, *, #1148, .T. ) ;
#1442 = CARTESIAN_POINT ( 'NONE',  ( 13.45303777425773539, -25.62529294843109540, 0.000000000000000000 ) ) ;
#1443 = CARTESIAN_POINT ( 'NONE',  ( 16.03503777425773791, 30.02870705156891162, -4.000000000000000000 ) ) ;
#1444 = AXIS2_PLACEMENT_3D ( 'NONE', #2671, #381, #1667 ) ;
#1445 = EDGE_LOOP ( 'NONE', ( #2706, #1034, #2081, #474 ) ) ;
#1446 = CARTESIAN_POINT ( 'NONE',  ( 15.78503777425773613, -22.47129294843107417, -3.000000000000002665 ) ) ;
#1447 = AXIS2_PLACEMENT_3D ( 'NONE', #532, #1554, #480 ) ;
#1448 = CARTESIAN_POINT ( 'NONE',  ( 17.53503777425774146, -26.22129294843107061, -4.000000000000000000 ) ) ;
#1449 = ORIENTED_EDGE ( 'NONE', *, *, #1570, .F. ) ;
#1450 = LINE ( 'NONE', #2474, #1657 ) ;
#1451 = AXIS2_PLACEMENT_3D ( 'NONE', #2023, #3043, #2916 ) ;
#1452 = VERTEX_POINT ( 'NONE', #1754 ) ;
#1453 = CARTESIAN_POINT ( 'NONE',  ( -16.21496222574226564, -22.47129294843110969, -3.000000000000002665 ) ) ;
#1454 = EDGE_CURVE ( 'NONE', #82, #3106, #783, .T. ) ;
#1455 = LINE ( 'NONE', #2175, #2848 ) ;
#1456 = CYLINDRICAL_SURFACE ( 'NONE', #1683, 3.000000000000000000 ) ;
#1457 = EDGE_LOOP ( 'NONE', ( #2566, #702 ) ) ;
#1458 = CARTESIAN_POINT ( 'NONE',  ( -17.96496222574226564, 30.02870705156890097, -4.000000000000000000 ) ) ;
#1459 = CARTESIAN_POINT ( 'NONE',  ( 16.53503777425773791, -18.72129294843107417, -4.002000000000000668 ) ) ;
#1460 = EDGE_CURVE ( 'NONE', #763, #2422, #3313, .T. ) ;
#1461 = AXIS2_PLACEMENT_3D ( 'NONE', #2996, #1196, #1715 ) ;
#1462 = ORIENTED_EDGE ( 'NONE', *, *, #3233, .F. ) ;
#1463 = CARTESIAN_POINT ( 'NONE',  ( -16.96496222574225854, -26.22129294843106706, -4.002000000000000668 ) ) ;
#1464 = EDGE_CURVE ( 'NONE', #756, #824, #1742, .T. ) ;
#1465 = AXIS2_PLACEMENT_3D ( 'NONE', #1549, #2564, #1866 ) ;
#1466 = DIRECTION ( 'NONE',  ( 1.000000000000000000, 0.000000000000000000, 0.000000000000000000 ) ) ;
#1467 = ORIENTED_EDGE ( 'NONE', *, *, #1602, .T. ) ;
#1468 = CIRCLE ( 'NONE', #1680, 0.9499999999999995115 ) ;
#1469 = AXIS2_PLACEMENT_3D ( 'NONE', #2573, #1316, #2861 ) ;
#1470 = AXIS2_PLACEMENT_3D ( 'NONE', #3070, #1260, #762 ) ;
#1471 = ORIENTED_EDGE ( 'NONE', *, *, #2050, .T. ) ;
#1472 = CARTESIAN_POINT ( 'NONE',  ( -16.96496222574226564, 19.77870705156889031, -4.002000000000000668 ) ) ;
#1473 = DIRECTION ( 'NONE',  ( 0.000000000000000000, 0.000000000000000000, -1.000000000000000000 ) ) ;
#1474 = ADVANCED_FACE ( 'NONE', ( #2304 ), #2767, .T. ) ;
#1475 = DIRECTION ( 'NONE',  ( -1.000000000000000000, 0.000000000000000000, 0.000000000000000000 ) ) ;
#1476 = CIRCLE ( 'NONE', #23, 2.749999999999995559 ) ;
#1477 = DIRECTION ( 'NONE',  ( 1.000000000000000000, 0.000000000000000000, 0.000000000000000000 ) ) ;
#1478 = ORIENTED_EDGE ( 'NONE', *, *, #1880, .T. ) ;
#1479 = CARTESIAN_POINT ( 'NONE',  ( 16.53503777425773436, 19.77870705156889031, -2.500000000000000000 ) ) ;
#1480 = DIRECTION ( 'NONE',  ( 1.000000000000000000, 0.000000000000000000, 0.000000000000000000 ) ) ;
#1481 = VECTOR ( 'NONE', #1894, 1000.000000000000000 ) ;
#1482 = VERTEX_POINT ( 'NONE', #2571 ) ;
#1483 = CYLINDRICAL_SURFACE ( 'NONE', #1619, 0.9499999999999995115 ) ;
#1484 = EDGE_LOOP ( 'NONE', ( #2119, #2598, #1906, #1767 ) ) ;
#1485 = DIRECTION ( 'NONE',  ( 1.000000000000000000, 0.000000000000000000, 0.000000000000000000 ) ) ;
#1486 = ORIENTED_EDGE ( 'NONE', *, *, #699, .F. ) ;
#1487 = DIRECTION ( 'NONE',  ( -0.000000000000000000, -0.000000000000000000, 1.000000000000000000 ) ) ;
#1488 = VECTOR ( 'NONE', #1961, 1000.000000000000000 ) ;
#1489 = DIRECTION ( 'NONE',  ( 0.000000000000000000, 0.000000000000000000, 1.000000000000000000 ) ) ;
#1490 = ORIENTED_EDGE ( 'NONE', *, *, #1913, .F. ) ;
#1491 = ADVANCED_FACE ( 'NONE', ( #1506 ), #2240, .F. ) ;
#1492 = CARTESIAN_POINT ( 'NONE',  ( 15.78503777425773613, -22.47129294843107417, 3.000000000000001776 ) ) ;
#1493 = DIRECTION ( 'NONE',  ( -0.000000000000000000, 0.000000000000000000, 1.000000000000000000 ) ) ;
#1494 = CYLINDRICAL_SURFACE ( 'NONE', #2587, 0.9499999999999995115 ) ;
#1495 = ORIENTED_EDGE ( 'NONE', *, *, #320, .T. ) ;
#1496 = CARTESIAN_POINT ( 'NONE',  ( -16.46496222574226920, 30.02870705156890097, -4.000000000000000000 ) ) ;
#1497 = EDGE_CURVE ( 'NONE', #1781, #1637, #227, .T. ) ;
#1498 = ORIENTED_EDGE ( 'NONE', *, *, #3138, .F. ) ;
#1499 = EDGE_CURVE ( 'NONE', #2670, #431, #1250, .T. ) ;
#1500 = EDGE_LOOP ( 'NONE', ( #1003, #1509, #2999, #41 ) ) ;
#1501 = DIRECTION ( 'NONE',  ( 0.000000000000000000, 0.000000000000000000, 1.000000000000000000 ) ) ;
#1502 = ORIENTED_EDGE ( 'NONE', *, *, #1499, .T. ) ;
#1503 = ADVANCED_FACE ( 'NONE', ( #3005 ), #2274, .F. ) ;
#1504 = DIRECTION ( 'NONE',  ( -0.000000000000000000, 0.000000000000000000, 1.000000000000000000 ) ) ;
#1505 = ORIENTED_EDGE ( 'NONE', *, *, #166, .T. ) ;
#1506 = FACE_OUTER_BOUND ( 'NONE', #966, .T. ) ;
#1507 = CARTESIAN_POINT ( 'NONE',  ( -15.26496222574230011, 22.52870705156889031, -3.000000000000002665 ) ) ;
#1508 = CYLINDRICAL_SURFACE ( 'NONE', #2532, 0.9499999999999995115 ) ;
#1509 = ORIENTED_EDGE ( 'NONE', *, *, #3142, .T. ) ;
#1510 = LINE ( 'NONE', #2527, #2195 ) ;
#1511 = DIRECTION ( 'NONE',  ( -0.000000000000000000, -0.000000000000000000, 1.000000000000000000 ) ) ;
#1512 = AXIS2_PLACEMENT_3D ( 'NONE', #1038, #708, #1477 ) ;
#1513 = ADVANCED_FACE ( 'NONE', ( #2786 ), #2108, .F. ) ;
#1514 = VECTOR ( 'NONE', #2951, 1000.000000000000000 ) ;
#1515 = ORIENTED_EDGE ( 'NONE', *, *, #620, .T. ) ;
#1516 = ORIENTED_EDGE ( 'NONE', *, *, #2927, .T. ) ;
#1517 = CARTESIAN_POINT ( 'NONE',  ( 16.53503777425773080, 26.27870705156888320, -4.002000000000000668 ) ) ;
#1518 = ORIENTED_EDGE ( 'NONE', *, *, #3217, .F. ) ;
#1519 = VECTOR ( 'NONE', #1598, 1000.000000000000000 ) ;
#1520 = AXIS2_PLACEMENT_3D ( 'NONE', #1129, #303, #1892 ) ;
#1521 = ADVANCED_FACE ( 'NONE', ( #317 ), #2378, .F. ) ;
#1522 = ORIENTED_EDGE ( 'NONE', *, *, #512, .F. ) ;
#1523 = CARTESIAN_POINT ( 'NONE',  ( 10.45303777425773362, -25.62529294843109540, 0.000000000000000000 ) ) ;
#1524 = CARTESIAN_POINT ( 'NONE',  ( 10.45303777425773362, 25.68270705156890443, 0.000000000000000000 ) ) ;
#1525 = LINE ( 'NONE', #2789, #992 ) ;
#1526 = ORIENTED_EDGE ( 'NONE', *, *, #2900, .F. ) ;
#1527 = PLANE ( 'NONE',  #1766 ) ;
#1528 = DIRECTION ( 'NONE',  ( 1.000000000000000000, 0.000000000000000000, 0.000000000000000000 ) ) ;
#1529 = APPLICATION_PROTOCOL_DEFINITION ( 'draft international standard', 'automotive_design', 1998, #3323 ) ;
#1530 = VERTEX_POINT ( 'NONE', #567 ) ;
#1531 = EDGE_CURVE ( 'NONE', #1482, #1306, #2828, .T. ) ;
#1532 = ORIENTED_EDGE ( 'NONE', *, *, #622, .F. ) ;
#1533 = DIRECTION ( 'NONE',  ( 0.000000000000000000, 0.000000000000000000, 1.000000000000000000 ) ) ;
#1534 = ORIENTED_EDGE ( 'NONE', *, *, #1863, .T. ) ;
#1535 = ADVANCED_FACE ( 'NONE', ( #2589 ), #858, .F. ) ;
#1536 = CARTESIAN_POINT ( 'NONE',  ( -17.16496222574226493, -22.47129294843110969, 3.000000000000001776 ) ) ;
#1537 = ORIENTED_EDGE ( 'NONE', *, *, #1733, .F. ) ;
#1538 = DIRECTION ( 'NONE',  ( -1.156482317317871971E-16, 1.000000000000000000, 0.000000000000000000 ) ) ;
#1539 = CARTESIAN_POINT ( 'NONE',  ( 16.03503777425773791, -26.97129294843108838, -4.000000000000000000 ) ) ;
#1540 = EDGE_CURVE ( 'NONE', #2574, #1956, #650, .T. ) ;
#1541 = VECTOR ( 'NONE', #408, 1000.000000000000000 ) ;
#1542 = CARTESIAN_POINT ( 'NONE',  ( -10.88296222574226668, -25.62529294843109184, 0.000000000000000000 ) ) ;
#1543 = ORIENTED_EDGE ( 'NONE', *, *, #2459, .T. ) ;
#1544 = LINE ( 'NONE', #757, #2357 ) ;
#1545 = DIRECTION ( 'NONE',  ( 1.000000000000000000, 0.000000000000000000, 0.000000000000000000 ) ) ;
#1546 = ORIENTED_EDGE ( 'NONE', *, *, #2350, .F. ) ;
#1547 = DIRECTION ( 'NONE',  ( -0.000000000000000000, 0.000000000000000000, 1.000000000000000000 ) ) ;
#1548 = CIRCLE ( 'NONE', #2242, 0.9500000000000029532 ) ;
#1549 = CARTESIAN_POINT ( 'NONE',  ( -7.714959791634051989, -11.83278339979662874, -0.3076765599984150334 ) ) ;
#1550 = FACE_OUTER_BOUND ( 'NONE', #2377, .T. ) ;
#1551 = VERTEX_POINT ( 'NONE', #1058 ) ;
#1552 = DIRECTION ( 'NONE',  ( 1.000000000000000000, 0.000000000000000000, 0.000000000000000000 ) ) ;
#1553 = ORIENTED_EDGE ( 'NONE', *, *, #2194, .F. ) ;
#1554 = DIRECTION ( 'NONE',  ( 0.000000000000000000, 0.000000000000000000, 1.000000000000000000 ) ) ;
#1555 = CARTESIAN_POINT ( 'NONE',  ( -19.46496222574226209, -26.97129294843108838, -3.499999999999999556 ) ) ;
#1556 = CARTESIAN_POINT ( 'NONE',  ( 16.53503777425773436, 19.77870705156889031, 3.292323440001584611 ) ) ;
#1557 = EDGE_LOOP ( 'NONE', ( #3312, #1039, #1599, #2134 ) ) ;
#1558 = CARTESIAN_POINT ( 'NONE',  ( -16.21496222574226564, -22.47129294843110969, -4.002000000000000668 ) ) ;
#1559 = PLANE ( 'NONE',  #2460 ) ;
#1560 = ORIENTED_EDGE ( 'NONE', *, *, #1263, .T. ) ;
#1561 = CIRCLE ( 'NONE', #119, 1.500000000000001332 ) ;
#1562 = CARTESIAN_POINT ( 'NONE',  ( -16.46496222574226209, -26.97129294843108838, -4.000000000000000000 ) ) ;
#1563 = VERTEX_POINT ( 'NONE', #1109 ) ;
#1564 = CARTESIAN_POINT ( 'NONE',  ( -19.46496222574226920, 30.02870705156890097, -3.499999999999999556 ) ) ;
#1565 = ORIENTED_EDGE ( 'NONE', *, *, #759, .T. ) ;
#1566 = VECTOR ( 'NONE', #1059, 1000.000000000000000 ) ;
#1567 = ORIENTED_EDGE ( 'NONE', *, *, #3017, .F. ) ;
#1568 = CARTESIAN_POINT ( 'NONE',  ( 10.45303777425773362, 25.68270705156890443, 0.000000000000000000 ) ) ;
#1569 = DIRECTION ( 'NONE',  ( 0.000000000000000000, 0.000000000000000000, 1.000000000000000000 ) ) ;
#1570 = EDGE_CURVE ( 'NONE', #595, #2466, #336, .T. ) ;
#1571 = VECTOR ( 'NONE', #768, 1000.000000000000000 ) ;
#1572 = AXIS2_PLACEMENT_3D ( 'NONE', #1440, #926, #180 ) ;
#1573 = VECTOR ( 'NONE', #2870, 1000.000000000000000 ) ;
#1574 = FACE_BOUND ( 'NONE', #600, .T. ) ;
#1575 = VERTEX_POINT ( 'NONE', #1857 ) ;
#1576 = DIRECTION ( 'NONE',  ( 0.000000000000000000, -0.000000000000000000, -1.000000000000000000 ) ) ;
#1577 = CARTESIAN_POINT ( 'NONE',  ( 10.45303777425773362, -25.62529294843109540, 0.000000000000000000 ) ) ;
#1578 = ORIENTED_EDGE ( 'NONE', *, *, #1880, .F. ) ;
#1579 = DIRECTION ( 'NONE',  ( 1.000000000000000000, 0.000000000000000000, 0.000000000000000000 ) ) ;
#1580 = LINE ( 'NONE', #2506, #2370 ) ;
#1581 = VERTEX_POINT ( 'NONE', #602 ) ;
#1582 = CYLINDRICAL_SURFACE ( 'NONE', #400, 1.499999999999999556 ) ;
#1583 = ORIENTED_EDGE ( 'NONE', *, *, #573, .F. ) ;
#1584 = DIRECTION ( 'NONE',  ( 1.000000000000000000, 0.000000000000000000, 0.000000000000000000 ) ) ;
#1585 = ORIENTED_EDGE ( 'NONE', *, *, #2927, .F. ) ;
#1586 = DIRECTION ( 'NONE',  ( 1.000000000000000000, 2.135044278125331319E-15, 0.000000000000000000 ) ) ;
#1587 = DIRECTION ( 'NONE',  ( -0.000000000000000000, -0.000000000000000000, -1.000000000000000000 ) ) ;
#1588 = DIRECTION ( 'NONE',  ( -0.000000000000000000, 0.000000000000000000, 1.000000000000000000 ) ) ;
#1589 = EDGE_LOOP ( 'NONE', ( #893, #1089 ) ) ;
#1590 = CARTESIAN_POINT ( 'NONE',  ( 16.53503777425773791, -19.72129294843107417, -2.500000000000000000 ) ) ;
#1591 = LINE ( 'NONE', #1896, #3305 ) ;
#1592 = DIRECTION ( 'NONE',  ( 1.000000000000000000, 0.000000000000000000, 0.000000000000000000 ) ) ;
#1593 = ADVANCED_FACE ( 'NONE', ( #3107 ), #804, .T. ) ;
#1594 = ORIENTED_EDGE ( 'NONE', *, *, #1312, .F. ) ;
#1595 = EDGE_CURVE ( 'NONE', #2484, #2557, #584, .T. ) ;
#1596 = FACE_OUTER_BOUND ( 'NONE', #1399, .T. ) ;
#1597 = VERTEX_POINT ( 'NONE', #1295 ) ;
#1598 = DIRECTION ( 'NONE',  ( 1.734723475976807094E-16, -1.000000000000000000, 0.000000000000000000 ) ) ;
#1599 = ORIENTED_EDGE ( 'NONE', *, *, #2775, .F. ) ;
#1600 = CARTESIAN_POINT ( 'NONE',  ( 0.000000000000000000, 0.000000000000000000, -2.500000000000000000 ) ) ;
#1601 = AXIS2_PLACEMENT_3D ( 'NONE', #758, #1806, #1528 ) ;
#1602 = EDGE_CURVE ( 'NONE', #2940, #645, #2658, .T. ) ;
#1603 = ORIENTED_EDGE ( 'NONE', *, *, #2950, .T. ) ;
#1604 = DIRECTION ( 'NONE',  ( 1.000000000000000000, 0.000000000000000000, 0.000000000000000000 ) ) ;
#1605 = DIRECTION ( 'NONE',  ( -0.000000000000000000, -0.000000000000000000, -1.000000000000000000 ) ) ;
#1606 = CARTESIAN_POINT ( 'NONE',  ( -10.88296222574226668, -25.62529294843109184, 0.000000000000000000 ) ) ;
#1607 = VERTEX_POINT ( 'NONE', #1370 ) ;
#1608 = PLANE ( 'NONE',  #3189 ) ;
#1609 = DIRECTION ( 'NONE',  ( -2.703465157366452467E-16, 1.000000000000000000, 0.000000000000000000 ) ) ;
#1610 = DIRECTION ( 'NONE',  ( -0.000000000000000000, -0.000000000000000000, -1.000000000000000000 ) ) ;
#1611 = DIRECTION ( 'NONE',  ( 1.000000000000000000, 0.000000000000000000, 0.000000000000000000 ) ) ;
#1612 = EDGE_CURVE ( 'NONE', #1407, #1779, #2498, .T. ) ;
#1613 = ADVANCED_FACE ( 'NONE', ( #546 ), #2392, .T. ) ;
#1614 = DIRECTION ( 'NONE',  ( 1.000000000000000000, -1.156482317317871725E-15, 0.000000000000000000 ) ) ;
#1615 = ORIENTED_EDGE ( 'NONE', *, *, #2752, .F. ) ;
#1616 = PLANE ( 'NONE',  #3014 ) ;
#1617 = ORIENTED_EDGE ( 'NONE', *, *, #2094, .T. ) ;
#1618 = CARTESIAN_POINT ( 'NONE',  ( -16.46496222574226920, 30.02870705156890097, -3.499999999999999556 ) ) ;
#1619 = AXIS2_PLACEMENT_3D ( 'NONE', #2967, #1964, #459 ) ;
#1620 = VERTEX_POINT ( 'NONE', #3165 ) ;
#1621 = CARTESIAN_POINT ( 'NONE',  ( 16.03503777425773791, -26.97129294843108838, -4.000000000000000000 ) ) ;
#1622 = AXIS2_PLACEMENT_3D ( 'NONE', #2133, #1917, #1614 ) ;
#1623 = LINE ( 'NONE', #2605, #2741 ) ;
#1624 = EDGE_CURVE ( 'NONE', #191, #2673, #1889, .T. ) ;
#1625 = DIRECTION ( 'NONE',  ( 0.000000000000000000, 0.000000000000000000, 1.000000000000000000 ) ) ;
#1626 = EDGE_LOOP ( 'NONE', ( #975, #292, #2781, #597 ) ) ;
#1627 = VECTOR ( 'NONE', #1569, 1000.000000000000000 ) ;
#1628 = FACE_OUTER_BOUND ( 'NONE', #195, .T. ) ;
#1629 = FACE_OUTER_BOUND ( 'NONE', #2886, .T. ) ;
#1630 = CIRCLE ( 'NONE', #1897, 1.000000000000000888 ) ;
#1631 = CARTESIAN_POINT ( 'NONE',  ( 16.53503777425774146, -26.22129294843106706, 3.292323440001584611 ) ) ;
#1632 = VECTOR ( 'NONE', #564, 1000.000000000000000 ) ;
#1633 = DIRECTION ( 'NONE',  ( -0.000000000000000000, 0.000000000000000000, 1.000000000000000000 ) ) ;
#1634 = EDGE_CURVE ( 'NONE', #348, #1910, #2858, .T. ) ;
#1635 = ORIENTED_EDGE ( 'NONE', *, *, #3022, .T. ) ;
#1636 = DIRECTION ( 'NONE',  ( 0.000000000000000000, 0.000000000000000000, 1.000000000000000000 ) ) ;
#1637 = VERTEX_POINT ( 'NONE', #42 ) ;
#1638 = CARTESIAN_POINT ( 'NONE',  ( 15.78503777425775390, -25.22129294843106706, -4.002000000000000668 ) ) ;
#1639 = VERTEX_POINT ( 'NONE', #624 ) ;
#1640 = DIRECTION ( 'NONE',  ( -0.000000000000000000, -0.000000000000000000, -1.000000000000000000 ) ) ;
#1641 = LINE ( 'NONE', #1858, #611 ) ;
#1642 = EDGE_CURVE ( 'NONE', #101, #1751, #2660, .T. ) ;
#1643 = CARTESIAN_POINT ( 'NONE',  ( 15.78503777425776100, 19.77870705156889031, -2.500000000000000000 ) ) ;
#1644 = VERTEX_POINT ( 'NONE', #1836 ) ;
#1645 = CARTESIAN_POINT ( 'NONE',  ( 15.78503777425775390, -25.22129294843106706, 3.292323440001584611 ) ) ;
#1646 = DIRECTION ( 'NONE',  ( -1.000000000000000000, -2.703465157366452467E-16, -0.000000000000000000 ) ) ;
#1647 = FACE_OUTER_BOUND ( 'NONE', #2277, .T. ) ;
#1648 = CIRCLE ( 'NONE', #2874, 1.500000000000001332 ) ;
#1649 = DIRECTION ( 'NONE',  ( -0.000000000000000000, 0.000000000000000000, 1.000000000000000000 ) ) ;
#1650 = ORIENTED_EDGE ( 'NONE', *, *, #1044, .F. ) ;
#1651 = DIRECTION ( 'NONE',  ( -0.000000000000000000, 0.000000000000000000, 1.000000000000000000 ) ) ;
#1652 = ORIENTED_EDGE ( 'NONE', *, *, #1396, .T. ) ;
#1653 = DIRECTION ( 'NONE',  ( 1.000000000000000000, 0.000000000000000000, 0.000000000000000000 ) ) ;
#1654 = VERTEX_POINT ( 'NONE', #2604 ) ;
#1655 = CARTESIAN_POINT ( 'NONE',  ( 15.78503777425775390, -19.72129294843107772, -2.500000000000000000 ) ) ;
#1656 = DIRECTION ( 'NONE',  ( 0.000000000000000000, 0.000000000000000000, 1.000000000000000000 ) ) ;
#1657 = VECTOR ( 'NONE', #365, 1000.000000000000000 ) ;
#1658 = ADVANCED_FACE ( 'NONE', ( #2359, #418 ), #1203, .T. ) ;
#1659 = DIRECTION ( 'NONE',  ( -0.000000000000000000, -1.000000000000000000, 0.000000000000000000 ) ) ;
#1660 = ORIENTED_EDGE ( 'NONE', *, *, #1083, .T. ) ;
#1661 = LINE ( 'NONE', #184, #62 ) ;
#1662 = DIRECTION ( 'NONE',  ( 1.000000000000000000, 0.000000000000000000, 0.000000000000000000 ) ) ;
#1663 = ADVANCED_FACE ( 'NONE', ( #157, #1907 ), #923, .F. ) ;
#1664 = DIRECTION ( 'NONE',  ( 0.000000000000000000, 0.000000000000000000, -1.000000000000000000 ) ) ;
#1665 = DIRECTION ( 'NONE',  ( -0.000000000000000000, 0.000000000000000000, 1.000000000000000000 ) ) ;
#1666 = ORIENTED_EDGE ( 'NONE', *, *, #622, .T. ) ;
#1667 = DIRECTION ( 'NONE',  ( 1.000000000000000000, 0.000000000000000000, 0.000000000000000000 ) ) ;
#1668 = ORIENTED_EDGE ( 'NONE', *, *, #2334, .T. ) ;
#1669 = CARTESIAN_POINT ( 'NONE',  ( -10.88296222574226668, 25.68270705156890443, 0.000000000000000000 ) ) ;
#1670 = CIRCLE ( 'NONE', #1088, 1.000000000000000888 ) ;
#1671 = DIRECTION ( 'NONE',  ( -0.000000000000000000, -0.000000000000000000, -1.000000000000000000 ) ) ;
#1672 = AXIS2_PLACEMENT_3D ( 'NONE', #1723, #2736, #194 ) ;
#1673 = CARTESIAN_POINT ( 'NONE',  ( 15.78503777425775390, -25.22129294843106706, -4.002000000000000668 ) ) ;
#1674 = VECTOR ( 'NONE', #2251, 1000.000000000000000 ) ;
#1675 = VERTEX_POINT ( 'NONE', #1937 ) ;
#1676 = EDGE_CURVE ( 'NONE', #959, #1977, #1807, .T. ) ;
#1677 = PLANE ( 'NONE',  #298 ) ;
#1678 = DIRECTION ( 'NONE',  ( -0.000000000000000000, 0.000000000000000000, 1.000000000000000000 ) ) ;
#1679 = CIRCLE ( 'NONE', #1833, 0.9499999999999995115 ) ;
#1680 = AXIS2_PLACEMENT_3D ( 'NONE', #1267, #2070, #2555 ) ;
#1681 = FACE_OUTER_BOUND ( 'NONE', #2955, .T. ) ;
#1682 = CIRCLE ( 'NONE', #3229, 3.000000000000000888 ) ;
#1683 = AXIS2_PLACEMENT_3D ( 'NONE', #2930, #1709, #2207 ) ;
#1684 = EDGE_CURVE ( 'NONE', #2076, #2338, #1216, .T. ) ;
#1685 = CARTESIAN_POINT ( 'NONE',  ( -7.882962225742265794, 25.68270705156890443, 0.000000000000000000 ) ) ;
#1686 = FACE_OUTER_BOUND ( 'NONE', #1313, .T. ) ;
#1687 = CONICAL_SURFACE ( 'NONE', #1898, 2.499999999999998668, 0.7853981633974491672 ) ;
#1688 = ORIENTED_EDGE ( 'NONE', *, *, #1841, .T. ) ;
#1689 = DIRECTION ( 'NONE',  ( 1.000000000000000000, 0.000000000000000000, 0.000000000000000000 ) ) ;
#1690 = VECTOR ( 'NONE', #2224, 1000.000000000000000 ) ;
#1691 = VERTEX_POINT ( 'NONE', #128 ) ;
#1692 = CYLINDRICAL_SURFACE ( 'NONE', #555, 1.000000000000000888 ) ;
#1693 = DIRECTION ( 'NONE',  ( 1.000000000000000000, 0.000000000000000000, 0.000000000000000000 ) ) ;
#1694 = DIRECTION ( 'NONE',  ( 1.000000000000000000, 0.000000000000000000, 0.000000000000000000 ) ) ;
#1695 = ORIENTED_EDGE ( 'NONE', *, *, #2167, .F. ) ;
#1696 = FACE_OUTER_BOUND ( 'NONE', #208, .T. ) ;
#1697 = CARTESIAN_POINT ( 'NONE',  ( 7.285040208365947123, -29.97129294843108838, -0.3076765599984150334 ) ) ;
#1698 = FACE_OUTER_BOUND ( 'NONE', #2355, .T. ) ;
#1699 = EDGE_CURVE ( 'NONE', #58, #2058, #1788, .T. ) ;
#1700 = VERTEX_POINT ( 'NONE', #1160 ) ;
#1701 = LINE ( 'NONE', #2153, #2881 ) ;
#1702 = EDGE_CURVE ( 'NONE', #1597, #2374, #1438, .T. ) ;
#1703 = CIRCLE ( 'NONE', #2071, 0.9499999999999995115 ) ;
#1704 = VERTEX_POINT ( 'NONE', #2956 ) ;
#1705 = DIRECTION ( 'NONE',  ( -0.000000000000000000, -0.000000000000000000, -1.000000000000000000 ) ) ;
#1706 = EDGE_CURVE ( 'NONE', #1294, #2254, #176, .T. ) ;
#1707 = CARTESIAN_POINT ( 'NONE',  ( 15.78503777425770060, 22.52870705156892583, -3.000000000000002665 ) ) ;
#1708 = EDGE_CURVE ( 'NONE', #413, #2026, #2115, .T. ) ;
#1709 = DIRECTION ( 'NONE',  ( -0.000000000000000000, -0.000000000000000000, -1.000000000000000000 ) ) ;
#1710 = ORIENTED_EDGE ( 'NONE', *, *, #1119, .T. ) ;
#1711 = FACE_OUTER_BOUND ( 'NONE', #1175, .T. ) ;
#1712 = CARTESIAN_POINT ( 'NONE',  ( -16.21496222574226564, -22.47129294843110969, 3.000000000000001776 ) ) ;
#1713 = VECTOR ( 'NONE', #2970, 1000.000000000000000 ) ;
#1714 = ORIENTED_EDGE ( 'NONE', *, *, #2984, .T. ) ;
#1715 = DIRECTION ( 'NONE',  ( 1.000000000000000000, 0.000000000000000000, 0.000000000000000000 ) ) ;
#1716 = DIRECTION ( 'NONE',  ( -0.000000000000000000, -0.000000000000000000, -1.000000000000000000 ) ) ;
#1717 = ORIENTED_EDGE ( 'NONE', *, *, #1962, .T. ) ;
#1718 = EDGE_CURVE ( 'NONE', #242, #2186, #2202, .T. ) ;
#1719 = CIRCLE ( 'NONE', #2471, 0.9499999999999995115 ) ;
#1720 = ORIENTED_EDGE ( 'NONE', *, *, #2446, .T. ) ;
#1721 = CARTESIAN_POINT ( 'NONE',  ( -16.46496222574226209, -26.97129294843108838, 3.292323440001584611 ) ) ;
#1722 = LINE ( 'NONE', #677, #3226 ) ;
#1723 = CARTESIAN_POINT ( 'NONE',  ( 16.03503777425773791, -26.97129294843108838, -2.500000000000000000 ) ) ;
#1724 = ORIENTED_EDGE ( 'NONE', *, *, #2040, .F. ) ;
#1725 =( NAMED_UNIT ( * ) SI_UNIT ( $, .STERADIAN. ) SOLID_ANGLE_UNIT ( ) );
#1726 = DIRECTION ( 'NONE',  ( 1.000000000000000000, 2.703465157366452467E-16, 0.000000000000000000 ) ) ;
#1727 = ORIENTED_EDGE ( 'NONE', *, *, #728, .T. ) ;
#1728 = PLANE ( 'NONE',  #878 ) ;
#1729 = CIRCLE ( 'NONE', #122, 0.9499999999999995115 ) ;
#1730 = ORIENTED_EDGE ( 'NONE', *, *, #1454, .F. ) ;
#1731 = AXIS2_PLACEMENT_3D ( 'NONE', #1524, #499, #2524 ) ;
#1732 = VECTOR ( 'NONE', #1925, 1000.000000000000000 ) ;
#1733 = EDGE_CURVE ( 'NONE', #1108, #3012, #1101, .T. ) ;
#1734 = CIRCLE ( 'NONE', #1470, 0.9499999999999995115 ) ;
#1735 = ORIENTED_EDGE ( 'NONE', *, *, #1744, .F. ) ;
#1736 = LINE ( 'NONE', #3308, #501 ) ;
#1737 = ORIENTED_EDGE ( 'NONE', *, *, #2804, .T. ) ;
#1738 = DIRECTION ( 'NONE',  ( 1.000000000000000000, 0.000000000000000000, 0.000000000000000000 ) ) ;
#1739 = EDGE_CURVE ( 'NONE', #1364, #304, #705, .T. ) ;
#1740 = AXIS2_PLACEMENT_3D ( 'NONE', #863, #340, #2843 ) ;
#1741 = ORIENTED_EDGE ( 'NONE', *, *, #2561, .T. ) ;
#1742 = LINE ( 'NONE', #1, #209 ) ;
#1743 = DIRECTION ( 'NONE',  ( 1.000000000000000000, 2.703465157366452467E-16, -0.000000000000000000 ) ) ;
#1744 = EDGE_CURVE ( 'NONE', #2466, #2673, #3210, .T. ) ;
#1745 = LINE ( 'NONE', #2244, #2104 ) ;
#1746 = VERTEX_POINT ( 'NONE', #1655 ) ;
#1747 = FACE_OUTER_BOUND ( 'NONE', #2273, .T. ) ;
#1748 = VERTEX_POINT ( 'NONE', #3182 ) ;
#1749 = ORIENTED_EDGE ( 'NONE', *, *, #1213, .T. ) ;
#1750 = DIRECTION ( 'NONE',  ( -0.000000000000000000, -0.000000000000000000, -1.000000000000000000 ) ) ;
#1751 = VERTEX_POINT ( 'NONE', #1385 ) ;
#1752 = CYLINDRICAL_SURFACE ( 'NONE', #3222, 0.9500000000000029532 ) ;
#1753 = ORIENTED_EDGE ( 'NONE', *, *, #582, .T. ) ;
#1754 = CARTESIAN_POINT ( 'NONE',  ( 13.45303777425773539, -25.62529294843109540, -2.500000000000000000 ) ) ;
#1755 = CARTESIAN_POINT ( 'NONE',  ( -16.21496222574229407, 19.77870705156889031, -4.002000000000000668 ) ) ;
#1756 = EDGE_CURVE ( 'NONE', #2652, #704, #1150, .T. ) ;
#1757 = DIRECTION ( 'NONE',  ( -0.000000000000000000, -0.000000000000000000, -1.000000000000000000 ) ) ;
#1758 = VERTEX_POINT ( 'NONE', #2426 ) ;
#1759 = CARTESIAN_POINT ( 'NONE',  ( 10.45303777425773362, -25.62529294843109540, 0.000000000000000000 ) ) ;
#1760 = FACE_OUTER_BOUND ( 'NONE', #1500, .T. ) ;
#1761 = ORIENTED_EDGE ( 'NONE', *, *, #2326, .F. ) ;
#1762 = ADVANCED_FACE ( 'NONE', ( #2447 ), #1692, .F. ) ;
#1763 = ORIENTED_EDGE ( 'NONE', *, *, #573, .T. ) ;
#1764 = CYLINDRICAL_SURFACE ( 'NONE', #2321, 1.000000000000000888 ) ;
#1765 = ORIENTED_EDGE ( 'NONE', *, *, #1676, .F. ) ;
#1766 = AXIS2_PLACEMENT_3D ( 'NONE', #1271, #2037, #472 ) ;
#1767 = ORIENTED_EDGE ( 'NONE', *, *, #2690, .F. ) ;
#1768 = DIRECTION ( 'NONE',  ( 1.000000000000000000, 0.000000000000000000, 0.000000000000000000 ) ) ;
#1769 = CARTESIAN_POINT ( 'NONE',  ( 17.53503777425773436, 18.77870705156889031, 3.292323440001584611 ) ) ;
#1770 = EDGE_CURVE ( 'NONE', #1607, #453, #1993, .T. ) ;
#1771 = CARTESIAN_POINT ( 'NONE',  ( 17.53503777425774146, -26.97129294843108482, -2.500000000000000000 ) ) ;
#1772 = ORIENTED_EDGE ( 'NONE', *, *, #2449, .T. ) ;
#1773 = FACE_OUTER_BOUND ( 'NONE', #1202, .T. ) ;
#1774 = DIRECTION ( 'NONE',  ( 0.7071067811865474617, 0.000000000000000000, -0.7071067811865474617 ) ) ;
#1775 = AXIS2_PLACEMENT_3D ( 'NONE', #1947, #2232, #1930 ) ;
#1776 = CIRCLE ( 'NONE', #2311, 2.999999999999999112 ) ;
#1777 = ORIENTED_EDGE ( 'NONE', *, *, #2085, .T. ) ;
#1778 = AXIS2_PLACEMENT_3D ( 'NONE', #1707, #1188, #450 ) ;
#1779 = VERTEX_POINT ( 'NONE', #642 ) ;
#1780 = DIRECTION ( 'NONE',  ( -0.000000000000000000, -0.000000000000000000, -1.000000000000000000 ) ) ;
#1781 = VERTEX_POINT ( 'NONE', #2674 ) ;
#1782 = LINE ( 'NONE', #2764, #986 ) ;
#1783 = AXIS2_PLACEMENT_3D ( 'NONE', #2318, #3033, #1533 ) ;
#1784 = DIRECTION ( 'NONE',  ( 1.000000000000000000, 0.000000000000000000, 0.000000000000000000 ) ) ;
#1785 = VERTEX_POINT ( 'NONE', #384 ) ;
#1786 = DIRECTION ( 'NONE',  ( 0.000000000000000000, 0.000000000000000000, -1.000000000000000000 ) ) ;
#1787 = DIRECTION ( 'NONE',  ( 0.000000000000000000, -0.000000000000000000, -1.000000000000000000 ) ) ;
#1788 = CIRCLE ( 'NONE', #2221, 0.9499999999999995115 ) ;
#1789 = DIRECTION ( 'NONE',  ( 1.000000000000000000, 0.000000000000000000, 0.000000000000000000 ) ) ;
#1790 = VERTEX_POINT ( 'NONE', #1402 ) ;
#1791 = DIRECTION ( 'NONE',  ( 1.000000000000000000, 0.000000000000000000, 0.000000000000000000 ) ) ;
#1792 = DIRECTION ( 'NONE',  ( -1.000000000000000000, 0.000000000000000000, 0.000000000000000000 ) ) ;
#1793 = ORIENTED_EDGE ( 'NONE', *, *, #2860, .T. ) ;
#1794 = EDGE_CURVE ( 'NONE', #3249, #1380, #1782, .T. ) ;
#1795 = CARTESIAN_POINT ( 'NONE',  ( -16.46496222574226920, 30.02870705156890097, 3.292323440001584611 ) ) ;
#1796 = ORIENTED_EDGE ( 'NONE', *, *, #22, .F. ) ;
#1797 = CARTESIAN_POINT ( 'NONE',  ( 17.53503777425773080, 30.02870705156891162, -4.000000000000000000 ) ) ;
#1798 = ORIENTED_EDGE ( 'NONE', *, *, #2205, .F. ) ;
#1799 = DIRECTION ( 'NONE',  ( -1.000000000000000000, 0.000000000000000000, 0.000000000000000000 ) ) ;
#1800 = DIRECTION ( 'NONE',  ( 1.000000000000000000, 0.000000000000000000, 0.000000000000000000 ) ) ;
#1801 = CIRCLE ( 'NONE', #2235, 2.749999999999995559 ) ;
#1802 = EDGE_CURVE ( 'NONE', #2742, #3316, #258, .T. ) ;
#1803 = DIRECTION ( 'NONE',  ( -0.000000000000000000, -0.000000000000000000, -1.000000000000000000 ) ) ;
#1804 = ORIENTED_EDGE ( 'NONE', *, *, #582, .F. ) ;
#1805 = CARTESIAN_POINT ( 'NONE',  ( 16.53503777425774501, -25.22129294843106706, 3.292323440001584611 ) ) ;
#1806 = DIRECTION ( 'NONE',  ( -0.000000000000000000, -0.000000000000000000, -1.000000000000000000 ) ) ;
#1807 = CIRCLE ( 'NONE', #953, 2.999999999999999112 ) ;
#1808 = EDGE_LOOP ( 'NONE', ( #109, #50, #1427, #1585 ) ) ;
#1809 = CARTESIAN_POINT ( 'NONE',  ( -16.46496222574226209, -26.97129294843108838, -4.000000000000000000 ) ) ;
#1810 = VECTOR ( 'NONE', #506, 1000.000000000000000 ) ;
#1811 = VECTOR ( 'NONE', #1314, 1000.000000000000000 ) ;
#1812 = CARTESIAN_POINT ( 'NONE',  ( -17.71496222574226564, -22.47129294843110969, 3.292323440001584611 ) ) ;
#1813 = ADVANCED_FACE ( 'NONE', ( #2490 ), #3276, .T. ) ;
#1814 = VERTEX_POINT ( 'NONE', #1984 ) ;
#1815 = FACE_OUTER_BOUND ( 'NONE', #1445, .T. ) ;
#1816 = VECTOR ( 'NONE', #1040, 1000.000000000000000 ) ;
#1817 = VERTEX_POINT ( 'NONE', #1262 ) ;
#1818 = FACE_OUTER_BOUND ( 'NONE', #1457, .T. ) ;
#1819 = ORIENTED_EDGE ( 'NONE', *, *, #599, .T. ) ;
#1820 = DIRECTION ( 'NONE',  ( -0.000000000000000000, -0.000000000000000000, -1.000000000000000000 ) ) ;
#1821 = DIRECTION ( 'NONE',  ( -0.000000000000000000, -0.000000000000000000, -1.000000000000000000 ) ) ;
#1822 = VECTOR ( 'NONE', #3290, 1000.000000000000114 ) ;
#1823 = DIRECTION ( 'NONE',  ( 0.7071067811865474617, 0.000000000000000000, 0.7071067811865474617 ) ) ;
#1824 = VERTEX_POINT ( 'NONE', #985 ) ;
#1825 = DIRECTION ( 'NONE',  ( 1.000000000000000000, 0.000000000000000000, 0.000000000000000000 ) ) ;
#1826 = CYLINDRICAL_SURFACE ( 'NONE', #2024, 1.500000000000001332 ) ;
#1827 = ORIENTED_EDGE ( 'NONE', *, *, #3017, .T. ) ;
#1828 = CYLINDRICAL_SURFACE ( 'NONE', #2042, 2.999999999999999112 ) ;
#1829 = ORIENTED_EDGE ( 'NONE', *, *, #543, .T. ) ;
#1830 = CARTESIAN_POINT ( 'NONE',  ( 19.03503777425773791, 30.03870705156891319, 3.292323440001584611 ) ) ;
#1831 = ORIENTED_EDGE ( 'NONE', *, *, #599, .F. ) ;
#1832 = FACE_OUTER_BOUND ( 'NONE', #2810, .T. ) ;
#1833 = AXIS2_PLACEMENT_3D ( 'NONE', #1067, #1052, #1738 ) ;
#1834 = AXIS2_PLACEMENT_3D ( 'NONE', #2089, #568, #2360 ) ;
#1835 = ORIENTED_EDGE ( 'NONE', *, *, #1351, .T. ) ;
#1836 = CARTESIAN_POINT ( 'NONE',  ( -16.21496222574229051, -25.22129294843106706, 3.292323440001584611 ) ) ;
#1837 = AXIS2_PLACEMENT_3D ( 'NONE', #222, #494, #243 ) ;
#1838 = DIRECTION ( 'NONE',  ( -0.000000000000000000, -0.000000000000000000, -1.000000000000000000 ) ) ;
#1839 = VECTOR ( 'NONE', #833, 1000.000000000000000 ) ;
#1840 = AXIS2_PLACEMENT_3D ( 'NONE', #569, #806, #2090 ) ;
#1841 = EDGE_CURVE ( 'NONE', #115, #1910, #1476, .T. ) ;
#1842 = DIRECTION ( 'NONE',  ( 1.000000000000000000, 0.000000000000000000, 0.000000000000000000 ) ) ;
#1843 = ORIENTED_EDGE ( 'NONE', *, *, #1111, .T. ) ;
#1844 = DIRECTION ( 'NONE',  ( 1.000000000000000000, 1.734723475976807094E-16, -0.000000000000000000 ) ) ;
#1845 = ADVANCED_FACE ( 'NONE', ( #1087 ), #78, .F. ) ;
#1846 = DIRECTION ( 'NONE',  ( -1.000000000000000000, 0.000000000000000000, 0.000000000000000000 ) ) ;
#1847 = CARTESIAN_POINT ( 'NONE',  ( -16.21496222574229051, -25.22129294843106706, -4.002000000000000668 ) ) ;
#1848 = VERTEX_POINT ( 'NONE', #2390 ) ;
#1849 = AXIS2_PLACEMENT_3D ( 'NONE', #2210, #2976, #913 ) ;
#1850 = EDGE_CURVE ( 'NONE', #2182, #1217, #625, .T. ) ;
#1851 = LINE ( 'NONE', #1339, #1410 ) ;
#1852 = ORIENTED_EDGE ( 'NONE', *, *, #1981, .F. ) ;
#1853 = DIRECTION ( 'NONE',  ( 1.000000000000000000, -0.000000000000000000, 1.204669080539449344E-16 ) ) ;
#1854 = EDGE_LOOP ( 'NONE', ( #211, #2001, #2367, #1421 ) ) ;
#1855 = FACE_OUTER_BOUND ( 'NONE', #1557, .T. ) ;
#1856 = VERTEX_POINT ( 'NONE', #2339 ) ;
#1857 = CARTESIAN_POINT ( 'NONE',  ( 17.53503777425774146, -26.97129294843108482, 3.292323440001584611 ) ) ;
#1858 = CARTESIAN_POINT ( 'NONE',  ( 16.03503777425773791, 28.52870705156890807, -4.000000000000000000 ) ) ;
#1859 = LINE ( 'NONE', #823, #771 ) ;
#1860 = VERTEX_POINT ( 'NONE', #1618 ) ;
#1861 = LINE ( 'NONE', #2627, #1481 ) ;
#1862 = CARTESIAN_POINT ( 'NONE',  ( 16.03503777425773436, 27.02870705156891162, -4.000000000000000000 ) ) ;
#1863 = EDGE_CURVE ( 'NONE', #3307, #1078, #2855, .T. ) ;
#1864 = VECTOR ( 'NONE', #3006, 1000.000000000000000 ) ;
#1865 = LINE ( 'NONE', #2882, #1032 ) ;
#1866 = DIRECTION ( 'NONE',  ( -2.409338161078898687E-16, 0.000000000000000000, 1.000000000000000000 ) ) ;
#1867 = ORIENTED_EDGE ( 'NONE', *, *, #142, .F. ) ;
#1868 = DIRECTION ( 'NONE',  ( 1.204669080539449344E-16, 0.000000000000000000, -1.000000000000000000 ) ) ;
#1869 = EDGE_LOOP ( 'NONE', ( #266, #1136, #3301, #1867 ) ) ;
#1870 = CARTESIAN_POINT ( 'NONE',  ( 17.28503777425773791, -22.47129294843107417, 3.000000000000001776 ) ) ;
#1871 = EDGE_CURVE ( 'NONE', #2282, #659, #2320, .T. ) ;
#1872 = ORIENTED_EDGE ( 'NONE', *, *, #2893, .T. ) ;
#1873 = DIRECTION ( 'NONE',  ( 0.000000000000000000, 0.000000000000000000, 1.000000000000000000 ) ) ;
#1874 = LINE ( 'NONE', #2859, #1095 ) ;
#1875 = VECTOR ( 'NONE', #972, 1000.000000000000000 ) ;
#1876 = FACE_OUTER_BOUND ( 'NONE', #873, .T. ) ;
#1877 = ORIENTED_EDGE ( 'NONE', *, *, #2595, .F. ) ;
#1878 = DIRECTION ( 'NONE',  ( -1.000000000000000000, 0.000000000000000000, 0.000000000000000000 ) ) ;
#1879 = DIRECTION ( 'NONE',  ( 1.000000000000000000, 0.000000000000000000, 0.000000000000000000 ) ) ;
#1880 = EDGE_CURVE ( 'NONE', #2246, #147, #2748, .T. ) ;
#1881 = CARTESIAN_POINT ( 'NONE',  ( 15.78503777425775390, -19.72129294843107417, -2.500000000000000000 ) ) ;
#1882 = VERTEX_POINT ( 'NONE', #2818 ) ;
#1883 = CARTESIAN_POINT ( 'NONE',  ( -9.934129258355469005, -28.47129294843108482, -2.500000000000000000 ) ) ;
#1884 = ORIENTED_EDGE ( 'NONE', *, *, #2306, .F. ) ;
#1885 = CARTESIAN_POINT ( 'NONE',  ( 16.03503777425773791, 29.52870705156891162, -4.000000000000000000 ) ) ;
#1886 = EDGE_CURVE ( 'NONE', #635, #402, #2610, .T. ) ;
#1887 = AXIS2_PLACEMENT_3D ( 'NONE', #3139, #1117, #3157 ) ;
#1888 = VERTEX_POINT ( 'NONE', #351 ) ;
#1889 = LINE ( 'NONE', #2910, #788 ) ;
#1890 = CIRCLE ( 'NONE', #448, 0.9499999999999995115 ) ;
#1891 = DIRECTION ( 'NONE',  ( -1.000000000000000000, 0.000000000000000000, 0.000000000000000000 ) ) ;
#1892 = DIRECTION ( 'NONE',  ( 1.000000000000000000, 0.000000000000000000, 0.000000000000000000 ) ) ;
#1893 = ORIENTED_EDGE ( 'NONE', *, *, #2483, .F. ) ;
#1894 = DIRECTION ( 'NONE',  ( -0.000000000000000000, -0.000000000000000000, -1.000000000000000000 ) ) ;
#1895 = VECTOR ( 'NONE', #1659, 1000.000000000000000 ) ;
#1896 = CARTESIAN_POINT ( 'NONE',  ( -16.46496222574226920, 30.02870705156890097, -3.499999999999999556 ) ) ;
#1897 = AXIS2_PLACEMENT_3D ( 'NONE', #2000, #1276, #2550 ) ;
#1898 = AXIS2_PLACEMENT_3D ( 'NONE', #2513, #994, #772 ) ;
#1899 = LINE ( 'NONE', #2935, #393 ) ;
#1900 = CARTESIAN_POINT ( 'NONE',  ( -10.88296222574226668, 25.68270705156890443, 0.000000000000000000 ) ) ;
#1901 = EDGE_LOOP ( 'NONE', ( #1237, #978, #2995, #1073 ) ) ;
#1902 = FACE_OUTER_BOUND ( 'NONE', #2553, .T. ) ;
#1903 = VERTEX_POINT ( 'NONE', #3126 ) ;
#1904 = CARTESIAN_POINT ( 'NONE',  ( -17.71496222574226564, -22.47129294843110969, 3.000000000000001776 ) ) ;
#1905 = ADVANCED_FACE ( 'NONE', ( #1855 ), #2356, .F. ) ;
#1906 = ORIENTED_EDGE ( 'NONE', *, *, #1531, .F. ) ;
#1907 = FACE_OUTER_BOUND ( 'NONE', #217, .T. ) ;
#1908 = PLANE ( 'NONE',  #344 ) ;
#1909 = DIRECTION ( 'NONE',  ( -0.000000000000000000, -0.000000000000000000, -1.000000000000000000 ) ) ;
#1910 = VERTEX_POINT ( 'NONE', #39 ) ;
#1911 = CARTESIAN_POINT ( 'NONE',  ( -16.21496222574229762, 22.52870705156888675, 3.000000000000001776 ) ) ;
#1912 = CARTESIAN_POINT ( 'NONE',  ( 16.03503777425773791, 30.02870705156891162, -3.499999999999999556 ) ) ;
#1913 = EDGE_CURVE ( 'NONE', #2021, #1785, #745, .T. ) ;
#1914 = ADVANCED_FACE ( 'NONE', ( #1832 ), #3162, .F. ) ;
#1915 = PLANE ( 'NONE',  #3110 ) ;
#1916 = AXIS2_PLACEMENT_3D ( 'NONE', #1712, #2179, #1192 ) ;
#1917 = DIRECTION ( 'NONE',  ( -0.000000000000000000, -0.000000000000000000, -1.000000000000000000 ) ) ;
#1918 = DIRECTION ( 'NONE',  ( 1.000000000000000000, 0.000000000000000000, 0.000000000000000000 ) ) ;
#1919 = ORIENTED_EDGE ( 'NONE', *, *, #1345, .F. ) ;
#1920 = LINE ( 'NONE', #1885, #1713 ) ;
#1921 = ADVANCED_FACE ( 'NONE', ( #1071 ), #2067, .F. ) ;
#1922 = ORIENTED_EDGE ( 'NONE', *, *, #661, .F. ) ;
#1923 = DIRECTION ( 'NONE',  ( -0.000000000000000000, -0.000000000000000000, -1.000000000000000000 ) ) ;
#1924 = DIRECTION ( 'NONE',  ( 0.000000000000000000, 0.000000000000000000, 1.000000000000000000 ) ) ;
#1925 = DIRECTION ( 'NONE',  ( -1.156482317317871971E-16, 1.000000000000000000, 0.000000000000000000 ) ) ;
#1926 = VERTEX_POINT ( 'NONE', #1343 ) ;
#1927 =( NAMED_UNIT ( * ) PLANE_ANGLE_UNIT ( ) SI_UNIT ( $, .RADIAN. ) );
#1928 = LINE ( 'NONE', #2494, #2343 ) ;
#1929 = ADVANCED_FACE ( 'NONE', ( #276 ), #3087, .T. ) ;
#1930 = DIRECTION ( 'NONE',  ( 1.156482317317871971E-16, -1.000000000000000000, 0.000000000000000000 ) ) ;
#1931 = PRODUCT_DEFINITION ( 'General', '', #2438, #174 ) ;
#1932 = LINE ( 'NONE', #1881, #1514 ) ;
#1933 = DIRECTION ( 'NONE',  ( -1.156482317317871971E-16, 1.000000000000000000, 0.000000000000000000 ) ) ;
#1934 = ORIENTED_EDGE ( 'NONE', *, *, #526, .F. ) ;
#1935 = DIRECTION ( 'NONE',  ( 0.000000000000000000, 0.000000000000000000, 1.000000000000000000 ) ) ;
#1936 = ORIENTED_EDGE ( 'NONE', *, *, #2814, .F. ) ;
#1937 = CARTESIAN_POINT ( 'NONE',  ( 16.03503777425773791, 29.52870705156891162, -4.000000000000000000 ) ) ;
#1938 = CARTESIAN_POINT ( 'NONE',  ( 0.000000000000000000, -28.47129294843108482, -2.500000000000000000 ) ) ;
#1939 = AXIS2_PLACEMENT_3D ( 'NONE', #2651, #2118, #868 ) ;
#1940 = ORIENTED_EDGE ( 'NONE', *, *, #2676, .F. ) ;
#1941 =( LENGTH_UNIT ( ) NAMED_UNIT ( * ) SI_UNIT ( .MILLI., .METRE. ) );
#1942 = DIRECTION ( 'NONE',  ( 1.000000000000000000, 0.000000000000000000, 0.000000000000000000 ) ) ;
#1943 = ADVANCED_FACE ( 'NONE', ( #1818 ), #856, .T. ) ;
#1944 = AXIS2_PLACEMENT_3D ( 'NONE', #2543, #1225, #2007 ) ;
#1945 = AXIS2_PLACEMENT_3D ( 'NONE', #2911, #1838, #2659 ) ;
#1946 = EDGE_CURVE ( 'NONE', #2407, #2150, #295, .T. ) ;
#1947 = CARTESIAN_POINT ( 'NONE',  ( -17.96496222574226564, 30.02870705156890097, -4.000000000000000000 ) ) ;
#1948 = VECTOR ( 'NONE', #2937, 1000.000000000000000 ) ;
#1949 = AXIS2_PLACEMENT_3D ( 'NONE', #3132, #2895, #2840 ) ;
#1950 = EDGE_CURVE ( 'NONE', #58, #1700, #1701, .T. ) ;
#1951 = EDGE_CURVE ( 'NONE', #205, #1691, #936, .T. ) ;
#1952 = CARTESIAN_POINT ( 'NONE',  ( 0.000000000000000000, 0.000000000000000000, 0.000000000000000000 ) ) ;
#1953 = ORIENTED_EDGE ( 'NONE', *, *, #3234, .T. ) ;
#1954 = CARTESIAN_POINT ( 'NONE',  ( -19.46496222574226209, -26.97129294843108838, 3.292323440001584611 ) ) ;
#1955 = EDGE_CURVE ( 'NONE', #778, #3316, #2924, .T. ) ;
#1956 = VERTEX_POINT ( 'NONE', #670 ) ;
#1957 = DIRECTION ( 'NONE',  ( 0.000000000000000000, 0.000000000000000000, 1.000000000000000000 ) ) ;
#1958 = LINE ( 'NONE', #2190, #1895 ) ;
#1959 = ORIENTED_EDGE ( 'NONE', *, *, #2948, .F. ) ;
#1960 = SURFACE_SIDE_STYLE ('',( #2229 ) ) ;
#1961 = DIRECTION ( 'NONE',  ( 2.409338161078898687E-16, -0.000000000000000000, -1.000000000000000000 ) ) ;
#1962 = EDGE_CURVE ( 'NONE', #304, #2670, #375, .T. ) ;
#1963 = ORIENTED_EDGE ( 'NONE', *, *, #2782, .F. ) ;
#1964 = DIRECTION ( 'NONE',  ( -0.000000000000000000, -0.000000000000000000, -1.000000000000000000 ) ) ;
#1965 = FACE_OUTER_BOUND ( 'NONE', #2470, .T. ) ;
#1966 = ORIENTED_EDGE ( 'NONE', *, *, #2437, .T. ) ;
#1967 = CIRCLE ( 'NONE', #2016, 3.000000000000000000 ) ;
#1968 = ORIENTED_EDGE ( 'NONE', *, *, #620, .F. ) ;
#1969 = CARTESIAN_POINT ( 'NONE',  ( 14.83503777425769599, 22.52870705156892583, -3.000000000000002665 ) ) ;
#1970 = EDGE_CURVE ( 'NONE', #191, #1856, #110, .T. ) ;
#1971 = DIRECTION ( 'NONE',  ( 0.000000000000000000, -0.000000000000000000, -1.000000000000000000 ) ) ;
#1972 = LINE ( 'NONE', #1143, #2048 ) ;
#1973 = EDGE_LOOP ( 'NONE', ( #143, #1560, #2391, #2323, #284, #3128, #2923, #1966, #357, #1543, #1047, #2270, #364, #853, #3265, #2704, #33, #1123, #2785, #313, #1103, #1490, #2733, #2451, #1534, #2284, #811, #2915, #3143, #2754, #2992, #606, #2107, #3089, #1125, #1471, #1467, #2299, #1968, #2747, #588, #1936, #777, #637, #1065, #760, #1182, #107, #261, #1753 ) ) ;
#1974 = DIRECTION ( 'NONE',  ( 1.000000000000000000, 0.000000000000000000, 0.000000000000000000 ) ) ;
#1975 = DIRECTION ( 'NONE',  ( 1.000000000000000000, 0.000000000000000000, 0.000000000000000000 ) ) ;
#1976 = CIRCLE ( 'NONE', #151, 0.9499999999999995115 ) ;
#1977 = VERTEX_POINT ( 'NONE', #1954 ) ;
#1978 = DIRECTION ( 'NONE',  ( 1.000000000000000000, 0.000000000000000000, 0.000000000000000000 ) ) ;
#1979 = EDGE_CURVE ( 'NONE', #2046, #1380, #1170, .T. ) ;
#1980 = ORIENTED_EDGE ( 'NONE', *, *, #866, .T. ) ;
#1981 = EDGE_CURVE ( 'NONE', #1817, #2407, #321, .T. ) ;
#1982 = ORIENTED_EDGE ( 'NONE', *, *, #2595, .T. ) ;
#1983 = ORIENTED_EDGE ( 'NONE', *, *, #1092, .F. ) ;
#1984 = CARTESIAN_POINT ( 'NONE',  ( 9.503037774257734327, -25.62529294843109540, 0.000000000000000000 ) ) ;
#1985 = DIRECTION ( 'NONE',  ( 1.000000000000000000, 0.000000000000000000, 0.000000000000000000 ) ) ;
#1986 = VERTEX_POINT ( 'NONE', #3221 ) ;
#1987 = DIRECTION ( 'NONE',  ( 1.734723475976807341E-16, -1.000000000000000000, 0.000000000000000000 ) ) ;
#1988 = CARTESIAN_POINT ( 'NONE',  ( -17.96496222574226209, -2.077616114535444481E-15, -2.500000000000000000 ) ) ;
#1989 = FACE_OUTER_BOUND ( 'NONE', #2626, .T. ) ;
#1990 = ORIENTED_EDGE ( 'NONE', *, *, #1116, .F. ) ;
#1991 = LINE ( 'NONE', #3250, #2424 ) ;
#1992 = AXIS2_PLACEMENT_3D ( 'NONE', #2430, #577, #2099 ) ;
#1993 = CIRCLE ( 'NONE', #2431, 3.000000000000000888 ) ;
#1994 = ORIENTED_EDGE ( 'NONE', *, *, #2744, .F. ) ;
#1995 = CIRCLE ( 'NONE', #230, 1.500000000000001332 ) ;
#1996 = AXIS2_PLACEMENT_3D ( 'NONE', #405, #1019, #3053 ) ;
#1997 = VECTOR ( 'NONE', #2047, 1000.000000000000000 ) ;
#1998 = VECTOR ( 'NONE', #1026, 1000.000000000000000 ) ;
#1999 = ORIENTED_EDGE ( 'NONE', *, *, #1979, .T. ) ;
#2000 = CARTESIAN_POINT ( 'NONE',  ( -16.96496222574225854, -26.22129294843106706, 3.292323440001584611 ) ) ;
#2001 = ORIENTED_EDGE ( 'NONE', *, *, #717, .F. ) ;
#2002 = EDGE_CURVE ( 'NONE', #704, #1407, #2688, .T. ) ;
#2003 = CARTESIAN_POINT ( 'NONE',  ( -16.21496222574229762, 25.27870705156888320, 3.292323440001584611 ) ) ;
#2004 = VERTEX_POINT ( 'NONE', #1420 ) ;
#2005 = FACE_BOUND ( 'NONE', #93, .T. ) ;
#2006 = FACE_OUTER_BOUND ( 'NONE', #2308, .T. ) ;
#2007 = DIRECTION ( 'NONE',  ( -1.000000000000000000, 0.000000000000000000, 0.000000000000000000 ) ) ;
#2008 = ORIENTED_EDGE ( 'NONE', *, *, #3068, .T. ) ;
#2009 = CARTESIAN_POINT ( 'NONE',  ( -17.96496222574226209, -2.077616114535444481E-15, -2.500000000000000000 ) ) ;
#2010 = CYLINDRICAL_SURFACE ( 'NONE', #2510, 3.000000000000000888 ) ;
#2011 = EDGE_CURVE ( 'NONE', #954, #1675, #1920, .T. ) ;
#2012 = ORIENTED_EDGE ( 'NONE', *, *, #671, .F. ) ;
#2013 = EDGE_LOOP ( 'NONE', ( #2345, #615, #2301, #2896 ) ) ;
#2014 = CARTESIAN_POINT ( 'NONE',  ( -10.88296222574226668, -25.62529294843109184, -2.500000000000000000 ) ) ;
#2015 = ORIENTED_EDGE ( 'NONE', *, *, #169, .T. ) ;
#2016 = AXIS2_PLACEMENT_3D ( 'NONE', #2116, #2933, #2680 ) ;
#2017 = EDGE_LOOP ( 'NONE', ( #971, #1796, #167, #889 ) ) ;
#2018 = CARTESIAN_POINT ( 'NONE',  ( 17.53503777425773080, 30.02870705156891162, 3.292323440001584611 ) ) ;
#2019 = CARTESIAN_POINT ( 'NONE',  ( -17.71496222574230117, 22.52870705156888675, 3.292323440001584611 ) ) ;
#2020 = DIRECTION ( 'NONE',  ( 1.000000000000000000, 0.000000000000000000, 0.000000000000000000 ) ) ;
#2021 = VERTEX_POINT ( 'NONE', #125 ) ;
#2022 = ADVANCED_FACE ( 'NONE', ( #654 ), #3207, .T. ) ;
#2023 = CARTESIAN_POINT ( 'NONE',  ( -10.88296222574226668, 25.68270705156890443, 0.000000000000000000 ) ) ;
#2024 = AXIS2_PLACEMENT_3D ( 'NONE', #3240, #1511, #2528 ) ;
#2025 = LINE ( 'NONE', #3044, #2826 ) ;
#2026 = VERTEX_POINT ( 'NONE', #1904 ) ;
#2027 = ORIENTED_EDGE ( 'NONE', *, *, #2602, .T. ) ;
#2028 = CARTESIAN_POINT ( 'NONE',  ( 15.78503777425776100, 19.77870705156889031, 3.292323440001584611 ) ) ;
#2029 = ORIENTED_EDGE ( 'NONE', *, *, #3022, .F. ) ;
#2030 = CIRCLE ( 'NONE', #1024, 1.500000000000001332 ) ;
#2031 = CARTESIAN_POINT ( 'NONE',  ( 15.78503777425770060, 22.52870705156892583, 3.000000000000001776 ) ) ;
#2032 = ORIENTED_EDGE ( 'NONE', *, *, #3241, .T. ) ;
#2033 = DIRECTION ( 'NONE',  ( -0.000000000000000000, -0.000000000000000000, -1.000000000000000000 ) ) ;
#2034 = CARTESIAN_POINT ( 'NONE',  ( 7.453037774257734505, 25.68270705156890443, -2.500000000000000000 ) ) ;
#2035 = CARTESIAN_POINT ( 'NONE',  ( -14.71496222574226387, -22.47129294843110969, 3.000000000000001776 ) ) ;
#2036 = ORIENTED_EDGE ( 'NONE', *, *, #3284, .F. ) ;
#2037 = DIRECTION ( 'NONE',  ( -0.000000000000000000, -0.7071067811865475727, -0.7071067811865475727 ) ) ;
#2038 = CARTESIAN_POINT ( 'NONE',  ( 16.53503777425773436, 25.27870705156888320, 3.292323440001584611 ) ) ;
#2039 = EDGE_CURVE ( 'NONE', #221, #2503, #1383, .T. ) ;
#2040 = EDGE_CURVE ( 'NONE', #242, #1597, #1548, .T. ) ;
#2041 = AXIS2_PLACEMENT_3D ( 'NONE', #1227, #698, #444 ) ;
#2042 = AXIS2_PLACEMENT_3D ( 'NONE', #1562, #35, #3002 ) ;
#2043 = EDGE_LOOP ( 'NONE', ( #2622, #25, #897, #2505 ) ) ;
#2044 = EDGE_CURVE ( 'NONE', #961, #2584, #1450, .T. ) ;
#2045 = AXIS2_PLACEMENT_3D ( 'NONE', #385, #2477, #3244 ) ;
#2046 = VERTEX_POINT ( 'NONE', #872 ) ;
#2047 = DIRECTION ( 'NONE',  ( -1.000000000000000000, 0.000000000000000000, 0.000000000000000000 ) ) ;
#2048 = VECTOR ( 'NONE', #2226, 1000.000000000000000 ) ;
#2049 = ORIENTED_EDGE ( 'NONE', *, *, #639, .T. ) ;
#2050 = EDGE_CURVE ( 'NONE', #919, #2940, #1275, .T. ) ;
#2051 = AXIS2_PLACEMENT_3D ( 'NONE', #2762, #1002, #2300 ) ;
#2052 = CARTESIAN_POINT ( 'NONE',  ( 11.40303777425773468, 25.68270705156890443, 0.000000000000000000 ) ) ;
#2053 = ORIENTED_EDGE ( 'NONE', *, *, #1367, .T. ) ;
#2054 = AXIS2_PLACEMENT_3D ( 'NONE', #2717, #152, #2198 ) ;
#2055 = DIRECTION ( 'NONE',  ( 0.000000000000000000, 0.000000000000000000, -1.000000000000000000 ) ) ;
#2056 = DIRECTION ( 'NONE',  ( -0.000000000000000000, -0.000000000000000000, -1.000000000000000000 ) ) ;
#2057 = CARTESIAN_POINT ( 'NONE',  ( -13.46496222574230295, 22.52870705156889031, -2.500000000000000000 ) ) ;
#2058 = VERTEX_POINT ( 'NONE', #2458 ) ;
#2059 = CARTESIAN_POINT ( 'NONE',  ( 13.45303777425773539, 25.68270705156890443, -2.500000000000000000 ) ) ;
#2060 = CARTESIAN_POINT ( 'NONE',  ( 7.285040208365947123, -28.47129294843108482, -0.3076765599984150334 ) ) ;
#2061 = ADVANCED_FACE ( 'NONE', ( #638 ), #2423, .T. ) ;
#2062 = ORIENTED_EDGE ( 'NONE', *, *, #2117, .T. ) ;
#2063 = CARTESIAN_POINT ( 'NONE',  ( 15.78503777425773613, -22.47129294843107417, 3.000000000000001776 ) ) ;
#2064 = EDGE_LOOP ( 'NONE', ( #3018, #2544, #965, #1727 ) ) ;
#2065 = CARTESIAN_POINT ( 'NONE',  ( 15.78503777425773613, -22.47129294843107417, 3.292323440001584611 ) ) ;
#2066 = ORIENTED_EDGE ( 'NONE', *, *, #692, .F. ) ;
#2067 = CYLINDRICAL_SURFACE ( 'NONE', #3311, 1.000000000000000888 ) ;
#2068 = VERTEX_POINT ( 'NONE', #2906 ) ;
#2069 = CARTESIAN_POINT ( 'NONE',  ( -16.46496222574226209, -28.47129294843108482, -4.000000000000000000 ) ) ;
#2070 = DIRECTION ( 'NONE',  ( -0.000000000000000000, 0.000000000000000000, 1.000000000000000000 ) ) ;
#2071 = AXIS2_PLACEMENT_3D ( 'NONE', #442, #165, #3216 ) ;
#2072 = CARTESIAN_POINT ( 'NONE',  ( 17.53503777425773791, -18.72129294843107772, 3.292323440001584611 ) ) ;
#2073 = ORIENTED_EDGE ( 'NONE', *, *, #1148, .F. ) ;
#2074 = DIRECTION ( 'NONE',  ( 1.000000000000000000, 0.000000000000000000, 0.000000000000000000 ) ) ;
#2075 = CARTESIAN_POINT ( 'NONE',  ( 15.78503777425776988, 25.27870705156888320, -4.002000000000000668 ) ) ;
#2076 = VERTEX_POINT ( 'NONE', #1400 ) ;
#2077 = EDGE_CURVE ( 'NONE', #1860, #2833, #2185, .T. ) ;
#2078 = CARTESIAN_POINT ( 'NONE',  ( 15.78503777425775390, -19.72129294843107417, -4.002000000000000668 ) ) ;
#2079 = AXIS2_PLACEMENT_3D ( 'NONE', #268, #3319, #1792 ) ;
#2080 = CARTESIAN_POINT ( 'NONE',  ( 15.78503777425776988, 25.27870705156888320, 3.292323440001584611 ) ) ;
#2081 = ORIENTED_EDGE ( 'NONE', *, *, #2649, .F. ) ;
#2082 = CARTESIAN_POINT ( 'NONE',  ( -19.46496222574226920, 28.52870705156889741, 0.000000000000000000 ) ) ;
#2083 = EDGE_LOOP ( 'NONE', ( #3186, #990, #3028, #3086 ) ) ;
#2084 = DIRECTION ( 'NONE',  ( -1.734723475976807094E-16, 1.000000000000000000, 0.000000000000000000 ) ) ;
#2085 = EDGE_CURVE ( 'NONE', #464, #1654, #2985, .T. ) ;
#2086 = EDGE_CURVE ( 'NONE', #2223, #1675, #306, .T. ) ;
#2087 = ORIENTED_EDGE ( 'NONE', *, *, #3140, .T. ) ;
#2088 = CARTESIAN_POINT ( 'NONE',  ( -16.21496222574229762, 22.52870705156889031, 3.000000000000001776 ) ) ;
#2089 = CARTESIAN_POINT ( 'NONE',  ( 10.45303777425773362, -25.62529294843109540, 0.000000000000000000 ) ) ;
#2090 = DIRECTION ( 'NONE',  ( 1.000000000000000000, 0.000000000000000000, 0.000000000000000000 ) ) ;
#2091 = VERTEX_POINT ( 'NONE', #554 ) ;
#2092 = DIRECTION ( 'NONE',  ( -0.000000000000000000, -0.000000000000000000, -1.000000000000000000 ) ) ;
#2093 = DIRECTION ( 'NONE',  ( -0.000000000000000000, -1.000000000000000000, -0.000000000000000000 ) ) ;
#2094 = EDGE_CURVE ( 'NONE', #2484, #905, #963, .T. ) ;
#2095 = CYLINDRICAL_SURFACE ( 'NONE', #818, 2.749999999999995559 ) ;
#2096 = CARTESIAN_POINT ( 'NONE',  ( -10.88296222574226668, -25.62529294843109184, 0.000000000000000000 ) ) ;
#2097 = CIRCLE ( 'NONE', #219, 3.000000000000000000 ) ;
#2098 = VECTOR ( 'NONE', #915, 1000.000000000000000 ) ;
#2099 = DIRECTION ( 'NONE',  ( 1.000000000000000000, 0.000000000000000000, 0.000000000000000000 ) ) ;
#2100 = EDGE_LOOP ( 'NONE', ( #1565, #580 ) ) ;
#2101 = LINE ( 'NONE', #2653, #2434 ) ;
#2102 = ORIENTED_EDGE ( 'NONE', *, *, #2775, .T. ) ;
#2103 = DIRECTION ( 'NONE',  ( 1.000000000000000000, 0.000000000000000000, 0.000000000000000000 ) ) ;
#2104 = VECTOR ( 'NONE', #725, 1000.000000000000000 ) ;
#2105 = AXIS2_PLACEMENT_3D ( 'NONE', #3314, #1493, #2 ) ;
#2106 = EDGE_CURVE ( 'NONE', #2068, #2312, #1049, .T. ) ;
#2107 = ORIENTED_EDGE ( 'NONE', *, *, #1460, .F. ) ;
#2108 = CYLINDRICAL_SURFACE ( 'NONE', #2511, 1.500000000000001332 ) ;
#2109 = CARTESIAN_POINT ( 'NONE',  ( 9.503037774257734327, 25.68270705156890443, 0.000000000000000000 ) ) ;
#2110 = AXIS2_PLACEMENT_3D ( 'NONE', #37, #293, #2852 ) ;
#2111 = CIRCLE ( 'NONE', #76, 0.9499999999999995115 ) ;
#2112 = DIRECTION ( 'NONE',  ( -1.000000000000000000, 0.000000000000000000, 0.000000000000000000 ) ) ;
#2113 = ORIENTED_EDGE ( 'NONE', *, *, #699, .T. ) ;
#2114 = CARTESIAN_POINT ( 'NONE',  ( -19.46496222574226920, 28.52870705156889741, 0.000000000000000000 ) ) ;
#2115 = CIRCLE ( 'NONE', #679, 1.500000000000001332 ) ;
#2116 = CARTESIAN_POINT ( 'NONE',  ( 10.45303777425773362, 25.68270705156890443, 0.000000000000000000 ) ) ;
#2117 = EDGE_CURVE ( 'NONE', #2940, #63, #286, .T. ) ;
#2118 = DIRECTION ( 'NONE',  ( 0.000000000000000000, 0.000000000000000000, 1.000000000000000000 ) ) ;
#2119 = ORIENTED_EDGE ( 'NONE', *, *, #1185, .F. ) ;
#2120 = ORIENTED_EDGE ( 'NONE', *, *, #3072, .T. ) ;
#2121 = CARTESIAN_POINT ( 'NONE',  ( 0.000000000000000000, -28.47129294843108482, -2.500000000000000000 ) ) ;
#2122 = EDGE_LOOP ( 'NONE', ( #3054, #1384, #2931, #1495 ) ) ;
#2123 = DIRECTION ( 'NONE',  ( 1.000000000000000000, 0.000000000000000000, 0.000000000000000000 ) ) ;
#2124 = LINE ( 'NONE', #1091, #287 ) ;
#2125 = ADVANCED_FACE ( 'NONE', ( #1760 ), #2010, .T. ) ;
#2126 = DIRECTION ( 'NONE',  ( -1.000000000000000000, 0.000000000000000000, -0.000000000000000000 ) ) ;
#2127 = EDGE_LOOP ( 'NONE', ( #835, #1265 ) ) ;
#2128 = CARTESIAN_POINT ( 'NONE',  ( 17.53503777425773080, 30.02870705156891162, -4.000000000000000000 ) ) ;
#2129 = DIRECTION ( 'NONE',  ( 0.000000000000000000, 0.000000000000000000, 1.000000000000000000 ) ) ;
#2130 = AXIS2_PLACEMENT_3D ( 'NONE', #2211, #2756, #1942 ) ;
#2131 = EDGE_CURVE ( 'NONE', #2662, #497, #1029, .T. ) ;
#2132 = DIRECTION ( 'NONE',  ( -0.000000000000000000, -0.000000000000000000, -1.000000000000000000 ) ) ;
#2133 = CARTESIAN_POINT ( 'NONE',  ( 16.03503777425773436, 27.02870705156891162, 3.292323440001584611 ) ) ;
#2134 = ORIENTED_EDGE ( 'NONE', *, *, #2720, .F. ) ;
#2135 = DIRECTION ( 'NONE',  ( -0.000000000000000000, -0.000000000000000000, -1.000000000000000000 ) ) ;
#2136 = ORIENTED_EDGE ( 'NONE', *, *, #2011, .T. ) ;
#2137 = DIRECTION ( 'NONE',  ( 0.000000000000000000, 0.000000000000000000, 1.000000000000000000 ) ) ;
#2138 = VECTOR ( 'NONE', #997, 1000.000000000000000 ) ;
#2139 = ORIENTED_EDGE ( 'NONE', *, *, #377, .F. ) ;
#2140 = DIRECTION ( 'NONE',  ( 0.000000000000000000, 0.000000000000000000, -1.000000000000000000 ) ) ;
#2141 = DIRECTION ( 'NONE',  ( 1.000000000000000000, -0.000000000000000000, 0.000000000000000000 ) ) ;
#2142 = CARTESIAN_POINT ( 'NONE',  ( 18.53503777425773080, 27.02870705156891162, -4.000000000000000000 ) ) ;
#2143 = VERTEX_POINT ( 'NONE', #2038 ) ;
#2144 = DIRECTION ( 'NONE',  ( -0.000000000000000000, -0.000000000000000000, 1.000000000000000000 ) ) ;
#2145 = FACE_OUTER_BOUND ( 'NONE', #540, .T. ) ;
#2146 = CIRCLE ( 'NONE', #707, 1.000000000000000888 ) ;
#2147 = CARTESIAN_POINT ( 'NONE',  ( -16.21496222574229762, 22.52870705156889031, -3.000000000000002665 ) ) ;
#2148 = EDGE_CURVE ( 'NONE', #3307, #1452, #1178, .T. ) ;
#2149 = CARTESIAN_POINT ( 'NONE',  ( -16.96496222574226564, 18.77870705156889031, 3.292323440001584611 ) ) ;
#2150 = VERTEX_POINT ( 'NONE', #2310 ) ;
#2151 = CARTESIAN_POINT ( 'NONE',  ( 19.03503777425773080, 30.02870705156891162, -4.000000000000000000 ) ) ;
#2152 = ORIENTED_EDGE ( 'NONE', *, *, #1031, .T. ) ;
#2153 = CARTESIAN_POINT ( 'NONE',  ( -15.26496222574226458, -22.47129294843110969, -3.000000000000002665 ) ) ;
#2154 = EDGE_CURVE ( 'NONE', #91, #912, #3035, .T. ) ;
#2155 = ORIENTED_EDGE ( 'NONE', *, *, #2403, .F. ) ;
#2156 = DIRECTION ( 'NONE',  ( 0.000000000000000000, 0.000000000000000000, -1.000000000000000000 ) ) ;
#2157 = ADVANCED_FACE ( 'NONE', ( #1304 ), #2330, .F. ) ;
#2158 = AXIS2_PLACEMENT_3D ( 'NONE', #2315, #330, #2849 ) ;
#2159 = LINE ( 'NONE', #3183, #2163 ) ;
#2160 = EDGE_CURVE ( 'NONE', #2254, #237, #789, .T. ) ;
#2161 = CARTESIAN_POINT ( 'NONE',  ( -10.88296222574226668, 25.68270705156890443, 0.000000000000000000 ) ) ;
#2162 = ORIENTED_EDGE ( 'NONE', *, *, #1794, .T. ) ;
#2163 = VECTOR ( 'NONE', #2342, 1000.000000000000000 ) ;
#2164 = DIRECTION ( 'NONE',  ( 1.000000000000000000, 0.000000000000000000, 0.000000000000000000 ) ) ;
#2165 = PLANE ( 'NONE',  #3251 ) ;
#2166 = AXIS2_PLACEMENT_3D ( 'NONE', #2065, #241, #1485 ) ;
#2167 = EDGE_CURVE ( 'NONE', #2405, #1814, #1976, .T. ) ;
#2168 = DIRECTION ( 'NONE',  ( 0.000000000000000000, 0.000000000000000000, 1.000000000000000000 ) ) ;
#2169 =( LENGTH_UNIT ( ) NAMED_UNIT ( * ) SI_UNIT ( .MILLI., .METRE. ) );
#2170 = ORIENTED_EDGE ( 'NONE', *, *, #1684, .T. ) ;
#2171 = DIRECTION ( 'NONE',  ( 1.000000000000000000, 0.000000000000000000, 0.000000000000000000 ) ) ;
#2172 = ADVANCED_FACE ( 'NONE', ( #2844 ), #1826, .F. ) ;
#2173 = ORIENTED_EDGE ( 'NONE', *, *, #2845, .T. ) ;
#2174 = DIRECTION ( 'NONE',  ( -1.000000000000000000, 0.000000000000000000, 0.000000000000000000 ) ) ;
#2175 = CARTESIAN_POINT ( 'NONE',  ( -16.21496222574229762, 25.27870705156888320, 3.292323440001584611 ) ) ;
#2176 = LINE ( 'NONE', #1938, #3180 ) ;
#2177 = ORIENTED_EDGE ( 'NONE', *, *, #2981, .F. ) ;
#2178 = PLANE ( 'NONE',  #244 ) ;
#2179 = DIRECTION ( 'NONE',  ( -0.000000000000000000, -0.000000000000000000, -1.000000000000000000 ) ) ;
#2180 = DIRECTION ( 'NONE',  ( 0.000000000000000000, 0.000000000000000000, -1.000000000000000000 ) ) ;
#2181 = CARTESIAN_POINT ( 'NONE',  ( -16.96496222574226920, 25.27870705156888320, -2.500000000000000000 ) ) ;
#2182 = VERTEX_POINT ( 'NONE', #2546 ) ;
#2183 = DIRECTION ( 'NONE',  ( -0.000000000000000000, -0.000000000000000000, 1.000000000000000000 ) ) ;
#2184 = AXIS2_PLACEMENT_3D ( 'NONE', #1365, #2619, #1124 ) ;
#2185 = CIRCLE ( 'NONE', #648, 2.999999999999999112 ) ;
#2186 = VERTEX_POINT ( 'NONE', #2294 ) ;
#2187 = DIRECTION ( 'NONE',  ( 0.000000000000000000, 0.000000000000000000, 1.000000000000000000 ) ) ;
#2188 = ADVANCED_FACE ( 'NONE', ( #235, #3303 ), #1559, .T. ) ;
#2189 = DIRECTION ( 'NONE',  ( -0.000000000000000000, 0.000000000000000000, 1.000000000000000000 ) ) ;
#2190 = CARTESIAN_POINT ( 'NONE',  ( 7.285040208365947123, -11.83278339979662874, 3.292323440001584611 ) ) ;
#2191 = ORIENTED_EDGE ( 'NONE', *, *, #2968, .T. ) ;
#2192 = DIRECTION ( 'NONE',  ( 0.000000000000000000, -0.000000000000000000, 1.000000000000000000 ) ) ;
#2193 = CARTESIAN_POINT ( 'NONE',  ( 14.28503777425773436, -22.47129294843107417, 3.292323440001584611 ) ) ;
#2194 = EDGE_CURVE ( 'NONE', #2833, #2891, #2025, .T. ) ;
#2195 = VECTOR ( 'NONE', #234, 1000.000000000000000 ) ;
#2196 = DIRECTION ( 'NONE',  ( 0.000000000000000000, 0.000000000000000000, 1.000000000000000000 ) ) ;
#2197 = EDGE_CURVE ( 'NONE', #1824, #1977, #2812, .T. ) ;
#2198 = DIRECTION ( 'NONE',  ( -1.000000000000000000, 0.000000000000000000, 0.000000000000000000 ) ) ;
#2199 = ORIENTED_EDGE ( 'NONE', *, *, #2086, .T. ) ;
#2200 = DIRECTION ( 'NONE',  ( -0.000000000000000000, -0.000000000000000000, -1.000000000000000000 ) ) ;
#2201 = ORIENTED_EDGE ( 'NONE', *, *, #1595, .T. ) ;
#2202 = LINE ( 'NONE', #1969, #2536 ) ;
#2203 = CIRCLE ( 'NONE', #1405, 0.9500000000000029532 ) ;
#2204 = DIRECTION ( 'NONE',  ( 1.000000000000000000, 0.000000000000000000, 0.000000000000000000 ) ) ;
#2205 = EDGE_CURVE ( 'NONE', #205, #1551, #775, .T. ) ;
#2206 = EDGE_CURVE ( 'NONE', #750, #1644, #390, .T. ) ;
#2207 = DIRECTION ( 'NONE',  ( -1.000000000000000000, 0.000000000000000000, 0.000000000000000000 ) ) ;
#2208 = CIRCLE ( 'NONE', #225, 2.749999999999995559 ) ;
#2209 = EDGE_LOOP ( 'NONE', ( #54, #1233, #2817, #20 ) ) ;
#2210 = CARTESIAN_POINT ( 'NONE',  ( 10.45303777425773362, 25.68270705156890443, 0.000000000000000000 ) ) ;
#2211 = CARTESIAN_POINT ( 'NONE',  ( -16.21496222574226564, -22.47129294843110969, 3.292323440001584611 ) ) ;
#2212 = AXIS2_PLACEMENT_3D ( 'NONE', #1755, #533, #1041 ) ;
#2213 = ORIENTED_EDGE ( 'NONE', *, *, #591, .F. ) ;
#2214 = FACE_OUTER_BOUND ( 'NONE', #984, .T. ) ;
#2215 = CIRCLE ( 'NONE', #2166, 1.500000000000001332 ) ;
#2216 = VECTOR ( 'NONE', #1060, 1000.000000000000000 ) ;
#2217 = EDGE_CURVE ( 'NONE', #3174, #2021, #1115, .T. ) ;
#2218 = PRODUCT_RELATED_PRODUCT_CATEGORY ( 'part', '', ( #2262 ) ) ;
#2219 = ORIENTED_EDGE ( 'NONE', *, *, #781, .F. ) ;
#2220 = CARTESIAN_POINT ( 'NONE',  ( -16.21496222574229407, 19.77870705156889031, -2.500000000000000000 ) ) ;
#2221 = AXIS2_PLACEMENT_3D ( 'NONE', #1453, #2476, #907 ) ;
#2222 = VECTOR ( 'NONE', #1552, 1000.000000000000000 ) ;
#2223 = VERTEX_POINT ( 'NONE', #1912 ) ;
#2224 = DIRECTION ( 'NONE',  ( -0.000000000000000000, -0.000000000000000000, 1.000000000000000000 ) ) ;
#2225 = CARTESIAN_POINT ( 'NONE',  ( -17.96496222574225854, -26.97129294843108838, 3.292323440001584611 ) ) ;
#2226 = DIRECTION ( 'NONE',  ( 1.000000000000000000, 0.000000000000000000, 0.000000000000000000 ) ) ;
#2227 = VERTEX_POINT ( 'NONE', #117 ) ;
#2228 = ADVANCED_FACE ( 'NONE', ( #359 ), #2165, .T. ) ;
#2229 = SURFACE_STYLE_FILL_AREA ( #2993 ) ;
#2230 = FACE_OUTER_BOUND ( 'NONE', #1290, .T. ) ;
#2231 = ORIENTED_EDGE ( 'NONE', *, *, #1955, .F. ) ;
#2232 = DIRECTION ( 'NONE',  ( -1.000000000000000000, -1.156482317317871971E-16, 0.000000000000000000 ) ) ;
#2233 = ADVANCED_FACE ( 'NONE', ( #2145 ), #420, .T. ) ;
#2234 = ORIENTED_EDGE ( 'NONE', *, *, #1464, .F. ) ;
#2235 = AXIS2_PLACEMENT_3D ( 'NONE', #325, #1335, #1662 ) ;
#2236 = ORIENTED_EDGE ( 'NONE', *, *, #2517, .T. ) ;
#2237 = CARTESIAN_POINT ( 'NONE',  ( -16.21496222574226564, -22.47129294843110969, -3.000000000000002665 ) ) ;
#2238 = DIRECTION ( 'NONE',  ( 0.000000000000000000, 0.000000000000000000, 1.000000000000000000 ) ) ;
#2239 = VERTEX_POINT ( 'NONE', #2400 ) ;
#2240 = PLANE ( 'NONE',  #1018 ) ;
#2241 = CARTESIAN_POINT ( 'NONE',  ( -7.714959791634051989, -29.97129294843108838, -0.3076765599984150334 ) ) ;
#2242 = AXIS2_PLACEMENT_3D ( 'NONE', #141, #1935, #1653 ) ;
#2243 = VECTOR ( 'NONE', #1820, 1000.000000000000000 ) ;
#2244 = CARTESIAN_POINT ( 'NONE',  ( -16.21496222574229051, -25.22129294843106706, 3.292323440001584611 ) ) ;
#2245 = CARTESIAN_POINT ( 'NONE',  ( -9.934129258355469005, -28.47129294843108482, 0.000000000000000000 ) ) ;
#2246 = VERTEX_POINT ( 'NONE', #65 ) ;
#2247 = AXIS2_PLACEMENT_3D ( 'NONE', #2772, #3302, #2792 ) ;
#2248 = ORIENTED_EDGE ( 'NONE', *, *, #3268, .F. ) ;
#2249 = CARTESIAN_POINT ( 'NONE',  ( 17.53503777425774146, -26.97129294843108482, -4.000000000000000000 ) ) ;
#2250 = ORIENTED_EDGE ( 'NONE', *, *, #166, .F. ) ;
#2251 = DIRECTION ( 'NONE',  ( -0.000000000000000000, -0.000000000000000000, -1.000000000000000000 ) ) ;
#2252 = EDGE_CURVE ( 'NONE', #1186, #583, #1801, .T. ) ;
#2253 = DIRECTION ( 'NONE',  ( 1.000000000000000000, 0.000000000000000000, -0.000000000000000000 ) ) ;
#2254 = VERTEX_POINT ( 'NONE', #590 ) ;
#2255 = CARTESIAN_POINT ( 'NONE',  ( -16.21496222574229762, 22.52870705156889031, 3.000000000000001776 ) ) ;
#2256 = PLANE ( 'NONE',  #1731 ) ;
#2257 = AXIS2_PLACEMENT_3D ( 'NONE', #970, #1489, #2253 ) ;
#2258 = CARTESIAN_POINT ( 'NONE',  ( -11.83179519312905903, 28.52870705156890097, 0.000000000000000000 ) ) ;
#2259 = ORIENTED_EDGE ( 'NONE', *, *, #1413, .F. ) ;
#2260 = DIRECTION ( 'NONE',  ( -1.000000000000000000, 0.000000000000000000, 0.000000000000000000 ) ) ;
#2261 = CIRCLE ( 'NONE', #67, 0.9499999999999995115 ) ;
#2262 = PRODUCT ( 'Bottom_Enclosure', 'Bottom_Enclosure', '', ( #3291 ) ) ;
#2263 = CIRCLE ( 'NONE', #551, 2.749999999999995559 ) ;
#2264 = VERTEX_POINT ( 'NONE', #3114 ) ;
#2265 = EDGE_CURVE ( 'NONE', #2227, #2466, #851, .T. ) ;
#2266 = AXIS2_PLACEMENT_3D ( 'NONE', #2382, #2327, #3093 ) ;
#2267 = VECTOR ( 'NONE', #1269, 1000.000000000000000 ) ;
#2268 = ORIENTED_EDGE ( 'NONE', *, *, #169, .F. ) ;
#2269 = DIRECTION ( 'NONE',  ( -0.000000000000000000, 0.000000000000000000, 1.000000000000000000 ) ) ;
#2270 = ORIENTED_EDGE ( 'NONE', *, *, #16, .T. ) ;
#2271 = AXIS2_PLACEMENT_3D ( 'NONE', #64, #589, #1825 ) ;
#2272 = CARTESIAN_POINT ( 'NONE',  ( -17.96496222574226564, 26.27870705156888320, 3.292323440001584611 ) ) ;
#2273 = EDGE_LOOP ( 'NONE', ( #3206, #561, #871, #1130 ) ) ;
#2274 = PLANE ( 'NONE',  #48 ) ;
#2275 = DIRECTION ( 'NONE',  ( -0.000000000000000000, -0.000000000000000000, 1.000000000000000000 ) ) ;
#2276 = LINE ( 'NONE', #199, #1043 ) ;
#2277 = EDGE_LOOP ( 'NONE', ( #1852, #1741, #3051, #2549 ) ) ;
#2278 = CYLINDRICAL_SURFACE ( 'NONE', #1451, 0.9499999999999995115 ) ;
#2279 = DIRECTION ( 'NONE',  ( 0.000000000000000000, 0.000000000000000000, 1.000000000000000000 ) ) ;
#2280 = APPLICATION_PROTOCOL_DEFINITION ( 'draft international standard', 'automotive_design', 1998, #183 ) ;
#2281 = VERTEX_POINT ( 'NONE', #882 ) ;
#2282 = VERTEX_POINT ( 'NONE', #2365 ) ;
#2283 = PLANE ( 'NONE',  #1783 ) ;
#2284 = ORIENTED_EDGE ( 'NONE', *, *, #761, .T. ) ;
#2285 = VECTOR ( 'NONE', #1846, 1000.000000000000000 ) ;
#2286 = EDGE_CURVE ( 'NONE', #1888, #3325, #899, .T. ) ;
#2287 = ORIENTED_EDGE ( 'NONE', *, *, #178, .T. ) ;
#2288 = CARTESIAN_POINT ( 'NONE',  ( 11.40303777425773468, 25.68270705156890443, -2.500000000000000000 ) ) ;
#2289 = DIRECTION ( 'NONE',  ( 1.000000000000000000, 0.000000000000000000, 0.000000000000000000 ) ) ;
#2290 = EDGE_CURVE ( 'NONE', #2264, #2726, #1133, .T. ) ;
#2291 = PLANE ( 'NONE',  #1359 ) ;
#2292 = EDGE_LOOP ( 'NONE', ( #3104, #2234, #2945, #1798 ) ) ;
#2293 = CYLINDRICAL_SURFACE ( 'NONE', #921, 2.749999999999995559 ) ;
#2294 = CARTESIAN_POINT ( 'NONE',  ( 14.83503777425769599, 22.52870705156892583, 3.000000000000001776 ) ) ;
#2295 = EDGE_CURVE ( 'NONE', #1530, #1259, #1080, .T. ) ;
#2296 = EDGE_CURVE ( 'NONE', #1956, #2484, #1967, .T. ) ;
#2297 = EDGE_LOOP ( 'NONE', ( #3080, #3122, #504, #255 ) ) ;
#2298 = VECTOR ( 'NONE', #1987, 1000.000000000000000 ) ;
#2299 = ORIENTED_EDGE ( 'NONE', *, *, #2371, .T. ) ;
#2300 = DIRECTION ( 'NONE',  ( 1.000000000000000000, 0.000000000000000000, 0.000000000000000000 ) ) ;
#2301 = ORIENTED_EDGE ( 'NONE', *, *, #1395, .F. ) ;
#2302 = AXIS2_PLACEMENT_3D ( 'NONE', #358, #1079, #571 ) ;
#2303 = ORIENTED_EDGE ( 'NONE', *, *, #848, .T. ) ;
#2304 = FACE_OUTER_BOUND ( 'NONE', #331, .T. ) ;
#2305 = LINE ( 'NONE', #3091, #3064 ) ;
#2306 = EDGE_CURVE ( 'NONE', #366, #1790, #3170, .T. ) ;
#2307 = CARTESIAN_POINT ( 'NONE',  ( -10.88296222574226668, 25.68270705156890443, 0.000000000000000000 ) ) ;
#2308 = EDGE_LOOP ( 'NONE', ( #2678, #542, #2231, #2761 ) ) ;
#2309 = CARTESIAN_POINT ( 'NONE',  ( 15.78503777425770060, 22.52870705156892583, -4.002000000000000668 ) ) ;
#2310 = CARTESIAN_POINT ( 'NONE',  ( 17.28503777425770238, 22.52870705156892583, 3.292323440001584611 ) ) ;
#2311 = AXIS2_PLACEMENT_3D ( 'NONE', #666, #2369, #2901 ) ;
#2312 = VERTEX_POINT ( 'NONE', #608 ) ;
#2313 = EDGE_CURVE ( 'NONE', #2312, #221, #572, .T. ) ;
#2314 = AXIS2_PLACEMENT_3D ( 'NONE', #410, #900, #2885 ) ;
#2315 = CARTESIAN_POINT ( 'NONE',  ( -10.88296222574226668, -25.62529294843109184, 0.000000000000000000 ) ) ;
#2316 = VECTOR ( 'NONE', #1008, 1000.000000000000000 ) ;
#2317 = ORIENTED_EDGE ( 'NONE', *, *, #512, .T. ) ;
#2318 = CARTESIAN_POINT ( 'NONE',  ( -16.21496222574229051, -19.72129294843107417, -4.002000000000000668 ) ) ;
#2319 = ORIENTED_EDGE ( 'NONE', *, *, #2962, .T. ) ;
#2320 = LINE ( 'NONE', #1870, #1632 ) ;
#2321 = AXIS2_PLACEMENT_3D ( 'NONE', #1517, #463, #1016 ) ;
#2322 = CIRCLE ( 'NONE', #2856, 3.000000000000000888 ) ;
#2323 = ORIENTED_EDGE ( 'NONE', *, *, #3284, .T. ) ;
#2324 = CARTESIAN_POINT ( 'NONE',  ( -16.21496222574229762, 22.52870705156889031, -3.000000000000002665 ) ) ;
#2325 = LINE ( 'NONE', #1235, #3179 ) ;
#2326 = EDGE_CURVE ( 'NONE', #2223, #1860, #1591, .T. ) ;
#2327 = DIRECTION ( 'NONE',  ( 0.7071067811865489050, 1.226634733346701776E-16, -0.7071067811865462405 ) ) ;
#2328 = ORIENTED_EDGE ( 'NONE', *, *, #1312, .T. ) ;
#2329 = PLANE ( 'NONE',  #967 ) ;
#2330 = PLANE ( 'NONE',  #2559 ) ;
#2331 = EDGE_CURVE ( 'NONE', #1675, #1294, #473, .T. ) ;
#2332 = EDGE_LOOP ( 'NONE', ( #2461, #3071, #3042, #1279 ) ) ;
#2333 = LINE ( 'NONE', #524, #2642 ) ;
#2334 = EDGE_CURVE ( 'NONE', #2068, #2503, #2917, .T. ) ;
#2335 = CARTESIAN_POINT ( 'NONE',  ( -10.88296222574226668, 25.68270705156890443, 0.000000000000000000 ) ) ;
#2336 = ORIENTED_EDGE ( 'NONE', *, *, #2998, .F. ) ;
#2337 = FACE_BOUND ( 'NONE', #471, .T. ) ;
#2338 = VERTEX_POINT ( 'NONE', #2664 ) ;
#2339 = CARTESIAN_POINT ( 'NONE',  ( -9.934129258355469005, -28.47129294843108482, 0.000000000000000000 ) ) ;
#2340 = VERTEX_POINT ( 'NONE', #1356 ) ;
#2341 = DIRECTION ( 'NONE',  ( -0.000000000000000000, 0.000000000000000000, 1.000000000000000000 ) ) ;
#2342 = DIRECTION ( 'NONE',  ( -1.156482317317871971E-16, 1.000000000000000000, 0.000000000000000000 ) ) ;
#2343 = VECTOR ( 'NONE', #2468, 1000.000000000000000 ) ;
#2344 = DIRECTION ( 'NONE',  ( 0.000000000000000000, 0.000000000000000000, -1.000000000000000000 ) ) ;
#2345 = ORIENTED_EDGE ( 'NONE', *, *, #2437, .F. ) ;
#2346 = CARTESIAN_POINT ( 'NONE',  ( 17.53503777425774146, -26.22129294843107061, 3.292323440001584611 ) ) ;
#2347 = CARTESIAN_POINT ( 'NONE',  ( -17.96496222574226564, 18.77870705156889031, -4.000000000000000000 ) ) ;
#2348 = VERTEX_POINT ( 'NONE', #3154 ) ;
#2349 = CARTESIAN_POINT ( 'NONE',  ( -9.932962225742267393, -25.62529294843109184, 0.000000000000000000 ) ) ;
#2350 = EDGE_CURVE ( 'NONE', #3316, #366, #2934, .T. ) ;
#2351 = UNCERTAINTY_MEASURE_WITH_UNIT (LENGTH_MEASURE( 1.000000000000000082E-05 ), #1941, 'distance_accuracy_value', 'NONE');
#2352 = CYLINDRICAL_SURFACE ( 'NONE', #665, 1.500000000000001332 ) ;
#2353 = ORIENTED_EDGE ( 'NONE', *, *, #3031, .T. ) ;
#2354 = FACE_OUTER_BOUND ( 'NONE', #417, .T. ) ;
#2355 = EDGE_LOOP ( 'NONE', ( #476, #695, #1877, #2986 ) ) ;
#2356 = PLANE ( 'NONE',  #2765 ) ;
#2357 = VECTOR ( 'NONE', #2260, 1000.000000000000000 ) ;
#2358 = EDGE_LOOP ( 'NONE', ( #1144, #2588, #746, #2777 ) ) ;
#2359 = FACE_OUTER_BOUND ( 'NONE', #3235, .T. ) ;
#2360 = DIRECTION ( 'NONE',  ( -1.000000000000000000, 0.000000000000000000, 0.000000000000000000 ) ) ;
#2361 = ADVANCED_FACE ( 'NONE', ( #1629 ), #2977, .F. ) ;
#2362 = LINE ( 'NONE', #61, #2381 ) ;
#2363 = ORIENTED_EDGE ( 'NONE', *, *, #2286, .T. ) ;
#2364 = DIRECTION ( 'NONE',  ( -1.000000000000000000, 0.000000000000000000, 0.000000000000000000 ) ) ;
#2365 = CARTESIAN_POINT ( 'NONE',  ( 17.28503777425773791, -22.47129294843107417, 3.000000000000001776 ) ) ;
#2366 = CARTESIAN_POINT ( 'NONE',  ( 15.78503777425773613, -22.47129294843107417, -3.000000000000002665 ) ) ;
#2367 = ORIENTED_EDGE ( 'NONE', *, *, #1946, .T. ) ;
#2368 =( GEOMETRIC_REPRESENTATION_CONTEXT ( 3 ) GLOBAL_UNCERTAINTY_ASSIGNED_CONTEXT ( ( #2351 ) ) GLOBAL_UNIT_ASSIGNED_CONTEXT ( ( #1941, #1927, #1725 ) ) REPRESENTATION_CONTEXT ( 'NONE', 'WORKASPACE' ) );
#2369 = DIRECTION ( 'NONE',  ( -0.000000000000000000, -0.000000000000000000, -1.000000000000000000 ) ) ;
#2370 = VECTOR ( 'NONE', #210, 1000.000000000000000 ) ;
#2371 = EDGE_CURVE ( 'NONE', #645, #1373, #1268, .T. ) ;
#2372 = ORIENTED_EDGE ( 'NONE', *, *, #2948, .T. ) ;
#2373 = CARTESIAN_POINT ( 'NONE',  ( 7.285040208365947123, -11.83278339979662874, -0.3076765599984150334 ) ) ;
#2374 = VERTEX_POINT ( 'NONE', #456 ) ;
#2375 = DIRECTION ( 'NONE',  ( -1.000000000000000000, -1.156482317317871971E-16, 0.000000000000000000 ) ) ;
#2376 = CIRCLE ( 'NONE', #2429, 0.9499999999999995115 ) ;
#2377 = EDGE_LOOP ( 'NONE', ( #2551, #1138, #327, #2905 ) ) ;
#2378 = CYLINDRICAL_SURFACE ( 'NONE', #2410, 0.9499999999999995115 ) ;
#2379 = LINE ( 'NONE', #369, #1298 ) ;
#2380 = VECTOR ( 'NONE', #1716, 1000.000000000000000 ) ;
#2381 = VECTOR ( 'NONE', #1093, 1000.000000000000000 ) ;
#2382 = CARTESIAN_POINT ( 'NONE',  ( 19.03503777425773080, 30.02870705156891162, -3.499999999999999556 ) ) ;
#2383 = ORIENTED_EDGE ( 'NONE', *, *, #3068, .F. ) ;
#2384 = FACE_OUTER_BOUND ( 'NONE', #2618, .T. ) ;
#2385 = VECTOR ( 'NONE', #1957, 1000.000000000000000 ) ;
#2386 = DIRECTION ( 'NONE',  ( -0.000000000000000000, -1.000000000000000000, -0.000000000000000000 ) ) ;
#2387 = CARTESIAN_POINT ( 'NONE',  ( -17.16496222574230046, 22.52870705156889031, -3.000000000000002665 ) ) ;
#2388 = VERTEX_POINT ( 'NONE', #660 ) ;
#2389 = CARTESIAN_POINT ( 'NONE',  ( -16.46496222574226920, 27.02870705156890097, -4.000000000000000000 ) ) ;
#2390 = CARTESIAN_POINT ( 'NONE',  ( -16.21496222574229051, -19.72129294843111325, -2.500000000000000000 ) ) ;
#2391 = ORIENTED_EDGE ( 'NONE', *, *, #1951, .T. ) ;
#2392 = CYLINDRICAL_SURFACE ( 'NONE', #740, 3.000000000000000000 ) ;
#2393 = CARTESIAN_POINT ( 'NONE',  ( 7.285040208365947123, -29.97129294843108838, 3.292323440001584611 ) ) ;
#2394 = VECTOR ( 'NONE', #1586, 1000.000000000000000 ) ;
#2395 = ADVANCED_FACE ( 'NONE', ( #2230 ), #710, .T. ) ;
#2396 = FACE_OUTER_BOUND ( 'NONE', #2358, .T. ) ;
#2397 = ORIENTED_EDGE ( 'NONE', *, *, #3241, .F. ) ;
#2398 = DIRECTION ( 'NONE',  ( 0.000000000000000000, -0.000000000000000000, -1.000000000000000000 ) ) ;
#2399 = EDGE_CURVE ( 'NONE', #1888, #221, #947, .T. ) ;
#2400 = CARTESIAN_POINT ( 'NONE',  ( -17.96496222574225854, -26.22129294843106706, 3.292323440001584611 ) ) ;
#2401 = CIRCLE ( 'NONE', #40, 2.999999999999999112 ) ;
#2402 = DIRECTION ( 'NONE',  ( -0.000000000000000000, -0.000000000000000000, -1.000000000000000000 ) ) ;
#2403 = EDGE_CURVE ( 'NONE', #2340, #2584, #1648, .T. ) ;
#2404 = LINE ( 'NONE', #1685, #931 ) ;
#2405 = VERTEX_POINT ( 'NONE', #973 ) ;
#2406 = LINE ( 'NONE', #2904, #1573 ) ;
#2407 = VERTEX_POINT ( 'NONE', #2698 ) ;
#2408 = DIRECTION ( 'NONE',  ( 0.000000000000000000, -0.7071067811865474617, 0.7071067811865474617 ) ) ;
#2409 = AXIS2_PLACEMENT_3D ( 'NONE', #1600, #2835, #2889 ) ;
#2410 = AXIS2_PLACEMENT_3D ( 'NONE', #2324, #3090, #2892 ) ;
#2411 = ORIENTED_EDGE ( 'NONE', *, *, #1979, .F. ) ;
#2412 = DIRECTION ( 'NONE',  ( 0.000000000000000000, 0.000000000000000000, -1.000000000000000000 ) ) ;
#2413 = CARTESIAN_POINT ( 'NONE',  ( 10.45303777425773362, -25.62529294843109540, 0.000000000000000000 ) ) ;
#2414 = DIRECTION ( 'NONE',  ( -0.000000000000000000, -0.000000000000000000, -1.000000000000000000 ) ) ;
#2415 = EDGE_LOOP ( 'NONE', ( #782, #837, #1498, #2862, #1140, #171, #1819, #2162 ) ) ;
#2416 = EDGE_CURVE ( 'NONE', #1001, #2091, #1928, .T. ) ;
#2417 = FACE_OUTER_BOUND ( 'NONE', #2415, .T. ) ;
#2418 = CARTESIAN_POINT ( 'NONE',  ( -19.46496222574226920, 30.02870705156890097, -4.000000000000000000 ) ) ;
#2419 = DIRECTION ( 'NONE',  ( -0.000000000000000000, 0.000000000000000000, 1.000000000000000000 ) ) ;
#2420 = LINE ( 'NONE', #121, #496 ) ;
#2421 = LINE ( 'NONE', #2703, #932 ) ;
#2422 = VERTEX_POINT ( 'NONE', #149 ) ;
#2423 = PLANE ( 'NONE',  #259 ) ;
#2424 = VECTOR ( 'NONE', #3218, 1000.000000000000000 ) ;
#2425 = ORIENTED_EDGE ( 'NONE', *, *, #32, .T. ) ;
#2426 = CARTESIAN_POINT ( 'NONE',  ( -11.83179519312905370, 28.52870705156890097, -2.500000000000000000 ) ) ;
#2427 = CIRCLE ( 'NONE', #4, 2.749999999999995559 ) ;
#2428 = DIRECTION ( 'NONE',  ( 1.000000000000000000, 0.000000000000000000, 0.000000000000000000 ) ) ;
#2429 = AXIS2_PLACEMENT_3D ( 'NONE', #2413, #84, #113 ) ;
#2430 = CARTESIAN_POINT ( 'NONE',  ( -16.21496222574229762, 22.52870705156888675, 3.000000000000001776 ) ) ;
#2431 = AXIS2_PLACEMENT_3D ( 'NONE', #2707, #2412, #112 ) ;
#2432 = CYLINDRICAL_SURFACE ( 'NONE', #1299, 0.9499999999999995115 ) ;
#2433 = ORIENTED_EDGE ( 'NONE', *, *, #1499, .F. ) ;
#2434 = VECTOR ( 'NONE', #2617, 1000.000000000000000 ) ;
#2435 = CARTESIAN_POINT ( 'NONE',  ( 16.03503777425773436, 27.02870705156891162, -4.000000000000000000 ) ) ;
#2436 = DIRECTION ( 'NONE',  ( -0.000000000000000000, 0.000000000000000000, -1.000000000000000000 ) ) ;
#2437 = EDGE_CURVE ( 'NONE', #366, #3269, #426, .T. ) ;
#2438 = PRODUCT_DEFINITION_FORMATION_WITH_SPECIFIED_SOURCE ( 'Symmetric', '', #2262, .NOT_KNOWN. ) ;
#2439 = CYLINDRICAL_SURFACE ( 'NONE', #1346, 1.000000000000000888 ) ;
#2440 = CARTESIAN_POINT ( 'NONE',  ( -10.88296222574226668, -25.62529294843109184, 0.000000000000000000 ) ) ;
#2441 = EDGE_CURVE ( 'NONE', #1700, #734, #1435, .T. ) ;
#2442 = EDGE_LOOP ( 'NONE', ( #1724, #3069, #1246, #2779 ) ) ;
#2443 = DIRECTION ( 'NONE',  ( 1.000000000000000000, -2.135044278125326586E-15, 0.000000000000000000 ) ) ;
#2444 = AXIS2_PLACEMENT_3D ( 'NONE', #3187, #1191, #646 ) ;
#2445 = ORIENTED_EDGE ( 'NONE', *, *, #1634, .F. ) ;
#2446 = EDGE_CURVE ( 'NONE', #558, #2223, #3247, .T. ) ;
#2447 = FACE_OUTER_BOUND ( 'NONE', #1484, .T. ) ;
#2448 = FACE_OUTER_BOUND ( 'NONE', #2457, .T. ) ;
#2449 = EDGE_CURVE ( 'NONE', #1903, #2068, #2728, .T. ) ;
#2450 = CARTESIAN_POINT ( 'NONE',  ( 15.78503777425775390, -19.72129294843107417, 3.292323440001584611 ) ) ;
#2451 = ORIENTED_EDGE ( 'NONE', *, *, #2148, .F. ) ;
#2452 = DIRECTION ( 'NONE',  ( 1.000000000000000000, 0.000000000000000000, 0.000000000000000000 ) ) ;
#2453 = CARTESIAN_POINT ( 'NONE',  ( -9.932962225742267393, 25.68270705156890443, 0.000000000000000000 ) ) ;
#2454 = CARTESIAN_POINT ( 'NONE',  ( 15.78503777425776100, 19.77870705156892939, -2.500000000000000000 ) ) ;
#2455 = VECTOR ( 'NONE', #2093, 1000.000000000000000 ) ;
#2456 = CARTESIAN_POINT ( 'NONE',  ( -16.96496222574226564, 19.77870705156889031, -2.500000000000000000 ) ) ;
#2457 = EDGE_LOOP ( 'NONE', ( #3094, #335, #1347, #3214 ) ) ;
#2458 = CARTESIAN_POINT ( 'NONE',  ( -17.16496222574226493, -22.47129294843110969, -3.000000000000002665 ) ) ;
#2459 = EDGE_CURVE ( 'NONE', #2983, #1848, #1208, .T. ) ;
#2460 = AXIS2_PLACEMENT_3D ( 'NONE', #1257, #2279, #1012 ) ;
#2461 = ORIENTED_EDGE ( 'NONE', *, *, #9, .F. ) ;
#2462 = CARTESIAN_POINT ( 'NONE',  ( 16.73503777425770522, 22.52870705156892583, -3.000000000000002665 ) ) ;
#2463 = CARTESIAN_POINT ( 'NONE',  ( 15.78503777425776100, 19.77870705156889031, -4.002000000000000668 ) ) ;
#2464 = EDGE_CURVE ( 'NONE', #3073, #2223, #2401, .T. ) ;
#2465 = CARTESIAN_POINT ( 'NONE',  ( -11.83296222574226597, 25.68270705156890443, 0.000000000000000000 ) ) ;
#2466 = VERTEX_POINT ( 'NONE', #2994 ) ;
#2467 = DIRECTION ( 'NONE',  ( -1.000000000000000000, -2.703465157366452467E-16, 0.000000000000000000 ) ) ;
#2468 = DIRECTION ( 'NONE',  ( 1.000000000000000000, 0.000000000000000000, 0.000000000000000000 ) ) ;
#2469 = EDGE_CURVE ( 'NONE', #2729, #3000, #1429, .T. ) ;
#2470 = EDGE_LOOP ( 'NONE', ( #2268, #2425, #1333, #111 ) ) ;
#2471 = AXIS2_PLACEMENT_3D ( 'NONE', #1048, #996, #2074 ) ;
#2472 = DIRECTION ( 'NONE',  ( -1.000000000000000000, 0.000000000000000000, 0.000000000000000000 ) ) ;
#2473 = VERTEX_POINT ( 'NONE', #2193 ) ;
#2474 = CARTESIAN_POINT ( 'NONE',  ( -17.71496222574230117, 22.52870705156888675, 3.000000000000001776 ) ) ;
#2475 = ORIENTED_EDGE ( 'NONE', *, *, #1970, .F. ) ;
#2476 = DIRECTION ( 'NONE',  ( 0.000000000000000000, 0.000000000000000000, 1.000000000000000000 ) ) ;
#2477 = DIRECTION ( 'NONE',  ( -0.000000000000000000, 0.000000000000000000, 1.000000000000000000 ) ) ;
#2478 = DIRECTION ( 'NONE',  ( 0.000000000000000000, 0.000000000000000000, 1.000000000000000000 ) ) ;
#2479 = VECTOR ( 'NONE', #2684, 1000.000000000000000 ) ;
#2480 = EDGE_LOOP ( 'NONE', ( #2520, #466, #2236, #2878 ) ) ;
#2481 = DIRECTION ( 'NONE',  ( -1.000000000000000000, -1.156482317317871971E-16, 0.000000000000000000 ) ) ;
#2482 = DIRECTION ( 'NONE',  ( -0.000000000000000000, -0.000000000000000000, -1.000000000000000000 ) ) ;
#2483 = EDGE_CURVE ( 'NONE', #2654, #246, #1703, .T. ) ;
#2484 = VERTEX_POINT ( 'NONE', #928 ) ;
#2485 = LINE ( 'NONE', #2245, #2631 ) ;
#2486 = VECTOR ( 'NONE', #3321, 1000.000000000000000 ) ;
#2487 = PLANE ( 'NONE',  #3223 ) ;
#2488 = ORIENTED_EDGE ( 'NONE', *, *, #2656, .F. ) ;
#2489 = ORIENTED_EDGE ( 'NONE', *, *, #1642, .T. ) ;
#2490 = FACE_OUTER_BOUND ( 'NONE', #1027, .T. ) ;
#2491 = DIRECTION ( 'NONE',  ( -0.000000000000000000, -0.000000000000000000, -1.000000000000000000 ) ) ;
#2492 = ORIENTED_EDGE ( 'NONE', *, *, #2197, .F. ) ;
#2493 = DIRECTION ( 'NONE',  ( 0.000000000000000000, 0.000000000000000000, -1.000000000000000000 ) ) ;
#2494 = CARTESIAN_POINT ( 'NONE',  ( -19.46496222574226209, -28.47129294843108482, 0.000000000000000000 ) ) ;
#2495 = EDGE_CURVE ( 'NONE', #1654, #795, #3263, .T. ) ;
#2496 = ORIENTED_EDGE ( 'NONE', *, *, #2968, .F. ) ;
#2497 = DIRECTION ( 'NONE',  ( 0.000000000000000000, 0.000000000000000000, 1.000000000000000000 ) ) ;
#2498 = CIRCLE ( 'NONE', #416, 0.9499999999999995115 ) ;
#2499 = ORIENTED_EDGE ( 'NONE', *, *, #830, .T. ) ;
#2500 = VECTOR ( 'NONE', #1272, 1000.000000000000000 ) ;
#2501 = EDGE_CURVE ( 'NONE', #766, #1748, #2980, .T. ) ;
#2502 = EDGE_CURVE ( 'NONE', #2584, #2340, #693, .T. ) ;
#2503 = VERTEX_POINT ( 'NONE', #1697 ) ;
#2504 = DIRECTION ( 'NONE',  ( -0.000000000000000000, -0.000000000000000000, 1.000000000000000000 ) ) ;
#2505 = ORIENTED_EDGE ( 'NONE', *, *, #32, .F. ) ;
#2506 = CARTESIAN_POINT ( 'NONE',  ( -7.714959791634051989, -28.47129294843108482, -0.3076765599984150334 ) ) ;
#2507 = ORIENTED_EDGE ( 'NONE', *, *, #1756, .F. ) ;
#2508 = CARTESIAN_POINT ( 'NONE',  ( 16.03503777425773791, -29.97129294843108838, -3.499999999999999556 ) ) ;
#2509 = FACE_BOUND ( 'NONE', #1287, .T. ) ;
#2510 = AXIS2_PLACEMENT_3D ( 'NONE', #2594, #486, #3030 ) ;
#2511 = AXIS2_PLACEMENT_3D ( 'NONE', #1348, #1873, #2123 ) ;
#2512 = ADVANCED_FACE ( 'NONE', ( #2713 ), #2822, .F. ) ;
#2513 = CARTESIAN_POINT ( 'NONE',  ( 16.03503777425773791, -26.97129294843108838, -4.000000000000000000 ) ) ;
#2514 = ORIENTED_EDGE ( 'NONE', *, *, #2197, .T. ) ;
#2515 = DIRECTION ( 'NONE',  ( 0.000000000000000000, 0.000000000000000000, 1.000000000000000000 ) ) ;
#2516 = ORIENTED_EDGE ( 'NONE', *, *, #3072, .F. ) ;
#2517 = EDGE_CURVE ( 'NONE', #413, #912, #2808, .T. ) ;
#2518 = ORIENTED_EDGE ( 'NONE', *, *, #1531, .T. ) ;
#2519 = CARTESIAN_POINT ( 'NONE',  ( -16.96496222574225854, -19.72129294843107417, -2.500000000000000000 ) ) ;
#2520 = ORIENTED_EDGE ( 'NONE', *, *, #2745, .F. ) ;
#2521 = DIRECTION ( 'NONE',  ( 1.000000000000000000, 0.000000000000000000, 0.000000000000000000 ) ) ;
#2522 = ORIENTED_EDGE ( 'NONE', *, *, #104, .F. ) ;
#2523 = DIRECTION ( 'NONE',  ( -1.000000000000000000, 0.000000000000000000, -0.000000000000000000 ) ) ;
#2524 = DIRECTION ( 'NONE',  ( -1.000000000000000000, 0.000000000000000000, -0.000000000000000000 ) ) ;
#2525 = CARTESIAN_POINT ( 'NONE',  ( 10.45303777425773362, 25.68270705156890443, 0.000000000000000000 ) ) ;
#2526 = ORIENTED_EDGE ( 'NONE', *, *, #1706, .F. ) ;
#2527 = CARTESIAN_POINT ( 'NONE',  ( 9.504204806870959032, 28.52870705156890452, 0.000000000000000000 ) ) ;
#2528 = DIRECTION ( 'NONE',  ( 1.000000000000000000, 0.000000000000000000, 0.000000000000000000 ) ) ;
#2529 = AXIS2_PLACEMENT_3D ( 'NONE', #337, #1142, #2894 ) ;
#2530 = ORIENTED_EDGE ( 'NONE', *, *, #2205, .T. ) ;
#2531 = VECTOR ( 'NONE', #579, 1000.000000000000000 ) ;
#2532 = AXIS2_PLACEMENT_3D ( 'NONE', #2525, #1803, #249 ) ;
#2533 = EDGE_LOOP ( 'NONE', ( #2514, #2113, #2027, #3320 ) ) ;
#2534 = DIRECTION ( 'NONE',  ( 1.000000000000000000, 0.000000000000000000, 0.000000000000000000 ) ) ;
#2535 = EDGE_CURVE ( 'NONE', #1926, #862, #1468, .T. ) ;
#2536 = VECTOR ( 'NONE', #1187, 1000.000000000000000 ) ;
#2537 = EDGE_LOOP ( 'NONE', ( #2851, #36, #2797, #1666, #944, #1211, #339, #1710, #1518, #1763, #2971, #2760 ) ) ;
#2538 = ADVANCED_FACE ( 'NONE', ( #2006 ), #280, .T. ) ;
#2539 = AXIS2_PLACEMENT_3D ( 'NONE', #808, #2144, #1096 ) ;
#2540 = ORIENTED_EDGE ( 'NONE', *, *, #1886, .T. ) ;
#2541 = LINE ( 'NONE', #515, #1394 ) ;
#2542 = CYLINDRICAL_SURFACE ( 'NONE', #124, 1.499999999999999556 ) ;
#2543 = CARTESIAN_POINT ( 'NONE',  ( -10.88296222574226668, -25.62529294843109184, 0.000000000000000000 ) ) ;
#2544 = ORIENTED_EDGE ( 'NONE', *, *, #2708, .T. ) ;
#2545 = CARTESIAN_POINT ( 'NONE',  ( -16.46496222574226920, 27.02870705156890097, -4.000000000000000000 ) ) ;
#2546 = CARTESIAN_POINT ( 'NONE',  ( 16.73503777425774075, -22.47129294843107417, -3.000000000000002665 ) ) ;
#2547 = EDGE_LOOP ( 'NONE', ( #2873, #273, #3280, #493 ) ) ;
#2548 = EDGE_CURVE ( 'NONE', #1704, #2742, #27, .T. ) ;
#2549 = ORIENTED_EDGE ( 'NONE', *, *, #1946, .F. ) ;
#2550 = DIRECTION ( 'NONE',  ( 1.000000000000000000, 0.000000000000000000, 0.000000000000000000 ) ) ;
#2551 = ORIENTED_EDGE ( 'NONE', *, *, #2459, .F. ) ;
#2552 = VECTOR ( 'NONE', #827, 1000.000000000000000 ) ;
#2553 = EDGE_LOOP ( 'NONE', ( #2633, #1121 ) ) ;
#2554 = DIRECTION ( 'NONE',  ( -0.000000000000000000, -0.000000000000000000, -1.000000000000000000 ) ) ;
#2555 = DIRECTION ( 'NONE',  ( 1.000000000000000000, 0.000000000000000000, 0.000000000000000000 ) ) ;
#2556 = CYLINDRICAL_SURFACE ( 'NONE', #1944, 3.000000000000000888 ) ;
#2557 = VERTEX_POINT ( 'NONE', #2034 ) ;
#2558 = FACE_OUTER_BOUND ( 'NONE', #3255, .T. ) ;
#2559 = AXIS2_PLACEMENT_3D ( 'NONE', #3063, #31, #1063 ) ;
#2560 = CARTESIAN_POINT ( 'NONE',  ( 18.53503777425774146, -26.97129294843108482, -4.000000000000000000 ) ) ;
#2561 = EDGE_CURVE ( 'NONE', #1817, #1000, #2305, .T. ) ;
#2562 = EDGE_LOOP ( 'NONE', ( #350, #1635, #2691, #1567 ) ) ;
#2563 = LINE ( 'NONE', #271, #556 ) ;
#2564 = DIRECTION ( 'NONE',  ( -1.000000000000000000, 0.000000000000000000, -2.409338161078898687E-16 ) ) ;
#2565 = DIRECTION ( 'NONE',  ( 1.000000000000000000, 0.000000000000000000, 0.000000000000000000 ) ) ;
#2566 = ORIENTED_EDGE ( 'NONE', *, *, #238, .T. ) ;
#2567 = AXIS2_PLACEMENT_3D ( 'NONE', #1759, #485, #505 ) ;
#2568 = DIRECTION ( 'NONE',  ( 0.000000000000000000, 0.000000000000000000, 1.000000000000000000 ) ) ;
#2569 = EDGE_CURVE ( 'NONE', #1306, #3269, #1297, .T. ) ;
#2570 = EDGE_LOOP ( 'NONE', ( #254, #484, #1526, #3220 ) ) ;
#2571 = CARTESIAN_POINT ( 'NONE',  ( -16.96496222574225854, -19.72129294843107417, 3.292323440001584611 ) ) ;
#2572 = CARTESIAN_POINT ( 'NONE',  ( -16.21496222574229407, 19.77870705156889031, 3.292323440001584611 ) ) ;
#2573 = CARTESIAN_POINT ( 'NONE',  ( 16.03503777425773791, -26.97129294843108838, -3.499999999999999556 ) ) ;
#2574 = VERTEX_POINT ( 'NONE', #805 ) ;
#2575 = DIRECTION ( 'NONE',  ( -0.000000000000000000, -0.000000000000000000, 1.000000000000000000 ) ) ;
#2576 = DIRECTION ( 'NONE',  ( 0.000000000000000000, -0.7071067811865474617, -0.7071067811865474617 ) ) ;
#2577 = AXIS2_PLACEMENT_3D ( 'NONE', #2096, #193, #1475 ) ;
#2578 = ORIENTED_EDGE ( 'NONE', *, *, #3140, .F. ) ;
#2579 = CYLINDRICAL_SURFACE ( 'NONE', #3058, 1.500000000000001332 ) ;
#2580 = AXIS2_PLACEMENT_3D ( 'NONE', #2958, #1473, #419 ) ;
#2581 = ORIENTED_EDGE ( 'NONE', *, *, #2002, .F. ) ;
#2582 = DIRECTION ( 'NONE',  ( -0.7071067811865475727, -8.177564888978000334E-17, -0.7071067811865475727 ) ) ;
#2583 = AXIS2_PLACEMENT_3D ( 'NONE', #911, #1174, #371 ) ;
#2584 = VERTEX_POINT ( 'NONE', #2019 ) ;
#2585 = CARTESIAN_POINT ( 'NONE',  ( -16.21496222574229762, 22.52870705156889031, 3.292323440001584611 ) ) ;
#2586 = AXIS2_PLACEMENT_3D ( 'NONE', #1244, #2269, #3294 ) ;
#2587 = AXIS2_PLACEMENT_3D ( 'NONE', #3288, #3060, #2757 ) ;
#2588 = ORIENTED_EDGE ( 'NONE', *, *, #1634, .T. ) ;
#2589 = FACE_OUTER_BOUND ( 'NONE', #714, .T. ) ;
#2590 = DIRECTION ( 'NONE',  ( 0.000000000000000000, -0.000000000000000000, -1.000000000000000000 ) ) ;
#2591 = CARTESIAN_POINT ( 'NONE',  ( 11.40303777425773468, -25.62529294843109540, -2.500000000000000000 ) ) ;
#2592 = ORIENTED_EDGE ( 'NONE', *, *, #1612, .F. ) ;
#2593 = PLANE ( 'NONE',  #3137 ) ;
#2594 = CARTESIAN_POINT ( 'NONE',  ( -10.88296222574226668, -25.62529294843109184, 0.000000000000000000 ) ) ;
#2595 = EDGE_CURVE ( 'NONE', #1986, #3239, #3119, .T. ) ;
#2596 = ORIENTED_EDGE ( 'NONE', *, *, #3101, .F. ) ;
#2597 = LINE ( 'NONE', #3083, #1674 ) ;
#2598 = ORIENTED_EDGE ( 'NONE', *, *, #2569, .F. ) ;
#2599 = LINE ( 'NONE', #108, #673 ) ;
#2600 = EDGE_LOOP ( 'NONE', ( #95, #2857 ) ) ;
#2601 = DIRECTION ( 'NONE',  ( -0.000000000000000000, -0.000000000000000000, 1.000000000000000000 ) ) ;
#2602 = EDGE_CURVE ( 'NONE', #1108, #2833, #2325, .T. ) ;
#2603 = VERTEX_POINT ( 'NONE', #1281 ) ;
#2604 = CARTESIAN_POINT ( 'NONE',  ( -16.46496222574226920, 28.52870705156889741, 3.292323440001584611 ) ) ;
#2605 = CARTESIAN_POINT ( 'NONE',  ( -16.96496222574225854, -19.72129294843107417, -4.002000000000000668 ) ) ;
#2606 = FACE_OUTER_BOUND ( 'NONE', #3065, .T. ) ;
#2607 = ORIENTED_EDGE ( 'NONE', *, *, #488, .F. ) ;
#2608 = LINE ( 'NONE', #3169, #2621 ) ;
#2609 = CARTESIAN_POINT ( 'NONE',  ( -16.21496222574229051, -25.22129294843106706, -4.002000000000000668 ) ) ;
#2610 = CIRCLE ( 'NONE', #910, 3.000000000000000888 ) ;
#2611 = EDGE_CURVE ( 'NONE', #63, #2143, #468, .T. ) ;
#2612 = VECTOR ( 'NONE', #522, 1000.000000000000000 ) ;
#2613 = CARTESIAN_POINT ( 'NONE',  ( -10.88296222574226668, -25.62529294843109184, -2.500000000000000000 ) ) ;
#2614 = EDGE_LOOP ( 'NONE', ( #2433, #2032, #687, #2328 ) ) ;
#2615 = DIRECTION ( 'NONE',  ( -0.000000000000000000, 0.000000000000000000, 1.000000000000000000 ) ) ;
#2616 = ORIENTED_EDGE ( 'NONE', *, *, #1209, .T. ) ;
#2617 = DIRECTION ( 'NONE',  ( -0.000000000000000000, -0.000000000000000000, -1.000000000000000000 ) ) ;
#2618 = EDGE_LOOP ( 'NONE', ( #1326, #690, #1953, #2516 ) ) ;
#2619 = DIRECTION ( 'NONE',  ( 0.000000000000000000, 0.000000000000000000, -1.000000000000000000 ) ) ;
#2620 = EDGE_CURVE ( 'NONE', #2806, #2662, #10, .T. ) ;
#2621 = VECTOR ( 'NONE', #1878, 1000.000000000000000 ) ;
#2622 = ORIENTED_EDGE ( 'NONE', *, *, #1684, .F. ) ;
#2623 = DIRECTION ( 'NONE',  ( 0.000000000000000000, 0.000000000000000000, 1.000000000000000000 ) ) ;
#2624 = DIRECTION ( 'NONE',  ( 0.000000000000000000, 0.000000000000000000, 1.000000000000000000 ) ) ;
#2625 = CARTESIAN_POINT ( 'NONE',  ( -17.96496222574226564, 27.02870705156890097, 3.292323440001584611 ) ) ;
#2626 = EDGE_LOOP ( 'NONE', ( #127, #2607, #2411, #2073 ) ) ;
#2627 = CARTESIAN_POINT ( 'NONE',  ( 19.03503777425774146, -26.97129294843108482, -4.000000000000000000 ) ) ;
#2628 = CARTESIAN_POINT ( 'NONE',  ( -16.46496222574226209, -26.97129294843108838, -2.500000000000000000 ) ) ;
#2629 = DIRECTION ( 'NONE',  ( 1.000000000000000000, 1.040834085586083310E-14, 0.000000000000000000 ) ) ;
#2630 = VECTOR ( 'NONE', #224, 1000.000000000000000 ) ;
#2631 = VECTOR ( 'NONE', #3267, 1000.000000000000000 ) ;
#2632 = DIRECTION ( 'NONE',  ( 0.000000000000000000, -0.000000000000000000, -1.000000000000000000 ) ) ;
#2633 = ORIENTED_EDGE ( 'NONE', *, *, #781, .T. ) ;
#2634 = DIRECTION ( 'NONE',  ( 1.000000000000000000, 0.000000000000000000, 0.000000000000000000 ) ) ;
#2635 = ORIENTED_EDGE ( 'NONE', *, *, #2296, .T. ) ;
#2636 = DIRECTION ( 'NONE',  ( -1.000000000000000000, 0.000000000000000000, 0.000000000000000000 ) ) ;
#2637 = ADVANCED_FACE ( 'NONE', ( #2509, #213 ), #2256, .F. ) ;
#2638 = EDGE_CURVE ( 'NONE', #1848, #1620, #2263, .T. ) ;
#2639 = ORIENTED_EDGE ( 'NONE', *, *, #2106, .F. ) ;
#2640 = DIRECTION ( 'NONE',  ( 0.000000000000000000, 0.000000000000000000, 1.000000000000000000 ) ) ;
#2641 = LINE ( 'NONE', #876, #1627 ) ;
#2642 = VECTOR ( 'NONE', #1547, 1000.000000000000000 ) ;
#2643 = VECTOR ( 'NONE', #1823, 1000.000000000000114 ) ;
#2644 = ADVANCED_FACE ( 'NONE', ( #784 ), #2542, .F. ) ;
#2645 = FACE_OUTER_BOUND ( 'NONE', #1342, .T. ) ;
#2646 = ORIENTED_EDGE ( 'NONE', *, *, #2900, .T. ) ;
#2647 = CYLINDRICAL_SURFACE ( 'NONE', #2539, 1.500000000000001332 ) ;
#2648 = DIRECTION ( 'NONE',  ( -0.000000000000000000, -0.000000000000000000, -1.000000000000000000 ) ) ;
#2649 = EDGE_CURVE ( 'NONE', #1824, #820, #3026, .T. ) ;
#2650 = DIRECTION ( 'NONE',  ( 2.135044278125326586E-15, -1.000000000000000000, 0.000000000000000000 ) ) ;
#2651 = CARTESIAN_POINT ( 'NONE',  ( -16.21496222574226564, -22.47129294843110969, 3.000000000000001776 ) ) ;
#2652 = VERTEX_POINT ( 'NONE', #481 ) ;
#2653 = CARTESIAN_POINT ( 'NONE',  ( -13.88296222574226668, -25.62529294843109184, 0.000000000000000000 ) ) ;
#2654 = VERTEX_POINT ( 'NONE', #1507 ) ;
#2655 = CARTESIAN_POINT ( 'NONE',  ( -16.21496222574229762, 25.27870705156888320, -2.500000000000000000 ) ) ;
#2656 = EDGE_CURVE ( 'NONE', #2348, #3275, #1252, .T. ) ;
#2657 = EDGE_LOOP ( 'NONE', ( #3098, #2397, #449, #13 ) ) ;
#2658 = LINE ( 'NONE', #3129, #2394 ) ;
#2659 = DIRECTION ( 'NONE',  ( 1.000000000000000000, 0.000000000000000000, 0.000000000000000000 ) ) ;
#2660 = CIRCLE ( 'NONE', #309, 0.9499999999999995115 ) ;
#2661 = LINE ( 'NONE', #386, #938 ) ;
#2662 = VERTEX_POINT ( 'NONE', #3038 ) ;
#2663 = LINE ( 'NONE', #553, #839 ) ;
#2664 = CARTESIAN_POINT ( 'NONE',  ( -7.882962225742265794, 25.68270705156890443, 0.000000000000000000 ) ) ;
#2665 = VECTOR ( 'NONE', #2386, 1000.000000000000000 ) ;
#2666 = CYLINDRICAL_SURFACE ( 'NONE', #445, 1.500000000000001332 ) ;
#2667 = LINE ( 'NONE', #378, #2740 ) ;
#2668 = ORIENTED_EDGE ( 'NONE', *, *, #800, .T. ) ;
#2669 = DIRECTION ( 'NONE',  ( 1.000000000000000000, 0.000000000000000000, 0.000000000000000000 ) ) ;
#2670 = VERTEX_POINT ( 'NONE', #1769 ) ;
#2671 = CARTESIAN_POINT ( 'NONE',  ( 15.78503777425770060, 22.52870705156892583, 3.000000000000001776 ) ) ;
#2672 = VECTOR ( 'NONE', #2719, 1000.000000000000000 ) ;
#2673 = VERTEX_POINT ( 'NONE', #301 ) ;
#2674 = CARTESIAN_POINT ( 'NONE',  ( 16.53503777425774501, -25.22129294843106706, -2.500000000000000000 ) ) ;
#2675 = DIRECTION ( 'NONE',  ( 0.000000000000000000, -1.000000000000000000, 0.000000000000000000 ) ) ;
#2676 = EDGE_CURVE ( 'NONE', #1482, #766, #3150, .T. ) ;
#2677 = LINE ( 'NONE', #2465, #452 ) ;
#2678 = ORIENTED_EDGE ( 'NONE', *, *, #2548, .T. ) ;
#2679 = CARTESIAN_POINT ( 'NONE',  ( 10.45303777425773362, -25.62529294843109540, 0.000000000000000000 ) ) ;
#2680 = DIRECTION ( 'NONE',  ( -1.000000000000000000, 0.000000000000000000, 0.000000000000000000 ) ) ;
#2681 = EDGE_CURVE ( 'NONE', #237, #3073, #3108, .T. ) ;
#2682 = ADVANCED_FACE ( 'NONE', ( #626 ), #1127, .F. ) ;
#2683 = CARTESIAN_POINT ( 'NONE',  ( -17.71496222574230117, 22.52870705156888675, 3.000000000000001776 ) ) ;
#2684 = DIRECTION ( 'NONE',  ( 0.000000000000000000, 0.000000000000000000, 1.000000000000000000 ) ) ;
#2685 = DIRECTION ( 'NONE',  ( -0.000000000000000000, 0.000000000000000000, 1.000000000000000000 ) ) ;
#2686 = AXIS2_PLACEMENT_3D ( 'NONE', #1911, #1207, #2452 ) ;
#2687 = ORIENTED_EDGE ( 'NONE', *, *, #1454, .T. ) ;
#2688 = LINE ( 'NONE', #414, #860 ) ;
#2689 = EDGE_CURVE ( 'NONE', #3307, #2091, #2124, .T. ) ;
#2690 = EDGE_CURVE ( 'NONE', #2983, #1482, #1623, .T. ) ;
#2691 = ORIENTED_EDGE ( 'NONE', *, *, #1642, .F. ) ;
#2692 = DIRECTION ( 'NONE',  ( 0.000000000000000000, 0.000000000000000000, 1.000000000000000000 ) ) ;
#2693 = CARTESIAN_POINT ( 'NONE',  ( -18.96496222574226564, 27.02870705156890097, -4.000000000000000000 ) ) ;
#2694 = DIRECTION ( 'NONE',  ( 0.000000000000000000, 0.000000000000000000, 1.000000000000000000 ) ) ;
#2695 = ORIENTED_EDGE ( 'NONE', *, *, #543, .F. ) ;
#2696 = AXIS2_PLACEMENT_3D ( 'NONE', #3211, #1924, #3118 ) ;
#2697 = AXIS2_PLACEMENT_3D ( 'NONE', #44, #1625, #861 ) ;
#2698 = CARTESIAN_POINT ( 'NONE',  ( 17.28503777425770238, 22.52870705156892583, 3.000000000000001776 ) ) ;
#2699 =( GEOMETRIC_REPRESENTATION_CONTEXT ( 3 ) GLOBAL_UNCERTAINTY_ASSIGNED_CONTEXT ( ( #239 ) ) GLOBAL_UNIT_ASSIGNED_CONTEXT ( ( #2169, #396, #3205 ) ) REPRESENTATION_CONTEXT ( 'NONE', 'WORKASPACE' ) );
#2700 = DIRECTION ( 'NONE',  ( 1.000000000000000000, 0.000000000000000000, -0.000000000000000000 ) ) ;
#2701 = EDGE_CURVE ( 'NONE', #1814, #1639, #1874, .T. ) ;
#2702 = DIRECTION ( 'NONE',  ( 1.000000000000000000, 0.000000000000000000, 0.000000000000000000 ) ) ;
#2703 = CARTESIAN_POINT ( 'NONE',  ( -18.96496222574226564, 27.02870705156890097, -4.000000000000000000 ) ) ;
#2704 = ORIENTED_EDGE ( 'NONE', *, *, #2265, .T. ) ;
#2705 = DIRECTION ( 'NONE',  ( 1.000000000000000000, -2.135044278125326586E-15, 0.000000000000000000 ) ) ;
#2706 = ORIENTED_EDGE ( 'NONE', *, *, #2194, .T. ) ;
#2707 = CARTESIAN_POINT ( 'NONE',  ( -10.88296222574226668, -25.62529294843109184, 0.000000000000000000 ) ) ;
#2708 = EDGE_CURVE ( 'NONE', #453, #1856, #451, .T. ) ;
#2709 = FACE_OUTER_BOUND ( 'NONE', #1808, .T. ) ;
#2710 = CARTESIAN_POINT ( 'NONE',  ( -16.46496222574226209, -28.47129294843108482, 3.292323440001584611 ) ) ;
#2711 = ORIENTED_EDGE ( 'NONE', *, *, #1413, .T. ) ;
#2712 = DIRECTION ( 'NONE',  ( 1.156482317317871971E-16, -1.000000000000000000, 0.000000000000000000 ) ) ;
#2713 = FACE_OUTER_BOUND ( 'NONE', #3246, .T. ) ;
#2714 = CARTESIAN_POINT ( 'NONE',  ( 9.504204806870962585, 28.52870705156890452, 0.000000000000000000 ) ) ;
#2715 = VECTOR ( 'NONE', #631, 1000.000000000000000 ) ;
#2716 = EDGE_CURVE ( 'NONE', #795, #2662, #1641, .T. ) ;
#2717 = CARTESIAN_POINT ( 'NONE',  ( 10.45303777425773362, 25.68270705156890443, 0.000000000000000000 ) ) ;
#2718 = EDGE_LOOP ( 'NONE', ( #948, #2888, #462, #134 ) ) ;
#2719 = DIRECTION ( 'NONE',  ( -1.000000000000000000, 0.000000000000000000, 0.000000000000000000 ) ) ;
#2720 = EDGE_CURVE ( 'NONE', #2227, #2871, #2641, .T. ) ;
#2721 = VECTOR ( 'NONE', #1319, 1000.000000000000114 ) ;
#2722 = ORIENTED_EDGE ( 'NONE', *, *, #3317, .T. ) ;
#2723 = DIRECTION ( 'NONE',  ( 1.000000000000000000, 0.000000000000000000, -0.000000000000000000 ) ) ;
#2724 = DIRECTION ( 'NONE',  ( -0.000000000000000000, -0.000000000000000000, -1.000000000000000000 ) ) ;
#2725 = LINE ( 'NONE', #2960, #1732 ) ;
#2726 = VERTEX_POINT ( 'NONE', #2393 ) ;
#2727 = CYLINDRICAL_SURFACE ( 'NONE', #2686, 1.500000000000001332 ) ;
#2728 = LINE ( 'NONE', #198, #1864 ) ;
#2729 = VERTEX_POINT ( 'NONE', #319 ) ;
#2730 = DIRECTION ( 'NONE',  ( 1.000000000000000000, 0.000000000000000000, 0.000000000000000000 ) ) ;
#2731 = CARTESIAN_POINT ( 'NONE',  ( -17.96496222574225854, -18.72129294843107417, -2.500000000000000000 ) ) ;
#2732 = EDGE_LOOP ( 'NONE', ( #570, #1369, #2353, #3197 ) ) ;
#2733 = ORIENTED_EDGE ( 'NONE', *, *, #318, .F. ) ;
#2734 = EDGE_CURVE ( 'NONE', #2891, #954, #885, .T. ) ;
#2735 = FACE_OUTER_BOUND ( 'NONE', #575, .T. ) ;
#2736 = DIRECTION ( 'NONE',  ( -0.000000000000000000, 0.000000000000000000, 1.000000000000000000 ) ) ;
#2737 = ORIENTED_EDGE ( 'NONE', *, *, #2681, .T. ) ;
#2738 = CARTESIAN_POINT ( 'NONE',  ( -16.21496222574229762, 22.52870705156888675, 3.292323440001584611 ) ) ;
#2739 = EDGE_CURVE ( 'NONE', #1575, #1249, #2795, .T. ) ;
#2740 = VECTOR ( 'NONE', #1397, 1000.000000000000000 ) ;
#2741 = VECTOR ( 'NONE', #2624, 1000.000000000000000 ) ;
#2742 = VERTEX_POINT ( 'NONE', #895 ) ;
#2743 = FACE_OUTER_BOUND ( 'NONE', #1094, .T. ) ;
#2744 = EDGE_CURVE ( 'NONE', #308, #2473, #859, .T. ) ;
#2745 = EDGE_CURVE ( 'NONE', #2026, #91, #2379, .T. ) ;
#2746 = AXIS2_PLACEMENT_3D ( 'NONE', #477, #1501, #220 ) ;
#2747 = ORIENTED_EDGE ( 'NONE', *, *, #2620, .T. ) ;
#2748 = CIRCLE ( 'NONE', #2184, 0.9499999999999995115 ) ;
#2749 = CARTESIAN_POINT ( 'NONE',  ( 19.03503777425773080, 27.02870705156891162, -3.499999999999999556 ) ) ;
#2750 = ORIENTED_EDGE ( 'NONE', *, *, #950, .T. ) ;
#2751 = VECTOR ( 'NONE', #2364, 1000.000000000000000 ) ;
#2752 = EDGE_CURVE ( 'NONE', #635, #3036, #1315, .T. ) ;
#2753 = DIRECTION ( 'NONE',  ( 0.000000000000000000, 0.000000000000000000, 1.000000000000000000 ) ) ;
#2754 = ORIENTED_EDGE ( 'NONE', *, *, #142, .T. ) ;
#2755 = DIRECTION ( 'NONE',  ( -2.703465157366452467E-16, 1.000000000000000000, 0.000000000000000000 ) ) ;
#2756 = DIRECTION ( 'NONE',  ( -0.000000000000000000, -0.000000000000000000, -1.000000000000000000 ) ) ;
#2757 = DIRECTION ( 'NONE',  ( -1.000000000000000000, 0.000000000000000000, 0.000000000000000000 ) ) ;
#2758 = ORIENTED_EDGE ( 'NONE', *, *, #2744, .T. ) ;
#2759 = LINE ( 'NONE', #1496, #328 ) ;
#2760 = ORIENTED_EDGE ( 'NONE', *, *, #2716, .F. ) ;
#2761 = ORIENTED_EDGE ( 'NONE', *, *, #160, .T. ) ;
#2762 = CARTESIAN_POINT ( 'NONE',  ( 16.53503777425773791, -18.72129294843107417, -2.500000000000000000 ) ) ;
#2763 = ORIENTED_EDGE ( 'NONE', *, *, #2501, .F. ) ;
#2764 = CARTESIAN_POINT ( 'NONE',  ( 16.03503777425773791, -29.97129294843108838, -3.499999999999999556 ) ) ;
#2765 = AXIS2_PLACEMENT_3D ( 'NONE', #2872, #2375, #334 ) ;
#2766 = ORIENTED_EDGE ( 'NONE', *, *, #355, .T. ) ;
#2767 = CYLINDRICAL_SURFACE ( 'NONE', #1447, 2.749999999999995559 ) ;
#2768 = DIRECTION ( 'NONE',  ( 0.7071067811865474617, 0.000000000000000000, -0.7071067811865474617 ) ) ;
#2769 = DIRECTION ( 'NONE',  ( 1.000000000000000000, 0.000000000000000000, 0.000000000000000000 ) ) ;
#2770 = AXIS2_PLACEMENT_3D ( 'NONE', #1523, #2055, #1799 ) ;
#2771 = ORIENTED_EDGE ( 'NONE', *, *, #2077, .F. ) ;
#2772 = CARTESIAN_POINT ( 'NONE',  ( 15.78503777425770060, 22.52870705156892583, 3.292323440001584611 ) ) ;
#2773 = CARTESIAN_POINT ( 'NONE',  ( 16.03503777425773791, 30.02870705156891162, -3.499999999999999556 ) ) ;
#2774 = EDGE_CURVE ( 'NONE', #1814, #2405, #2376, .T. ) ;
#2775 = EDGE_CURVE ( 'NONE', #2871, #2239, #2159, .T. ) ;
#2776 = CIRCLE ( 'NONE', #2247, 1.500000000000001332 ) ;
#2777 = ORIENTED_EDGE ( 'NONE', *, *, #160, .F. ) ;
#2778 = ADVANCED_FACE ( 'NONE', ( #43 ), #1075, .T. ) ;
#2779 = ORIENTED_EDGE ( 'NONE', *, *, #1702, .F. ) ;
#2780 = CARTESIAN_POINT ( 'NONE',  ( -15.26496222574230011, 22.52870705156889031, -3.000000000000002665 ) ) ;
#2781 = ORIENTED_EDGE ( 'NONE', *, *, #2441, .F. ) ;
#2782 = EDGE_CURVE ( 'NONE', #2652, #1779, #60, .T. ) ;
#2783 = ADVANCED_FACE ( 'NONE', ( #842 ), #2876, .T. ) ;
#2784 = CIRCLE ( 'NONE', #277, 3.000000000000000888 ) ;
#2785 = ORIENTED_EDGE ( 'NONE', *, *, #3031, .F. ) ;
#2786 = FACE_OUTER_BOUND ( 'NONE', #2122, .T. ) ;
#2787 = DIRECTION ( 'NONE',  ( 0.000000000000000000, 0.000000000000000000, 1.000000000000000000 ) ) ;
#2788 = CIRCLE ( 'NONE', #1622, 2.999999999999999112 ) ;
#2789 = CARTESIAN_POINT ( 'NONE',  ( 15.78503777425776100, 19.77870705156889031, -4.002000000000000668 ) ) ;
#2790 = AXIS2_PLACEMENT_3D ( 'NONE', #1398, #652, #2472 ) ;
#2791 = EDGE_LOOP ( 'NONE', ( #1537, #1486, #1765, #1053, #2363, #3261, #458, #2102, #2191, #2903, #514, #2763, #1940, #2518, #731, #6, #1401, #1934, #742, #509, #45, #711, #1777, #1163, #1362, #840, #190, #3117, #1169, #2383, #1717, #1502, #1322, #289, #270, #773, #2303, #2750, #563, #880, #2820, #299, #2978, #2488, #1324, #294 ) ) ;
#2792 = DIRECTION ( 'NONE',  ( 1.000000000000000000, 0.000000000000000000, 0.000000000000000000 ) ) ;
#2793 = CARTESIAN_POINT ( 'NONE',  ( -19.46496222574226209, -26.97129294843108838, -4.000000000000000000 ) ) ;
#2794 = ADVANCED_FACE ( 'NONE', ( #2735 ), #706, .F. ) ;
#2795 = CIRCLE ( 'NONE', #1945, 1.500000000000001332 ) ;
#2796 = EDGE_CURVE ( 'NONE', #1217, #3239, #1722, .T. ) ;
#2797 = ORIENTED_EDGE ( 'NONE', *, *, #3163, .F. ) ;
#2798 = AXIS2_PLACEMENT_3D ( 'NONE', #1564, #2582, #1325 ) ;
#2799 = VECTOR ( 'NONE', #1909, 1000.000000000000000 ) ;
#2800 = ORIENTED_EDGE ( 'NONE', *, *, #1676, .T. ) ;
#2801 = FACE_OUTER_BOUND ( 'NONE', #2127, .T. ) ;
#2802 = ORIENTED_EDGE ( 'NONE', *, *, #2638, .F. ) ;
#2803 = ADVANCED_FACE ( 'NONE', ( #2709 ), #192, .F. ) ;
#2804 = EDGE_CURVE ( 'NONE', #2143, #645, #177, .T. ) ;
#2805 = VECTOR ( 'NONE', #2092, 1000.000000000000000 ) ;
#2806 = VERTEX_POINT ( 'NONE', #1424 ) ;
#2807 = CARTESIAN_POINT ( 'NONE',  ( -17.96496222574226564, 30.02870705156890097, 3.292323440001584611 ) ) ;
#2808 = LINE ( 'NONE', #739, #1242 ) ;
#2809 = DIRECTION ( 'NONE',  ( -1.000000000000000000, 0.000000000000000000, 0.000000000000000000 ) ) ;
#2810 = EDGE_LOOP ( 'NONE', ( #1515, #427, #1258, #1302 ) ) ;
#2811 = FACE_OUTER_BOUND ( 'NONE', #3034, .T. ) ;
#2812 = LINE ( 'NONE', #2793, #1810 ) ;
#2813 = ORIENTED_EDGE ( 'NONE', *, *, #2681, .F. ) ;
#2814 = EDGE_CURVE ( 'NONE', #1068, #497, #981, .T. ) ;
#2815 = DIRECTION ( 'NONE',  ( 1.000000000000000000, 0.000000000000000000, 0.000000000000000000 ) ) ;
#2816 = CYLINDRICAL_SURFACE ( 'NONE', #2746, 1.000000000000000888 ) ;
#2817 = ORIENTED_EDGE ( 'NONE', *, *, #2701, .T. ) ;
#2818 = CARTESIAN_POINT ( 'NONE',  ( -11.83296222574226597, 25.68270705156890443, 0.000000000000000000 ) ) ;
#2819 = AXIS2_PLACEMENT_3D ( 'NONE', #2628, #3188, #1375 ) ;
#2820 = ORIENTED_EDGE ( 'NONE', *, *, #671, .T. ) ;
#2821 = CARTESIAN_POINT ( 'NONE',  ( -19.46496222574226920, 28.52870705156889741, -4.000000000000000000 ) ) ;
#2822 = CYLINDRICAL_SURFACE ( 'NONE', #229, 1.500000000000001332 ) ;
#2823 = CYLINDRICAL_SURFACE ( 'NONE', #1155, 3.000000000000000000 ) ;
#2824 = ORIENTED_EDGE ( 'NONE', *, *, #1950, .T. ) ;
#2825 = CYLINDRICAL_SURFACE ( 'NONE', #3212, 2.749999999999995559 ) ;
#2826 = VECTOR ( 'NONE', #1774, 1000.000000000000114 ) ;
#2827 = DIRECTION ( 'NONE',  ( 0.000000000000000000, 0.000000000000000000, -1.000000000000000000 ) ) ;
#2828 = CIRCLE ( 'NONE', #1389, 1.000000000000000888 ) ;
#2829 = ORIENTED_EDGE ( 'NONE', *, *, #2217, .F. ) ;
#2830 = CARTESIAN_POINT ( 'NONE',  ( -17.96496222574226564, 27.02870705156890097, -4.000000000000000000 ) ) ;
#2831 = VERTEX_POINT ( 'NONE', #404 ) ;
#2832 = PLANE ( 'NONE',  #2798 ) ;
#2833 = VERTEX_POINT ( 'NONE', #657 ) ;
#2834 = CONICAL_SURFACE ( 'NONE', #3045, 2.499999999999998668, 0.7853981633974491672 ) ;
#2835 = DIRECTION ( 'NONE',  ( -0.000000000000000000, 0.000000000000000000, 1.000000000000000000 ) ) ;
#2836 = EDGE_CURVE ( 'NONE', #431, #1530, #1151, .T. ) ;
#2837 = ORIENTED_EDGE ( 'NONE', *, *, #2464, .T. ) ;
#2838 = CARTESIAN_POINT ( 'NONE',  ( 10.45303777425773362, 25.68270705156890443, -2.500000000000000000 ) ) ;
#2839 = DIRECTION ( 'NONE',  ( -0.000000000000000000, -0.000000000000000000, 1.000000000000000000 ) ) ;
#2840 = DIRECTION ( 'NONE',  ( 1.000000000000000000, 0.000000000000000000, 0.000000000000000000 ) ) ;
#2841 = MECHANICAL_DESIGN_GEOMETRIC_PRESENTATION_REPRESENTATION (  '', ( #1404 ), #2368 ) ;
#2842 = ORIENTED_EDGE ( 'NONE', *, *, #2464, .F. ) ;
#2843 = DIRECTION ( 'NONE',  ( 1.156482317317871971E-16, -1.000000000000000000, 0.000000000000000000 ) ) ;
#2844 = FACE_OUTER_BOUND ( 'NONE', #2480, .T. ) ;
#2845 = EDGE_CURVE ( 'NONE', #1758, #3036, #2907, .T. ) ;
#2846 = EDGE_LOOP ( 'NONE', ( #3016, #1603, #3102, #86, #2136, #1243, #3191, #1441 ) ) ;
#2847 = DIRECTION ( 'NONE',  ( 0.000000000000000000, 0.000000000000000000, 1.000000000000000000 ) ) ;
#2848 = VECTOR ( 'NONE', #1204, 1000.000000000000000 ) ;
#2849 = DIRECTION ( 'NONE',  ( -1.000000000000000000, 0.000000000000000000, 0.000000000000000000 ) ) ;
#2850 = VECTOR ( 'NONE', #1069, 1000.000000000000000 ) ;
#2851 = ORIENTED_EDGE ( 'NONE', *, *, #2495, .F. ) ;
#2852 = DIRECTION ( 'NONE',  ( -1.000000000000000000, 0.000000000000000000, 0.000000000000000000 ) ) ;
#2853 = CONICAL_SURFACE ( 'NONE', #2697, 2.499999999999998668, 0.7853981633974491672 ) ;
#2854 = EDGE_LOOP ( 'NONE', ( #1615, #2540, #1532, #2173 ) ) ;
#2855 = LINE ( 'NONE', #2121, #2222 ) ;
#2856 = AXIS2_PLACEMENT_3D ( 'NONE', #3076, #1282, #2769 ) ;
#2857 = ORIENTED_EDGE ( 'NONE', *, *, #2167, .T. ) ;
#2858 = LINE ( 'NONE', #59, #689 ) ;
#2859 = CARTESIAN_POINT ( 'NONE',  ( 9.503037774257734327, -25.62529294843109540, 0.000000000000000000 ) ) ;
#2860 = EDGE_CURVE ( 'NONE', #1551, #115, #1455, .T. ) ;
#2861 = DIRECTION ( 'NONE',  ( 1.000000000000000000, 0.000000000000000000, 0.000000000000000000 ) ) ;
#2862 = ORIENTED_EDGE ( 'NONE', *, *, #2039, .F. ) ;
#2863 = DIRECTION ( 'NONE',  ( -1.734723475976807094E-16, 1.000000000000000000, 0.000000000000000000 ) ) ;
#2864 = CARTESIAN_POINT ( 'NONE',  ( 16.53503777425773791, -19.72129294843107417, -4.002000000000000668 ) ) ;
#2865 = CIRCLE ( 'NONE', #1849, 0.9499999999999995115 ) ;
#2866 = DIRECTION ( 'NONE',  ( -0.000000000000000000, -0.000000000000000000, 1.000000000000000000 ) ) ;
#2867 = ORIENTED_EDGE ( 'NONE', *, *, #2929, .F. ) ;
#2868 = CARTESIAN_POINT ( 'NONE',  ( -15.26496222574230011, 22.52870705156889031, 3.000000000000001776 ) ) ;
#2869 = EDGE_LOOP ( 'NONE', ( #922, #1578, #531, #3145 ) ) ;
#2870 = DIRECTION ( 'NONE',  ( -1.204669080539449344E-16, 0.000000000000000000, 1.000000000000000000 ) ) ;
#2871 = VERTEX_POINT ( 'NONE', #2225 ) ;
#2872 = CARTESIAN_POINT ( 'NONE',  ( -17.96496222574226564, 30.02870705156890097, -4.000000000000000000 ) ) ;
#2873 = ORIENTED_EDGE ( 'NONE', *, *, #2796, .F. ) ;
#2874 = AXIS2_PLACEMENT_3D ( 'NONE', #2738, #914, #3232 ) ;
#2875 = CARTESIAN_POINT ( 'NONE',  ( 16.53503777425774146, -26.22129294843106706, -4.002000000000000668 ) ) ;
#2876 = PLANE ( 'NONE',  #1199 ) ;
#2877 = DIRECTION ( 'NONE',  ( 0.000000000000000000, 0.000000000000000000, -1.000000000000000000 ) ) ;
#2878 = ORIENTED_EDGE ( 'NONE', *, *, #2154, .F. ) ;
#2879 = DIRECTION ( 'NONE',  ( 0.000000000000000000, -0.000000000000000000, -1.000000000000000000 ) ) ;
#2880 = DIRECTION ( 'NONE',  ( 0.000000000000000000, -0.000000000000000000, -1.000000000000000000 ) ) ;
#2881 = VECTOR ( 'NONE', #2183, 1000.000000000000000 ) ;
#2882 = CARTESIAN_POINT ( 'NONE',  ( -11.83296222574226597, -25.62529294843109184, 0.000000000000000000 ) ) ;
#2883 = EDGE_CURVE ( 'NONE', #1551, #756, #1411, .T. ) ;
#2884 = ADVANCED_FACE ( 'NONE', ( #2928 ), #1908, .T. ) ;
#2885 = DIRECTION ( 'NONE',  ( 1.000000000000000000, 0.000000000000000000, 0.000000000000000000 ) ) ;
#2886 = EDGE_LOOP ( 'NONE', ( #1317, #1594, #2177, #1206 ) ) ;
#2887 = LINE ( 'NONE', #616, #131 ) ;
#2888 = ORIENTED_EDGE ( 'NONE', *, *, #3217, .T. ) ;
#2889 = DIRECTION ( 'NONE',  ( 1.000000000000000000, 0.000000000000000000, 0.000000000000000000 ) ) ;
#2890 = ADVANCED_FACE ( 'NONE', ( #1218 ), #2989, .F. ) ;
#2891 = VERTEX_POINT ( 'NONE', #2693 ) ;
#2892 = DIRECTION ( 'NONE',  ( 1.000000000000000000, 0.000000000000000000, 0.000000000000000000 ) ) ;
#2893 = EDGE_CURVE ( 'NONE', #2058, #58, #1042, .T. ) ;
#2894 = DIRECTION ( 'NONE',  ( 1.000000000000000000, 0.000000000000000000, 0.000000000000000000 ) ) ;
#2895 = DIRECTION ( 'NONE',  ( -0.000000000000000000, -0.000000000000000000, -1.000000000000000000 ) ) ;
#2896 = ORIENTED_EDGE ( 'NONE', *, *, #2569, .T. ) ;
#2897 = LINE ( 'NONE', #3134, #2751 ) ;
#2898 = DIRECTION ( 'NONE',  ( 1.000000000000000000, 0.000000000000000000, 0.000000000000000000 ) ) ;
#2899 = DIRECTION ( 'NONE',  ( 1.000000000000000000, 0.000000000000000000, 0.000000000000000000 ) ) ;
#2900 = EDGE_CURVE ( 'NONE', #912, #91, #1995, .T. ) ;
#2901 = DIRECTION ( 'NONE',  ( 1.000000000000000000, 0.000000000000000000, 0.000000000000000000 ) ) ;
#2902 = CIRCLE ( 'NONE', #1292, 3.000000000000000888 ) ;
#2903 = ORIENTED_EDGE ( 'NONE', *, *, #302, .F. ) ;
#2904 = CARTESIAN_POINT ( 'NONE',  ( 7.285040208365947123, -29.97129294843108838, -0.3076765599984150334 ) ) ;
#2905 = ORIENTED_EDGE ( 'NONE', *, *, #819, .F. ) ;
#2906 = CARTESIAN_POINT ( 'NONE',  ( 7.285040208365945347, -28.47129294843108482, -0.3076765599984150334 ) ) ;
#2907 = CIRCLE ( 'NONE', #3009, 3.000000000000000888 ) ;
#2908 = VECTOR ( 'NONE', #644, 1000.000000000000000 ) ;
#2909 = ORIENTED_EDGE ( 'NONE', *, *, #2313, .T. ) ;
#2910 = CARTESIAN_POINT ( 'NONE',  ( -11.83179519312906436, -28.47129294843108482, 0.000000000000000000 ) ) ;
#2911 = CARTESIAN_POINT ( 'NONE',  ( 16.03503777425773791, -26.97129294843108838, 3.292323440001584611 ) ) ;
#2912 = AXIS2_PLACEMENT_3D ( 'NONE', #5, #265, #2020 ) ;
#2913 = ADVANCED_FACE ( 'NONE', ( #2448 ), #1161, .T. ) ;
#2914 = DIRECTION ( 'NONE',  ( 0.000000000000000000, 0.000000000000000000, 1.000000000000000000 ) ) ;
#2915 = ORIENTED_EDGE ( 'NONE', *, *, #204, .T. ) ;
#2916 = DIRECTION ( 'NONE',  ( -1.000000000000000000, 0.000000000000000000, 0.000000000000000000 ) ) ;
#2917 = LINE ( 'NONE', #341, #2665 ) ;
#2918 = DIRECTION ( 'NONE',  ( 0.000000000000000000, 0.000000000000000000, 1.000000000000000000 ) ) ;
#2919 = CARTESIAN_POINT ( 'NONE',  ( 10.45303777425773362, -25.62529294843109540, 0.000000000000000000 ) ) ;
#2920 = EDGE_CURVE ( 'NONE', #147, #862, #15, .T. ) ;
#2921 = ORIENTED_EDGE ( 'NONE', *, *, #2656, .T. ) ;
#2922 = PLANE ( 'NONE',  #621 ) ;
#2923 = ORIENTED_EDGE ( 'NONE', *, *, #2350, .T. ) ;
#2924 = LINE ( 'NONE', #2220, #2672 ) ;
#2925 = EDGE_LOOP ( 'NONE', ( #1660, #487, #1720, #1055 ) ) ;
#2926 = DIRECTION ( 'NONE',  ( 0.000000000000000000, 0.000000000000000000, -1.000000000000000000 ) ) ;
#2927 = EDGE_CURVE ( 'NONE', #2186, #2374, #290, .T. ) ;
#2928 = FACE_OUTER_BOUND ( 'NONE', #1014, .T. ) ;
#2929 = EDGE_CURVE ( 'NONE', #2282, #308, #14, .T. ) ;
#2930 = CARTESIAN_POINT ( 'NONE',  ( 10.45303777425773362, 25.68270705156890443, 0.000000000000000000 ) ) ;
#2931 = ORIENTED_EDGE ( 'NONE', *, *, #2620, .F. ) ;
#2932 = DIRECTION ( 'NONE',  ( -1.000000000000000000, 0.000000000000000000, 0.000000000000000000 ) ) ;
#2933 = DIRECTION ( 'NONE',  ( 0.000000000000000000, 0.000000000000000000, -1.000000000000000000 ) ) ;
#2934 = CIRCLE ( 'NONE', #1378, 1.000000000000000888 ) ;
#2935 = CARTESIAN_POINT ( 'NONE',  ( -16.21496222574229051, -19.72129294843107417, -4.002000000000000668 ) ) ;
#2936 = FACE_BOUND ( 'NONE', #3253, .T. ) ;
#2937 = DIRECTION ( 'NONE',  ( 1.734723475976807341E-16, -1.000000000000000000, 0.000000000000000000 ) ) ;
#2938 = EDGE_LOOP ( 'NONE', ( #1391, #435 ) ) ;
#2939 = DIRECTION ( 'NONE',  ( 1.000000000000000000, -0.000000000000000000, -0.000000000000000000 ) ) ;
#2940 = VERTEX_POINT ( 'NONE', #3081 ) ;
#2941 = DIRECTION ( 'NONE',  ( 0.000000000000000000, 0.000000000000000000, 1.000000000000000000 ) ) ;
#2942 = DIRECTION ( 'NONE',  ( 1.000000000000000000, 0.000000000000000000, 0.000000000000000000 ) ) ;
#2943 = EDGE_CURVE ( 'NONE', #1078, #1249, #2333, .T. ) ;
#2944 = FACE_OUTER_BOUND ( 'NONE', #2209, .T. ) ;
#2945 = ORIENTED_EDGE ( 'NONE', *, *, #2883, .F. ) ;
#2946 = PRESENTATION_STYLE_ASSIGNMENT (( #389 ) ) ;
#2947 = DIRECTION ( 'NONE',  ( -1.911638545475378629E-16, 0.7071067811865486830, -0.7071067811865463515 ) ) ;
#2948 = EDGE_CURVE ( 'NONE', #1956, #1068, #2563, .T. ) ;
#2949 = CARTESIAN_POINT ( 'NONE',  ( 15.78503777425770060, 22.52870705156892583, 3.000000000000001776 ) ) ;
#2950 = EDGE_CURVE ( 'NONE', #2831, #820, #3184, .T. ) ;
#2951 = DIRECTION ( 'NONE',  ( 1.000000000000000000, -0.000000000000000000, 0.000000000000000000 ) ) ;
#2952 = CARTESIAN_POINT ( 'NONE',  ( 0.000000000000000000, 0.000000000000000000, -2.500000000000000000 ) ) ;
#2953 = ORIENTED_EDGE ( 'NONE', *, *, #1367, .F. ) ;
#2954 = DIRECTION ( 'NONE',  ( 0.000000000000000000, -0.000000000000000000, -1.000000000000000000 ) ) ;
#2955 = EDGE_LOOP ( 'NONE', ( #1057, #2087, #440, #333 ) ) ;
#2956 = CARTESIAN_POINT ( 'NONE',  ( -16.21496222574229407, 19.77870705156889031, 3.292323440001584611 ) ) ;
#2957 = VECTOR ( 'NONE', #1135, 1000.000000000000000 ) ;
#2958 = CARTESIAN_POINT ( 'NONE',  ( -16.96496222574226564, 18.77870705156889031, -4.002000000000000668 ) ) ;
#2959 = VECTOR ( 'NONE', #248, 1000.000000000000000 ) ;
#2960 = CARTESIAN_POINT ( 'NONE',  ( -19.46496222574226920, 30.02870705156890097, 3.292323440001584611 ) ) ;
#2961 = ORIENTED_EDGE ( 'NONE', *, *, #735, .F. ) ;
#2962 = EDGE_CURVE ( 'NONE', #1746, #583, #34, .T. ) ;
#2963 = AXIS2_PLACEMENT_3D ( 'NONE', #596, #2135, #2634 ) ;
#2964 = CARTESIAN_POINT ( 'NONE',  ( 18.53503777425773080, 27.02870705156891162, -4.000000000000000000 ) ) ;
#2965 = CIRCLE ( 'NONE', #401, 3.000000000000000888 ) ;
#2966 = CARTESIAN_POINT ( 'NONE',  ( -19.46496222574226920, 28.52870705156889741, 3.292323440001584611 ) ) ;
#2967 = CARTESIAN_POINT ( 'NONE',  ( 10.45303777425773362, 25.68270705156890443, 0.000000000000000000 ) ) ;
#2968 = EDGE_CURVE ( 'NONE', #2239, #82, #1630, .T. ) ;
#2969 = ORIENTED_EDGE ( 'NONE', *, *, #2469, .T. ) ;
#2970 = DIRECTION ( 'NONE',  ( 1.000000000000000000, 2.703465157366452467E-16, 0.000000000000000000 ) ) ;
#2971 = ORIENTED_EDGE ( 'NONE', *, *, #2131, .F. ) ;
#2972 = CARTESIAN_POINT ( 'NONE',  ( 18.53503777425774146, -26.97129294843108482, -4.000000000000000000 ) ) ;
#2973 = CARTESIAN_POINT ( 'NONE',  ( 0.000000000000000000, 0.000000000000000000, -2.500000000000000000 ) ) ;
#2974 = LINE ( 'NONE', #1673, #829 ) ;
#2975 = ORIENTED_EDGE ( 'NONE', *, *, #1612, .T. ) ;
#2976 = DIRECTION ( 'NONE',  ( 0.000000000000000000, 0.000000000000000000, -1.000000000000000000 ) ) ;
#2977 = CYLINDRICAL_SURFACE ( 'NONE', #253, 1.000000000000000888 ) ;
#2978 = ORIENTED_EDGE ( 'NONE', *, *, #196, .F. ) ;
#2979 = DIRECTION ( 'NONE',  ( 1.000000000000000000, 0.000000000000000000, 0.000000000000000000 ) ) ;
#2980 = CIRCLE ( 'NONE', #2130, 2.749999999999995559 ) ;
#2981 = EDGE_CURVE ( 'NONE', #1259, #2422, #182, .T. ) ;
#2982 = CARTESIAN_POINT ( 'NONE',  ( 19.03503777425774146, -26.97129294843108482, 3.292323440001584611 ) ) ;
#2983 = VERTEX_POINT ( 'NONE', #2519 ) ;
#2984 = EDGE_CURVE ( 'NONE', #659, #2473, #2215, .T. ) ;
#2985 = CIRCLE ( 'NONE', #3254, 1.499999999999999556 ) ;
#2986 = ORIENTED_EDGE ( 'NONE', *, *, #269, .F. ) ;
#2987 = DIRECTION ( 'NONE',  ( 1.000000000000000000, 0.000000000000000000, 0.000000000000000000 ) ) ;
#2988 = ADVANCED_FACE ( 'NONE', ( #1550 ), #2283, .T. ) ;
#2989 = CYLINDRICAL_SURFACE ( 'NONE', #1358, 0.9499999999999995115 ) ;
#2990 = ADVANCED_FACE ( 'NONE', ( #2801 ), #510, .T. ) ;
#2991 = LINE ( 'NONE', #1643, #2908 ) ;
#2992 = ORIENTED_EDGE ( 'NONE', *, *, #137, .T. ) ;
#2993 = FILL_AREA_STYLE ('',( #407 ) ) ;
#2994 = CARTESIAN_POINT ( 'NONE',  ( -16.46496222574226209, -28.47129294843108838, -2.500000000000000000 ) ) ;
#2995 = ORIENTED_EDGE ( 'NONE', *, *, #2689, .F. ) ;
#2996 = CARTESIAN_POINT ( 'NONE',  ( -16.21496222574229762, 22.52870705156888675, 3.000000000000001776 ) ) ;
#2997 = ORIENTED_EDGE ( 'NONE', *, *, #1031, .F. ) ;
#2998 = EDGE_CURVE ( 'NONE', #2831, #3249, #1736, .T. ) ;
#2999 = ORIENTED_EDGE ( 'NONE', *, *, #792, .T. ) ;
#3000 = VERTEX_POINT ( 'NONE', #3050 ) ;
#3001 = CIRCLE ( 'NONE', #1887, 0.9499999999999995115 ) ;
#3002 = DIRECTION ( 'NONE',  ( 1.000000000000000000, 0.000000000000000000, 0.000000000000000000 ) ) ;
#3003 = CIRCLE ( 'NONE', #2314, 1.499999999999999556 ) ;
#3004 = ORIENTED_EDGE ( 'NONE', *, *, #2739, .F. ) ;
#3005 = FACE_OUTER_BOUND ( 'NONE', #2846, .T. ) ;
#3006 = DIRECTION ( 'NONE',  ( 1.204669080539449344E-16, 0.000000000000000000, -1.000000000000000000 ) ) ;
#3007 = VECTOR ( 'NONE', #2768, 1000.000000000000114 ) ;
#3008 = AXIS2_PLACEMENT_3D ( 'NONE', #894, #2156, #1422 ) ;
#3009 = AXIS2_PLACEMENT_3D ( 'NONE', #437, #130, #2204 ) ;
#3010 = CIRCLE ( 'NONE', #557, 1.500000000000001332 ) ;
#3011 = CARTESIAN_POINT ( 'NONE',  ( 10.45303777425773362, -25.62529294843109540, 0.000000000000000000 ) ) ;
#3012 = VERTEX_POINT ( 'NONE', #1795 ) ;
#3013 = CARTESIAN_POINT ( 'NONE',  ( 17.53503777425773080, 30.02870705156891162, 3.292323440001584611 ) ) ;
#3014 = AXIS2_PLACEMENT_3D ( 'NONE', #1830, #1341, #1137 ) ;
#3015 = ADVANCED_BREP_SHAPE_REPRESENTATION ( 'Bottom_Enclosure', ( #1368, #678 ), #2699 ) ;
#3016 = ORIENTED_EDGE ( 'NONE', *, *, #1425, .T. ) ;
#3017 = EDGE_CURVE ( 'NONE', #2654, #101, #3274, .T. ) ;
#3018 = ORIENTED_EDGE ( 'NONE', *, *, #475, .F. ) ;
#3019 = LINE ( 'NONE', #733, #888 ) ;
#3020 = EDGE_LOOP ( 'NONE', ( #3193, #1516 ) ) ;
#3021 = DIRECTION ( 'NONE',  ( 1.000000000000000000, 0.000000000000000000, 0.000000000000000000 ) ) ;
#3022 = EDGE_CURVE ( 'NONE', #246, #1751, #274, .T. ) ;
#3023 = CARTESIAN_POINT ( 'NONE',  ( -16.21496222574229051, -25.22129294843106706, -2.500000000000000000 ) ) ;
#3024 = EDGE_LOOP ( 'NONE', ( #1959, #2635, #2201, #1010 ) ) ;
#3025 = CARTESIAN_POINT ( 'NONE',  ( -17.16496222574226493, -22.47129294843110969, -3.000000000000002665 ) ) ;
#3026 = LINE ( 'NONE', #1555, #3007 ) ;
#3027 = DIRECTION ( 'NONE',  ( -0.000000000000000000, -0.000000000000000000, -1.000000000000000000 ) ) ;
#3028 = ORIENTED_EDGE ( 'NONE', *, *, #89, .T. ) ;
#3029 = DIRECTION ( 'NONE',  ( 1.156482317317871971E-16, -1.000000000000000000, 0.000000000000000000 ) ) ;
#3030 = DIRECTION ( 'NONE',  ( -1.000000000000000000, 0.000000000000000000, 0.000000000000000000 ) ) ;
#3031 = EDGE_CURVE ( 'NONE', #737, #3242, #1682, .T. ) ;
#3032 = ORIENTED_EDGE ( 'NONE', *, *, #2044, .T. ) ;
#3033 = DIRECTION ( 'NONE',  ( 0.000000000000000000, 1.000000000000000000, -0.000000000000000000 ) ) ;
#3034 = EDGE_LOOP ( 'NONE', ( #250, #1872 ) ) ;
#3035 = CIRCLE ( 'NONE', #1601, 1.500000000000001332 ) ;
#3036 = VERTEX_POINT ( 'NONE', #492 ) ;
#3037 = CARTESIAN_POINT ( 'NONE',  ( 0.000000000000000000, 0.000000000000000000, -4.000000000000000000 ) ) ;
#3038 = CARTESIAN_POINT ( 'NONE',  ( 16.03503777425773791, 28.52870705156891162, -2.500000000000000000 ) ) ;
#3039 = EDGE_CURVE ( 'NONE', #750, #3106, #256, .T. ) ;
#3040 = FACE_OUTER_BOUND ( 'NONE', #1340, .T. ) ;
#3041 = CIRCLE ( 'NONE', #434, 0.9499999999999995115 ) ;
#3042 = ORIENTED_EDGE ( 'NONE', *, *, #2708, .F. ) ;
#3043 = DIRECTION ( 'NONE',  ( -0.000000000000000000, -0.000000000000000000, -1.000000000000000000 ) ) ;
#3044 = CARTESIAN_POINT ( 'NONE',  ( -19.46496222574226920, 27.02870705156890097, -3.499999999999999556 ) ) ;
#3045 = AXIS2_PLACEMENT_3D ( 'NONE', #2545, #30, #1791 ) ;
#3046 = SHAPE_DEFINITION_REPRESENTATION ( #3200, #3015 ) ;
#3047 = ORIENTED_EDGE ( 'NONE', *, *, #884, .F. ) ;
#3048 = ADVANCED_FACE ( 'NONE', ( #206 ), #1764, .F. ) ;
#3049 = ORIENTED_EDGE ( 'NONE', *, *, #1802, .F. ) ;
#3050 = CARTESIAN_POINT ( 'NONE',  ( -9.932962225742267393, 25.68270705156890443, -2.500000000000000000 ) ) ;
#3051 = ORIENTED_EDGE ( 'NONE', *, *, #1111, .F. ) ;
#3052 = AXIS2_PLACEMENT_3D ( 'NONE', #136, #168, #2730 ) ;
#3053 = DIRECTION ( 'NONE',  ( -1.000000000000000000, 0.000000000000000000, 0.000000000000000000 ) ) ;
#3054 = ORIENTED_EDGE ( 'NONE', *, *, #3109, .F. ) ;
#3055 = CARTESIAN_POINT ( 'NONE',  ( 7.285040208365947123, -11.83278339979662874, -0.3076765599984150334 ) ) ;
#3056 = CARTESIAN_POINT ( 'NONE',  ( 15.78503777425776988, 25.27870705156888320, 3.292323440001584611 ) ) ;
#3057 = AXIS2_PLACEMENT_3D ( 'NONE', #150, #2196, #930 ) ;
#3058 = AXIS2_PLACEMENT_3D ( 'NONE', #2063, #1232, #3021 ) ;
#3059 = EDGE_CURVE ( 'NONE', #1882, #2729, #1734, .T. ) ;
#3060 = DIRECTION ( 'NONE',  ( -0.000000000000000000, -0.000000000000000000, -1.000000000000000000 ) ) ;
#3061 = EDGE_LOOP ( 'NONE', ( #655, #3164 ) ) ;
#3062 = CARTESIAN_POINT ( 'NONE',  ( 9.504204806870928834, -28.47129294843108482, 0.000000000000000000 ) ) ;
#3063 = CARTESIAN_POINT ( 'NONE',  ( 17.53503777425773080, 30.02870705156891162, -4.000000000000000000 ) ) ;
#3064 = VECTOR ( 'NONE', #263, 1000.000000000000000 ) ;
#3065 = EDGE_LOOP ( 'NONE', ( #618, #3176 ) ) ;
#3066 = AXIS2_PLACEMENT_3D ( 'NONE', #1809, #3099, #1579 ) ;
#3067 = CIRCLE ( 'NONE', #1520, 0.9499999999999995115 ) ;
#3068 = EDGE_CURVE ( 'NONE', #304, #1563, #1230, .T. ) ;
#3069 = ORIENTED_EDGE ( 'NONE', *, *, #1718, .T. ) ;
#3070 = CARTESIAN_POINT ( 'NONE',  ( -10.88296222574226668, 25.68270705156890443, 0.000000000000000000 ) ) ;
#3071 = ORIENTED_EDGE ( 'NONE', *, *, #1970, .T. ) ;
#3072 = EDGE_CURVE ( 'NONE', #1575, #397, #749, .T. ) ;
#3073 = VERTEX_POINT ( 'NONE', #2749 ) ;
#3074 = PLANE ( 'NONE',  #3258 ) ;
#3075 = CARTESIAN_POINT ( 'NONE',  ( -17.96496222574225854, -18.72129294843107417, -4.000000000000000000 ) ) ;
#3076 = CARTESIAN_POINT ( 'NONE',  ( 10.45303777425773362, 25.68270705156890443, -2.500000000000000000 ) ) ;
#3077 = ORIENTED_EDGE ( 'NONE', *, *, #2984, .F. ) ;
#3078 = DIRECTION ( 'NONE',  ( 1.000000000000000000, 0.000000000000000000, 0.000000000000000000 ) ) ;
#3079 = CARTESIAN_POINT ( 'NONE',  ( 10.45303777425773362, -25.62529294843109540, -2.500000000000000000 ) ) ;
#3080 = ORIENTED_EDGE ( 'NONE', *, *, #1213, .F. ) ;
#3081 = CARTESIAN_POINT ( 'NONE',  ( 15.78503777425776988, 25.27870705156888320, -2.500000000000000000 ) ) ;
#3082 = EDGE_CURVE ( 'NONE', #2405, #538, #3019, .T. ) ;
#3083 = CARTESIAN_POINT ( 'NONE',  ( -9.934129258355479664, 28.52870705156890097, 0.000000000000000000 ) ) ;
#3084 = ORIENTED_EDGE ( 'NONE', *, *, #2039, .T. ) ;
#3085 = LINE ( 'NONE', #796, #1519 ) ;
#3086 = ORIENTED_EDGE ( 'NONE', *, *, #2502, .F. ) ;
#3087 = CYLINDRICAL_SURFACE ( 'NONE', #530, 3.000000000000000888 ) ;
#3088 = AXIS2_PLACEMENT_3D ( 'NONE', #185, #2947, #1726 ) ;
#3089 = ORIENTED_EDGE ( 'NONE', *, *, #1377, .T. ) ;
#3090 = DIRECTION ( 'NONE',  ( -0.000000000000000000, -0.000000000000000000, 1.000000000000000000 ) ) ;
#3091 = CARTESIAN_POINT ( 'NONE',  ( 14.28503777425770060, 22.52870705156892583, 3.000000000000001776 ) ) ;
#3092 = ADVANCED_FACE ( 'NONE', ( #779 ), #2816, .F. ) ;
#3093 = DIRECTION ( 'NONE',  ( 1.734723475976807094E-16, -1.000000000000000000, 0.000000000000000000 ) ) ;
#3094 = ORIENTED_EDGE ( 'NONE', *, *, #2602, .F. ) ;
#3095 = LINE ( 'NONE', #1062, #1822 ) ;
#3096 = VECTOR ( 'NONE', #2939, 1000.000000000000000 ) ;
#3097 = CARTESIAN_POINT ( 'NONE',  ( -7.712636549863114944E-15, 28.52870705156890452, -2.500000000000000000 ) ) ;
#3098 = ORIENTED_EDGE ( 'NONE', *, *, #1377, .F. ) ;
#3099 = DIRECTION ( 'NONE',  ( 0.000000000000000000, -0.000000000000000000, -1.000000000000000000 ) ) ;
#3100 = DIRECTION ( 'NONE',  ( -0.000000000000000000, -0.000000000000000000, -1.000000000000000000 ) ) ;
#3101 = EDGE_CURVE ( 'NONE', #3000, #982, #722, .T. ) ;
#3102 = ORIENTED_EDGE ( 'NONE', *, *, #3272, .T. ) ;
#3103 = DIRECTION ( 'NONE',  ( -0.000000000000000000, -0.000000000000000000, -1.000000000000000000 ) ) ;
#3104 = ORIENTED_EDGE ( 'NONE', *, *, #1263, .F. ) ;
#3105 = CARTESIAN_POINT ( 'NONE',  ( 16.53503777425773436, 18.77870705156889031, -4.002000000000000668 ) ) ;
#3106 = VERTEX_POINT ( 'NONE', #349 ) ;
#3107 = FACE_OUTER_BOUND ( 'NONE', #2297, .T. ) ;
#3108 = LINE ( 'NONE', #547, #669 ) ;
#3109 = EDGE_CURVE ( 'NONE', #795, #2388, #1153, .T. ) ;
#3110 = AXIS2_PLACEMENT_3D ( 'NONE', #1847, #2650, #105 ) ;
#3111 = CARTESIAN_POINT ( 'NONE',  ( -16.21496222574226564, -22.47129294843110969, -3.000000000000002665 ) ) ;
#3112 = EDGE_LOOP ( 'NONE', ( #1462, #316, #181, #1283 ) ) ;
#3113 = FACE_OUTER_BOUND ( 'NONE', #2533, .T. ) ;
#3114 = CARTESIAN_POINT ( 'NONE',  ( 16.03503777425773791, -29.97129294843108838, 3.292323440001584611 ) ) ;
#3115 = DIRECTION ( 'NONE',  ( 1.000000000000000000, 0.000000000000000000, 0.000000000000000000 ) ) ;
#3116 = CIRCLE ( 'NONE', #2577, 3.000000000000000888 ) ;
#3117 = ORIENTED_EDGE ( 'NONE', *, *, #2611, .F. ) ;
#3118 = DIRECTION ( 'NONE',  ( 1.000000000000000000, 0.000000000000000000, 0.000000000000000000 ) ) ;
#3119 = CIRCLE ( 'NONE', #935, 0.9500000000000029532 ) ;
#3120 = PLANE ( 'NONE',  #1465 ) ;
#3121 = AXIS2_PLACEMENT_3D ( 'NONE', #541, #1104, #1381 ) ;
#3122 = ORIENTED_EDGE ( 'NONE', *, *, #196, .T. ) ;
#3123 = FACE_BOUND ( 'NONE', #2938, .T. ) ;
#3124 = VECTOR ( 'NONE', #2478, 1000.000000000000000 ) ;
#3125 = VERTEX_POINT ( 'NONE', #1883 ) ;
#3126 = CARTESIAN_POINT ( 'NONE',  ( 7.285040208365947123, -28.47129294843108482, 3.292323440001584611 ) ) ;
#3127 = CIRCLE ( 'NONE', #1417, 2.749999999999995559 ) ;
#3128 = ORIENTED_EDGE ( 'NONE', *, *, #1955, .T. ) ;
#3129 = CARTESIAN_POINT ( 'NONE',  ( 15.78503777425776988, 25.27870705156888320, -2.500000000000000000 ) ) ;
#3130 = DIRECTION ( 'NONE',  ( -0.000000000000000000, -0.000000000000000000, -1.000000000000000000 ) ) ;
#3131 = ADVANCED_FACE ( 'NONE', ( #836 ), #3144, .F. ) ;
#3132 = CARTESIAN_POINT ( 'NONE',  ( -16.21496222574229762, 22.52870705156889031, 3.292323440001584611 ) ) ;
#3133 = ORIENTED_EDGE ( 'NONE', *, *, #2416, .T. ) ;
#3134 = CARTESIAN_POINT ( 'NONE',  ( -19.46496222574226209, -28.47129294843108482, 3.292323440001584611 ) ) ;
#3135 = ADVANCED_FACE ( 'NONE', ( #3123, #870, #2337, #75, #312 ), #1616, .T. ) ;
#3136 = CARTESIAN_POINT ( 'NONE',  ( -7.714959791634051989, -11.83278339979662874, -0.3076765599984150334 ) ) ;
#3137 = AXIS2_PLACEMENT_3D ( 'NONE', #2128, #1844, #2863 ) ;
#3138 = EDGE_CURVE ( 'NONE', #2503, #2726, #2406, .T. ) ;
#3139 = CARTESIAN_POINT ( 'NONE',  ( 10.45303777425773362, -25.62529294843109540, -2.500000000000000000 ) ) ;
#3140 = EDGE_CURVE ( 'NONE', #1620, #1748, #2887, .T. ) ;
#3141 = DIRECTION ( 'NONE',  ( -0.000000000000000000, -0.000000000000000000, -1.000000000000000000 ) ) ;
#3142 = EDGE_CURVE ( 'NONE', #1607, #3242, #2101, .T. ) ;
#3143 = ORIENTED_EDGE ( 'NONE', *, *, #1497, .T. ) ;
#3144 = PLANE ( 'NONE',  #1247 ) ;
#3145 = ORIENTED_EDGE ( 'NONE', *, *, #1066, .F. ) ;
#3146 = DIRECTION ( 'NONE',  ( -0.000000000000000000, 0.000000000000000000, 1.000000000000000000 ) ) ;
#3147 = ORIENTED_EDGE ( 'NONE', *, *, #2483, .T. ) ;
#3148 = VECTOR ( 'NONE', #724, 1000.000000000000000 ) ;
#3149 = DIRECTION ( 'NONE',  ( -0.000000000000000000, -0.000000000000000000, -1.000000000000000000 ) ) ;
#3150 = LINE ( 'NONE', #1349, #769 ) ;
#3151 = CARTESIAN_POINT ( 'NONE',  ( -14.71496222574229762, 22.52870705156888675, 3.000000000000001776 ) ) ;
#3152 = EDGE_LOOP ( 'NONE', ( #2695, #721, #927, #1172 ) ) ;
#3153 = DIRECTION ( 'NONE',  ( 1.000000000000000000, 0.000000000000000000, 0.000000000000000000 ) ) ;
#3154 = CARTESIAN_POINT ( 'NONE',  ( 19.03503777425773080, 27.02870705156891162, 3.292323440001584611 ) ) ;
#3155 = ADVANCED_FACE ( 'NONE', ( #2354 ), #814, .T. ) ;
#3156 = VECTOR ( 'NONE', #2705, 1000.000000000000000 ) ;
#3157 = DIRECTION ( 'NONE',  ( 1.000000000000000000, 0.000000000000000000, 0.000000000000000000 ) ) ;
#3158 = DIRECTION ( 'NONE',  ( -0.000000000000000000, -0.000000000000000000, -1.000000000000000000 ) ) ;
#3159 = EDGE_LOOP ( 'NONE', ( #362, #2499 ) ) ;
#3160 = DIRECTION ( 'NONE',  ( -1.000000000000000000, -2.703465157366452467E-16, 0.000000000000000000 ) ) ;
#3161 = ORIENTED_EDGE ( 'NONE', *, *, #158, .T. ) ;
#3162 = PLANE ( 'NONE',  #664 ) ;
#3163 = EDGE_CURVE ( 'NONE', #1758, #668, #363, .T. ) ;
#3164 = ORIENTED_EDGE ( 'NONE', *, *, #433, .T. ) ;
#3165 = CARTESIAN_POINT ( 'NONE',  ( -13.46496222574226920, -22.47129294843110969, -2.500000000000000000 ) ) ;
#3166 = DIRECTION ( 'NONE',  ( 0.000000000000000000, 0.000000000000000000, -1.000000000000000000 ) ) ;
#3167 = CARTESIAN_POINT ( 'NONE',  ( -7.882962225742265794, -25.62529294843109184, 0.000000000000000000 ) ) ;
#3168 = ORIENTED_EDGE ( 'NONE', *, *, #1436, .T. ) ;
#3169 = CARTESIAN_POINT ( 'NONE',  ( -19.46496222574226209, -28.47129294843108482, 3.292323440001584611 ) ) ;
#3170 = LINE ( 'NONE', #2347, #790 ) ;
#3171 = EDGE_CURVE ( 'NONE', #2374, #2186, #1414, .T. ) ;
#3172 = CARTESIAN_POINT ( 'NONE',  ( 15.78503777425770060, 22.52870705156892583, -3.000000000000002665 ) ) ;
#3173 = DIRECTION ( 'NONE',  ( -1.000000000000000000, 0.000000000000000000, 0.000000000000000000 ) ) ;
#3174 = VERTEX_POINT ( 'NONE', #332 ) ;
#3175 = CYLINDRICAL_SURFACE ( 'NONE', #2054, 3.000000000000000000 ) ;
#3176 = ORIENTED_EDGE ( 'NONE', *, *, #884, .T. ) ;
#3177 = DIRECTION ( 'NONE',  ( -0.000000000000000000, -0.000000000000000000, 1.000000000000000000 ) ) ;
#3178 = AXIS2_PLACEMENT_3D ( 'NONE', #2307, #1009, #3315 ) ;
#3179 = VECTOR ( 'NONE', #1821, 1000.000000000000000 ) ;
#3180 = VECTOR ( 'NONE', #3196, 1000.000000000000000 ) ;
#3181 = ORIENTED_EDGE ( 'NONE', *, *, #2286, .F. ) ;
#3182 = CARTESIAN_POINT ( 'NONE',  ( -13.46496222574226920, -22.47129294843110969, 3.292323440001584611 ) ) ;
#3183 = CARTESIAN_POINT ( 'NONE',  ( -17.96496222574226564, 30.02870705156890097, 3.292323440001584611 ) ) ;
#3184 = CIRCLE ( 'NONE', #3066, 2.499999999999998668 ) ;
#3185 = FACE_OUTER_BOUND ( 'NONE', #491, .T. ) ;
#3186 = ORIENTED_EDGE ( 'NONE', *, *, #2044, .F. ) ;
#3187 = CARTESIAN_POINT ( 'NONE',  ( -19.46496222574226209, -28.47129294843108482, -4.000000000000000000 ) ) ;
#3188 = DIRECTION ( 'NONE',  ( -0.000000000000000000, 0.000000000000000000, 1.000000000000000000 ) ) ;
#3189 = AXIS2_PLACEMENT_3D ( 'NONE', #1318, #1114, #2879 ) ;
#3190 = FACE_OUTER_BOUND ( 'NONE', #275, .T. ) ;
#3191 = ORIENTED_EDGE ( 'NONE', *, *, #1706, .T. ) ;
#3192 = CARTESIAN_POINT ( 'NONE',  ( -16.46496222574226920, 27.02870705156890097, 3.292323440001584611 ) ) ;
#3193 = ORIENTED_EDGE ( 'NONE', *, *, #3171, .T. ) ;
#3194 = DIRECTION ( 'NONE',  ( 0.000000000000000000, 0.000000000000000000, -1.000000000000000000 ) ) ;
#3195 = DIRECTION ( 'NONE',  ( -0.000000000000000000, -0.000000000000000000, 1.000000000000000000 ) ) ;
#3196 = DIRECTION ( 'NONE',  ( 1.000000000000000000, 0.000000000000000000, 0.000000000000000000 ) ) ;
#3197 = ORIENTED_EDGE ( 'NONE', *, *, #3142, .F. ) ;
#3198 = DIRECTION ( 'NONE',  ( 0.000000000000000000, 0.000000000000000000, 1.000000000000000000 ) ) ;
#3199 = DIRECTION ( 'NONE',  ( -1.000000000000000000, 0.000000000000000000, 0.000000000000000000 ) ) ;
#3200 = PRODUCT_DEFINITION_SHAPE ( 'NONE', 'NONE',  #1931 ) ;
#3201 = ADVANCED_FACE ( 'NONE', ( #1363 ), #1582, .F. ) ;
#3202 = FACE_OUTER_BOUND ( 'NONE', #2013, .T. ) ;
#3203 = AXIS2_PLACEMENT_3D ( 'NONE', #838, #3146, #1056 ) ;
#3204 = DIRECTION ( 'NONE',  ( -0.000000000000000000, -0.000000000000000000, -1.000000000000000000 ) ) ;
#3205 =( NAMED_UNIT ( * ) SI_UNIT ( $, .STERADIAN. ) SOLID_ANGLE_UNIT ( ) );
#3206 = ORIENTED_EDGE ( 'NONE', *, *, #377, .T. ) ;
#3207 = PLANE ( 'NONE',  #747 ) ;
#3208 = EDGE_CURVE ( 'NONE', #629, #2281, #2599, .T. ) ;
#3209 = ORIENTED_EDGE ( 'NONE', *, *, #245, .F. ) ;
#3210 = LINE ( 'NONE', #368, #1296 ) ;
#3211 = CARTESIAN_POINT ( 'NONE',  ( -16.46496222574226920, 27.02870705156890097, -4.000000000000000000 ) ) ;
#3212 = AXIS2_PLACEMENT_3D ( 'NONE', #1558, #267, #3318 ) ;
#3213 = DIRECTION ( 'NONE',  ( -0.000000000000000000, 0.000000000000000000, 1.000000000000000000 ) ) ;
#3214 = ORIENTED_EDGE ( 'NONE', *, *, #2077, .T. ) ;
#3215 = FACE_OUTER_BOUND ( 'NONE', #1070, .T. ) ;
#3216 = DIRECTION ( 'NONE',  ( 1.000000000000000000, 0.000000000000000000, 0.000000000000000000 ) ) ;
#3217 = EDGE_CURVE ( 'NONE', #2574, #905, #1122, .T. ) ;
#3218 = DIRECTION ( 'NONE',  ( 0.000000000000000000, 0.000000000000000000, 1.000000000000000000 ) ) ;
#3219 = DIRECTION ( 'NONE',  ( 1.000000000000000000, 0.000000000000000000, 0.000000000000000000 ) ) ;
#3220 = ORIENTED_EDGE ( 'NONE', *, *, #2517, .F. ) ;
#3221 = CARTESIAN_POINT ( 'NONE',  ( 16.73503777425774075, -22.47129294843107417, 3.000000000000001776 ) ) ;
#3222 = AXIS2_PLACEMENT_3D ( 'NONE', #51, #3278, #2815 ) ;
#3223 = AXIS2_PLACEMENT_3D ( 'NONE', #2151, #918, #1432 ) ;
#3224 = EDGE_LOOP ( 'NONE', ( #140, #2758, #3077, #1156 ) ) ;
#3225 = CARTESIAN_POINT ( 'NONE',  ( -16.46496222574226920, 27.02870705156890097, 3.292323440001584611 ) ) ;
#3226 = VECTOR ( 'NONE', #159, 1000.000000000000000 ) ;
#3227 = CARTESIAN_POINT ( 'NONE',  ( 16.53503777425773436, 25.27870705156888320, -2.500000000000000000 ) ) ;
#3228 = EDGE_LOOP ( 'NONE', ( #2646, #675 ) ) ;
#3229 = AXIS2_PLACEMENT_3D ( 'NONE', #2014, #1033, #2534 ) ;
#3230 = DIRECTION ( 'NONE',  ( 0.000000000000000000, 0.000000000000000000, 1.000000000000000000 ) ) ;
#3231 = AXIS2_PLACEMENT_3D ( 'NONE', #844, #338, #1842 ) ;
#3232 = DIRECTION ( 'NONE',  ( 1.000000000000000000, 0.000000000000000000, 0.000000000000000000 ) ) ;
#3233 = EDGE_CURVE ( 'NONE', #2004, #2143, #1098, .T. ) ;
#3234 = EDGE_CURVE ( 'NONE', #1581, #397, #3085, .T. ) ;
#3235 = EDGE_LOOP ( 'NONE', ( #3306, #523 ) ) ;
#3236 = DIRECTION ( 'NONE',  ( -0.000000000000000000, -0.000000000000000000, 1.000000000000000000 ) ) ;
#3237 = ADVANCED_FACE ( 'NONE', ( #1815 ), #2832, .T. ) ;
#3238 = CARTESIAN_POINT ( 'NONE',  ( 17.53503777425773436, 18.77870705156889031, -4.000000000000000000 ) ) ;
#3239 = VERTEX_POINT ( 'NONE', #53 ) ;
#3240 = CARTESIAN_POINT ( 'NONE',  ( -16.21496222574226564, -22.47129294843110969, 3.000000000000001776 ) ) ;
#3241 = EDGE_CURVE ( 'NONE', #2670, #763, #1181, .T. ) ;
#3242 = VERTEX_POINT ( 'NONE', #139 ) ;
#3243 = CARTESIAN_POINT ( 'NONE',  ( -16.21496222574226564, -22.47129294843110969, 3.000000000000001776 ) ) ;
#3244 = DIRECTION ( 'NONE',  ( 1.000000000000000000, 0.000000000000000000, 0.000000000000000000 ) ) ;
#3245 = PLANE ( 'NONE',  #1572 ) ;
#3246 = EDGE_LOOP ( 'NONE', ( #3004, #2120, #1277, #813 ) ) ;
#3247 = LINE ( 'NONE', #1443, #1118 ) ;
#3248 = EDGE_CURVE ( 'NONE', #2388, #2004, #1418, .T. ) ;
#3249 = VERTEX_POINT ( 'NONE', #379 ) ;
#3250 = CARTESIAN_POINT ( 'NONE',  ( 16.03503777425773791, -29.97129294843108838, -4.000000000000000000 ) ) ;
#3251 = AXIS2_PLACEMENT_3D ( 'NONE', #2418, #1609, #1146 ) ;
#3252 = DIRECTION ( 'NONE',  ( 1.000000000000000000, 0.000000000000000000, 0.000000000000000000 ) ) ;
#3253 = EDGE_LOOP ( 'NONE', ( #257, #1505 ) ) ;
#3254 = AXIS2_PLACEMENT_3D ( 'NONE', #3192, #8, #1545 ) ;
#3255 = EDGE_LOOP ( 'NONE', ( #2578, #2802, #952, #869 ) ) ;
#3256 = AXIS2_PLACEMENT_3D ( 'NONE', #874, #2140, #1090 ) ;
#3257 = DIRECTION ( 'NONE',  ( 1.000000000000000000, 0.000000000000000000, 0.000000000000000000 ) ) ;
#3258 = AXIS2_PLACEMENT_3D ( 'NONE', #1492, #723, #3298 ) ;
#3259 = DIRECTION ( 'NONE',  ( 1.000000000000000000, 0.000000000000000000, 0.000000000000000000 ) ) ;
#3260 = PLANE ( 'NONE',  #2257 ) ;
#3261 = ORIENTED_EDGE ( 'NONE', *, *, #1158, .T. ) ;
#3262 = CARTESIAN_POINT ( 'NONE',  ( 15.78503777425775390, -25.22129294843106706, -2.500000000000000000 ) ) ;
#3263 = LINE ( 'NONE', #2966, #641 ) ;
#3264 = DIRECTION ( 'NONE',  ( -0.000000000000000000, -0.000000000000000000, -1.000000000000000000 ) ) ;
#3265 = ORIENTED_EDGE ( 'NONE', *, *, #469, .T. ) ;
#3266 = VECTOR ( 'NONE', #520, 1000.000000000000000 ) ;
#3267 = DIRECTION ( 'NONE',  ( 0.000000000000000000, 0.000000000000000000, 1.000000000000000000 ) ) ;
#3268 = EDGE_CURVE ( 'NONE', #1231, #1581, #951, .T. ) ;
#3269 = VERTEX_POINT ( 'NONE', #2731 ) ;
#3270 = ADVANCED_FACE ( 'NONE', ( #1965 ), #170, .T. ) ;
#3271 = COLOUR_RGB ( '',0.7921568627450980005, 0.8196078431372548767, 0.9333333333333333481 ) ;
#3272 = EDGE_CURVE ( 'NONE', #820, #2891, #2421, .T. ) ;
#3273 = VERTEX_POINT ( 'NONE', #1197 ) ;
#3274 = LINE ( 'NONE', #2780, #2486 ) ;
#3275 = VERTEX_POINT ( 'NONE', #2982 ) ;
#3276 = PLANE ( 'NONE',  #1837 ) ;
#3277 = CIRCLE ( 'NONE', #1512, 0.9500000000000029532 ) ;
#3278 = DIRECTION ( 'NONE',  ( -0.000000000000000000, -0.000000000000000000, 1.000000000000000000 ) ) ;
#3279 = CIRCLE ( 'NONE', #1992, 1.500000000000001332 ) ;
#3280 = ORIENTED_EDGE ( 'NONE', *, *, #269, .T. ) ;
#3281 = FACE_OUTER_BOUND ( 'NONE', #1589, .T. ) ;
#3282 = CARTESIAN_POINT ( 'NONE',  ( -16.21496222574226564, -22.47129294843110969, -2.500000000000000000 ) ) ;
#3283 = AXIS2_PLACEMENT_3D ( 'NONE', #98, #2590, #1330 ) ;
#3284 = EDGE_CURVE ( 'NONE', #1691, #348, #3127, .T. ) ;
#3285 = VECTOR ( 'NONE', #1035, 1000.000000000000000 ) ;
#3286 = ADVANCED_FACE ( 'NONE', ( #667 ), #446, .T. ) ;
#3287 = CIRCLE ( 'NONE', #1239, 3.000000000000000888 ) ;
#3288 = CARTESIAN_POINT ( 'NONE',  ( 10.45303777425773362, -25.62529294843109540, 0.000000000000000000 ) ) ;
#3289 = EDGE_LOOP ( 'NONE', ( #77, #1229, #1804, #372 ) ) ;
#3290 = DIRECTION ( 'NONE',  ( 0.000000000000000000, -0.7071067811865474617, -0.7071067811865474617 ) ) ;
#3291 = PRODUCT_CONTEXT ( 'NONE', #3323, 'mechanical' ) ;
#3292 = ORIENTED_EDGE ( 'NONE', *, *, #1739, .T. ) ;
#3293 = ORIENTED_EDGE ( 'NONE', *, *, #411, .T. ) ;
#3294 = DIRECTION ( 'NONE',  ( 1.000000000000000000, 0.000000000000000000, 0.000000000000000000 ) ) ;
#3295 = ORIENTED_EDGE ( 'NONE', *, *, #2782, .T. ) ;
#3296 = ADVANCED_FACE ( 'NONE', ( #189 ), #3175, .T. ) ;
#3297 = EDGE_LOOP ( 'NONE', ( #1478, #1829 ) ) ;
#3298 = DIRECTION ( 'NONE',  ( 1.000000000000000000, 0.000000000000000000, -0.000000000000000000 ) ) ;
#3299 = CARTESIAN_POINT ( 'NONE',  ( 19.03503777425773080, 30.02870705156891162, 3.292323440001584611 ) ) ;
#3300 = FACE_OUTER_BOUND ( 'NONE', #2332, .T. ) ;
#3301 = ORIENTED_EDGE ( 'NONE', *, *, #2962, .F. ) ;
#3302 = DIRECTION ( 'NONE',  ( -0.000000000000000000, -0.000000000000000000, -1.000000000000000000 ) ) ;
#3303 = FACE_BOUND ( 'NONE', #3061, .T. ) ;
#3304 = ADVANCED_FACE ( 'NONE', ( #1686 ), #2487, .T. ) ;
#3305 = VECTOR ( 'NONE', #1646, 1000.000000000000000 ) ;
#3306 = ORIENTED_EDGE ( 'NONE', *, *, #717, .T. ) ;
#3307 = VERTEX_POINT ( 'NONE', #890 ) ;
#3308 = CARTESIAN_POINT ( 'NONE',  ( -16.46496222574226209, -29.47129294843108838, -4.000000000000000000 ) ) ;
#3309 = EDGE_LOOP ( 'NONE', ( #153, #1617, #1240, #2722 ) ) ;
#3310 = ADVANCED_FACE ( 'NONE', ( #1902 ), #2922, .T. ) ;
#3311 = AXIS2_PLACEMENT_3D ( 'NONE', #3105, #2568, #1584 ) ;
#3312 = ORIENTED_EDGE ( 'NONE', *, *, #469, .F. ) ;
#3313 = LINE ( 'NONE', #1021, #1331 ) ;
#3314 = CARTESIAN_POINT ( 'NONE',  ( 16.03503777425773436, 27.02870705156891162, -2.500000000000000000 ) ) ;
#3315 = DIRECTION ( 'NONE',  ( -1.000000000000000000, 0.000000000000000000, -0.000000000000000000 ) ) ;
#3316 = VERTEX_POINT ( 'NONE', #2456 ) ;
#3317 = EDGE_CURVE ( 'NONE', #629, #2557, #1360, .T. ) ;
#3318 = DIRECTION ( 'NONE',  ( 1.000000000000000000, 0.000000000000000000, 0.000000000000000000 ) ) ;
#3319 = DIRECTION ( 'NONE',  ( 0.000000000000000000, 0.000000000000000000, -1.000000000000000000 ) ) ;
#3320 = ORIENTED_EDGE ( 'NONE', *, *, #1241, .T. ) ;
#3321 = DIRECTION ( 'NONE',  ( -0.000000000000000000, -0.000000000000000000, 1.000000000000000000 ) ) ;
#3322 = ORIENTED_EDGE ( 'NONE', *, *, #2720, .T. ) ;
#3323 = APPLICATION_CONTEXT ( 'automotive_design' ) ;
#3324 = CARTESIAN_POINT ( 'NONE',  ( -7.882962225742265794, -25.62529294843109184, -2.500000000000000000 ) ) ;
#3325 = VERTEX_POINT ( 'NONE', #1154 ) ;
ENDSEC;
END-ISO-10303-21;
