ISO-10303-21;
HEADER;
FILE_DESCRIPTION (( 'STEP AP214' ),
    '1' );
FILE_NAME ('Top_Enclosure.STEP',
    '2026-01-18T23:30:13',
    ( '' ),
    ( '' ),
    'SwSTEP 2.0',
    'SolidWorks 2026',
    '' );
FILE_SCHEMA (( 'AUTOMOTIVE_DESIGN' ));
ENDSEC;

DATA;
#1 = FACE_OUTER_BOUND ( 'NONE', #2118, .T. ) ;
#2 = DIRECTION ( 'NONE',  ( 1.000000000000000000, 0.000000000000000000, 0.000000000000000000 ) ) ;
#3 = VECTOR ( 'NONE', #330, 1000.000000000000000 ) ;
#4 = VECTOR ( 'NONE', #3673, 1000.000000000000000 ) ;
#5 = VERTEX_POINT ( 'NONE', #2223 ) ;
#6 = CARTESIAN_POINT ( 'NONE',  ( 8.294385674648733442, 19.84070686846390430, 8.499999999999998224 ) ) ;
#7 = ORIENTED_EDGE ( 'NONE', *, *, #3380, .T. ) ;
#8 = DIRECTION ( 'NONE',  ( -0.000000000000000000, -0.000000000000000000, 1.000000000000000000 ) ) ;
#9 = LINE ( 'NONE', #2232, #1865 ) ;
#10 = EDGE_CURVE ( 'NONE', #3713, #3531, #2578, .T. ) ;
#11 = CIRCLE ( 'NONE', #1529, 1.000000000000000888 ) ;
#12 = ADVANCED_FACE ( 'NONE', ( #362 ), #3473, .T. ) ;
#13 = VECTOR ( 'NONE', #1716, 1000.000000000000000 ) ;
#14 = DIRECTION ( 'NONE',  ( 0.000000000000000000, 0.000000000000000000, -1.000000000000000000 ) ) ;
#15 = CIRCLE ( 'NONE', #2983, 3.000000000000000000 ) ;
#16 = CARTESIAN_POINT ( 'NONE',  ( -13.46496222574226920, -22.47129294843110969, 3.292323440001584611 ) ) ;
#17 = AXIS2_PLACEMENT_3D ( 'NONE', #121, #3242, #1359 ) ;
#18 = EDGE_CURVE ( 'NONE', #1106, #757, #812, .T. ) ;
#19 = CARTESIAN_POINT ( 'NONE',  ( -3.389963385410266206, 19.84070686846390430, -4.001000000000001222 ) ) ;
#20 = ORIENTED_EDGE ( 'NONE', *, *, #3983, .F. ) ;
#21 = DIRECTION ( 'NONE',  ( -0.000000000000000000, -0.000000000000000000, 1.000000000000000000 ) ) ;
#22 = DIRECTION ( 'NONE',  ( 0.000000000000000000, 0.000000000000000000, 1.000000000000000000 ) ) ;
#23 = EDGE_CURVE ( 'NONE', #2239, #3437, #3717, .T. ) ;
#24 = VECTOR ( 'NONE', #281, 1000.000000000000000 ) ;
#25 = EDGE_CURVE ( 'NONE', #3842, #2111, #3751, .T. ) ;
#26 = ORIENTED_EDGE ( 'NONE', *, *, #2743, .T. ) ;
#27 = VERTEX_POINT ( 'NONE', #3130 ) ;
#28 = PLANE ( 'NONE',  #3777 ) ;
#29 = CARTESIAN_POINT ( 'NONE',  ( -16.21496222574226564, -22.47129294843110969, 8.499999999999998224 ) ) ;
#30 = VERTEX_POINT ( 'NONE', #280 ) ;
#31 = PLANE ( 'NONE',  #207 ) ;
#32 = VERTEX_POINT ( 'NONE', #3172 ) ;
#33 = CARTESIAN_POINT ( 'NONE',  ( -10.66696076089826661, 21.25670570879590571, 9.999999999999998224 ) ) ;
#34 = CARTESIAN_POINT ( 'NONE',  ( -18.46496222574226564, -22.47129294843110969, 5.000000000000001776 ) ) ;
#35 = ADVANCED_FACE ( 'NONE', ( #1223 ), #2467, .T. ) ;
#36 = DIRECTION ( 'NONE',  ( -0.000000000000000000, -0.000000000000000000, 1.000000000000000000 ) ) ;
#37 = DIRECTION ( 'NONE',  ( -1.000000000000000000, -2.135044278125326586E-15, 0.000000000000000000 ) ) ;
#38 = UNCERTAINTY_MEASURE_WITH_UNIT (LENGTH_MEASURE( 1.000000000000000082E-05 ), #2930, 'distance_accuracy_value', 'NONE');
#39 = FACE_OUTER_BOUND ( 'NONE', #3690, .T. ) ;
#40 = ORIENTED_EDGE ( 'NONE', *, *, #352, .F. ) ;
#41 = ORIENTED_EDGE ( 'NONE', *, *, #1888, .T. ) ;
#42 = CARTESIAN_POINT ( 'NONE',  ( 9.696421766834003364, 19.84070686846390430, 8.499999999999998224 ) ) ;
#43 = FACE_OUTER_BOUND ( 'NONE', #1856, .T. ) ;
#44 = VECTOR ( 'NONE', #261, 1000.000000000000000 ) ;
#45 = CARTESIAN_POINT ( 'NONE',  ( -3.389963385410266206, 19.84070686846390430, -4.001000000000001222 ) ) ;
#46 = ORIENTED_EDGE ( 'NONE', *, *, #1961, .T. ) ;
#47 = DIRECTION ( 'NONE',  ( 1.000000000000000000, 0.000000000000000000, 0.000000000000000000 ) ) ;
#48 = EDGE_CURVE ( 'NONE', #259, #678, #3759, .T. ) ;
#49 = DIRECTION ( 'NONE',  ( -0.000000000000000000, -1.000000000000000000, -0.000000000000000000 ) ) ;
#50 = DIRECTION ( 'NONE',  ( 0.000000000000000000, 0.000000000000000000, 1.000000000000000000 ) ) ;
#51 = ORIENTED_EDGE ( 'NONE', *, *, #1990, .T. ) ;
#52 = DIRECTION ( 'NONE',  ( -1.000000000000000000, -2.703465157366452467E-16, 0.000000000000000000 ) ) ;
#53 = ORIENTED_EDGE ( 'NONE', *, *, #3742, .F. ) ;
#54 = CARTESIAN_POINT ( 'NONE',  ( -10.88296222574226668, 25.68270705156890443, 3.292323440001584611 ) ) ;
#55 = DIRECTION ( 'NONE',  ( 0.000000000000000000, 0.000000000000000000, -1.000000000000000000 ) ) ;
#56 = CIRCLE ( 'NONE', #1701, 2.250000000000001776 ) ;
#57 = VERTEX_POINT ( 'NONE', #951 ) ;
#58 = LINE ( 'NONE', #2561, #1215 ) ;
#59 = CARTESIAN_POINT ( 'NONE',  ( 8.294385674648733442, 19.84070686846390430, -4.001000000000001222 ) ) ;
#60 = CARTESIAN_POINT ( 'NONE',  ( -16.21496222574229762, 22.52870705156889031, 9.999999999999998224 ) ) ;
#61 = ORIENTED_EDGE ( 'NONE', *, *, #2256, .T. ) ;
#62 = ORIENTED_EDGE ( 'NONE', *, *, #3274, .T. ) ;
#63 = CARTESIAN_POINT ( 'NONE',  ( 16.03503777425773791, 30.02870705156891162, 9.500000000000005329 ) ) ;
#64 = CARTESIAN_POINT ( 'NONE',  ( -10.88296222574226668, -25.62529294843109540, 1.699999999999999289 ) ) ;
#65 = EDGE_CURVE ( 'NONE', #3713, #2450, #911, .T. ) ;
#66 = CIRCLE ( 'NONE', #3608, 1.402036092185268590 ) ;
#67 = EDGE_CURVE ( 'NONE', #2300, #4043, #2527, .T. ) ;
#68 = VERTEX_POINT ( 'NONE', #3433 ) ;
#69 = CARTESIAN_POINT ( 'NONE',  ( 16.53503777425773080, 26.27870705156888320, 8.499999999999998224 ) ) ;
#70 = VECTOR ( 'NONE', #1219, 1000.000000000000000 ) ;
#71 = DIRECTION ( 'NONE',  ( -1.000000000000000000, 0.000000000000000000, 0.000000000000000000 ) ) ;
#72 = CYLINDRICAL_SURFACE ( 'NONE', #1325, 2.749999999999995559 ) ;
#73 = AXIS2_PLACEMENT_3D ( 'NONE', #1082, #1061, #1679 ) ;
#74 = CARTESIAN_POINT ( 'NONE',  ( -19.46496222574226920, 28.52870705156889741, -4.000000000000000000 ) ) ;
#75 = VECTOR ( 'NONE', #3003, 1000.000000000000000 ) ;
#76 = EDGE_LOOP ( 'NONE', ( #2485, #398 ) ) ;
#77 = DIRECTION ( 'NONE',  ( 1.000000000000000000, 0.000000000000000000, 0.000000000000000000 ) ) ;
#78 = CARTESIAN_POINT ( 'NONE',  ( 18.03503777425773436, -22.47129294843107417, 9.999999999999998224 ) ) ;
#79 = EDGE_CURVE ( 'NONE', #507, #3628, #3411, .T. ) ;
#80 = VECTOR ( 'NONE', #700, 1000.000000000000000 ) ;
#81 = EDGE_CURVE ( 'NONE', #1526, #715, #3703, .T. ) ;
#82 = EDGE_LOOP ( 'NONE', ( #1872, #1637 ) ) ;
#83 = CARTESIAN_POINT ( 'NONE',  ( -16.96496222574225854, -18.72129294843107417, -4.002000000000000668 ) ) ;
#84 = CARTESIAN_POINT ( 'NONE',  ( -16.21496222574229051, -19.72129294843111325, 8.499999999999998224 ) ) ;
#85 = PLANE ( 'NONE',  #2748 ) ;
#86 = VERTEX_POINT ( 'NONE', #3386 ) ;
#87 = VERTEX_POINT ( 'NONE', #602 ) ;
#88 = DIRECTION ( 'NONE',  ( 0.000000000000000000, 0.000000000000000000, -1.000000000000000000 ) ) ;
#89 = DIRECTION ( 'NONE',  ( -0.000000000000000000, -0.000000000000000000, -1.000000000000000000 ) ) ;
#90 = VECTOR ( 'NONE', #3492, 1000.000000000000000 ) ;
#91 = EDGE_CURVE ( 'NONE', #2292, #2864, #1265, .T. ) ;
#92 = AXIS2_PLACEMENT_3D ( 'NONE', #3971, #2056, #3017 ) ;
#93 = VERTEX_POINT ( 'NONE', #3452 ) ;
#94 = EDGE_CURVE ( 'NONE', #3107, #1984, #1735, .T. ) ;
#95 = DIRECTION ( 'NONE',  ( 1.000000000000000000, 0.000000000000000000, 0.000000000000000000 ) ) ;
#96 = DIRECTION ( 'NONE',  ( 1.000000000000000000, 0.000000000000000000, 0.000000000000000000 ) ) ;
#97 = DIRECTION ( 'NONE',  ( -1.000000000000000000, 0.000000000000000000, -2.409338161078898687E-16 ) ) ;
#98 = EDGE_LOOP ( 'NONE', ( #3553, #1951, #1204, #4030 ) ) ;
#99 = VERTEX_POINT ( 'NONE', #1719 ) ;
#100 = DIRECTION ( 'NONE',  ( 0.000000000000000000, -0.000000000000000000, -1.000000000000000000 ) ) ;
#101 = DIRECTION ( 'NONE',  ( 1.000000000000000000, 0.000000000000000000, 0.000000000000000000 ) ) ;
#102 = VERTEX_POINT ( 'NONE', #3232 ) ;
#103 = EDGE_CURVE ( 'NONE', #2013, #1106, #751, .T. ) ;
#104 = EDGE_CURVE ( 'NONE', #3986, #2600, #424, .T. ) ;
#105 = DIRECTION ( 'NONE',  ( -1.000000000000000000, 0.000000000000000000, 0.000000000000000000 ) ) ;
#106 = VERTEX_POINT ( 'NONE', #1655 ) ;
#107 = ORIENTED_EDGE ( 'NONE', *, *, #3840, .T. ) ;
#108 = DIRECTION ( 'NONE',  ( 1.000000000000000000, 2.703465157366452467E-16, 0.000000000000000000 ) ) ;
#109 = DIRECTION ( 'NONE',  ( 1.000000000000000000, 0.000000000000000000, 0.000000000000000000 ) ) ;
#110 = APPLICATION_PROTOCOL_DEFINITION ( 'draft international standard', 'automotive_design', 1998, #902 ) ;
#111 = ORIENTED_EDGE ( 'NONE', *, *, #2069, .F. ) ;
#112 = LINE ( 'NONE', #2946, #1469 ) ;
#113 = AXIS2_PLACEMENT_3D ( 'NONE', #2090, #3332, #3313 ) ;
#114 = DIRECTION ( 'NONE',  ( -0.000000000000000000, 0.000000000000000000, -1.000000000000000000 ) ) ;
#115 = FACE_OUTER_BOUND ( 'NONE', #978, .T. ) ;
#116 = EDGE_CURVE ( 'NONE', #1453, #512, #11, .T. ) ;
#117 = ORIENTED_EDGE ( 'NONE', *, *, #3752, .F. ) ;
#118 = CARTESIAN_POINT ( 'NONE',  ( -7.882962225742265794, -25.62529294843109540, 8.499999999999998224 ) ) ;
#119 = EDGE_LOOP ( 'NONE', ( #922, #3852, #2880, #1742 ) ) ;
#120 = LINE ( 'NONE', #711, #2742 ) ;
#121 = CARTESIAN_POINT ( 'NONE',  ( -10.88296222574226668, 25.68270705156890443, 1.699999999999999289 ) ) ;
#122 = EDGE_CURVE ( 'NONE', #1065, #644, #2634, .T. ) ;
#123 = ORIENTED_EDGE ( 'NONE', *, *, #1431, .T. ) ;
#124 = CARTESIAN_POINT ( 'NONE',  ( 10.45303777425773362, 25.68270705156890443, -0.1000000000000002554 ) ) ;
#125 = CYLINDRICAL_SURFACE ( 'NONE', #1175, 1.074999999999999512 ) ;
#126 = ORIENTED_EDGE ( 'NONE', *, *, #3973, .F. ) ;
#127 = ORIENTED_EDGE ( 'NONE', *, *, #2012, .T. ) ;
#128 = PLANE ( 'NONE',  #2121 ) ;
#129 = DIRECTION ( 'NONE',  ( 1.000000000000000000, 0.000000000000000000, 0.000000000000000000 ) ) ;
#130 = ORIENTED_EDGE ( 'NONE', *, *, #1337, .T. ) ;
#131 = DIRECTION ( 'NONE',  ( -0.000000000000000000, -0.000000000000000000, -1.000000000000000000 ) ) ;
#132 = DIRECTION ( 'NONE',  ( -0.000000000000000000, -0.000000000000000000, -1.000000000000000000 ) ) ;
#133 = DIRECTION ( 'NONE',  ( 0.000000000000000000, 0.000000000000000000, -1.000000000000000000 ) ) ;
#134 = EDGE_CURVE ( 'NONE', #3938, #1685, #112, .T. ) ;
#135 = AXIS2_PLACEMENT_3D ( 'NONE', #3273, #2697, #853 ) ;
#136 = ORIENTED_EDGE ( 'NONE', *, *, #3264, .F. ) ;
#137 = CARTESIAN_POINT ( 'NONE',  ( 2.015431251695973813, 12.66714344531767900, 9.999999999999998224 ) ) ;
#138 = ORIENTED_EDGE ( 'NONE', *, *, #3863, .F. ) ;
#139 = DIRECTION ( 'NONE',  ( 1.000000000000000000, -2.312964634635742267E-15, 0.000000000000000000 ) ) ;
#140 = DIRECTION ( 'NONE',  ( 0.000000000000000000, 0.000000000000000000, 1.000000000000000000 ) ) ;
#141 = CIRCLE ( 'NONE', #2427, 1.500000000000001332 ) ;
#142 = ORIENTED_EDGE ( 'NONE', *, *, #553, .F. ) ;
#143 = CIRCLE ( 'NONE', #2694, 2.749999999999995559 ) ;
#144 = CARTESIAN_POINT ( 'NONE',  ( -18.46496222574230117, 22.52870705156889031, 9.999999999999998224 ) ) ;
#145 = AXIS2_PLACEMENT_3D ( 'NONE', #2974, #1808, #239 ) ;
#146 = EDGE_CURVE ( 'NONE', #87, #3835, #2009, .T. ) ;
#147 = FACE_OUTER_BOUND ( 'NONE', #1296, .T. ) ;
#148 = VECTOR ( 'NONE', #1218, 1000.000000000000000 ) ;
#149 = ORIENTED_EDGE ( 'NONE', *, *, #691, .F. ) ;
#150 = DIRECTION ( 'NONE',  ( 0.000000000000000000, -0.000000000000000000, -1.000000000000000000 ) ) ;
#151 = PLANE ( 'NONE',  #3692 ) ;
#152 = AXIS2_PLACEMENT_3D ( 'NONE', #69, #382, #770 ) ;
#153 = EDGE_LOOP ( 'NONE', ( #2978, #3617, #3998, #1728 ) ) ;
#154 = AXIS2_PLACEMENT_3D ( 'NONE', #3384, #3089, #1547 ) ;
#155 = CARTESIAN_POINT ( 'NONE',  ( -10.88296222574226668, -25.62529294843109540, -0.1000000000000002554 ) ) ;
#156 = CARTESIAN_POINT ( 'NONE',  ( 17.53503777425774146, -26.97129294843108482, -4.000000000000000000 ) ) ;
#157 = EDGE_CURVE ( 'NONE', #2375, #2359, #2061, .T. ) ;
#158 = FACE_OUTER_BOUND ( 'NONE', #488, .T. ) ;
#159 = AXIS2_PLACEMENT_3D ( 'NONE', #616, #3466, #637 ) ;
#160 = CIRCLE ( 'NONE', #1933, 2.749999999999995559 ) ;
#161 = VERTEX_POINT ( 'NONE', #2613 ) ;
#162 = DIRECTION ( 'NONE',  ( 1.000000000000000000, 0.000000000000000000, 0.000000000000000000 ) ) ;
#163 = ORIENTED_EDGE ( 'NONE', *, *, #1083, .F. ) ;
#164 = CARTESIAN_POINT ( 'NONE',  ( -17.96496222574226564, 30.02870705156890097, -4.000000000000000000 ) ) ;
#165 = DIRECTION ( 'NONE',  ( 1.000000000000000000, 0.000000000000000000, 0.000000000000000000 ) ) ;
#166 = ORIENTED_EDGE ( 'NONE', *, *, #2285, .T. ) ;
#167 = PLANE ( 'NONE',  #1707 ) ;
#168 = EDGE_CURVE ( 'NONE', #915, #987, #2383, .T. ) ;
#169 = DIRECTION ( 'NONE',  ( -1.000000000000000000, 0.000000000000000000, 0.000000000000000000 ) ) ;
#170 = ORIENTED_EDGE ( 'NONE', *, *, #3983, .T. ) ;
#171 = CARTESIAN_POINT ( 'NONE',  ( 9.710935302704854166, -22.11161202698745853, -4.001000000000001222 ) ) ;
#172 = CARTESIAN_POINT ( 'NONE',  ( 15.78503777425775390, -19.72129294843107417, 3.292323440001584611 ) ) ;
#173 = EDGE_CURVE ( 'NONE', #1647, #2804, #1006, .T. ) ;
#174 = DIRECTION ( 'NONE',  ( 1.949127501097536200E-16, -1.000000000000000000, 0.000000000000000000 ) ) ;
#175 = DIRECTION ( 'NONE',  ( 0.000000000000000000, 0.000000000000000000, -1.000000000000000000 ) ) ;
#176 = DIRECTION ( 'NONE',  ( 0.000000000000000000, 0.000000000000000000, -1.000000000000000000 ) ) ;
#177 = EDGE_CURVE ( 'NONE', #2804, #2462, #1080, .T. ) ;
#178 = ORIENTED_EDGE ( 'NONE', *, *, #1317, .T. ) ;
#179 = CARTESIAN_POINT ( 'NONE',  ( 13.45303777425773539, -25.62529294843109540, 1.699999999999999289 ) ) ;
#180 = VERTEX_POINT ( 'NONE', #3581 ) ;
#181 = DIRECTION ( 'NONE',  ( 0.000000000000000000, -0.7071067811865376918, 0.7071067811865574537 ) ) ;
#182 = DIRECTION ( 'NONE',  ( 0.000000000000000000, -0.000000000000000000, -1.000000000000000000 ) ) ;
#183 = ORIENTED_EDGE ( 'NONE', *, *, #2787, .F. ) ;
#184 = FACE_OUTER_BOUND ( 'NONE', #2902, .T. ) ;
#185 = ORIENTED_EDGE ( 'NONE', *, *, #1400, .F. ) ;
#186 = EDGE_CURVE ( 'NONE', #1916, #3319, #4019, .T. ) ;
#187 = ORIENTED_EDGE ( 'NONE', *, *, #2031, .T. ) ;
#188 = CARTESIAN_POINT ( 'NONE',  ( 18.03503777425769883, 22.52870705156892583, 5.000000000000001776 ) ) ;
#189 = FACE_OUTER_BOUND ( 'NONE', #2096, .T. ) ;
#190 = AXIS2_PLACEMENT_3D ( 'NONE', #4055, #1576, #1246 ) ;
#191 = ORIENTED_EDGE ( 'NONE', *, *, #2385, .F. ) ;
#192 = CARTESIAN_POINT ( 'NONE',  ( 10.45303777425773362, -25.62529294843109540, 8.499999999999998224 ) ) ;
#193 = CYLINDRICAL_SURFACE ( 'NONE', #3004, 1.500000000000001332 ) ;
#194 = EDGE_CURVE ( 'NONE', #106, #3052, #1136, .T. ) ;
#195 = LINE ( 'NONE', #1141, #791 ) ;
#196 = EDGE_CURVE ( 'NONE', #86, #3275, #3189, .T. ) ;
#197 = VERTEX_POINT ( 'NONE', #3800 ) ;
#198 = FACE_BOUND ( 'NONE', #1282, .T. ) ;
#199 = VERTEX_POINT ( 'NONE', #2575 ) ;
#200 = CARTESIAN_POINT ( 'NONE',  ( 15.78503777425775390, -25.22129294843106706, -4.002000000000000668 ) ) ;
#201 = LINE ( 'NONE', #3001, #471 ) ;
#202 = EDGE_CURVE ( 'NONE', #2569, #2080, #684, .T. ) ;
#203 = AXIS2_PLACEMENT_3D ( 'NONE', #2782, #1502, #4035 ) ;
#204 = ORIENTED_EDGE ( 'NONE', *, *, #3602, .T. ) ;
#205 = EDGE_LOOP ( 'NONE', ( #2088, #1792, #652, #264 ) ) ;
#206 = CYLINDRICAL_SURFACE ( 'NONE', #472, 1.000000000000000888 ) ;
#207 = AXIS2_PLACEMENT_3D ( 'NONE', #1287, #2253, #1618 ) ;
#208 = EDGE_CURVE ( 'NONE', #1260, #1931, #1327, .T. ) ;
#209 = AXIS2_PLACEMENT_3D ( 'NONE', #1225, #2469, #1041 ) ;
#210 = ORIENTED_EDGE ( 'NONE', *, *, #134, .T. ) ;
#211 = FACE_OUTER_BOUND ( 'NONE', #2267, .T. ) ;
#212 = LINE ( 'NONE', #2690, #1007 ) ;
#213 = PRODUCT ( 'Top_Enclosure', 'Top_Enclosure', '', ( #3228 ) ) ;
#214 = AXIS2_PLACEMENT_3D ( 'NONE', #2732, #3618, #2365 ) ;
#215 = EDGE_LOOP ( 'NONE', ( #2181, #3968, #3252, #528 ) ) ;
#216 = LINE ( 'NONE', #2349, #672 ) ;
#217 = FACE_OUTER_BOUND ( 'NONE', #3988, .T. ) ;
#218 = CARTESIAN_POINT ( 'NONE',  ( 15.78503777425770060, 22.52870705156892583, 5.000000000000001776 ) ) ;
#219 = EDGE_CURVE ( 'NONE', #1879, #3135, #3518, .T. ) ;
#220 = CIRCLE ( 'NONE', #2505, 3.000000000000000888 ) ;
#221 = ORIENTED_EDGE ( 'NONE', *, *, #2639, .T. ) ;
#222 = DIRECTION ( 'NONE',  ( 0.000000000000000000, -0.000000000000000000, -1.000000000000000000 ) ) ;
#223 = VERTEX_POINT ( 'NONE', #404 ) ;
#224 = DIRECTION ( 'NONE',  ( -0.000000000000000000, -0.000000000000000000, 1.000000000000000000 ) ) ;
#225 = VECTOR ( 'NONE', #3209, 1000.000000000000000 ) ;
#226 = DIRECTION ( 'NONE',  ( 1.000000000000000000, 0.000000000000000000, 0.000000000000000000 ) ) ;
#227 = CIRCLE ( 'NONE', #2647, 1.074999999999999512 ) ;
#228 = EDGE_LOOP ( 'NONE', ( #1516, #170, #3558, #1692 ) ) ;
#229 = ORIENTED_EDGE ( 'NONE', *, *, #971, .T. ) ;
#230 = CARTESIAN_POINT ( 'NONE',  ( -16.21496222574226564, -22.47129294843110969, 5.000000000000001776 ) ) ;
#231 = EDGE_CURVE ( 'NONE', #448, #2975, #2594, .T. ) ;
#232 = ORIENTED_EDGE ( 'NONE', *, *, #944, .T. ) ;
#233 = EDGE_CURVE ( 'NONE', #2301, #1424, #3537, .T. ) ;
#234 = EDGE_LOOP ( 'NONE', ( #3898, #2722, #3224, #2951 ) ) ;
#235 = LINE ( 'NONE', #171, #1587 ) ;
#236 = ORIENTED_EDGE ( 'NONE', *, *, #1990, .F. ) ;
#237 = FACE_OUTER_BOUND ( 'NONE', #1370, .T. ) ;
#238 = CARTESIAN_POINT ( 'NONE',  ( 7.453037774257734505, 25.68270705156890443, 1.699999999999999289 ) ) ;
#239 = DIRECTION ( 'NONE',  ( -1.000000000000000000, 0.000000000000000000, 0.000000000000000000 ) ) ;
#240 = EDGE_LOOP ( 'NONE', ( #3504, #409, #1185, #3773 ) ) ;
#241 = CARTESIAN_POINT ( 'NONE',  ( -16.96496222574225854, -18.72129294843107417, 8.499999999999998224 ) ) ;
#242 = ORIENTED_EDGE ( 'NONE', *, *, #3316, .F. ) ;
#243 = ADVANCED_FACE ( 'NONE', ( #237 ), #3331, .F. ) ;
#244 = DIRECTION ( 'NONE',  ( 0.000000000000000000, 0.000000000000000000, -1.000000000000000000 ) ) ;
#245 = CARTESIAN_POINT ( 'NONE',  ( -19.46496222574226209, -28.47129294843108482, -4.000000000000000000 ) ) ;
#246 = ORIENTED_EDGE ( 'NONE', *, *, #3282, .T. ) ;
#247 = DIRECTION ( 'NONE',  ( -0.000000000000000000, -0.000000000000000000, 1.000000000000000000 ) ) ;
#248 = ORIENTED_EDGE ( 'NONE', *, *, #2055, .T. ) ;
#249 = DIRECTION ( 'NONE',  ( 1.000000000000000000, 0.000000000000000000, 0.000000000000000000 ) ) ;
#250 = AXIS2_PLACEMENT_3D ( 'NONE', #999, #3233, #2882 ) ;
#251 = EDGE_CURVE ( 'NONE', #1228, #1164, #1072, .T. ) ;
#252 = ADVANCED_FACE ( 'NONE', ( #484 ), #1743, .F. ) ;
#253 = CARTESIAN_POINT ( 'NONE',  ( 15.78503777425773613, -22.47129294843107417, 3.292323440001584611 ) ) ;
#254 = ORIENTED_EDGE ( 'NONE', *, *, #2473, .F. ) ;
#255 = DIRECTION ( 'NONE',  ( 0.000000000000000000, 0.000000000000000000, 1.000000000000000000 ) ) ;
#256 = VECTOR ( 'NONE', #3787, 1000.000000000000000 ) ;
#257 = AXIS2_PLACEMENT_3D ( 'NONE', #1229, #958, #3102 ) ;
#258 = CARTESIAN_POINT ( 'NONE',  ( -11.83179519312905370, 28.52870705156890097, 3.292323440001584611 ) ) ;
#259 = VERTEX_POINT ( 'NONE', #2107 ) ;
#260 = EDGE_LOOP ( 'NONE', ( #460, #2688, #619, #7, #1030, #3959, #934, #2718 ) ) ;
#261 = DIRECTION ( 'NONE',  ( 0.000000000000000000, 0.000000000000000000, 1.000000000000000000 ) ) ;
#262 = LINE ( 'NONE', #2760, #1063 ) ;
#263 = ADVANCED_FACE ( 'NONE', ( #2392, #2369 ), #1472, .T. ) ;
#264 = ORIENTED_EDGE ( 'NONE', *, *, #2439, .F. ) ;
#265 = CARTESIAN_POINT ( 'NONE',  ( -16.46496222574226920, 30.02870705156890097, -4.000000000000000000 ) ) ;
#266 = EDGE_LOOP ( 'NONE', ( #1957, #1503, #1696, #2534 ) ) ;
#267 = DIRECTION ( 'NONE',  ( 0.000000000000000000, 0.000000000000000000, 1.000000000000000000 ) ) ;
#268 = VECTOR ( 'NONE', #3296, 1000.000000000000000 ) ;
#269 = DIRECTION ( 'NONE',  ( 1.000000000000000000, 0.000000000000000000, 0.000000000000000000 ) ) ;
#270 = CIRCLE ( 'NONE', #1650, 2.249999999999998668 ) ;
#271 = VECTOR ( 'NONE', #3461, 1000.000000000000000 ) ;
#272 = EDGE_LOOP ( 'NONE', ( #2889, #2824, #392, #1817, #819, #3050, #1929, #2522 ) ) ;
#273 = CARTESIAN_POINT ( 'NONE',  ( -16.21496222574226564, -22.47129294843110969, 5.000000000000001776 ) ) ;
#274 = VECTOR ( 'NONE', #3802, 1000.000000000000000 ) ;
#275 = CARTESIAN_POINT ( 'NONE',  ( 13.45303777425773539, -25.62529294843109540, 1.699999999999999289 ) ) ;
#276 = AXIS2_PLACEMENT_3D ( 'NONE', #2903, #88, #1346 ) ;
#277 = DIRECTION ( 'NONE',  ( 1.000000000000000000, 0.000000000000000000, 0.000000000000000000 ) ) ;
#278 = ORIENTED_EDGE ( 'NONE', *, *, #1878, .T. ) ;
#279 = CARTESIAN_POINT ( 'NONE',  ( 10.45303777425773362, -25.62529294843109540, 1.699999999999999289 ) ) ;
#280 = CARTESIAN_POINT ( 'NONE',  ( 17.53503777425774146, -26.22129294843107061, 3.292323440001584611 ) ) ;
#281 = DIRECTION ( 'NONE',  ( 1.000000000000000000, 0.000000000000000000, 0.000000000000000000 ) ) ;
#282 = DIRECTION ( 'NONE',  ( 1.000000000000000000, 0.000000000000000000, 0.000000000000000000 ) ) ;
#283 = ORIENTED_EDGE ( 'NONE', *, *, #1177, .T. ) ;
#284 = AXIS2_PLACEMENT_3D ( 'NONE', #3498, #2906, #461 ) ;
#285 = CYLINDRICAL_SURFACE ( 'NONE', #2486, 2.249999999999998668 ) ;
#286 = ORIENTED_EDGE ( 'NONE', *, *, #2215, .F. ) ;
#287 = FACE_OUTER_BOUND ( 'NONE', #465, .T. ) ;
#288 = DIRECTION ( 'NONE',  ( -0.000000000000000000, -0.000000000000000000, 1.000000000000000000 ) ) ;
#289 = VECTOR ( 'NONE', #3059, 1000.000000000000000 ) ;
#290 = FACE_OUTER_BOUND ( 'NONE', #1978, .T. ) ;
#291 = EDGE_CURVE ( 'NONE', #3125, #4011, #216, .T. ) ;
#292 = PRODUCT_DEFINITION_CONTEXT ( 'detailed design', #1324, 'design' ) ;
#293 = ORIENTED_EDGE ( 'NONE', *, *, #2849, .F. ) ;
#294 = LINE ( 'NONE', #4006, #1731 ) ;
#295 = DIRECTION ( 'NONE',  ( 1.000000000000000000, 0.000000000000000000, 0.000000000000000000 ) ) ;
#296 = CIRCLE ( 'NONE', #1418, 1.074999999999999512 ) ;
#297 = EDGE_CURVE ( 'NONE', #1066, #3956, #2407, .T. ) ;
#298 = DIRECTION ( 'NONE',  ( -0.000000000000000000, -0.000000000000000000, 1.000000000000000000 ) ) ;
#299 = ORIENTED_EDGE ( 'NONE', *, *, #177, .T. ) ;
#300 = DIRECTION ( 'NONE',  ( 0.000000000000000000, 0.000000000000000000, 1.000000000000000000 ) ) ;
#301 = DIRECTION ( 'NONE',  ( -0.000000000000000000, -0.000000000000000000, 1.000000000000000000 ) ) ;
#302 = DIRECTION ( 'NONE',  ( -0.000000000000000000, 1.000000000000000000, 0.000000000000000000 ) ) ;
#303 = EDGE_LOOP ( 'NONE', ( #1419, #2216, #2844, #3070 ) ) ;
#304 = DIRECTION ( 'NONE',  ( -1.000000000000000000, 0.000000000000000000, 0.000000000000000000 ) ) ;
#305 = ORIENTED_EDGE ( 'NONE', *, *, #3528, .F. ) ;
#306 = CARTESIAN_POINT ( 'NONE',  ( -19.46496222574226209, -28.47129294843108482, 3.292323440001584611 ) ) ;
#307 = DIRECTION ( 'NONE',  ( 0.000000000000000000, 0.000000000000000000, -1.000000000000000000 ) ) ;
#308 = CIRCLE ( 'NONE', #3591, 3.000000000000000000 ) ;
#309 = CYLINDRICAL_SURFACE ( 'NONE', #337, 2.749999999999995559 ) ;
#310 = EDGE_CURVE ( 'NONE', #2428, #1775, #2992, .T. ) ;
#311 = ORIENTED_EDGE ( 'NONE', *, *, #2922, .T. ) ;
#312 = CYLINDRICAL_SURFACE ( 'NONE', #2437, 1.499999999999999556 ) ;
#313 = DIRECTION ( 'NONE',  ( -0.000000000000000000, -0.000000000000000000, 1.000000000000000000 ) ) ;
#314 = DIRECTION ( 'NONE',  ( -0.000000000000000000, -0.000000000000000000, 1.000000000000000000 ) ) ;
#315 = ORIENTED_EDGE ( 'NONE', *, *, #3043, .F. ) ;
#316 = ADVANCED_FACE ( 'NONE', ( #833, #3640 ), #870, .T. ) ;
#317 = VERTEX_POINT ( 'NONE', #815 ) ;
#318 = DIRECTION ( 'NONE',  ( -1.000000000000000000, 0.000000000000000000, 0.000000000000000000 ) ) ;
#319 = CARTESIAN_POINT ( 'NONE',  ( 9.696421766834003364, 19.84070686846390430, 9.999999999999998224 ) ) ;
#320 = EDGE_CURVE ( 'NONE', #501, #3713, #1780, .T. ) ;
#321 = EDGE_LOOP ( 'NONE', ( #3676, #988, #1357, #2750 ) ) ;
#322 = DIRECTION ( 'NONE',  ( 0.000000000000000000, 0.000000000000000000, 1.000000000000000000 ) ) ;
#323 = EDGE_LOOP ( 'NONE', ( #1145, #3213, #2313, #1121 ) ) ;
#324 = FACE_BOUND ( 'NONE', #3817, .T. ) ;
#325 = PLANE ( 'NONE',  #1471 ) ;
#326 = EDGE_CURVE ( 'NONE', #1164, #317, #15, .T. ) ;
#327 = CARTESIAN_POINT ( 'NONE',  ( -17.96496222574226564, 27.02870705156890097, -4.000000000000000000 ) ) ;
#328 = CARTESIAN_POINT ( 'NONE',  ( -16.96496222574226564, 19.77870705156889031, -4.002000000000000668 ) ) ;
#329 = CIRCLE ( 'NONE', #860, 2.999999999999999112 ) ;
#330 = DIRECTION ( 'NONE',  ( 0.000000000000000000, -1.000000000000000000, 0.000000000000000000 ) ) ;
#331 = ORIENTED_EDGE ( 'NONE', *, *, #1745, .T. ) ;
#332 = DIRECTION ( 'NONE',  ( 1.000000000000000000, 0.000000000000000000, 0.000000000000000000 ) ) ;
#333 = CARTESIAN_POINT ( 'NONE',  ( 16.53503777425773436, 25.27870705156888320, 3.292323440001584611 ) ) ;
#334 = CARTESIAN_POINT ( 'NONE',  ( 0.000000000000000000, 0.000000000000000000, 0.000000000000000000 ) ) ;
#335 = AXIS2_PLACEMENT_3D ( 'NONE', #1438, #2398, #859 ) ;
#336 = ORIENTED_EDGE ( 'NONE', *, *, #1881, .F. ) ;
#337 = AXIS2_PLACEMENT_3D ( 'NONE', #945, #1506, #3443 ) ;
#338 = ORIENTED_EDGE ( 'NONE', *, *, #1050, .F. ) ;
#339 = DIRECTION ( 'NONE',  ( -0.000000000000000000, -0.000000000000000000, 1.000000000000000000 ) ) ;
#340 = DIRECTION ( 'NONE',  ( 0.000000000000000000, -1.000000000000000000, 0.000000000000000000 ) ) ;
#341 = ADVANCED_FACE ( 'NONE', ( #503 ), #3032, .F. ) ;
#342 = VECTOR ( 'NONE', #3204, 1000.000000000000000 ) ;
#343 = EDGE_LOOP ( 'NONE', ( #2876, #2413, #3198, #3471 ) ) ;
#344 = DIRECTION ( 'NONE',  ( 0.000000000000000000, 0.000000000000000000, 1.000000000000000000 ) ) ;
#345 = VERTEX_POINT ( 'NONE', #2672 ) ;
#346 = DIRECTION ( 'NONE',  ( -0.000000000000000000, -0.000000000000000000, 1.000000000000000000 ) ) ;
#347 = DIRECTION ( 'NONE',  ( -0.000000000000000000, 0.000000000000000000, 1.000000000000000000 ) ) ;
#348 = EDGE_CURVE ( 'NONE', #490, #1572, #2719, .T. ) ;
#349 = CIRCLE ( 'NONE', #3106, 2.999999999999999112 ) ;
#350 = FACE_OUTER_BOUND ( 'NONE', #3343, .T. ) ;
#351 = AXIS2_PLACEMENT_3D ( 'NONE', #1664, #3571, #1028 ) ;
#352 = EDGE_CURVE ( 'NONE', #456, #2616, #551, .T. ) ;
#353 = CARTESIAN_POINT ( 'NONE',  ( 11.52803777425773468, -25.62529294843109540, 1.699999999999999289 ) ) ;
#354 = ORIENTED_EDGE ( 'NONE', *, *, #104, .T. ) ;
#355 = VERTEX_POINT ( 'NONE', #2126 ) ;
#356 = DIRECTION ( 'NONE',  ( 1.000000000000000000, 0.000000000000000000, 0.000000000000000000 ) ) ;
#357 = DIRECTION ( 'NONE',  ( -0.000000000000000000, -0.000000000000000000, 1.000000000000000000 ) ) ;
#358 = AXIS2_PLACEMENT_3D ( 'NONE', #279, #1884, #856 ) ;
#359 = FACE_OUTER_BOUND ( 'NONE', #3266, .T. ) ;
#360 = ORIENTED_EDGE ( 'NONE', *, *, #1458, .T. ) ;
#361 = AXIS2_PLACEMENT_3D ( 'NONE', #1999, #2937, #2322 ) ;
#362 = FACE_OUTER_BOUND ( 'NONE', #1318, .T. ) ;
#363 = DIRECTION ( 'NONE',  ( 0.000000000000000000, -1.000000000000000000, 0.000000000000000000 ) ) ;
#364 = PLANE ( 'NONE',  #73 ) ;
#365 = ADVANCED_FACE ( 'NONE', ( #3368 ), #2656, .F. ) ;
#366 = EDGE_LOOP ( 'NONE', ( #1660, #2961, #2435, #1898 ) ) ;
#367 = DIRECTION ( 'NONE',  ( -0.000000000000000000, -0.000000000000000000, -1.000000000000000000 ) ) ;
#368 = ORIENTED_EDGE ( 'NONE', *, *, #2124, .F. ) ;
#369 = CARTESIAN_POINT ( 'NONE',  ( 9.710935302704847061, 13.48838797301253933, 9.999999999999998224 ) ) ;
#370 = DIRECTION ( 'NONE',  ( -1.000000000000000000, 0.000000000000000000, 0.000000000000000000 ) ) ;
#371 = ORIENTED_EDGE ( 'NONE', *, *, #664, .F. ) ;
#372 = ADVANCED_FACE ( 'NONE', ( #788 ), #2045, .F. ) ;
#373 = DIRECTION ( 'NONE',  ( -0.000000000000000000, -0.000000000000000000, 1.000000000000000000 ) ) ;
#374 = AXIS2_PLACEMENT_3D ( 'NONE', #3831, #1994, #412 ) ;
#375 = CARTESIAN_POINT ( 'NONE',  ( 18.53503777425775567, 27.02870705156891162, 9.999999999999998224 ) ) ;
#376 = ORIENTED_EDGE ( 'NONE', *, *, #683, .F. ) ;
#377 = EDGE_LOOP ( 'NONE', ( #824, #1771, #1613, #3914 ) ) ;
#378 = FACE_OUTER_BOUND ( 'NONE', #260, .T. ) ;
#379 = CARTESIAN_POINT ( 'NONE',  ( -16.46496222574226920, 27.02870705156890097, 9.999999999999998224 ) ) ;
#380 = EDGE_CURVE ( 'NONE', #950, #1775, #3088, .T. ) ;
#381 = ORIENTED_EDGE ( 'NONE', *, *, #2967, .F. ) ;
#382 = DIRECTION ( 'NONE',  ( 0.000000000000000000, -0.000000000000000000, -1.000000000000000000 ) ) ;
#383 = LINE ( 'NONE', #1986, #2531 ) ;
#384 = ADVANCED_FACE ( 'NONE', ( #1279 ), #3403, .F. ) ;
#385 = DIRECTION ( 'NONE',  ( -0.000000000000000000, -0.000000000000000000, 1.000000000000000000 ) ) ;
#386 = ADVANCED_FACE ( 'NONE', ( #3755 ), #312, .F. ) ;
#387 = ORIENTED_EDGE ( 'NONE', *, *, #1560, .F. ) ;
#388 = FACE_OUTER_BOUND ( 'NONE', #2330, .T. ) ;
#389 = ORIENTED_EDGE ( 'NONE', *, *, #3400, .T. ) ;
#390 = LINE ( 'NONE', #2643, #2210 ) ;
#391 = LINE ( 'NONE', #2585, #2838 ) ;
#392 = ORIENTED_EDGE ( 'NONE', *, *, #2928, .T. ) ;
#393 = CARTESIAN_POINT ( 'NONE',  ( -13.96496222574229762, 22.52870705156889031, 9.999999999999998224 ) ) ;
#394 = CARTESIAN_POINT ( 'NONE',  ( -17.96496222574226564, 26.27870705156888320, -4.000000000000000000 ) ) ;
#395 = VECTOR ( 'NONE', #105, 1000.000000000000000 ) ;
#396 = ADVANCED_FACE ( 'NONE', ( #2177 ), #3775, .T. ) ;
#397 = DIRECTION ( 'NONE',  ( 0.000000000000000000, 0.000000000000000000, 1.000000000000000000 ) ) ;
#398 = ORIENTED_EDGE ( 'NONE', *, *, #4017, .F. ) ;
#399 = ORIENTED_EDGE ( 'NONE', *, *, #3696, .F. ) ;
#400 = DIRECTION ( 'NONE',  ( 0.000000000000000000, 0.000000000000000000, 1.000000000000000000 ) ) ;
#401 = CARTESIAN_POINT ( 'NONE',  ( -1.987927293224997172, 19.84070686846390430, 9.999999999999998224 ) ) ;
#402 = AXIS2_PLACEMENT_3D ( 'NONE', #2206, #1244, #3456 ) ;
#403 = ORIENTED_EDGE ( 'NONE', *, *, #2674, .F. ) ;
#404 = CARTESIAN_POINT ( 'NONE',  ( -16.96496222574226920, 25.27870705156888320, 8.499999999999998224 ) ) ;
#405 = AXIS2_PLACEMENT_3D ( 'NONE', #3733, #2837, #277 ) ;
#406 = CARTESIAN_POINT ( 'NONE',  ( -7.714959791634053765, -11.83278339979662874, 6.892323440001584700 ) ) ;
#407 = CARTESIAN_POINT ( 'NONE',  ( -16.21496222574226564, -22.47129294843110969, -4.002000000000000668 ) ) ;
#408 = CIRCLE ( 'NONE', #4063, 2.749999999999995559 ) ;
#409 = ORIENTED_EDGE ( 'NONE', *, *, #2519, .F. ) ;
#410 = CARTESIAN_POINT ( 'NONE',  ( 14.28503777425770060, 22.52870705156892583, 3.292323440001584611 ) ) ;
#411 = EDGE_LOOP ( 'NONE', ( #248, #3636, #3542, #430 ) ) ;
#412 = DIRECTION ( 'NONE',  ( 1.000000000000000000, 0.000000000000000000, 0.000000000000000000 ) ) ;
#413 = CARTESIAN_POINT ( 'NONE',  ( -10.66696076089826661, 17.28171028643190610, -4.001000000000001222 ) ) ;
#414 = VECTOR ( 'NONE', #1739, 1000.000000000000000 ) ;
#415 = EDGE_LOOP ( 'NONE', ( #687, #3215, #41, #708 ) ) ;
#416 = LINE ( 'NONE', #1070, #682 ) ;
#417 = DIRECTION ( 'NONE',  ( 1.000000000000000000, 0.000000000000000000, 0.000000000000000000 ) ) ;
#418 = ADVANCED_FACE ( 'NONE', ( #2196 ), #3383, .F. ) ;
#419 = ORIENTED_EDGE ( 'NONE', *, *, #3648, .F. ) ;
#420 = DIRECTION ( 'NONE',  ( 1.000000000000000000, 0.000000000000000000, 0.000000000000000000 ) ) ;
#421 = CARTESIAN_POINT ( 'NONE',  ( -10.88296222574226668, 25.68270705156890443, 1.699999999999999289 ) ) ;
#422 = AXIS2_PLACEMENT_3D ( 'NONE', #1777, #2366, #1112 ) ;
#423 = ORIENTED_EDGE ( 'NONE', *, *, #3325, .F. ) ;
#424 = LINE ( 'NONE', #1677, #2123 ) ;
#425 = DIRECTION ( 'NONE',  ( 0.000000000000000000, 0.000000000000000000, -1.000000000000000000 ) ) ;
#426 = DIRECTION ( 'NONE',  ( 0.000000000000000000, -0.000000000000000000, -1.000000000000000000 ) ) ;
#427 = EDGE_CURVE ( 'NONE', #4026, #975, #595, .T. ) ;
#428 = VERTEX_POINT ( 'NONE', #2833 ) ;
#429 = CARTESIAN_POINT ( 'NONE',  ( 16.03503777425773791, -26.97129294843108838, 3.292323440001584611 ) ) ;
#430 = ORIENTED_EDGE ( 'NONE', *, *, #519, .F. ) ;
#431 = CARTESIAN_POINT ( 'NONE',  ( -12.64106361317945293, -22.11161202698745498, 8.499999999999998224 ) ) ;
#432 = DIRECTION ( 'NONE',  ( 1.000000000000000000, 0.000000000000000000, 0.000000000000000000 ) ) ;
#433 = ORIENTED_EDGE ( 'NONE', *, *, #1062, .F. ) ;
#434 = DIRECTION ( 'NONE',  ( -0.000000000000000000, -0.000000000000000000, 1.000000000000000000 ) ) ;
#435 = DIRECTION ( 'NONE',  ( 0.000000000000000000, 0.000000000000000000, -1.000000000000000000 ) ) ;
#436 = EDGE_LOOP ( 'NONE', ( #2222, #446, #3426, #564 ) ) ;
#437 = ORIENTED_EDGE ( 'NONE', *, *, #23, .T. ) ;
#438 = DIRECTION ( 'NONE',  ( -0.000000000000000000, -0.000000000000000000, 1.000000000000000000 ) ) ;
#439 = CARTESIAN_POINT ( 'NONE',  ( -12.64106361317946003, 13.48838797301254111, 8.499999999999998224 ) ) ;
#440 = ORIENTED_EDGE ( 'NONE', *, *, #1489, .F. ) ;
#441 = DIRECTION ( 'NONE',  ( -1.156482317317871971E-16, 1.000000000000000000, -0.000000000000000000 ) ) ;
#442 = AXIS2_PLACEMENT_3D ( 'NONE', #912, #301, #1552 ) ;
#443 = DIRECTION ( 'NONE',  ( 0.000000000000000000, -0.7071067811865376918, -0.7071067811865574537 ) ) ;
#444 = LINE ( 'NONE', #2926, #3937 ) ;
#445 = ADVANCED_FACE ( 'NONE', ( #1880 ), #1918, .T. ) ;
#446 = ORIENTED_EDGE ( 'NONE', *, *, #985, .T. ) ;
#447 = CARTESIAN_POINT ( 'NONE',  ( 16.03503777425773791, -29.47129294843110614, 9.999999999999998224 ) ) ;
#448 = VERTEX_POINT ( 'NONE', #1565 ) ;
#449 = DIRECTION ( 'NONE',  ( -1.156482317317871971E-16, 1.000000000000000000, -0.000000000000000000 ) ) ;
#450 = DIRECTION ( 'NONE',  ( -1.000000000000000000, 0.000000000000000000, 0.000000000000000000 ) ) ;
#451 = ORIENTED_EDGE ( 'NONE', *, *, #2086, .T. ) ;
#452 = CYLINDRICAL_SURFACE ( 'NONE', #886, 1.000000000000000888 ) ;
#453 = VECTOR ( 'NONE', #2784, 1000.000000000000000 ) ;
#454 = EDGE_CURVE ( 'NONE', #3956, #932, #1862, .T. ) ;
#455 = DIRECTION ( 'NONE',  ( 1.000000000000000000, 0.000000000000000000, 0.000000000000000000 ) ) ;
#456 = VERTEX_POINT ( 'NONE', #2809 ) ;
#457 = CARTESIAN_POINT ( 'NONE',  ( 15.78503777425775390, -25.22129294843106706, 3.292323440001584611 ) ) ;
#458 = CYLINDRICAL_SURFACE ( 'NONE', #1801, 1.500000000000001332 ) ;
#459 = AXIS2_PLACEMENT_3D ( 'NONE', #965, #3699, #2214 ) ;
#460 = ORIENTED_EDGE ( 'NONE', *, *, #2129, .F. ) ;
#461 = DIRECTION ( 'NONE',  ( -1.000000000000000000, 0.000000000000000000, 0.000000000000000000 ) ) ;
#462 = LINE ( 'NONE', #1744, #3847 ) ;
#463 = CARTESIAN_POINT ( 'NONE',  ( 7.285040208365946235, -11.83278339979662874, 6.892323440001584700 ) ) ;
#464 = AXIS2_PLACEMENT_3D ( 'NONE', #1749, #2998, #1420 ) ;
#465 = EDGE_LOOP ( 'NONE', ( #3194, #1217, #2070, #1838, #1143, #1288, #1787, #2044, #3183, #4005, #1307, #2228, #1001, #1704, #3721, #2254, #3372, #473, #3367, #3031, #3057, #2119, #1461, #2422, #2798, #3240, #166, #1768, #3129, #1797, #3588, #229, #4047, #3856, #2074, #2655, #3653, #1693, #3192, #1550, #3799, #221, #62, #2387, #857, #3892, #2703, #1540, #389, #1619, #3398, #3793, #3163, #2682 ) ) ;
#466 = CARTESIAN_POINT ( 'NONE',  ( 17.28503777425770238, 22.52870705156892583, 3.292323440001584611 ) ) ;
#467 = ORIENTED_EDGE ( 'NONE', *, *, #1953, .T. ) ;
#468 = EDGE_CURVE ( 'NONE', #2804, #2111, #4060, .T. ) ;
#469 = FACE_OUTER_BOUND ( 'NONE', #436, .T. ) ;
#470 = DIRECTION ( 'NONE',  ( 0.000000000000000000, 0.000000000000000000, -1.000000000000000000 ) ) ;
#471 = VECTOR ( 'NONE', #2680, 1000.000000000000000 ) ;
#472 = AXIS2_PLACEMENT_3D ( 'NONE', #2708, #845, #1107 ) ;
#473 = ORIENTED_EDGE ( 'NONE', *, *, #177, .F. ) ;
#474 = CIRCLE ( 'NONE', #3097, 1.000000000000000888 ) ;
#475 = CARTESIAN_POINT ( 'NONE',  ( -16.21496222574226564, -22.47129294843110969, 9.999999999999998224 ) ) ;
#476 = EDGE_CURVE ( 'NONE', #27, #1396, #2141, .T. ) ;
#477 = PLANE ( 'NONE',  #2105 ) ;
#478 = EDGE_LOOP ( 'NONE', ( #719, #3154, #653, #3700 ) ) ;
#479 = DIRECTION ( 'NONE',  ( 0.000000000000000000, 0.000000000000000000, -1.000000000000000000 ) ) ;
#480 = CARTESIAN_POINT ( 'NONE',  ( -17.96496222574226564, 30.02870705156890097, 3.292323440001584611 ) ) ;
#481 = EDGE_CURVE ( 'NONE', #180, #1627, #2504, .T. ) ;
#482 = VECTOR ( 'NONE', #2970, 1000.000000000000000 ) ;
#483 = AXIS2_PLACEMENT_3D ( 'NONE', #64, #3166, #1673 ) ;
#484 = FACE_OUTER_BOUND ( 'NONE', #303, .T. ) ;
#485 = CARTESIAN_POINT ( 'NONE',  ( 9.378037774257734327, -25.62529294843109540, -0.1000000000000002554 ) ) ;
#486 = LINE ( 'NONE', #2049, #1451 ) ;
#487 = CIRCLE ( 'NONE', #1012, 3.000000000000000000 ) ;
#488 = EDGE_LOOP ( 'NONE', ( #2353, #1478, #1360, #305 ) ) ;
#489 = LINE ( 'NONE', #3015, #2892 ) ;
#490 = VERTEX_POINT ( 'NONE', #1899 ) ;
#491 = CARTESIAN_POINT ( 'NONE',  ( -16.21496222574229407, 19.77870705156889031, 3.292323440001584611 ) ) ;
#492 = FACE_OUTER_BOUND ( 'NONE', #1103, .T. ) ;
#493 = VERTEX_POINT ( 'NONE', #2751 ) ;
#494 = LINE ( 'NONE', #2120, #800 ) ;
#495 = DIRECTION ( 'NONE',  ( -0.000000000000000000, -0.000000000000000000, 1.000000000000000000 ) ) ;
#496 = EDGE_CURVE ( 'NONE', #1154, #2428, #294, .T. ) ;
#497 = ORIENTED_EDGE ( 'NONE', *, *, #2002, .T. ) ;
#498 = CARTESIAN_POINT ( 'NONE',  ( 10.45303777425773362, 25.68270705156890443, 1.699999999999999289 ) ) ;
#499 = CARTESIAN_POINT ( 'NONE',  ( -11.83179519312907679, -28.47129294843108482, 1.699999999999999289 ) ) ;
#500 = EDGE_CURVE ( 'NONE', #3319, #68, #3698, .T. ) ;
#501 = VERTEX_POINT ( 'NONE', #1234 ) ;
#502 = VECTOR ( 'NONE', #449, 1000.000000000000000 ) ;
#503 = FACE_OUTER_BOUND ( 'NONE', #411, .T. ) ;
#504 = DIRECTION ( 'NONE',  ( -1.000000000000000000, 0.000000000000000000, 0.000000000000000000 ) ) ;
#505 = DIRECTION ( 'NONE',  ( 0.000000000000000000, 0.000000000000000000, 1.000000000000000000 ) ) ;
#506 = ADVANCED_FACE ( 'NONE', ( #576 ), #1839, .F. ) ;
#507 = VERTEX_POINT ( 'NONE', #2789 ) ;
#508 = CARTESIAN_POINT ( 'NONE',  ( 13.53503777425770238, 22.52870705156892583, 5.000000000000001776 ) ) ;
#509 = ORIENTED_EDGE ( 'NONE', *, *, #2233, .T. ) ;
#510 = CARTESIAN_POINT ( 'NONE',  ( 16.03503777425773791, 28.52870705156890807, -4.000000000000000000 ) ) ;
#511 = FACE_OUTER_BOUND ( 'NONE', #2911, .T. ) ;
#512 = VERTEX_POINT ( 'NONE', #2479 ) ;
#513 = ORIENTED_EDGE ( 'NONE', *, *, #3511, .T. ) ;
#514 = CARTESIAN_POINT ( 'NONE',  ( 9.710935302704847061, 13.48838797301253933, 8.499999999999998224 ) ) ;
#515 = ORIENTED_EDGE ( 'NONE', *, *, #94, .F. ) ;
#516 = EDGE_LOOP ( 'NONE', ( #3818, #3117 ) ) ;
#517 = CARTESIAN_POINT ( 'NONE',  ( 14.28503777425770060, 22.52870705156892583, 3.000000000000001776 ) ) ;
#518 = DIRECTION ( 'NONE',  ( 1.000000000000000000, 0.000000000000000000, 0.000000000000000000 ) ) ;
#519 = EDGE_CURVE ( 'NONE', #2502, #646, #1016, .T. ) ;
#520 = CIRCLE ( 'NONE', #257, 1.500000000000001332 ) ;
#521 = VERTEX_POINT ( 'NONE', #3884 ) ;
#522 = CARTESIAN_POINT ( 'NONE',  ( 10.45303777425773362, -25.62529294843109540, 8.499999999999998224 ) ) ;
#523 = CARTESIAN_POINT ( 'NONE',  ( -16.21496222574226564, -22.47129294843110969, 3.000000000000001776 ) ) ;
#524 = LINE ( 'NONE', #238, #2297 ) ;
#525 = AXIS2_PLACEMENT_3D ( 'NONE', #19, #3772, #2426 ) ;
#526 = EDGE_LOOP ( 'NONE', ( #2692, #1475, #3417, #577 ) ) ;
#527 = PLANE ( 'NONE',  #2558 ) ;
#528 = ORIENTED_EDGE ( 'NONE', *, *, #2933, .F. ) ;
#529 = CARTESIAN_POINT ( 'NONE',  ( 7.285040208365947123, -11.83278339979662874, 3.292323440001584611 ) ) ;
#530 = DIRECTION ( 'NONE',  ( 1.000000000000000000, 0.000000000000000000, 0.000000000000000000 ) ) ;
#531 = EDGE_CURVE ( 'NONE', #987, #915, #2243, .T. ) ;
#532 = CIRCLE ( 'NONE', #1118, 1.000000000000000888 ) ;
#533 = ORIENTED_EDGE ( 'NONE', *, *, #802, .T. ) ;
#534 = EDGE_LOOP ( 'NONE', ( #779, #311 ) ) ;
#535 = FACE_OUTER_BOUND ( 'NONE', #1355, .T. ) ;
#536 = VECTOR ( 'NONE', #2548, 1000.000000000000000 ) ;
#537 = VECTOR ( 'NONE', #754, 1000.000000000000000 ) ;
#538 = ORIENTED_EDGE ( 'NONE', *, *, #963, .F. ) ;
#539 = ORIENTED_EDGE ( 'NONE', *, *, #2506, .T. ) ;
#540 = DIRECTION ( 'NONE',  ( -0.000000000000000000, -0.000000000000000000, 1.000000000000000000 ) ) ;
#541 = PRODUCT_DEFINITION_SHAPE ( 'NONE', 'NONE',  #2079 ) ;
#542 = VECTOR ( 'NONE', #2241, 1000.000000000000000 ) ;
#543 = ORIENTED_EDGE ( 'NONE', *, *, #2506, .F. ) ;
#544 = DIRECTION ( 'NONE',  ( -1.000000000000000000, 0.000000000000000000, 0.000000000000000000 ) ) ;
#545 = FACE_OUTER_BOUND ( 'NONE', #2134, .T. ) ;
#546 = VECTOR ( 'NONE', #3965, 1000.000000000000000 ) ;
#547 = CIRCLE ( 'NONE', #2710, 1.402036092185269034 ) ;
#548 = ORIENTED_EDGE ( 'NONE', *, *, #1689, .T. ) ;
#549 = EDGE_LOOP ( 'NONE', ( #1557, #278, #40, #3270 ) ) ;
#550 = DIRECTION ( 'NONE',  ( -1.734723475976807094E-16, 1.000000000000000000, 0.000000000000000000 ) ) ;
#551 = CIRCLE ( 'NONE', #2836, 2.749999999999995559 ) ;
#552 = DIRECTION ( 'NONE',  ( 1.000000000000000000, 0.000000000000000000, 0.000000000000000000 ) ) ;
#553 = EDGE_CURVE ( 'NONE', #30, #813, #1525, .T. ) ;
#554 = CIRCLE ( 'NONE', #3170, 1.074999999999999512 ) ;
#555 = ORIENTED_EDGE ( 'NONE', *, *, #291, .F. ) ;
#556 = VERTEX_POINT ( 'NONE', #2265 ) ;
#557 = DIRECTION ( 'NONE',  ( 1.000000000000000000, 0.000000000000000000, -0.000000000000000000 ) ) ;
#558 = VECTOR ( 'NONE', #181, 999.9999999999998863 ) ;
#559 = CARTESIAN_POINT ( 'NONE',  ( 4.793649565339142882, 12.66714344531767900, 9.999999999999998224 ) ) ;
#560 = ORIENTED_EDGE ( 'NONE', *, *, #1010, .T. ) ;
#561 = DIRECTION ( 'NONE',  ( 0.000000000000000000, 0.000000000000000000, 1.000000000000000000 ) ) ;
#562 = CARTESIAN_POINT ( 'NONE',  ( -10.88296222574226668, -25.62529294843109540, 1.699999999999999289 ) ) ;
#563 = VERTEX_POINT ( 'NONE', #3249 ) ;
#564 = ORIENTED_EDGE ( 'NONE', *, *, #903, .F. ) ;
#565 = CARTESIAN_POINT ( 'NONE',  ( 15.78503777425773613, -22.47129294843107417, 5.000000000000001776 ) ) ;
#566 = DIRECTION ( 'NONE',  ( 1.000000000000000000, 0.000000000000000000, 0.000000000000000000 ) ) ;
#567 = ADVANCED_FACE ( 'NONE', ( #378 ), #3515, .T. ) ;
#568 = EDGE_LOOP ( 'NONE', ( #2355, #3508, #232, #2642 ) ) ;
#569 = DIRECTION ( 'NONE',  ( -1.000000000000000000, 0.000000000000000000, 0.000000000000000000 ) ) ;
#570 = EDGE_LOOP ( 'NONE', ( #3860, #2739, #2004, #575 ) ) ;
#571 = CARTESIAN_POINT ( 'NONE',  ( 9.378037774257734327, -25.62529294843109540, 1.699999999999999289 ) ) ;
#572 = VECTOR ( 'NONE', #49, 1000.000000000000000 ) ;
#573 = CARTESIAN_POINT ( 'NONE',  ( -1.987927293224997172, 19.84070686846390430, -4.001000000000001222 ) ) ;
#574 = EDGE_CURVE ( 'NONE', #3247, #99, #3813, .T. ) ;
#575 = ORIENTED_EDGE ( 'NONE', *, *, #2002, .F. ) ;
#576 = FACE_OUTER_BOUND ( 'NONE', #3502, .T. ) ;
#577 = ORIENTED_EDGE ( 'NONE', *, *, #1062, .T. ) ;
#578 = CARTESIAN_POINT ( 'NONE',  ( -16.46496222574226209, -26.97129294843108838, 8.499999999999998224 ) ) ;
#579 = LINE ( 'NONE', #3989, #2261 ) ;
#580 = CARTESIAN_POINT ( 'NONE',  ( -13.88296222574226668, -25.62529294843109540, 8.499999999999998224 ) ) ;
#581 = EDGE_CURVE ( 'NONE', #4026, #1685, #1628, .T. ) ;
#582 = ORIENTED_EDGE ( 'NONE', *, *, #1629, .T. ) ;
#583 = CARTESIAN_POINT ( 'NONE',  ( 10.45303777425773362, -25.62529294843109540, 3.292323440001584611 ) ) ;
#584 = ORIENTED_EDGE ( 'NONE', *, *, #3501, .F. ) ;
#585 = DIRECTION ( 'NONE',  ( 1.000000000000000000, 0.000000000000000000, 0.000000000000000000 ) ) ;
#586 = DIRECTION ( 'NONE',  ( -1.000000000000000000, 0.000000000000000000, 0.000000000000000000 ) ) ;
#587 = STYLED_ITEM ( 'NONE', ( #3176 ), #3748 ) ;
#588 = VERTEX_POINT ( 'NONE', #2610 ) ;
#589 = VECTOR ( 'NONE', #3806, 1000.000000000000000 ) ;
#590 = CARTESIAN_POINT ( 'NONE',  ( -7.882962225742265794, 25.68270705156890443, 1.699999999999999289 ) ) ;
#591 = EDGE_CURVE ( 'NONE', #2509, #3842, #2591, .T. ) ;
#592 = AXIS2_PLACEMENT_3D ( 'NONE', #1830, #604, #282 ) ;
#593 = VECTOR ( 'NONE', #2360, 1000.000000000000000 ) ;
#594 = ORIENTED_EDGE ( 'NONE', *, *, #826, .T. ) ;
#595 = LINE ( 'NONE', #907, #598 ) ;
#596 = DIRECTION ( 'NONE',  ( 0.000000000000000000, 0.000000000000000000, -1.000000000000000000 ) ) ;
#597 = ADVANCED_FACE ( 'NONE', ( #3861 ), #128, .F. ) ;
#598 = VECTOR ( 'NONE', #3144, 1000.000000000000000 ) ;
#599 = FACE_OUTER_BOUND ( 'NONE', #3901, .T. ) ;
#600 = EDGE_LOOP ( 'NONE', ( #2307, #2839, #874, #2628 ) ) ;
#601 = AXIS2_PLACEMENT_3D ( 'NONE', #924, #3123, #269 ) ;
#602 = CARTESIAN_POINT ( 'NONE',  ( -9.066960760898265193, 21.25670570879590571, 8.499999999999994671 ) ) ;
#603 = FACE_OUTER_BOUND ( 'NONE', #228, .T. ) ;
#604 = DIRECTION ( 'NONE',  ( 0.000000000000000000, -0.000000000000000000, -1.000000000000000000 ) ) ;
#605 = VERTEX_POINT ( 'NONE', #3578 ) ;
#606 = AXIS2_PLACEMENT_3D ( 'NONE', #2309, #131, #3253 ) ;
#607 = CARTESIAN_POINT ( 'NONE',  ( 11.40187074164453840, -28.47129294843108482, 8.499999999999998224 ) ) ;
#608 = ORIENTED_EDGE ( 'NONE', *, *, #1575, .F. ) ;
#609 = CARTESIAN_POINT ( 'NONE',  ( -16.21496222574229051, -19.72129294843107417, 8.499999999999998224 ) ) ;
#610 = AXIS2_PLACEMENT_3D ( 'NONE', #2878, #22, #2266 ) ;
#611 = CARTESIAN_POINT ( 'NONE',  ( 2.015431251695973813, 12.66714344531767900, -4.001000000000001222 ) ) ;
#612 = ADVANCED_FACE ( 'NONE', ( #2302 ), #1054, .F. ) ;
#613 = DIRECTION ( 'NONE',  ( -0.000000000000000000, -0.000000000000000000, 1.000000000000000000 ) ) ;
#614 = ADVANCED_FACE ( 'NONE', ( #766 ), #3491, .F. ) ;
#615 = VERTEX_POINT ( 'NONE', #42 ) ;
#616 = CARTESIAN_POINT ( 'NONE',  ( 17.53503777425773080, 30.02870705156891162, -4.000000000000000000 ) ) ;
#617 = CARTESIAN_POINT ( 'NONE',  ( 10.45303777425773362, 25.68270705156890443, -0.1000000000000002554 ) ) ;
#618 = EDGE_CURVE ( 'NONE', #967, #1154, #2856, .T. ) ;
#619 = ORIENTED_EDGE ( 'NONE', *, *, #2484, .T. ) ;
#620 = LINE ( 'NONE', #3737, #2480 ) ;
#621 = DIRECTION ( 'NONE',  ( 1.949127501097536200E-16, 1.000000000000000000, -0.000000000000000000 ) ) ;
#622 = LINE ( 'NONE', #1886, #1101 ) ;
#623 = DIRECTION ( 'NONE',  ( -0.000000000000000000, -0.000000000000000000, 1.000000000000000000 ) ) ;
#624 = EDGE_CURVE ( 'NONE', #1984, #3247, #1941, .T. ) ;
#625 = EDGE_LOOP ( 'NONE', ( #3330, #2325, #2870, #1038 ) ) ;
#626 = CYLINDRICAL_SURFACE ( 'NONE', #203, 2.250000000000001776 ) ;
#627 = ORIENTED_EDGE ( 'NONE', *, *, #668, .F. ) ;
#628 = CARTESIAN_POINT ( 'NONE',  ( 11.40187074164450998, 28.52870705156890452, 1.699999999999999289 ) ) ;
#629 = VECTOR ( 'NONE', #3524, 1000.000000000000000 ) ;
#630 = CARTESIAN_POINT ( 'NONE',  ( 16.03503777425773436, 27.02870705156891162, 9.999999999999998224 ) ) ;
#631 = AXIS2_PLACEMENT_3D ( 'NONE', #3254, #2614, #3848 ) ;
#632 = CARTESIAN_POINT ( 'NONE',  ( 7.285040208365946235, -28.47129294843108482, 6.892323440001584700 ) ) ;
#633 = CARTESIAN_POINT ( 'NONE',  ( -16.96496222574225854, -26.22129294843106706, 8.499999999999998224 ) ) ;
#634 = CARTESIAN_POINT ( 'NONE',  ( 4.793649565339142882, 12.66714344531767900, 8.499999999999998224 ) ) ;
#635 = EDGE_CURVE ( 'NONE', #199, #3062, #1919, .T. ) ;
#636 = ORIENTED_EDGE ( 'NONE', *, *, #122, .F. ) ;
#637 = DIRECTION ( 'NONE',  ( -1.734723475976807094E-16, 1.000000000000000000, 0.000000000000000000 ) ) ;
#638 = DIRECTION ( 'NONE',  ( 0.000000000000000000, -0.000000000000000000, -1.000000000000000000 ) ) ;
#639 = DIRECTION ( 'NONE',  ( -1.000000000000000000, 0.000000000000000000, 0.000000000000000000 ) ) ;
#640 = ORIENTED_EDGE ( 'NONE', *, *, #3610, .T. ) ;
#641 = CARTESIAN_POINT ( 'NONE',  ( 16.03503777425773791, -26.97129294843108838, 9.500000000000005329 ) ) ;
#642 = FACE_OUTER_BOUND ( 'NONE', #3045, .T. ) ;
#643 = LINE ( 'NONE', #1285, #2046 ) ;
#644 = VERTEX_POINT ( 'NONE', #3185 ) ;
#645 = LINE ( 'NONE', #265, #1713 ) ;
#646 = VERTEX_POINT ( 'NONE', #63 ) ;
#647 = LINE ( 'NONE', #1213, #3019 ) ;
#648 = CARTESIAN_POINT ( 'NONE',  ( 16.03503777425773791, 29.52870705156893294, 9.999999999999998224 ) ) ;
#649 = DIRECTION ( 'NONE',  ( -0.000000000000000000, -0.000000000000000000, -1.000000000000000000 ) ) ;
#650 = VECTOR ( 'NONE', #1160, 999.9999999999998863 ) ;
#651 = CARTESIAN_POINT ( 'NONE',  ( 9.710935302704847061, 13.48838797301253933, 8.499999999999994671 ) ) ;
#652 = ORIENTED_EDGE ( 'NONE', *, *, #1361, .T. ) ;
#653 = ORIENTED_EDGE ( 'NONE', *, *, #1267, .T. ) ;
#654 = CARTESIAN_POINT ( 'NONE',  ( -16.46496222574226920, 27.02870705156890097, -4.000000000000000000 ) ) ;
#655 = VECTOR ( 'NONE', #1992, 1000.000000000000000 ) ;
#656 = ADVANCED_FACE ( 'NONE', ( #1320 ), #2570, .T. ) ;
#657 = CARTESIAN_POINT ( 'NONE',  ( -10.88296222574226668, -25.62529294843109540, 3.292323440001584611 ) ) ;
#658 = AXIS2_PLACEMENT_3D ( 'NONE', #2842, #302, #3719 ) ;
#659 = ORIENTED_EDGE ( 'NONE', *, *, #2681, .T. ) ;
#660 = VECTOR ( 'NONE', #613, 1000.000000000000000 ) ;
#661 = DIRECTION ( 'NONE',  ( -1.734723475976807094E-16, 1.000000000000000000, 0.000000000000000000 ) ) ;
#662 = DIRECTION ( 'NONE',  ( 1.156482317317871971E-16, -1.000000000000000000, 0.000000000000000000 ) ) ;
#663 = CARTESIAN_POINT ( 'NONE',  ( -10.66696076089826661, 21.25670570879590571, 8.499999999999998224 ) ) ;
#664 = EDGE_CURVE ( 'NONE', #86, #32, #2053, .T. ) ;
#665 = ORIENTED_EDGE ( 'NONE', *, *, #836, .T. ) ;
#666 = CARTESIAN_POINT ( 'NONE',  ( -9.066960760898265193, 17.28171028643190610, 8.499999999999998224 ) ) ;
#667 = EDGE_LOOP ( 'NONE', ( #1979, #937, #2478, #3687 ) ) ;
#668 = EDGE_CURVE ( 'NONE', #1507, #2428, #3902, .T. ) ;
#669 = DIRECTION ( 'NONE',  ( 1.000000000000000000, 0.000000000000000000, 0.000000000000000000 ) ) ;
#670 = FACE_OUTER_BOUND ( 'NONE', #1732, .T. ) ;
#671 = CIRCLE ( 'NONE', #2248, 1.402036092185269034 ) ;
#672 = VECTOR ( 'NONE', #3010, 1000.000000000000000 ) ;
#673 = CIRCLE ( 'NONE', #740, 1.500000000000001332 ) ;
#674 = CARTESIAN_POINT ( 'NONE',  ( -17.96496222574225854, -26.22129294843106706, -4.000000000000000000 ) ) ;
#675 = CARTESIAN_POINT ( 'NONE',  ( 7.285040208365947123, -29.97129294843108838, -0.3076765599984150334 ) ) ;
#676 = AXIS2_PLACEMENT_3D ( 'NONE', #2848, #1290, #3710 ) ;
#677 = LINE ( 'NONE', #1316, #2565 ) ;
#678 = VERTEX_POINT ( 'NONE', #1172 ) ;
#679 = DIRECTION ( 'NONE',  ( 0.000000000000000000, 0.000000000000000000, -1.000000000000000000 ) ) ;
#680 = DIRECTION ( 'NONE',  ( 0.000000000000000000, 0.000000000000000000, -1.000000000000000000 ) ) ;
#681 = VERTEX_POINT ( 'NONE', #2989 ) ;
#682 = VECTOR ( 'NONE', #434, 1000.000000000000000 ) ;
#683 = EDGE_CURVE ( 'NONE', #2764, #3731, #235, .T. ) ;
#684 = LINE ( 'NONE', #1631, #2316 ) ;
#685 = DIRECTION ( 'NONE',  ( -0.000000000000000000, -0.000000000000000000, 1.000000000000000000 ) ) ;
#686 = CARTESIAN_POINT ( 'NONE',  ( -7.714959791634051989, -11.83278339979662874, -0.3076765599984150334 ) ) ;
#687 = ORIENTED_EDGE ( 'NONE', *, *, #2938, .F. ) ;
#688 = ORIENTED_EDGE ( 'NONE', *, *, #3251, .F. ) ;
#689 = CYLINDRICAL_SURFACE ( 'NONE', #2927, 2.999999999999999112 ) ;
#690 = LINE ( 'NONE', #413, #2508 ) ;
#691 = EDGE_CURVE ( 'NONE', #3275, #5, #736, .T. ) ;
#692 = VERTEX_POINT ( 'NONE', #457 ) ;
#693 = DIRECTION ( 'NONE',  ( -0.000000000000000000, 1.000000000000000000, -0.000000000000000000 ) ) ;
#694 = CARTESIAN_POINT ( 'NONE',  ( -19.46496222574226209, -29.97129294843108838, 3.292323440001584611 ) ) ;
#695 = LINE ( 'NONE', #964, #3150 ) ;
#696 = AXIS2_PLACEMENT_3D ( 'NONE', #2247, #425, #3890 ) ;
#697 = FACE_OUTER_BOUND ( 'NONE', #478, .T. ) ;
#698 = ORIENTED_EDGE ( 'NONE', *, *, #3711, .T. ) ;
#699 = VERTEX_POINT ( 'NONE', #1799 ) ;
#700 = DIRECTION ( 'NONE',  ( -1.156482317317871971E-16, 1.000000000000000000, 0.000000000000000000 ) ) ;
#701 = CARTESIAN_POINT ( 'NONE',  ( -7.714959791634052877, -11.83278339979662874, 3.292323440001584611 ) ) ;
#702 = ADVANCED_FACE ( 'NONE', ( #2066 ), #1488, .T. ) ;
#703 = EDGE_CURVE ( 'NONE', #32, #86, #3941, .T. ) ;
#704 = ORIENTED_EDGE ( 'NONE', *, *, #2133, .T. ) ;
#705 = DIRECTION ( 'NONE',  ( -1.000000000000000000, 0.000000000000000000, 0.000000000000000000 ) ) ;
#706 = FACE_OUTER_BOUND ( 'NONE', #1110, .T. ) ;
#707 = FACE_OUTER_BOUND ( 'NONE', #1245, .T. ) ;
#708 = ORIENTED_EDGE ( 'NONE', *, *, #65, .T. ) ;
#709 = DIRECTION ( 'NONE',  ( 1.000000000000000000, 0.000000000000000000, 0.000000000000000000 ) ) ;
#710 = ORIENTED_EDGE ( 'NONE', *, *, #2624, .T. ) ;
#711 = CARTESIAN_POINT ( 'NONE',  ( -7.714959791634051989, -28.47129294843108482, -0.3076765599984150334 ) ) ;
#712 = DIRECTION ( 'NONE',  ( 0.000000000000000000, 0.000000000000000000, 1.000000000000000000 ) ) ;
#713 = EDGE_CURVE ( 'NONE', #588, #861, #3028, .T. ) ;
#714 = VECTOR ( 'NONE', #2208, 1000.000000000000000 ) ;
#715 = VERTEX_POINT ( 'NONE', #2963 ) ;
#716 = DIRECTION ( 'NONE',  ( -1.204669080539449344E-16, 0.000000000000000000, 1.000000000000000000 ) ) ;
#717 = DIRECTION ( 'NONE',  ( -0.000000000000000000, 0.000000000000000000, 1.000000000000000000 ) ) ;
#718 = ORIENTED_EDGE ( 'NONE', *, *, #811, .F. ) ;
#719 = ORIENTED_EDGE ( 'NONE', *, *, #3061, .T. ) ;
#720 = DIRECTION ( 'NONE',  ( 0.000000000000000000, 0.000000000000000000, 1.000000000000000000 ) ) ;
#721 = CARTESIAN_POINT ( 'NONE',  ( 16.53503777425774501, -25.22129294843106706, 8.499999999999998224 ) ) ;
#722 = EDGE_CURVE ( 'NONE', #1510, #2300, #3051, .T. ) ;
#723 = AXIS2_PLACEMENT_3D ( 'NONE', #1636, #1025, #979 ) ;
#724 = EDGE_LOOP ( 'NONE', ( #776, #2320, #2665, #1483 ) ) ;
#725 = CARTESIAN_POINT ( 'NONE',  ( -18.46496222574230117, 22.52870705156889031, 5.000000000000001776 ) ) ;
#726 = EDGE_CURVE ( 'NONE', #3513, #1874, #2345, .T. ) ;
#727 = AXIS2_PLACEMENT_3D ( 'NONE', #2395, #3947, #2641 ) ;
#728 = CARTESIAN_POINT ( 'NONE',  ( 17.28503777425770238, 22.52870705156892583, 3.000000000000001776 ) ) ;
#729 = LINE ( 'NONE', #663, #865 ) ;
#730 = AXIS2_PLACEMENT_3D ( 'NONE', #253, #4000, #867 ) ;
#731 = VERTEX_POINT ( 'NONE', #3919 ) ;
#732 = DIRECTION ( 'NONE',  ( -1.000000000000000000, 0.000000000000000000, 0.000000000000000000 ) ) ;
#733 = VERTEX_POINT ( 'NONE', #1715 ) ;
#734 = FACE_OUTER_BOUND ( 'NONE', #2514, .T. ) ;
#735 = FACE_OUTER_BOUND ( 'NONE', #3655, .T. ) ;
#736 = CIRCLE ( 'NONE', #3621, 3.000000000000000000 ) ;
#737 = ORIENTED_EDGE ( 'NONE', *, *, #3180, .F. ) ;
#738 = PLANE ( 'NONE',  #361 ) ;
#739 = AXIS2_PLACEMENT_3D ( 'NONE', #3846, #2331, #2924 ) ;
#740 = AXIS2_PLACEMENT_3D ( 'NONE', #1740, #3290, #129 ) ;
#741 = CARTESIAN_POINT ( 'NONE',  ( 9.504204806870928834, -28.47129294843108482, 8.499999999999998224 ) ) ;
#742 = ORIENTED_EDGE ( 'NONE', *, *, #1591, .F. ) ;
#743 = ORIENTED_EDGE ( 'NONE', *, *, #1010, .F. ) ;
#744 = VECTOR ( 'NONE', #2287, 1000.000000000000000 ) ;
#745 = CARTESIAN_POINT ( 'NONE',  ( 10.45303777425773362, -25.62529294843109540, 1.699999999999999289 ) ) ;
#746 = DIRECTION ( 'NONE',  ( -0.000000000000000000, -0.000000000000000000, -1.000000000000000000 ) ) ;
#747 = VECTOR ( 'NONE', #759, 1000.000000000000000 ) ;
#748 = EDGE_CURVE ( 'NONE', #692, #1626, #1987, .T. ) ;
#749 = EDGE_CURVE ( 'NONE', #2920, #955, #1258, .T. ) ;
#750 = ORIENTED_EDGE ( 'NONE', *, *, #1675, .T. ) ;
#751 = LINE ( 'NONE', #3867, #3235 ) ;
#752 = PLANE ( 'NONE',  #2277 ) ;
#753 = VECTOR ( 'NONE', #3278, 1000.000000000000000 ) ;
#754 = DIRECTION ( 'NONE',  ( -1.000000000000000000, 0.000000000000000000, 0.000000000000000000 ) ) ;
#755 = EDGE_CURVE ( 'NONE', #2239, #2831, #1329, .T. ) ;
#756 = DIRECTION ( 'NONE',  ( -2.703465157366452467E-16, 1.000000000000000000, 0.000000000000000000 ) ) ;
#757 = VERTEX_POINT ( 'NONE', #2420 ) ;
#758 = DIRECTION ( 'NONE',  ( -2.409338161078898687E-16, 0.000000000000000000, 1.000000000000000000 ) ) ;
#759 = DIRECTION ( 'NONE',  ( -0.000000000000000000, -0.000000000000000000, -1.000000000000000000 ) ) ;
#760 = EDGE_CURVE ( 'NONE', #57, #456, #1409, .T. ) ;
#761 = EDGE_LOOP ( 'NONE', ( #437, #2771, #3850, #26 ) ) ;
#762 = DIRECTION ( 'NONE',  ( 0.000000000000000000, -0.000000000000000000, -1.000000000000000000 ) ) ;
#763 = CARTESIAN_POINT ( 'NONE',  ( -10.66696076089826661, 21.25670570879590571, -4.001000000000001222 ) ) ;
#764 = ORIENTED_EDGE ( 'NONE', *, *, #722, .F. ) ;
#765 = ORIENTED_EDGE ( 'NONE', *, *, #1561, .F. ) ;
#766 = FACE_OUTER_BOUND ( 'NONE', #3044, .T. ) ;
#767 = DIRECTION ( 'NONE',  ( -0.000000000000000000, -0.000000000000000000, -1.000000000000000000 ) ) ;
#768 = EDGE_CURVE ( 'NONE', #3052, #915, #2024, .T. ) ;
#769 = ORIENTED_EDGE ( 'NONE', *, *, #2276, .F. ) ;
#770 = DIRECTION ( 'NONE',  ( 1.000000000000000000, 0.000000000000000000, 0.000000000000000000 ) ) ;
#771 = CIRCLE ( 'NONE', #250, 1.074999999999999512 ) ;
#772 = LINE ( 'NONE', #2994, #1161 ) ;
#773 = LINE ( 'NONE', #463, #2040 ) ;
#774 = VERTEX_POINT ( 'NONE', #2388 ) ;
#775 = FACE_BOUND ( 'NONE', #2151, .T. ) ;
#776 = ORIENTED_EDGE ( 'NONE', *, *, #890, .T. ) ;
#777 = DIRECTION ( 'NONE',  ( 0.000000000000000000, 0.000000000000000000, 1.000000000000000000 ) ) ;
#778 = CARTESIAN_POINT ( 'NONE',  ( -17.96496222574225854, -18.72129294843107417, -4.000000000000000000 ) ) ;
#779 = ORIENTED_EDGE ( 'NONE', *, *, #1790, .T. ) ;
#780 = LINE ( 'NONE', #2279, #3834 ) ;
#781 = VECTOR ( 'NONE', #1517, 1000.000000000000000 ) ;
#782 = EDGE_CURVE ( 'NONE', #2920, #3882, #1155, .T. ) ;
#783 = DIRECTION ( 'NONE',  ( 1.000000000000000000, 0.000000000000000000, 0.000000000000000000 ) ) ;
#784 = ORIENTED_EDGE ( 'NONE', *, *, #2996, .F. ) ;
#785 = CARTESIAN_POINT ( 'NONE',  ( 10.45303777425773362, 25.68270705156890443, 1.699999999999999289 ) ) ;
#786 = LINE ( 'NONE', #439, #13 ) ;
#787 = ORIENTED_EDGE ( 'NONE', *, *, #624, .T. ) ;
#788 = FACE_OUTER_BOUND ( 'NONE', #3873, .T. ) ;
#789 = LINE ( 'NONE', #1781, #2405 ) ;
#790 = CARTESIAN_POINT ( 'NONE',  ( 17.53503777425773436, 18.77870705156889031, 8.499999999999998224 ) ) ;
#791 = VECTOR ( 'NONE', #3642, 1000.000000000000000 ) ;
#792 = ORIENTED_EDGE ( 'NONE', *, *, #2982, .F. ) ;
#793 = CARTESIAN_POINT ( 'NONE',  ( -16.46496222574226209, -28.47129294843108482, 8.499999999999998224 ) ) ;
#794 = ORIENTED_EDGE ( 'NONE', *, *, #2390, .T. ) ;
#795 = CARTESIAN_POINT ( 'NONE',  ( 9.710935302704847061, 13.48838797301253933, 8.499999999999998224 ) ) ;
#796 = CARTESIAN_POINT ( 'NONE',  ( -17.71496222574226564, -22.47129294843110969, 3.292323440001584611 ) ) ;
#797 = CIRCLE ( 'NONE', #2823, 1.402036092185269034 ) ;
#798 = CIRCLE ( 'NONE', #1323, 1.500000000000001332 ) ;
#799 = EDGE_CURVE ( 'NONE', #3319, #2516, #1444, .T. ) ;
#800 = VECTOR ( 'NONE', #1504, 1000.000000000000000 ) ;
#801 = ORIENTED_EDGE ( 'NONE', *, *, #2869, .F. ) ;
#802 = EDGE_CURVE ( 'NONE', #3786, #2125, #3327, .T. ) ;
#803 = DIRECTION ( 'NONE',  ( 1.000000000000000000, 0.000000000000000000, 0.000000000000000000 ) ) ;
#804 = CIRCLE ( 'NONE', #929, 2.250000000000001776 ) ;
#805 = CYLINDRICAL_SURFACE ( 'NONE', #2683, 1.402036092185269034 ) ;
#806 = VECTOR ( 'NONE', #2651, 1000.000000000000000 ) ;
#807 = EDGE_LOOP ( 'NONE', ( #2482, #1212, #2326, #2700 ) ) ;
#808 = DIRECTION ( 'NONE',  ( 0.000000000000000000, 0.000000000000000000, 1.000000000000000000 ) ) ;
#809 = CARTESIAN_POINT ( 'NONE',  ( 15.78503777425773613, -22.47129294843107417, 3.000000000000001776 ) ) ;
#810 = ADVANCED_FACE ( 'NONE', ( #211 ), #1466, .F. ) ;
#811 = EDGE_CURVE ( 'NONE', #102, #1015, #1544, .T. ) ;
#812 = CIRCLE ( 'NONE', #3950, 2.500000000000019540 ) ;
#813 = VERTEX_POINT ( 'NONE', #3084 ) ;
#814 = CIRCLE ( 'NONE', #1736, 1.500000000000001332 ) ;
#815 = CARTESIAN_POINT ( 'NONE',  ( 13.45303777425773539, -25.62529294843109540, 8.499999999999998224 ) ) ;
#816 = LINE ( 'NONE', #156, #1033 ) ;
#817 = CARTESIAN_POINT ( 'NONE',  ( -19.46496222574226920, 27.02870705156890097, 9.500000000000005329 ) ) ;
#818 = VECTOR ( 'NONE', #3929, 1000.000000000000000 ) ;
#819 = ORIENTED_EDGE ( 'NONE', *, *, #2559, .T. ) ;
#820 = CARTESIAN_POINT ( 'NONE',  ( 0.000000000000000000, -29.47129294843110614, 9.999999999999998224 ) ) ;
#821 = ORIENTED_EDGE ( 'NONE', *, *, #2381, .F. ) ;
#822 = CARTESIAN_POINT ( 'NONE',  ( -4.791999477595536128, 19.84070686846390430, 8.499999999999998224 ) ) ;
#823 = CARTESIAN_POINT ( 'NONE',  ( -11.95796222574226597, 25.68270705156890443, 1.699999999999999289 ) ) ;
#824 = ORIENTED_EDGE ( 'NONE', *, *, #903, .T. ) ;
#825 = CARTESIAN_POINT ( 'NONE',  ( -9.066960760898265193, 21.25670570879590571, -4.001000000000001222 ) ) ;
#826 = EDGE_CURVE ( 'NONE', #355, #1510, #1877, .T. ) ;
#827 = VECTOR ( 'NONE', #693, 1000.000000000000000 ) ;
#828 = ORIENTED_EDGE ( 'NONE', *, *, #1060, .F. ) ;
#829 = DIRECTION ( 'NONE',  ( -0.000000000000000000, -0.000000000000000000, 1.000000000000000000 ) ) ;
#830 = LINE ( 'NONE', #172, #3559 ) ;
#831 = ORIENTED_EDGE ( 'NONE', *, *, #1926, .F. ) ;
#832 = AXIS2_PLACEMENT_3D ( 'NONE', #1310, #1705, #100 ) ;
#833 = FACE_BOUND ( 'NONE', #876, .T. ) ;
#834 = DIRECTION ( 'NONE',  ( 0.000000000000000000, -0.000000000000000000, 1.000000000000000000 ) ) ;
#835 = ADVANCED_FACE ( 'NONE', ( #1192 ), #2786, .F. ) ;
#836 = EDGE_CURVE ( 'NONE', #3062, #199, #2379, .T. ) ;
#837 = CIRCLE ( 'NONE', #1824, 1.074999999999999512 ) ;
#838 = VERTEX_POINT ( 'NONE', #1859 ) ;
#839 = DIRECTION ( 'NONE',  ( 0.000000000000000000, 0.000000000000000000, -1.000000000000000000 ) ) ;
#840 = ORIENTED_EDGE ( 'NONE', *, *, #2501, .T. ) ;
#841 = DIRECTION ( 'NONE',  ( -1.000000000000000000, 0.000000000000000000, 0.000000000000000000 ) ) ;
#842 = CARTESIAN_POINT ( 'NONE',  ( -3.389963385410266206, 19.84070686846390430, 8.499999999999998224 ) ) ;
#843 = ORIENTED_EDGE ( 'NONE', *, *, #3380, .F. ) ;
#844 = ORIENTED_EDGE ( 'NONE', *, *, #3661, .T. ) ;
#845 = DIRECTION ( 'NONE',  ( 0.000000000000000000, 0.000000000000000000, 1.000000000000000000 ) ) ;
#846 = EDGE_CURVE ( 'NONE', #1626, #2008, #1250, .T. ) ;
#847 = ORIENTED_EDGE ( 'NONE', *, *, #846, .T. ) ;
#848 = CARTESIAN_POINT ( 'NONE',  ( -19.46496222574226920, 28.52870705156889741, 8.499999999999998224 ) ) ;
#849 = ADVANCED_FACE ( 'NONE', ( #290 ), #309, .T. ) ;
#850 = ORIENTED_EDGE ( 'NONE', *, *, #2967, .T. ) ;
#851 = DIRECTION ( 'NONE',  ( -1.000000000000000000, -1.949127501097536693E-16, 0.000000000000000000 ) ) ;
#852 = CARTESIAN_POINT ( 'NONE',  ( 11.52803777425773468, -25.62529294843109540, -0.1000000000000002554 ) ) ;
#853 = DIRECTION ( 'NONE',  ( 1.000000000000000000, 0.000000000000000000, 0.000000000000000000 ) ) ;
#854 = AXIS2_PLACEMENT_3D ( 'NONE', #1073, #435, #169 ) ;
#855 = ORIENTED_EDGE ( 'NONE', *, *, #1023, .F. ) ;
#856 = DIRECTION ( 'NONE',  ( 1.000000000000000000, 0.000000000000000000, 0.000000000000000000 ) ) ;
#857 = ORIENTED_EDGE ( 'NONE', *, *, #2632, .T. ) ;
#858 = CARTESIAN_POINT ( 'NONE',  ( 16.03503777425773436, 27.02870705156891162, 9.500000000000005329 ) ) ;
#859 = DIRECTION ( 'NONE',  ( 1.000000000000000000, 0.000000000000000000, 0.000000000000000000 ) ) ;
#860 = AXIS2_PLACEMENT_3D ( 'NONE', #429, #367, #1681 ) ;
#861 = VERTEX_POINT ( 'NONE', #1563 ) ;
#862 = VERTEX_POINT ( 'NONE', #3750 ) ;
#863 = FACE_OUTER_BOUND ( 'NONE', #2492, .T. ) ;
#864 = AXIS2_PLACEMENT_3D ( 'NONE', #617, #298, #3798 ) ;
#865 = VECTOR ( 'NONE', #1616, 1000.000000000000000 ) ;
#866 = ADVANCED_FACE ( 'NONE', ( #2461 ), #887, .F. ) ;
#867 = DIRECTION ( 'NONE',  ( 1.000000000000000000, 0.000000000000000000, 0.000000000000000000 ) ) ;
#868 = VECTOR ( 'NONE', #108, 1000.000000000000000 ) ;
#869 = VERTEX_POINT ( 'NONE', #4057 ) ;
#870 = PLANE ( 'NONE',  #2444 ) ;
#871 = EDGE_CURVE ( 'NONE', #3359, #2555, #2806, .T. ) ;
#872 = CARTESIAN_POINT ( 'NONE',  ( -16.21496222574229762, 22.52870705156888675, 5.000000000000001776 ) ) ;
#873 = CIRCLE ( 'NONE', #2446, 1.500000000000001332 ) ;
#874 = ORIENTED_EDGE ( 'NONE', *, *, #1974, .T. ) ;
#875 = DIRECTION ( 'NONE',  ( -0.000000000000000000, -0.000000000000000000, 1.000000000000000000 ) ) ;
#876 = EDGE_LOOP ( 'NONE', ( #855, #3910 ) ) ;
#877 = CYLINDRICAL_SURFACE ( 'NONE', #1476, 1.499999999999999556 ) ;
#878 = FACE_OUTER_BOUND ( 'NONE', #3402, .T. ) ;
#879 = CIRCLE ( 'NONE', #1998, 2.500000000000019540 ) ;
#880 = VERTEX_POINT ( 'NONE', #1836 ) ;
#881 = DIRECTION ( 'NONE',  ( 1.000000000000000000, 0.000000000000000000, 0.000000000000000000 ) ) ;
#882 = VERTEX_POINT ( 'NONE', #1523 ) ;
#883 = DIRECTION ( 'NONE',  ( 0.000000000000000000, 0.000000000000000000, -1.000000000000000000 ) ) ;
#884 = ADVANCED_FACE ( 'NONE', ( #2175 ), #3140, .T. ) ;
#885 = AXIS2_PLACEMENT_3D ( 'NONE', #3837, #3573, #762 ) ;
#886 = AXIS2_PLACEMENT_3D ( 'NONE', #3527, #3263, #1340 ) ;
#887 = CYLINDRICAL_SURFACE ( 'NONE', #1460, 2.250000000000001776 ) ;
#888 = ORIENTED_EDGE ( 'NONE', *, *, #3282, .F. ) ;
#889 = DIRECTION ( 'NONE',  ( -1.000000000000000000, -2.135044278125331319E-15, 0.000000000000000000 ) ) ;
#890 = EDGE_CURVE ( 'NONE', #869, #2113, #4025, .T. ) ;
#891 = PLANE ( 'NONE',  #2498 ) ;
#892 = EDGE_LOOP ( 'NONE', ( #3649, #3706, #1169, #2662, #423, #636, #399, #3230 ) ) ;
#893 = CARTESIAN_POINT ( 'NONE',  ( 2.015431251695973813, 11.01227139059988147, -4.001000000000001222 ) ) ;
#894 = CARTESIAN_POINT ( 'NONE',  ( -19.46496222574226209, -28.47129294843108482, -4.000000000000000000 ) ) ;
#895 = CARTESIAN_POINT ( 'NONE',  ( -16.21496222574229762, 22.52870705156889031, 8.499999999999998224 ) ) ;
#896 = AXIS2_PLACEMENT_3D ( 'NONE', #2953, #2619, #77 ) ;
#897 = ORIENTED_EDGE ( 'NONE', *, *, #2215, .T. ) ;
#898 = PLANE ( 'NONE',  #1314 ) ;
#899 = ORIENTED_EDGE ( 'NONE', *, *, #3206, .F. ) ;
#900 = CARTESIAN_POINT ( 'NONE',  ( -16.21496222574226564, -22.47129294843110969, 9.999999999999998224 ) ) ;
#901 = CARTESIAN_POINT ( 'NONE',  ( 10.45303777425773362, -25.62529294843109540, 1.699999999999999289 ) ) ;
#902 = APPLICATION_CONTEXT ( 'automotive_design' ) ;
#903 = EDGE_CURVE ( 'NONE', #345, #3373, #1895, .T. ) ;
#904 = VECTOR ( 'NONE', #3453, 1000.000000000000000 ) ;
#905 = DIRECTION ( 'NONE',  ( -0.000000000000000000, -0.000000000000000000, 1.000000000000000000 ) ) ;
#906 = ORIENTED_EDGE ( 'NONE', *, *, #3111, .F. ) ;
#907 = CARTESIAN_POINT ( 'NONE',  ( -19.46496222574226209, -26.97129294843108838, -4.000000000000000000 ) ) ;
#908 = FACE_OUTER_BOUND ( 'NONE', #3415, .T. ) ;
#909 = EDGE_LOOP ( 'NONE', ( #3175, #2022, #1137, #1375 ) ) ;
#910 = CARTESIAN_POINT ( 'NONE',  ( 10.45303777425773362, -25.62529294843109540, -0.1000000000000002554 ) ) ;
#911 = LINE ( 'NONE', #2183, #1404 ) ;
#912 = CARTESIAN_POINT ( 'NONE',  ( 15.78503777425770060, 22.52870705156892583, 3.000000000000001776 ) ) ;
#913 = PLANE ( 'NONE',  #658 ) ;
#914 = CIRCLE ( 'NONE', #3467, 1.500000000000001332 ) ;
#915 = VERTEX_POINT ( 'NONE', #2122 ) ;
#916 = DIRECTION ( 'NONE',  ( 1.000000000000000000, 0.000000000000000000, 0.000000000000000000 ) ) ;
#917 = EDGE_LOOP ( 'NONE', ( #2812, #973 ) ) ;
#918 = CARTESIAN_POINT ( 'NONE',  ( 15.78503777425770060, 22.52870705156892583, 3.000000000000001776 ) ) ;
#919 = DIRECTION ( 'NONE',  ( -0.000000000000000000, -0.000000000000000000, 1.000000000000000000 ) ) ;
#920 = CIRCLE ( 'NONE', #723, 1.000000000000000888 ) ;
#921 = ADVANCED_FACE ( 'NONE', ( #1216 ), #3712, .F. ) ;
#922 = ORIENTED_EDGE ( 'NONE', *, *, #926, .F. ) ;
#923 = AXIS2_PLACEMENT_3D ( 'NONE', #2158, #3128, #2811 ) ;
#924 = CARTESIAN_POINT ( 'NONE',  ( 15.78503777425773613, -22.47129294843107417, 3.000000000000001776 ) ) ;
#925 = CONICAL_SURFACE ( 'NONE', #3285, 2.500000000000019540, 0.7853981633974352894 ) ;
#926 = EDGE_CURVE ( 'NONE', #2359, #2375, #4065, .T. ) ;
#927 = ORIENTED_EDGE ( 'NONE', *, *, #799, .F. ) ;
#928 = DIRECTION ( 'NONE',  ( 0.000000000000000000, -0.000000000000000000, 1.000000000000000000 ) ) ;
#929 = AXIS2_PLACEMENT_3D ( 'NONE', #1606, #397, #1938 ) ;
#930 = EDGE_CURVE ( 'NONE', #2391, #2526, #1274, .T. ) ;
#931 = DIRECTION ( 'NONE',  ( 1.000000000000000000, 0.000000000000000000, 0.000000000000000000 ) ) ;
#932 = VERTEX_POINT ( 'NONE', #559 ) ;
#933 = CYLINDRICAL_SURFACE ( 'NONE', #358, 3.000000000000000888 ) ;
#934 = ORIENTED_EDGE ( 'NONE', *, *, #3237, .T. ) ;
#935 = CARTESIAN_POINT ( 'NONE',  ( 12.21093530270484706, 13.48838797301253933, -4.001000000000001222 ) ) ;
#936 = FACE_OUTER_BOUND ( 'NONE', #2598, .T. ) ;
#937 = ORIENTED_EDGE ( 'NONE', *, *, #2069, .T. ) ;
#938 = AXIS2_PLACEMENT_3D ( 'NONE', #2200, #1868, #2794 ) ;
#939 = CARTESIAN_POINT ( 'NONE',  ( 16.03503777425773791, -26.97129294843108838, 9.999999999999998224 ) ) ;
#940 = ORIENTED_EDGE ( 'NONE', *, *, #2390, .F. ) ;
#941 = LINE ( 'NONE', #1852, #3984 ) ;
#942 = AXIS2_PLACEMENT_3D ( 'NONE', #630, #2209, #982 ) ;
#943 = CARTESIAN_POINT ( 'NONE',  ( 15.78503777425770060, 22.52870705156892583, 5.000000000000001776 ) ) ;
#944 = EDGE_CURVE ( 'NONE', #615, #3202, #1820, .T. ) ;
#945 = CARTESIAN_POINT ( 'NONE',  ( -16.21496222574226564, -22.47129294843110969, -4.002000000000000668 ) ) ;
#946 = ORIENTED_EDGE ( 'NONE', *, *, #1652, .F. ) ;
#947 = CARTESIAN_POINT ( 'NONE',  ( 15.78503777425776100, 19.77870705156889031, 8.499999999999998224 ) ) ;
#948 = CARTESIAN_POINT ( 'NONE',  ( 16.53503777425773080, 26.27870705156888320, -4.002000000000000668 ) ) ;
#949 = EDGE_CURVE ( 'NONE', #87, #1260, #3181, .T. ) ;
#950 = VERTEX_POINT ( 'NONE', #1624 ) ;
#951 = CARTESIAN_POINT ( 'NONE',  ( -16.96496222574226209, -25.22129294843106706, 8.499999999999998224 ) ) ;
#952 = ADVANCED_FACE ( 'NONE', ( #3814 ), #3200, .T. ) ;
#953 = CARTESIAN_POINT ( 'NONE',  ( 7.285040208365946235, -28.47129294843108482, 6.892323440001584700 ) ) ;
#954 = CARTESIAN_POINT ( 'NONE',  ( 16.53503777425773791, -18.72129294843107417, 3.292323440001584611 ) ) ;
#955 = VERTEX_POINT ( 'NONE', #2563 ) ;
#956 = FACE_OUTER_BOUND ( 'NONE', #1414, .T. ) ;
#957 = ORIENTED_EDGE ( 'NONE', *, *, #1755, .T. ) ;
#958 = DIRECTION ( 'NONE',  ( -0.000000000000000000, -0.000000000000000000, -1.000000000000000000 ) ) ;
#959 = VECTOR ( 'NONE', #1683, 1000.000000000000000 ) ;
#960 = LINE ( 'NONE', #3441, #3749 ) ;
#961 = VECTOR ( 'NONE', #2907, 1000.000000000000000 ) ;
#962 = DIRECTION ( 'NONE',  ( -0.000000000000000000, -0.000000000000000000, 1.000000000000000000 ) ) ;
#963 = EDGE_CURVE ( 'NONE', #2781, #3794, #983, .T. ) ;
#964 = CARTESIAN_POINT ( 'NONE',  ( -16.21496222574229762, 25.27870705156888320, 8.499999999999998224 ) ) ;
#965 = CARTESIAN_POINT ( 'NONE',  ( 2.452039483241733375, 19.84070686846390430, 9.999999999999998224 ) ) ;
#966 = ORIENTED_EDGE ( 'NONE', *, *, #2142, .T. ) ;
#967 = VERTEX_POINT ( 'NONE', #3510 ) ;
#968 = CARTESIAN_POINT ( 'NONE',  ( 7.285040208365946235, -11.83278339979662874, 6.892323440001584700 ) ) ;
#969 = LINE ( 'NONE', #1981, #2180 ) ;
#970 = ADVANCED_FACE ( 'NONE', ( #350 ), #1643, .F. ) ;
#971 = EDGE_CURVE ( 'NONE', #1798, #2456, #2211, .T. ) ;
#972 = PLANE ( 'NONE',  #1315 ) ;
#973 = ORIENTED_EDGE ( 'NONE', *, *, #1132, .F. ) ;
#974 = CIRCLE ( 'NONE', #374, 2.999999999999999112 ) ;
#975 = VERTEX_POINT ( 'NONE', #1954 ) ;
#976 = DIRECTION ( 'NONE',  ( -1.000000000000000000, -1.156482317317871971E-16, 0.000000000000000000 ) ) ;
#977 = DIRECTION ( 'NONE',  ( -1.000000000000000000, 0.000000000000000000, 0.000000000000000000 ) ) ;
#978 = EDGE_LOOP ( 'NONE', ( #467, #2668, #2094, #376 ) ) ;
#979 = DIRECTION ( 'NONE',  ( 1.000000000000000000, 0.000000000000000000, 0.000000000000000000 ) ) ;
#980 = ORIENTED_EDGE ( 'NONE', *, *, #3147, .T. ) ;
#981 = LINE ( 'NONE', #3874, #629 ) ;
#982 = DIRECTION ( 'NONE',  ( -1.000000000000000000, 0.000000000000000000, 0.000000000000000000 ) ) ;
#983 = LINE ( 'NONE', #1009, #1651 ) ;
#984 = AXIS2_PLACEMENT_3D ( 'NONE', #3925, #1722, #2658 ) ;
#985 = EDGE_CURVE ( 'NONE', #2099, #2532, #2850, .T. ) ;
#986 = CARTESIAN_POINT ( 'NONE',  ( 9.504204806870927058, -28.47129294843108482, 3.292323440001584611 ) ) ;
#987 = VERTEX_POINT ( 'NONE', #1912 ) ;
#988 = ORIENTED_EDGE ( 'NONE', *, *, #799, .T. ) ;
#989 = DIRECTION ( 'NONE',  ( -1.000000000000000000, 0.000000000000000000, 0.000000000000000000 ) ) ;
#990 = CARTESIAN_POINT ( 'NONE',  ( -7.882962225742265794, 25.68270705156890443, 8.499999999999998224 ) ) ;
#991 = AXIS2_PLACEMENT_3D ( 'NONE', #245, #3647, #182 ) ;
#992 = CIRCLE ( 'NONE', #1190, 2.250000000000001776 ) ;
#993 = DIRECTION ( 'NONE',  ( -0.000000000000000000, -0.000000000000000000, -1.000000000000000000 ) ) ;
#994 = AXIS2_PLACEMENT_3D ( 'NONE', #3891, #2312, #3211 ) ;
#995 = VERTEX_POINT ( 'NONE', #1293 ) ;
#996 = CIRCLE ( 'NONE', #145, 3.000000000000000888 ) ;
#997 = ADVANCED_FACE ( 'NONE', ( #2538 ), #3160, .F. ) ;
#998 = DIRECTION ( 'NONE',  ( 0.000000000000000000, 0.000000000000000000, 1.000000000000000000 ) ) ;
#999 = CARTESIAN_POINT ( 'NONE',  ( -10.88296222574226668, 25.68270705156890443, 1.699999999999999289 ) ) ;
#1000 = FACE_OUTER_BOUND ( 'NONE', #549, .T. ) ;
#1001 = ORIENTED_EDGE ( 'NONE', *, *, #3405, .T. ) ;
#1002 = FACE_OUTER_BOUND ( 'NONE', #1653, .T. ) ;
#1003 = ORIENTED_EDGE ( 'NONE', *, *, #1254, .T. ) ;
#1004 = CARTESIAN_POINT ( 'NONE',  ( -16.96496222574226564, 26.27870705156888320, -4.002000000000000668 ) ) ;
#1005 = FACE_OUTER_BOUND ( 'NONE', #3223, .T. ) ;
#1006 = CIRCLE ( 'NONE', #606, 1.499999999999999556 ) ;
#1007 = VECTOR ( 'NONE', #767, 1000.000000000000000 ) ;
#1008 = EDGE_CURVE ( 'NONE', #2462, #2820, #3485, .T. ) ;
#1009 = CARTESIAN_POINT ( 'NONE',  ( -17.71496222574230117, 22.52870705156888675, 3.000000000000001776 ) ) ;
#1010 = EDGE_CURVE ( 'NONE', #2344, #102, #996, .T. ) ;
#1011 = CARTESIAN_POINT ( 'NONE',  ( -16.21496222574229407, 19.77870705156889386, 8.499999999999998224 ) ) ;
#1012 = AXIS2_PLACEMENT_3D ( 'NONE', #3875, #470, #3506 ) ;
#1013 = CARTESIAN_POINT ( 'NONE',  ( -10.66696076089826661, 17.28171028643190610, 9.999999999999998224 ) ) ;
#1014 = ORIENTED_EDGE ( 'NONE', *, *, #1171, .T. ) ;
#1015 = VERTEX_POINT ( 'NONE', #258 ) ;
#1016 = LINE ( 'NONE', #3225, #868 ) ;
#1017 = DIRECTION ( 'NONE',  ( -0.000000000000000000, -0.000000000000000000, 1.000000000000000000 ) ) ;
#1018 = AXIS2_PLACEMENT_3D ( 'NONE', #241, #2738, #1496 ) ;
#1019 = ORIENTED_EDGE ( 'NONE', *, *, #3197, .T. ) ;
#1020 = DIRECTION ( 'NONE',  ( -1.000000000000000000, -0.000000000000000000, -0.000000000000000000 ) ) ;
#1021 = DIRECTION ( 'NONE',  ( 1.000000000000000000, 0.000000000000000000, 0.000000000000000000 ) ) ;
#1022 = CARTESIAN_POINT ( 'NONE',  ( -16.96496222574226564, 18.77870705156889031, 3.292323440001584611 ) ) ;
#1023 = EDGE_CURVE ( 'NONE', #3532, #3794, #1582, .T. ) ;
#1024 = ORIENTED_EDGE ( 'NONE', *, *, #3280, .T. ) ;
#1025 = DIRECTION ( 'NONE',  ( 0.000000000000000000, -0.000000000000000000, -1.000000000000000000 ) ) ;
#1026 = VERTEX_POINT ( 'NONE', #651 ) ;
#1027 = DIRECTION ( 'NONE',  ( 0.000000000000000000, 0.000000000000000000, 1.000000000000000000 ) ) ;
#1028 = DIRECTION ( 'NONE',  ( 1.000000000000000000, 0.000000000000000000, 0.000000000000000000 ) ) ;
#1029 = ADVANCED_FACE ( 'NONE', ( #39 ), #1823, .F. ) ;
#1030 = ORIENTED_EDGE ( 'NONE', *, *, #2091, .T. ) ;
#1031 = DIRECTION ( 'NONE',  ( -1.000000000000000000, 0.000000000000000000, 0.000000000000000000 ) ) ;
#1032 = EDGE_CURVE ( 'NONE', #2864, #2292, #1791, .T. ) ;
#1033 = VECTOR ( 'NONE', #132, 1000.000000000000000 ) ;
#1034 = DIRECTION ( 'NONE',  ( -0.000000000000000000, -0.000000000000000000, 1.000000000000000000 ) ) ;
#1035 = ORIENTED_EDGE ( 'NONE', *, *, #3484, .F. ) ;
#1036 = DIRECTION ( 'NONE',  ( 1.949127501097536693E-16, 1.000000000000000000, 0.000000000000000000 ) ) ;
#1037 = CARTESIAN_POINT ( 'NONE',  ( 17.53503777425773080, 27.02870705156891162, 3.292323440001584611 ) ) ;
#1038 = ORIENTED_EDGE ( 'NONE', *, *, #1231, .T. ) ;
#1039 = CARTESIAN_POINT ( 'NONE',  ( 9.504204806870959032, 28.52870705156890452, 1.699999999999999289 ) ) ;
#1040 = CARTESIAN_POINT ( 'NONE',  ( -16.46496222574226920, 27.02870705156890097, 3.292323440001584611 ) ) ;
#1041 = DIRECTION ( 'NONE',  ( 0.000000000000000000, -0.000000000000000000, -1.000000000000000000 ) ) ;
#1042 = VERTEX_POINT ( 'NONE', #375 ) ;
#1043 = DIRECTION ( 'NONE',  ( -0.000000000000000000, -0.000000000000000000, 1.000000000000000000 ) ) ;
#1044 = EDGE_LOOP ( 'NONE', ( #1750, #3099, #1676, #3421 ) ) ;
#1045 = CARTESIAN_POINT ( 'NONE',  ( -17.96496222574226564, 30.02870705156890097, 8.499999999999998224 ) ) ;
#1046 = CARTESIAN_POINT ( 'NONE',  ( -17.96496222574226564, 30.02870705156890097, -4.000000000000000000 ) ) ;
#1047 = EDGE_LOOP ( 'NONE', ( #497, #850, #204, #710, #1543, #1816, #2189, #698 ) ) ;
#1048 = CARTESIAN_POINT ( 'NONE',  ( 10.45303777425773362, 25.68270705156890443, 1.699999999999999289 ) ) ;
#1049 = EDGE_CURVE ( 'NONE', #2125, #4064, #798, .T. ) ;
#1050 = EDGE_CURVE ( 'NONE', #3513, #3275, #3410, .T. ) ;
#1051 = DIRECTION ( 'NONE',  ( -0.000000000000000000, -0.000000000000000000, -1.000000000000000000 ) ) ;
#1052 = VERTEX_POINT ( 'NONE', #1625 ) ;
#1053 = ORIENTED_EDGE ( 'NONE', *, *, #2104, .F. ) ;
#1054 = PLANE ( 'NONE',  #2058 ) ;
#1055 = DIRECTION ( 'NONE',  ( -1.156482317317871971E-16, 1.000000000000000000, 0.000000000000000000 ) ) ;
#1056 = VERTEX_POINT ( 'NONE', #353 ) ;
#1057 = DIRECTION ( 'NONE',  ( 0.000000000000000000, 0.000000000000000000, -1.000000000000000000 ) ) ;
#1058 = CIRCLE ( 'NONE', #405, 1.000000000000000888 ) ;
#1059 = DIRECTION ( 'NONE',  ( 0.000000000000000000, 0.000000000000000000, -1.000000000000000000 ) ) ;
#1060 = EDGE_CURVE ( 'NONE', #4043, #1849, #677, .T. ) ;
#1061 = DIRECTION ( 'NONE',  ( 1.000000000000000000, -0.000000000000000000, 1.204669080539449344E-16 ) ) ;
#1062 = EDGE_CURVE ( 'NONE', #1443, #1424, #804, .T. ) ;
#1063 = VECTOR ( 'NONE', #1207, 1000.000000000000000 ) ;
#1064 = VECTOR ( 'NONE', #649, 1000.000000000000000 ) ;
#1065 = VERTEX_POINT ( 'NONE', #2853 ) ;
#1066 = VERTEX_POINT ( 'NONE', #2541 ) ;
#1067 = DIRECTION ( 'NONE',  ( 1.000000000000000000, 0.000000000000000000, 0.000000000000000000 ) ) ;
#1068 = DIRECTION ( 'NONE',  ( 1.000000000000000000, 0.000000000000000000, 0.000000000000000000 ) ) ;
#1069 = ORIENTED_EDGE ( 'NONE', *, *, #3511, .F. ) ;
#1070 = CARTESIAN_POINT ( 'NONE',  ( -10.66696076089826661, 21.25670570879590571, -4.001000000000001222 ) ) ;
#1071 = ADVANCED_FACE ( 'NONE', ( #3371, #3201 ), #891, .T. ) ;
#1072 = CIRCLE ( 'NONE', #3358, 3.000000000000000000 ) ;
#1073 = CARTESIAN_POINT ( 'NONE',  ( -10.88296222574226668, 25.68270705156890443, 1.699999999999999289 ) ) ;
#1074 = VERTEX_POINT ( 'NONE', #986 ) ;
#1075 = ORIENTED_EDGE ( 'NONE', *, *, #3583, .F. ) ;
#1076 = CARTESIAN_POINT ( 'NONE',  ( 12.21093530270484706, 13.48838797301253933, -4.001000000000001222 ) ) ;
#1077 = CARTESIAN_POINT ( 'NONE',  ( 16.03503777425773436, 27.02870705156891162, 3.292323440001584611 ) ) ;
#1078 = VECTOR ( 'NONE', #2557, 1000.000000000000000 ) ;
#1079 = VERTEX_POINT ( 'NONE', #2449 ) ;
#1080 = LINE ( 'NONE', #1351, #2909 ) ;
#1081 = CARTESIAN_POINT ( 'NONE',  ( 7.285040208365947123, -29.97129294843108838, 3.292323440001584611 ) ) ;
#1082 = CARTESIAN_POINT ( 'NONE',  ( 7.285040208365947123, -11.83278339979662874, -0.3076765599984150334 ) ) ;
#1083 = EDGE_CURVE ( 'NONE', #3956, #490, #3182, .T. ) ;
#1084 = VERTEX_POINT ( 'NONE', #2874 ) ;
#1085 = DIRECTION ( 'NONE',  ( -0.000000000000000000, 0.000000000000000000, 1.000000000000000000 ) ) ;
#1086 = ORIENTED_EDGE ( 'NONE', *, *, #4040, .F. ) ;
#1087 = CARTESIAN_POINT ( 'NONE',  ( -18.96496222574228696, 27.02870705156890097, 9.999999999999998224 ) ) ;
#1088 = DIRECTION ( 'NONE',  ( 1.000000000000000000, 0.000000000000000000, 0.000000000000000000 ) ) ;
#1089 = ORIENTED_EDGE ( 'NONE', *, *, #749, .T. ) ;
#1090 = FACE_OUTER_BOUND ( 'NONE', #215, .T. ) ;
#1091 = EDGE_CURVE ( 'NONE', #1424, #1443, #3620, .T. ) ;
#1092 = ORIENTED_EDGE ( 'NONE', *, *, #380, .F. ) ;
#1093 = DIRECTION ( 'NONE',  ( -1.000000000000000000, 0.000000000000000000, 0.000000000000000000 ) ) ;
#1094 = DIRECTION ( 'NONE',  ( 0.000000000000000000, -1.000000000000000000, 0.000000000000000000 ) ) ;
#1095 = VERTEX_POINT ( 'NONE', #1013 ) ;
#1096 = DIRECTION ( 'NONE',  ( -2.703465157366452467E-16, 1.000000000000000000, 0.000000000000000000 ) ) ;
#1097 = CARTESIAN_POINT ( 'NONE',  ( 15.78503777425776100, 19.77870705156889031, -4.002000000000000668 ) ) ;
#1098 = ADVANCED_FACE ( 'NONE', ( #1646 ), #3512, .T. ) ;
#1099 = CYLINDRICAL_SURFACE ( 'NONE', #3291, 2.249999999999998668 ) ;
#1100 = ORIENTED_EDGE ( 'NONE', *, *, #2086, .F. ) ;
#1101 = VECTOR ( 'NONE', #3151, 1000.000000000000000 ) ;
#1102 = CARTESIAN_POINT ( 'NONE',  ( -10.88296222574226668, -25.62529294843109540, -0.1000000000000002554 ) ) ;
#1103 = EDGE_LOOP ( 'NONE', ( #3735, #3477 ) ) ;
#1104 = DIRECTION ( 'NONE',  ( 1.156482317317871971E-16, -1.000000000000000000, 0.000000000000000000 ) ) ;
#1105 = LINE ( 'NONE', #2357, #2235 ) ;
#1106 = VERTEX_POINT ( 'NONE', #2830 ) ;
#1107 = DIRECTION ( 'NONE',  ( 1.000000000000000000, 0.000000000000000000, 0.000000000000000000 ) ) ;
#1108 = VECTOR ( 'NONE', #1773, 1000.000000000000000 ) ;
#1109 = DIRECTION ( 'NONE',  ( 1.000000000000000000, 0.000000000000000000, 0.000000000000000000 ) ) ;
#1110 = EDGE_LOOP ( 'NONE', ( #1748, #3716, #1851, #210 ) ) ;
#1111 = DIRECTION ( 'NONE',  ( -0.000000000000000000, -0.000000000000000000, 1.000000000000000000 ) ) ;
#1112 = DIRECTION ( 'NONE',  ( 1.000000000000000000, 0.000000000000000000, 0.000000000000000000 ) ) ;
#1113 = VECTOR ( 'NONE', #3551, 1000.000000000000000 ) ;
#1114 = ORIENTED_EDGE ( 'NONE', *, *, #3792, .T. ) ;
#1115 = CARTESIAN_POINT ( 'NONE',  ( -16.21496222574229762, 22.52870705156889031, 5.000000000000001776 ) ) ;
#1116 = DIRECTION ( 'NONE',  ( 0.7071067811865376918, 0.000000000000000000, 0.7071067811865574537 ) ) ;
#1117 = DIRECTION ( 'NONE',  ( -0.000000000000000000, -0.000000000000000000, 1.000000000000000000 ) ) ;
#1118 = AXIS2_PLACEMENT_3D ( 'NONE', #633, #2872, #1973 ) ;
#1119 = ADVANCED_FACE ( 'NONE', ( #697 ), #3072, .F. ) ;
#1120 = AXIS2_PLACEMENT_3D ( 'NONE', #1703, #2373, #3909 ) ;
#1121 = ORIENTED_EDGE ( 'NONE', *, *, #1747, .T. ) ;
#1122 = FACE_OUTER_BOUND ( 'NONE', #1757, .T. ) ;
#1123 = ORIENTED_EDGE ( 'NONE', *, *, #94, .T. ) ;
#1124 = CARTESIAN_POINT ( 'NONE',  ( 8.294385674648733442, 19.84070686846390430, 8.499999999999998224 ) ) ;
#1125 = DIRECTION ( 'NONE',  ( -1.000000000000000000, 0.000000000000000000, -0.000000000000000000 ) ) ;
#1126 = CIRCLE ( 'NONE', #2894, 3.000000000000000888 ) ;
#1127 = AXIS2_PLACEMENT_3D ( 'NONE', #230, #3976, #557 ) ;
#1128 = VERTEX_POINT ( 'NONE', #3680 ) ;
#1129 = DIRECTION ( 'NONE',  ( 0.000000000000000000, -0.000000000000000000, 1.000000000000000000 ) ) ;
#1130 = AXIS2_PLACEMENT_3D ( 'NONE', #2005, #1980, #356 ) ;
#1131 = EDGE_CURVE ( 'NONE', #2929, #3202, #3994, .T. ) ;
#1132 = EDGE_CURVE ( 'NONE', #3694, #1396, #3145, .T. ) ;
#1133 = ORIENTED_EDGE ( 'NONE', *, *, #591, .T. ) ;
#1134 = CARTESIAN_POINT ( 'NONE',  ( 12.21093530270483996, -22.11161202698745853, -4.001000000000001222 ) ) ;
#1135 = CARTESIAN_POINT ( 'NONE',  ( 2.452039483241733375, 19.84070686846390430, 8.499999999999998224 ) ) ;
#1136 = CIRCLE ( 'NONE', #3424, 1.074999999999999512 ) ;
#1137 = ORIENTED_EDGE ( 'NONE', *, *, #2768, .F. ) ;
#1138 = AXIS2_PLACEMENT_3D ( 'NONE', #3862, #3186, #2197 ) ;
#1139 = CARTESIAN_POINT ( 'NONE',  ( 16.03503777425773436, 27.02870705156891162, -4.000000000000000000 ) ) ;
#1140 = CARTESIAN_POINT ( 'NONE',  ( -7.882962225742265794, 25.68270705156890443, 1.699999999999999289 ) ) ;
#1141 = CARTESIAN_POINT ( 'NONE',  ( -19.46496222574226209, -29.97129294843108838, 9.500000000000005329 ) ) ;
#1142 = CIRCLE ( 'NONE', #2976, 2.999999999999999112 ) ;
#1143 = ORIENTED_EDGE ( 'NONE', *, *, #4040, .T. ) ;
#1144 = CARTESIAN_POINT ( 'NONE',  ( 0.000000000000000000, 0.000000000000000000, 9.999999999999998224 ) ) ;
#1145 = ORIENTED_EDGE ( 'NONE', *, *, #2091, .F. ) ;
#1146 = ADVANCED_FACE ( 'NONE', ( #1977 ), #3574, .F. ) ;
#1147 = LINE ( 'NONE', #2397, #2440 ) ;
#1148 = FACE_BOUND ( 'NONE', #909, .T. ) ;
#1149 = ORIENTED_EDGE ( 'NONE', *, *, #251, .F. ) ;
#1150 = ORIENTED_EDGE ( 'NONE', *, *, #1527, .T. ) ;
#1151 = FACE_OUTER_BOUND ( 'NONE', #266, .T. ) ;
#1152 = ADVANCED_FACE ( 'NONE', ( #1090 ), #85, .F. ) ;
#1153 = EDGE_LOOP ( 'NONE', ( #1574, #828, #3828, #1906 ) ) ;
#1154 = VERTEX_POINT ( 'NONE', #3265 ) ;
#1155 = LINE ( 'NONE', #188, #2828 ) ;
#1156 = ORIENTED_EDGE ( 'NONE', *, *, #3363, .T. ) ;
#1157 = VECTOR ( 'NONE', #2867, 1000.000000000000000 ) ;
#1158 = DIRECTION ( 'NONE',  ( 1.000000000000000000, 0.000000000000000000, 0.000000000000000000 ) ) ;
#1159 = DIRECTION ( 'NONE',  ( -0.000000000000000000, -0.000000000000000000, 1.000000000000000000 ) ) ;
#1160 = DIRECTION ( 'NONE',  ( 0.7071067811865376918, 0.000000000000000000, 0.7071067811865574537 ) ) ;
#1161 = VECTOR ( 'NONE', #3906, 1000.000000000000000 ) ;
#1162 = EDGE_LOOP ( 'NONE', ( #3605, #3762 ) ) ;
#1163 = FACE_OUTER_BOUND ( 'NONE', #1047, .T. ) ;
#1164 = VERTEX_POINT ( 'NONE', #3615 ) ;
#1165 = DIRECTION ( 'NONE',  ( 1.000000000000000000, 2.703465157366452467E-16, -0.000000000000000000 ) ) ;
#1166 = CARTESIAN_POINT ( 'NONE',  ( -9.807962225742267393, 25.68270705156890443, 1.699999999999999289 ) ) ;
#1167 = ADVANCED_FACE ( 'NONE', ( #3839 ), #125, .T. ) ;
#1168 = ORIENTED_EDGE ( 'NONE', *, *, #3783, .F. ) ;
#1169 = ORIENTED_EDGE ( 'NONE', *, *, #3550, .T. ) ;
#1170 = CARTESIAN_POINT ( 'NONE',  ( 0.000000000000000000, -29.47129294843110614, 9.999999999999998224 ) ) ;
#1171 = EDGE_CURVE ( 'NONE', #2781, #3830, #914, .T. ) ;
#1172 = CARTESIAN_POINT ( 'NONE',  ( 17.53503777425774146, -26.22129294843106706, 8.499999999999998224 ) ) ;
#1173 = ORIENTED_EDGE ( 'NONE', *, *, #2496, .T. ) ;
#1174 = CARTESIAN_POINT ( 'NONE',  ( -16.21496222574226564, -22.47129294843110969, 8.499999999999998224 ) ) ;
#1175 = AXIS2_PLACEMENT_3D ( 'NONE', #1691, #1365, #2039 ) ;
#1176 = DIRECTION ( 'NONE',  ( 1.000000000000000000, 0.000000000000000000, 0.000000000000000000 ) ) ;
#1177 = EDGE_CURVE ( 'NONE', #3133, #3768, #1712, .T. ) ;
#1178 = ORIENTED_EDGE ( 'NONE', *, *, #3280, .F. ) ;
#1179 = CARTESIAN_POINT ( 'NONE',  ( 6.892349582463465296, 19.84070686846390430, -4.001000000000001222 ) ) ;
#1180 = ORIENTED_EDGE ( 'NONE', *, *, #1734, .T. ) ;
#1181 = AXIS2_PLACEMENT_3D ( 'NONE', #583, #2167, #1515 ) ;
#1182 = DIRECTION ( 'NONE',  ( 1.000000000000000000, 0.000000000000000000, 0.000000000000000000 ) ) ;
#1183 = FACE_BOUND ( 'NONE', #3670, .T. ) ;
#1184 = VECTOR ( 'NONE', #716, 1000.000000000000000 ) ;
#1185 = ORIENTED_EDGE ( 'NONE', *, *, #930, .T. ) ;
#1186 = FACE_OUTER_BOUND ( 'NONE', #807, .T. ) ;
#1187 = ORIENTED_EDGE ( 'NONE', *, *, #2284, .F. ) ;
#1188 = DIRECTION ( 'NONE',  ( -1.000000000000000000, 0.000000000000000000, 0.000000000000000000 ) ) ;
#1189 = AXIS2_PLACEMENT_3D ( 'NONE', #45, #314, #931 ) ;
#1190 = AXIS2_PLACEMENT_3D ( 'NONE', #475, #2101, #3284 ) ;
#1191 = VECTOR ( 'NONE', #1946, 1000.000000000000000 ) ;
#1192 = FACE_OUTER_BOUND ( 'NONE', #3389, .T. ) ;
#1193 = ADVANCED_FACE ( 'NONE', ( #147 ), #477, .T. ) ;
#1194 = VECTOR ( 'NONE', #4044, 1000.000000000000000 ) ;
#1195 = EDGE_LOOP ( 'NONE', ( #1921, #4034 ) ) ;
#1196 = DIRECTION ( 'NONE',  ( -1.000000000000000000, -2.135044278125331319E-15, 0.000000000000000000 ) ) ;
#1197 = PLANE ( 'NONE',  #154 ) ;
#1198 = VECTOR ( 'NONE', #2726, 1000.000000000000000 ) ;
#1199 = ADVANCED_FACE ( 'NONE', ( #1381 ), #2324, .T. ) ;
#1200 = CARTESIAN_POINT ( 'NONE',  ( -18.96496222574228341, -2.193264346267234513E-15, 9.999999999999998224 ) ) ;
#1201 = AXIS2_PLACEMENT_3D ( 'NONE', #3310, #2964, #3619 ) ;
#1202 = ORIENTED_EDGE ( 'NONE', *, *, #1132, .T. ) ;
#1203 = DIRECTION ( 'NONE',  ( -0.000000000000000000, -0.000000000000000000, 1.000000000000000000 ) ) ;
#1204 = ORIENTED_EDGE ( 'NONE', *, *, #10, .T. ) ;
#1205 = LINE ( 'NONE', #2740, #2000 ) ;
#1206 = VECTOR ( 'NONE', #174, 1000.000000000000000 ) ;
#1207 = DIRECTION ( 'NONE',  ( 1.000000000000000000, -2.135044278125326981E-15, 0.000000000000000000 ) ) ;
#1208 = AXIS2_PLACEMENT_3D ( 'NONE', #2802, #919, #1602 ) ;
#1209 = ADVANCED_FACE ( 'NONE', ( #2649 ), #3246, .F. ) ;
#1210 = ORIENTED_EDGE ( 'NONE', *, *, #3529, .F. ) ;
#1211 = LINE ( 'NONE', #1832, #3281 ) ;
#1212 = ORIENTED_EDGE ( 'NONE', *, *, #749, .F. ) ;
#1213 = CARTESIAN_POINT ( 'NONE',  ( 17.53503777425773080, 30.02870705156891162, 3.292323440001584611 ) ) ;
#1214 = CARTESIAN_POINT ( 'NONE',  ( 2.015431251695973813, 11.01227139059988147, 8.499999999999998224 ) ) ;
#1215 = VECTOR ( 'NONE', #2259, 1000.000000000000000 ) ;
#1216 = FACE_OUTER_BOUND ( 'NONE', #1367, .T. ) ;
#1217 = ORIENTED_EDGE ( 'NONE', *, *, #3913, .F. ) ;
#1218 = DIRECTION ( 'NONE',  ( -0.000000000000000000, -0.000000000000000000, 1.000000000000000000 ) ) ;
#1219 = DIRECTION ( 'NONE',  ( 0.000000000000000000, -0.000000000000000000, -1.000000000000000000 ) ) ;
#1220 = ORIENTED_EDGE ( 'NONE', *, *, #2805, .F. ) ;
#1221 = EDGE_CURVE ( 'NONE', #1809, #1079, #3900, .T. ) ;
#1222 = FACE_OUTER_BOUND ( 'NONE', #1226, .T. ) ;
#1223 = FACE_OUTER_BOUND ( 'NONE', #3595, .T. ) ;
#1224 = CARTESIAN_POINT ( 'NONE',  ( -10.88296222574226668, -25.62529294843109540, -0.1000000000000002554 ) ) ;
#1225 = CARTESIAN_POINT ( 'NONE',  ( -19.46496222574226209, -28.47129294843108482, -4.000000000000000000 ) ) ;
#1226 = EDGE_LOOP ( 'NONE', ( #387, #3805, #1309, #1434 ) ) ;
#1227 = CARTESIAN_POINT ( 'NONE',  ( 15.78503777425770060, 22.52870705156892583, 5.000000000000001776 ) ) ;
#1228 = VERTEX_POINT ( 'NONE', #741 ) ;
#1229 = CARTESIAN_POINT ( 'NONE',  ( 15.78503777425770060, 22.52870705156892583, 3.292323440001584611 ) ) ;
#1230 = CARTESIAN_POINT ( 'NONE',  ( -17.96496222574225854, -26.22129294843106706, 8.499999999999998224 ) ) ;
#1231 = EDGE_CURVE ( 'NONE', #3049, #3135, #3397, .T. ) ;
#1232 = DIRECTION ( 'NONE',  ( 1.000000000000000000, 0.000000000000000000, 0.000000000000000000 ) ) ;
#1233 = ORIENTED_EDGE ( 'NONE', *, *, #3648, .T. ) ;
#1234 = CARTESIAN_POINT ( 'NONE',  ( 18.53503777425775567, -26.97129294843108482, 9.999999999999998224 ) ) ;
#1235 = FACE_OUTER_BOUND ( 'NONE', #1947, .T. ) ;
#1236 = ORIENTED_EDGE ( 'NONE', *, *, #1828, .T. ) ;
#1237 = CARTESIAN_POINT ( 'NONE',  ( -3.389963385410266206, 19.84070686846390430, 9.999999999999998224 ) ) ;
#1238 = DIRECTION ( 'NONE',  ( -0.000000000000000000, -0.000000000000000000, -1.000000000000000000 ) ) ;
#1239 = FACE_OUTER_BOUND ( 'NONE', #2660, .T. ) ;
#1240 = CARTESIAN_POINT ( 'NONE',  ( -7.714959791634052877, -28.47129294843108482, 3.292323440001584611 ) ) ;
#1241 = ADVANCED_FACE ( 'NONE', ( #3286 ), #2939, .F. ) ;
#1242 = ADVANCED_FACE ( 'NONE', ( #2589 ), #2667, .F. ) ;
#1243 = EDGE_LOOP ( 'NONE', ( #594, #2470, #2762, #111 ) ) ;
#1244 = DIRECTION ( 'NONE',  ( -1.000000000000000000, -1.156482317317871971E-16, 0.000000000000000000 ) ) ;
#1245 = EDGE_LOOP ( 'NONE', ( #293, #2543, #2573, #3112 ) ) ;
#1246 = DIRECTION ( 'NONE',  ( 1.000000000000000000, 0.000000000000000000, -0.000000000000000000 ) ) ;
#1247 = DIRECTION ( 'NONE',  ( 1.000000000000000000, 0.000000000000000000, 0.000000000000000000 ) ) ;
#1248 = COLOUR_RGB ( '',0.7921568627450980005, 0.8196078431372548767, 0.9333333333333333481 ) ;
#1249 = VECTOR ( 'NONE', #1841, 1000.000000000000000 ) ;
#1250 = LINE ( 'NONE', #2441, #2696 ) ;
#1251 = AXIS2_PLACEMENT_3D ( 'NONE', #2664, #3912, #1125 ) ;
#1252 = ADVANCED_FACE ( 'NONE', ( #2362 ), #805, .F. ) ;
#1253 = AXIS2_PLACEMENT_3D ( 'NONE', #1200, #3463, #1915 ) ;
#1254 = EDGE_CURVE ( 'NONE', #1510, #2764, #3530, .T. ) ;
#1255 = EDGE_LOOP ( 'NONE', ( #3708, #3238, #3948, #2140 ) ) ;
#1256 = DIRECTION ( 'NONE',  ( 0.000000000000000000, 0.000000000000000000, 1.000000000000000000 ) ) ;
#1257 = LINE ( 'NONE', #1805, #2384 ) ;
#1258 = CIRCLE ( 'NONE', #3552, 2.249999999999998668 ) ;
#1259 = CARTESIAN_POINT ( 'NONE',  ( 17.53503777425773436, 18.77870705156889031, -4.000000000000000000 ) ) ;
#1260 = VERTEX_POINT ( 'NONE', #2607 ) ;
#1261 = CARTESIAN_POINT ( 'NONE',  ( 9.710935302704854166, -22.11161202698745853, 9.999999999999998224 ) ) ;
#1262 = DIRECTION ( 'NONE',  ( -1.734723475976807094E-16, 1.000000000000000000, 0.000000000000000000 ) ) ;
#1263 = DIRECTION ( 'NONE',  ( 0.000000000000000000, -0.000000000000000000, -1.000000000000000000 ) ) ;
#1264 = DIRECTION ( 'NONE',  ( 0.000000000000000000, 0.000000000000000000, -1.000000000000000000 ) ) ;
#1265 = CIRCLE ( 'NONE', #938, 2.250000000000001776 ) ;
#1266 = AXIS2_PLACEMENT_3D ( 'NONE', #379, #2834, #1445 ) ;
#1267 = EDGE_CURVE ( 'NONE', #2783, #2555, #3207, .T. ) ;
#1268 = ORIENTED_EDGE ( 'NONE', *, *, #755, .T. ) ;
#1269 = PLANE ( 'NONE',  #402 ) ;
#1270 = ORIENTED_EDGE ( 'NONE', *, *, #103, .F. ) ;
#1271 = FACE_BOUND ( 'NONE', #3975, .T. ) ;
#1272 = CIRCLE ( 'NONE', #3564, 1.402036092185269034 ) ;
#1273 = CARTESIAN_POINT ( 'NONE',  ( -16.21496222574229762, 22.52870705156889031, 8.499999999999998224 ) ) ;
#1274 = LINE ( 'NONE', #590, #2761 ) ;
#1275 = ADVANCED_FACE ( 'NONE', ( #1843 ), #2777, .T. ) ;
#1276 = UNCERTAINTY_MEASURE_WITH_UNIT (LENGTH_MEASURE( 1.000000000000000082E-05 ), #3865, 'distance_accuracy_value', 'NONE');
#1277 = CARTESIAN_POINT ( 'NONE',  ( 10.45303777425773362, 25.68270705156890443, 8.499999999999998224 ) ) ;
#1278 = ORIENTED_EDGE ( 'NONE', *, *, #3661, .F. ) ;
#1279 = FACE_OUTER_BOUND ( 'NONE', #343, .T. ) ;
#1280 = CARTESIAN_POINT ( 'NONE',  ( -16.46496222574226920, 30.02870705156890097, 9.500000000000005329 ) ) ;
#1281 = LINE ( 'NONE', #1259, #1452 ) ;
#1282 = EDGE_LOOP ( 'NONE', ( #3439, #3073, #1350, #4012 ) ) ;
#1283 = DIRECTION ( 'NONE',  ( 1.000000000000000000, -2.135044278125326586E-15, 0.000000000000000000 ) ) ;
#1284 = LINE ( 'NONE', #406, #572 ) ;
#1285 = CARTESIAN_POINT ( 'NONE',  ( -14.71496222574229762, 22.52870705156888675, 3.000000000000001776 ) ) ;
#1286 = ORIENTED_EDGE ( 'NONE', *, *, #2062, .T. ) ;
#1287 = CARTESIAN_POINT ( 'NONE',  ( 10.45303777425773362, 25.68270705156890443, -0.1000000000000002554 ) ) ;
#1288 = ORIENTED_EDGE ( 'NONE', *, *, #1857, .T. ) ;
#1289 = LINE ( 'NONE', #609, #781 ) ;
#1290 = DIRECTION ( 'NONE',  ( 0.000000000000000000, 0.000000000000000000, 1.000000000000000000 ) ) ;
#1291 = EDGE_CURVE ( 'NONE', #197, #3580, #620, .T. ) ;
#1292 = CIRCLE ( 'NONE', #2863, 1.074999999999999512 ) ;
#1293 = CARTESIAN_POINT ( 'NONE',  ( -16.96496222574226209, -25.22129294843106706, 3.292323440001584611 ) ) ;
#1294 = ADVANCED_FACE ( 'NONE', ( #1222 ), #933, .T. ) ;
#1295 = DIRECTION ( 'NONE',  ( 0.000000000000000000, 0.000000000000000000, 1.000000000000000000 ) ) ;
#1296 = EDGE_LOOP ( 'NONE', ( #3567, #61, #1075, #360 ) ) ;
#1297 = ORIENTED_EDGE ( 'NONE', *, *, #2699, .T. ) ;
#1298 = DIRECTION ( 'NONE',  ( -0.000000000000000000, -0.000000000000000000, 1.000000000000000000 ) ) ;
#1299 = DIRECTION ( 'NONE',  ( -1.000000000000000000, 0.000000000000000000, 0.000000000000000000 ) ) ;
#1300 = DIRECTION ( 'NONE',  ( 0.000000000000000000, -1.000000000000000000, 0.000000000000000000 ) ) ;
#1301 = EDGE_LOOP ( 'NONE', ( #718, #1345, #3058, #3991 ) ) ;
#1302 = AXIS2_PLACEMENT_3D ( 'NONE', #1834, #2457, #3082 ) ;
#1303 = CARTESIAN_POINT ( 'NONE',  ( 12.21093530270484706, 13.48838797301253933, 9.999999999999998224 ) ) ;
#1304 = PLANE ( 'NONE',  #696 ) ;
#1305 = DIRECTION ( 'NONE',  ( 1.000000000000000000, 0.000000000000000000, 0.000000000000000000 ) ) ;
#1306 = EDGE_CURVE ( 'NONE', #3731, #2300, #4066, .T. ) ;
#1307 = ORIENTED_EDGE ( 'NONE', *, *, #3420, .F. ) ;
#1308 = LINE ( 'NONE', #3851, #1390 ) ;
#1309 = ORIENTED_EDGE ( 'NONE', *, *, #326, .T. ) ;
#1310 = CARTESIAN_POINT ( 'NONE',  ( 2.015431251695973813, 11.01227139059988147, -4.001000000000001222 ) ) ;
#1311 = CARTESIAN_POINT ( 'NONE',  ( 10.45303777425773362, -25.62529294843109540, 1.699999999999999289 ) ) ;
#1312 = ORIENTED_EDGE ( 'NONE', *, *, #2952, .T. ) ;
#1313 = CARTESIAN_POINT ( 'NONE',  ( 16.03503777425773791, -26.97129294843108838, -4.000000000000000000 ) ) ;
#1314 = AXIS2_PLACEMENT_3D ( 'NONE', #2819, #2515, #3722 ) ;
#1315 = AXIS2_PLACEMENT_3D ( 'NONE', #3778, #1300, #2221 ) ;
#1316 = CARTESIAN_POINT ( 'NONE',  ( 9.710935302704847061, 13.48838797301253933, 9.999999999999998224 ) ) ;
#1317 = EDGE_CURVE ( 'NONE', #3308, #102, #2112, .T. ) ;
#1318 = EDGE_LOOP ( 'NONE', ( #3267, #1766, #46, #2609 ) ) ;
#1319 = ORIENTED_EDGE ( 'NONE', *, *, #1708, .F. ) ;
#1320 = FACE_OUTER_BOUND ( 'NONE', #2593, .T. ) ;
#1321 = PLANE ( 'NONE',  #483 ) ;
#1322 = VECTOR ( 'NONE', #385, 1000.000000000000000 ) ;
#1323 = AXIS2_PLACEMENT_3D ( 'NONE', #3487, #1295, #2127 ) ;
#1324 = APPLICATION_CONTEXT ( 'automotive_design' ) ;
#1325 = AXIS2_PLACEMENT_3D ( 'NONE', #407, #2908, #3191 ) ;
#1326 = ORIENTED_EDGE ( 'NONE', *, *, #4039, .F. ) ;
#1327 = LINE ( 'NONE', #3824, #1666 ) ;
#1328 = CARTESIAN_POINT ( 'NONE',  ( -13.88296222574226668, 25.68270705156890443, 8.499999999999998224 ) ) ;
#1329 = CIRCLE ( 'NONE', #1796, 1.000000000000000888 ) ;
#1330 = DIRECTION ( 'NONE',  ( -1.156482317317871971E-16, 1.000000000000000000, 0.000000000000000000 ) ) ;
#1331 = EDGE_CURVE ( 'NONE', #2549, #3986, #3113, .T. ) ;
#1332 = ORIENTED_EDGE ( 'NONE', *, *, #1032, .T. ) ;
#1333 = SURFACE_STYLE_USAGE ( .BOTH. , #3239 ) ;
#1334 = ORIENTED_EDGE ( 'NONE', *, *, #25, .F. ) ;
#1335 = LINE ( 'NONE', #2583, #2186 ) ;
#1336 = DIRECTION ( 'NONE',  ( 1.734723475976807341E-16, -1.000000000000000000, 0.000000000000000000 ) ) ;
#1337 = EDGE_CURVE ( 'NONE', #3148, #2929, #3987, .T. ) ;
#1338 = ORIENTED_EDGE ( 'NONE', *, *, #2539, .T. ) ;
#1339 = VECTOR ( 'NONE', #1055, 1000.000000000000000 ) ;
#1340 = DIRECTION ( 'NONE',  ( -1.000000000000000000, 0.000000000000000000, 0.000000000000000000 ) ) ;
#1341 = LINE ( 'NONE', #675, #1184 ) ;
#1342 = VECTOR ( 'NONE', #1813, 1000.000000000000000 ) ;
#1343 = DIRECTION ( 'NONE',  ( 0.000000000000000000, -1.000000000000000000, 0.000000000000000000 ) ) ;
#1344 = ORIENTED_EDGE ( 'NONE', *, *, #3575, .T. ) ;
#1345 = ORIENTED_EDGE ( 'NONE', *, *, #1317, .F. ) ;
#1346 = DIRECTION ( 'NONE',  ( -1.000000000000000000, 0.000000000000000000, 0.000000000000000000 ) ) ;
#1347 = DIRECTION ( 'NONE',  ( 1.000000000000000000, 2.703465157366452467E-16, 0.000000000000000000 ) ) ;
#1348 = EDGE_CURVE ( 'NONE', #1128, #3455, #1826, .T. ) ;
#1349 =( NAMED_UNIT ( * ) PLANE_ANGLE_UNIT ( ) SI_UNIT ( $, .RADIAN. ) );
#1350 = ORIENTED_EDGE ( 'NONE', *, *, #3654, .F. ) ;
#1351 = CARTESIAN_POINT ( 'NONE',  ( -17.96496222574226564, 30.02870705156890097, 3.292323440001584611 ) ) ;
#1352 = CARTESIAN_POINT ( 'NONE',  ( 11.52803777425773468, 25.68270705156890443, -0.1000000000000002554 ) ) ;
#1353 = CARTESIAN_POINT ( 'NONE',  ( 16.53503777425773436, 25.27870705156888320, 8.499999999999998224 ) ) ;
#1354 = ADVANCED_FACE ( 'NONE', ( #2342 ), #1362, .F. ) ;
#1355 = EDGE_LOOP ( 'NONE', ( #3724, #1332 ) ) ;
#1356 = CARTESIAN_POINT ( 'NONE',  ( -9.066960760898265193, 17.28171028643190610, -4.001000000000001222 ) ) ;
#1357 = ORIENTED_EDGE ( 'NONE', *, *, #3614, .F. ) ;
#1358 = DIRECTION ( 'NONE',  ( 1.000000000000000000, 0.000000000000000000, 0.000000000000000000 ) ) ;
#1359 = DIRECTION ( 'NONE',  ( -1.000000000000000000, 0.000000000000000000, -0.000000000000000000 ) ) ;
#1360 = ORIENTED_EDGE ( 'NONE', *, *, #2852, .F. ) ;
#1361 = EDGE_CURVE ( 'NONE', #4011, #1709, #1482, .T. ) ;
#1362 = PLANE ( 'NONE',  #885 ) ;
#1363 = AXIS2_PLACEMENT_3D ( 'NONE', #3520, #2010, #3538 ) ;
#1364 = ADVANCED_FACE ( 'NONE', ( #1402 ), #452, .F. ) ;
#1365 = DIRECTION ( 'NONE',  ( -0.000000000000000000, -0.000000000000000000, 1.000000000000000000 ) ) ;
#1366 = EDGE_LOOP ( 'NONE', ( #3536, #1428, #1802, #440 ) ) ;
#1367 = EDGE_LOOP ( 'NONE', ( #1702, #3431, #2949, #1793 ) ) ;
#1368 = DIRECTION ( 'NONE',  ( 0.000000000000000000, 0.000000000000000000, 1.000000000000000000 ) ) ;
#1369 = FACE_OUTER_BOUND ( 'NONE', #1044, .T. ) ;
#1370 = EDGE_LOOP ( 'NONE', ( #1297, #4059, #1599, #1092 ) ) ;
#1371 = CARTESIAN_POINT ( 'NONE',  ( -16.96496222574225854, -18.72129294843107417, 3.292323440001584611 ) ) ;
#1372 = CARTESIAN_POINT ( 'NONE',  ( 16.03503777425773791, -26.97129294843108838, 3.292323440001584611 ) ) ;
#1373 = PLANE ( 'NONE',  #994 ) ;
#1374 = ORIENTED_EDGE ( 'NONE', *, *, #713, .T. ) ;
#1375 = ORIENTED_EDGE ( 'NONE', *, *, #146, .F. ) ;
#1376 = EDGE_CURVE ( 'NONE', #1879, #563, #296, .T. ) ;
#1377 = PLANE ( 'NONE',  #832 ) ;
#1378 = LINE ( 'NONE', #1639, #4024 ) ;
#1379 = ORIENTED_EDGE ( 'NONE', *, *, #3836, .F. ) ;
#1380 = DIRECTION ( 'NONE',  ( 0.000000000000000000, 0.000000000000000000, 1.000000000000000000 ) ) ;
#1381 = FACE_OUTER_BOUND ( 'NONE', #415, .T. ) ;
#1382 = ORIENTED_EDGE ( 'NONE', *, *, #3329, .T. ) ;
#1383 = VERTEX_POINT ( 'NONE', #2623 ) ;
#1384 = DIRECTION ( 'NONE',  ( 1.000000000000000000, 0.000000000000000000, 0.000000000000000000 ) ) ;
#1385 = CARTESIAN_POINT ( 'NONE',  ( -16.96496222574226920, 25.27870705156888320, 3.292323440001584611 ) ) ;
#1386 = EDGE_CURVE ( 'NONE', #1572, #932, #1972, .T. ) ;
#1387 = CIRCLE ( 'NONE', #2425, 2.249999999999998668 ) ;
#1388 = ORIENTED_EDGE ( 'NONE', *, *, #1561, .T. ) ;
#1389 = DIRECTION ( 'NONE',  ( -0.000000000000000000, -0.000000000000000000, -1.000000000000000000 ) ) ;
#1390 = VECTOR ( 'NONE', #2581, 1000.000000000000000 ) ;
#1391 = PLANE ( 'NONE',  #1690 ) ;
#1392 = LINE ( 'NONE', #1925, #537 ) ;
#1393 = AXIS2_PLACEMENT_3D ( 'NONE', #2948, #133, #2270 ) ;
#1394 = VERTEX_POINT ( 'NONE', #3812 ) ;
#1395 = FACE_OUTER_BOUND ( 'NONE', #2245, .T. ) ;
#1396 = VERTEX_POINT ( 'NONE', #3593 ) ;
#1397 = LINE ( 'NONE', #1045, #502 ) ;
#1398 = LINE ( 'NONE', #2644, #1078 ) ;
#1399 = VECTOR ( 'NONE', #3596, 1000.000000000000000 ) ;
#1400 = EDGE_CURVE ( 'NONE', #862, #1931, #416, .T. ) ;
#1401 = ORIENTED_EDGE ( 'NONE', *, *, #1665, .T. ) ;
#1402 = FACE_OUTER_BOUND ( 'NONE', #1255, .T. ) ;
#1403 = VECTOR ( 'NONE', #1165, 1000.000000000000000 ) ;
#1404 = VECTOR ( 'NONE', #1238, 1000.000000000000000 ) ;
#1405 = AXIS2_PLACEMENT_3D ( 'NONE', #3534, #3796, #2545 ) ;
#1406 = DIRECTION ( 'NONE',  ( 2.135044278125326586E-15, -1.000000000000000000, 0.000000000000000000 ) ) ;
#1407 = ORIENTED_EDGE ( 'NONE', *, *, #1091, .T. ) ;
#1408 = VECTOR ( 'NONE', #2463, 1000.000000000000000 ) ;
#1409 = LINE ( 'NONE', #1758, #4 ) ;
#1410 = LINE ( 'NONE', #3328, #3493 ) ;
#1411 = EDGE_CURVE ( 'NONE', #1042, #3580, #780, .T. ) ;
#1412 = AXIS2_PLACEMENT_3D ( 'NONE', #3157, #1542, #1247 ) ;
#1413 = APPLICATION_PROTOCOL_DEFINITION ( 'draft international standard', 'automotive_design', 1998, #1324 ) ;
#1414 = EDGE_LOOP ( 'NONE', ( #3081, #3522, #3933, #2445 ) ) ;
#1415 = DIRECTION ( 'NONE',  ( 0.000000000000000000, 0.000000000000000000, 1.000000000000000000 ) ) ;
#1416 = CARTESIAN_POINT ( 'NONE',  ( -10.88296222574226668, -25.62529294843109540, 1.699999999999999289 ) ) ;
#1417 = PLANE ( 'NONE',  #1520 ) ;
#1418 = AXIS2_PLACEMENT_3D ( 'NONE', #2606, #2957, #1031 ) ;
#1419 = ORIENTED_EDGE ( 'NONE', *, *, #1926, .T. ) ;
#1420 = DIRECTION ( 'NONE',  ( 1.000000000000000000, 0.000000000000000000, 0.000000000000000000 ) ) ;
#1421 = ORIENTED_EDGE ( 'NONE', *, *, #713, .F. ) ;
#1422 = CARTESIAN_POINT ( 'NONE',  ( -16.46496222574226920, 30.02870705156890097, 9.500000000000005329 ) ) ;
#1423 = DIRECTION ( 'NONE',  ( -0.000000000000000000, 0.000000000000000000, 1.000000000000000000 ) ) ;
#1424 = VERTEX_POINT ( 'NONE', #144 ) ;
#1425 = LINE ( 'NONE', #2418, #1519 ) ;
#1426 = ADVANCED_FACE ( 'NONE', ( #3857 ), #738, .F. ) ;
#1427 = DIRECTION ( 'NONE',  ( 0.000000000000000000, -0.000000000000000000, -1.000000000000000000 ) ) ;
#1428 = ORIENTED_EDGE ( 'NONE', *, *, #3550, .F. ) ;
#1429 = DIRECTION ( 'NONE',  ( 0.000000000000000000, 0.000000000000000000, -1.000000000000000000 ) ) ;
#1430 = DIRECTION ( 'NONE',  ( -0.000000000000000000, -0.000000000000000000, -1.000000000000000000 ) ) ;
#1431 = EDGE_CURVE ( 'NONE', #3125, #2334, #3369, .T. ) ;
#1432 = DIRECTION ( 'NONE',  ( -1.000000000000000000, 0.000000000000000000, 0.000000000000000000 ) ) ;
#1433 = CARTESIAN_POINT ( 'NONE',  ( 7.453037774257734505, -25.62529294843109540, 1.699999999999999289 ) ) ;
#1434 = ORIENTED_EDGE ( 'NONE', *, *, #2484, .F. ) ;
#1435 = CARTESIAN_POINT ( 'NONE',  ( 15.78503777425770060, 22.52870705156892583, 3.292323440001584611 ) ) ;
#1436 = EDGE_LOOP ( 'NONE', ( #53, #1053, #2605, #3964 ) ) ;
#1437 = CARTESIAN_POINT ( 'NONE',  ( 11.52803777425773468, -25.62529294843109540, -0.1000000000000002554 ) ) ;
#1438 = CARTESIAN_POINT ( 'NONE',  ( 16.03503777425773791, -26.97129294843108838, 8.499999999999998224 ) ) ;
#1439 = EDGE_CURVE ( 'NONE', #2875, #3308, #58, .T. ) ;
#1440 = EDGE_CURVE ( 'NONE', #106, #987, #3509, .T. ) ;
#1441 = ORIENTED_EDGE ( 'NONE', *, *, #3400, .F. ) ;
#1442 = CARTESIAN_POINT ( 'NONE',  ( 15.78503777425775390, -19.72129294843107417, -4.002000000000000668 ) ) ;
#1443 = VERTEX_POINT ( 'NONE', #393 ) ;
#1444 = LINE ( 'NONE', #3637, #3356 ) ;
#1445 = DIRECTION ( 'NONE',  ( 1.000000000000000000, 0.000000000000000000, 0.000000000000000000 ) ) ;
#1446 = AXIS2_PLACEMENT_3D ( 'NONE', #1237, #2756, #2483 ) ;
#1447 = ADVANCED_FACE ( 'NONE', ( #1642 ), #2895, .F. ) ;
#1448 = DIRECTION ( 'NONE',  ( 1.000000000000000000, 0.000000000000000000, 0.000000000000000000 ) ) ;
#1449 = DIRECTION ( 'NONE',  ( -0.000000000000000000, -0.000000000000000000, 1.000000000000000000 ) ) ;
#1450 = DIRECTION ( 'NONE',  ( -1.000000000000000000, 0.000000000000000000, 0.000000000000000000 ) ) ;
#1451 = VECTOR ( 'NONE', #505, 1000.000000000000000 ) ;
#1452 = VECTOR ( 'NONE', #993, 1000.000000000000000 ) ;
#1453 = VERTEX_POINT ( 'NONE', #3064 ) ;
#1454 = CARTESIAN_POINT ( 'NONE',  ( -17.96496222574226564, 18.77870705156889031, 3.292323440001584611 ) ) ;
#1455 = ORIENTED_EDGE ( 'NONE', *, *, #1221, .F. ) ;
#1456 = CARTESIAN_POINT ( 'NONE',  ( -19.46496222574226920, 28.52870705156889741, 3.292323440001584611 ) ) ;
#1457 = FACE_OUTER_BOUND ( 'NONE', #234, .T. ) ;
#1458 = EDGE_CURVE ( 'NONE', #2792, #456, #3360, .T. ) ;
#1459 = CIRCLE ( 'NONE', #592, 1.000000000000000888 ) ;
#1460 = AXIS2_PLACEMENT_3D ( 'NONE', #2139, #2193, #1232 ) ;
#1461 = ORIENTED_EDGE ( 'NONE', *, *, #2547, .F. ) ;
#1462 = ORIENTED_EDGE ( 'NONE', *, *, #157, .T. ) ;
#1463 = DIRECTION ( 'NONE',  ( 0.000000000000000000, 0.000000000000000000, -1.000000000000000000 ) ) ;
#1464 = ORIENTED_EDGE ( 'NONE', *, *, #2743, .F. ) ;
#1465 = EDGE_LOOP ( 'NONE', ( #3027, #107, #897, #1890 ) ) ;
#1466 = CYLINDRICAL_SURFACE ( 'NONE', #3624, 1.500000000000001332 ) ;
#1467 = DIRECTION ( 'NONE',  ( -0.000000000000000000, -0.000000000000000000, 1.000000000000000000 ) ) ;
#1468 = VECTOR ( 'NONE', #2652, 1000.000000000000000 ) ;
#1469 = VECTOR ( 'NONE', #1389, 1000.000000000000000 ) ;
#1470 = ORIENTED_EDGE ( 'NONE', *, *, #2654, .F. ) ;
#1471 = AXIS2_PLACEMENT_3D ( 'NONE', #611, #1894, #2475 ) ;
#1472 = PLANE ( 'NONE',  #2442 ) ;
#1473 = LINE ( 'NONE', #3660, #4041 ) ;
#1474 = DIRECTION ( 'NONE',  ( -0.000000000000000000, -0.000000000000000000, 1.000000000000000000 ) ) ;
#1475 = ORIENTED_EDGE ( 'NONE', *, *, #2501, .F. ) ;
#1476 = AXIS2_PLACEMENT_3D ( 'NONE', #2146, #2759, #1182 ) ;
#1477 = DIRECTION ( 'NONE',  ( 0.000000000000000000, 0.7071067811865574537, -0.7071067811865376918 ) ) ;
#1478 = ORIENTED_EDGE ( 'NONE', *, *, #1221, .T. ) ;
#1479 = LINE ( 'NONE', #1456, #1403 ) ;
#1480 = CARTESIAN_POINT ( 'NONE',  ( -16.46496222574226209, -26.97129294843108838, 9.999999999999998224 ) ) ;
#1481 = EDGE_CURVE ( 'NONE', #2403, #1647, #1794, .T. ) ;
#1482 = CIRCLE ( 'NONE', #3897, 1.074999999999999512 ) ;
#1483 = ORIENTED_EDGE ( 'NONE', *, *, #2323, .F. ) ;
#1484 = ADVANCED_FACE ( 'NONE', ( #1151 ), #1486, .T. ) ;
#1485 = ORIENTED_EDGE ( 'NONE', *, *, #2725, .F. ) ;
#1486 = CYLINDRICAL_SURFACE ( 'NONE', #3288, 2.749999999999995559 ) ;
#1487 = ADVANCED_FACE ( 'NONE', ( #2730, #535 ), #2746, .T. ) ;
#1488 = CYLINDRICAL_SURFACE ( 'NONE', #3881, 3.000000000000000888 ) ;
#1489 = EDGE_CURVE ( 'NONE', #757, #2724, #2684, .T. ) ;
#1490 = ORIENTED_EDGE ( 'NONE', *, *, #1790, .F. ) ;
#1491 = CIRCLE ( 'NONE', #2584, 3.000000000000000888 ) ;
#1492 = CARTESIAN_POINT ( 'NONE',  ( -12.64106361317946003, 13.48838797301254111, 9.999999999999998224 ) ) ;
#1493 = DIRECTION ( 'NONE',  ( -2.703465157366452467E-16, 1.000000000000000000, 0.000000000000000000 ) ) ;
#1494 = CIRCLE ( 'NONE', #631, 2.249999999999998668 ) ;
#1495 = ORIENTED_EDGE ( 'NONE', *, *, #1857, .F. ) ;
#1496 = DIRECTION ( 'NONE',  ( 1.000000000000000000, 0.000000000000000000, 0.000000000000000000 ) ) ;
#1497 = VERTEX_POINT ( 'NONE', #3957 ) ;
#1498 = LINE ( 'NONE', #3646, #2915 ) ;
#1499 = CARTESIAN_POINT ( 'NONE',  ( 15.78503777425770060, 22.52870705156892583, 8.499999999999998224 ) ) ;
#1500 = ADVANCED_FACE ( 'NONE', ( #184 ), #206, .F. ) ;
#1501 = EDGE_LOOP ( 'NONE', ( #2296, #3807 ) ) ;
#1502 = DIRECTION ( 'NONE',  ( -0.000000000000000000, -0.000000000000000000, 1.000000000000000000 ) ) ;
#1503 = ORIENTED_EDGE ( 'NONE', *, *, #1881, .T. ) ;
#1504 = DIRECTION ( 'NONE',  ( 0.000000000000000000, 0.000000000000000000, 1.000000000000000000 ) ) ;
#1505 = VECTOR ( 'NONE', #2137, 1000.000000000000000 ) ;
#1506 = DIRECTION ( 'NONE',  ( 0.000000000000000000, 0.000000000000000000, 1.000000000000000000 ) ) ;
#1507 = VERTEX_POINT ( 'NONE', #2081 ) ;
#1508 = CARTESIAN_POINT ( 'NONE',  ( -17.96496222574225854, -26.97129294843108838, -4.000000000000000000 ) ) ;
#1509 = CARTESIAN_POINT ( 'NONE',  ( 8.294385674648733442, 19.84070686846390430, 9.999999999999998224 ) ) ;
#1510 = VERTEX_POINT ( 'NONE', #3915 ) ;
#1511 = ORIENTED_EDGE ( 'NONE', *, *, #3963, .F. ) ;
#1512 = CYLINDRICAL_SURFACE ( 'NONE', #2020, 1.500000000000001332 ) ;
#1513 = DIRECTION ( 'NONE',  ( -0.000000000000000000, -0.000000000000000000, 1.000000000000000000 ) ) ;
#1514 = ORIENTED_EDGE ( 'NONE', *, *, #2378, .T. ) ;
#1515 = DIRECTION ( 'NONE',  ( 1.000000000000000000, 0.000000000000000000, 0.000000000000000000 ) ) ;
#1516 = ORIENTED_EDGE ( 'NONE', *, *, #2922, .F. ) ;
#1517 = DIRECTION ( 'NONE',  ( -1.000000000000000000, 0.000000000000000000, 0.000000000000000000 ) ) ;
#1518 = VECTOR ( 'NONE', #3076, 1000.000000000000000 ) ;
#1519 = VECTOR ( 'NONE', #3671, 1000.000000000000000 ) ;
#1520 = AXIS2_PLACEMENT_3D ( 'NONE', #3625, #1493, #3056 ) ;
#1521 = VERTEX_POINT ( 'NONE', #3611 ) ;
#1522 = AXIS2_PLACEMENT_3D ( 'NONE', #872, #3142, #1956 ) ;
#1523 = CARTESIAN_POINT ( 'NONE',  ( 15.78503777425775390, -25.22129294843106706, 8.499999999999998224 ) ) ;
#1524 = EDGE_CURVE ( 'NONE', #556, #428, #992, .T. ) ;
#1525 = CIRCLE ( 'NONE', #1130, 1.000000000000000888 ) ;
#1526 = VERTEX_POINT ( 'NONE', #3305 ) ;
#1527 = EDGE_CURVE ( 'NONE', #2831, #2008, #1425, .T. ) ;
#1528 = DIRECTION ( 'NONE',  ( -0.000000000000000000, -0.000000000000000000, 1.000000000000000000 ) ) ;
#1529 = AXIS2_PLACEMENT_3D ( 'NONE', #1371, #998, #95 ) ;
#1530 = PLANE ( 'NONE',  #923 ) ;
#1531 = CIRCLE ( 'NONE', #3822, 1.499999999999999556 ) ;
#1532 = ORIENTED_EDGE ( 'NONE', *, *, #2624, .F. ) ;
#1533 = CARTESIAN_POINT ( 'NONE',  ( 17.53503777425773791, 3.041844167914499647E-15, 8.499999999999998224 ) ) ;
#1534 = CARTESIAN_POINT ( 'NONE',  ( 11.40187074164453840, -28.47129294843108482, 3.292323440001584611 ) ) ;
#1535 = AXIS2_PLACEMENT_3D ( 'NONE', #3905, #1096, #3599 ) ;
#1536 = PLANE ( 'NONE',  #209 ) ;
#1537 = ADVANCED_FACE ( 'NONE', ( #863 ), #3691, .F. ) ;
#1538 = ORIENTED_EDGE ( 'NONE', *, *, #3701, .T. ) ;
#1539 = CARTESIAN_POINT ( 'NONE',  ( -12.64106361317946003, 13.48838797301254111, -4.001000000000001222 ) ) ;
#1540 = ORIENTED_EDGE ( 'NONE', *, *, #3614, .T. ) ;
#1541 = PLANE ( 'NONE',  #190 ) ;
#1542 = DIRECTION ( 'NONE',  ( 0.000000000000000000, 0.000000000000000000, 1.000000000000000000 ) ) ;
#1543 = ORIENTED_EDGE ( 'NONE', *, *, #103, .T. ) ;
#1544 = LINE ( 'NONE', #3381, #2572 ) ;
#1545 = ORIENTED_EDGE ( 'NONE', *, *, #2285, .F. ) ;
#1546 = CARTESIAN_POINT ( 'NONE',  ( 15.78503777425776988, 25.27870705156888320, 8.499999999999998224 ) ) ;
#1547 = DIRECTION ( 'NONE',  ( -1.000000000000000000, 2.135044278125326586E-15, 0.000000000000000000 ) ) ;
#1548 = EDGE_CURVE ( 'NONE', #813, #2582, #494, .T. ) ;
#1549 = CARTESIAN_POINT ( 'NONE',  ( -18.46496222574226564, -22.47129294843110969, 5.000000000000001776 ) ) ;
#1550 = ORIENTED_EDGE ( 'NONE', *, *, #2124, .T. ) ;
#1551 = DIRECTION ( 'NONE',  ( 1.000000000000000000, 0.000000000000000000, 0.000000000000000000 ) ) ;
#1552 = DIRECTION ( 'NONE',  ( 1.000000000000000000, 0.000000000000000000, 0.000000000000000000 ) ) ;
#1553 = CARTESIAN_POINT ( 'NONE',  ( -10.14106361317946003, 13.48838797301254111, 8.499999999999998224 ) ) ;
#1554 = AXIS2_PLACEMENT_3D ( 'NONE', #894, #2487, #1263 ) ;
#1555 = ORIENTED_EDGE ( 'NONE', *, *, #2194, .F. ) ;
#1556 = LINE ( 'NONE', #2150, #2749 ) ;
#1557 = ORIENTED_EDGE ( 'NONE', *, *, #2574, .F. ) ;
#1558 = CARTESIAN_POINT ( 'NONE',  ( -19.46496222574226920, 27.02870705156890097, 3.292323440001584611 ) ) ;
#1559 = DIRECTION ( 'NONE',  ( -0.000000000000000000, -0.000000000000000000, 1.000000000000000000 ) ) ;
#1560 = EDGE_CURVE ( 'NONE', #2460, #3926, #3479, .T. ) ;
#1561 = EDGE_CURVE ( 'NONE', #2334, #3125, #4003, .T. ) ;
#1562 = ORIENTED_EDGE ( 'NONE', *, *, #703, .T. ) ;
#1563 = CARTESIAN_POINT ( 'NONE',  ( -9.934129258355456571, -28.47129294843108482, 3.292323440001584611 ) ) ;
#1564 = ORIENTED_EDGE ( 'NONE', *, *, #1807, .T. ) ;
#1565 = CARTESIAN_POINT ( 'NONE',  ( 9.504204806870960809, 28.52870705156890452, 8.499999999999998224 ) ) ;
#1566 = ADVANCED_FACE ( 'NONE', ( #1754 ), #167, .T. ) ;
#1567 = CARTESIAN_POINT ( 'NONE',  ( 12.21093530270484706, 13.48838797301253933, 9.999999999999998224 ) ) ;
#1568 = VERTEX_POINT ( 'NONE', #2382 ) ;
#1569 = ORIENTED_EDGE ( 'NONE', *, *, #196, .T. ) ;
#1570 = CARTESIAN_POINT ( 'NONE',  ( 14.28503777425770060, 22.52870705156892583, 5.000000000000001776 ) ) ;
#1571 = DIRECTION ( 'NONE',  ( -0.000000000000000000, 0.000000000000000000, 1.000000000000000000 ) ) ;
#1572 = VERTEX_POINT ( 'NONE', #3634 ) ;
#1573 = DIRECTION ( 'NONE',  ( 1.000000000000000000, 2.135044278125331319E-15, -0.000000000000000000 ) ) ;
#1574 = ORIENTED_EDGE ( 'NONE', *, *, #3124, .F. ) ;
#1575 = EDGE_CURVE ( 'NONE', #1026, #355, #3323, .T. ) ;
#1576 = DIRECTION ( 'NONE',  ( 0.000000000000000000, 0.000000000000000000, 1.000000000000000000 ) ) ;
#1577 = CARTESIAN_POINT ( 'NONE',  ( -17.96496222574225854, -26.97129294843108838, 3.292323440001584611 ) ) ;
#1578 =( GEOMETRIC_REPRESENTATION_CONTEXT ( 3 ) GLOBAL_UNCERTAINTY_ASSIGNED_CONTEXT ( ( #38 ) ) GLOBAL_UNIT_ASSIGNED_CONTEXT ( ( #2930, #3785, #2272 ) ) REPRESENTATION_CONTEXT ( 'NONE', 'WORKASPACE' ) );
#1579 = PRODUCT_DEFINITION_FORMATION_WITH_SPECIFIED_SOURCE ( 'Symmetric', '', #213, .NOT_KNOWN. ) ;
#1580 = DIRECTION ( 'NONE',  ( 1.000000000000000000, 0.000000000000000000, 0.000000000000000000 ) ) ;
#1581 = CIRCLE ( 'NONE', #3878, 2.749999999999995559 ) ;
#1582 = CIRCLE ( 'NONE', #1522, 1.500000000000001332 ) ;
#1583 = DIRECTION ( 'NONE',  ( -0.000000000000000000, -0.000000000000000000, 1.000000000000000000 ) ) ;
#1584 = EDGE_LOOP ( 'NONE', ( #2380, #2051, #1441, #927 ) ) ;
#1585 = CARTESIAN_POINT ( 'NONE',  ( -12.64106361317945293, -22.11161202698745498, -4.001000000000001222 ) ) ;
#1586 = CARTESIAN_POINT ( 'NONE',  ( -13.46496222574226920, -22.47129294843110969, 8.499999999999998224 ) ) ;
#1587 = VECTOR ( 'NONE', #829, 1000.000000000000000 ) ;
#1588 = CYLINDRICAL_SURFACE ( 'NONE', #864, 1.074999999999999512 ) ;
#1589 = ORIENTED_EDGE ( 'NONE', *, *, #985, .F. ) ;
#1590 = VECTOR ( 'NONE', #1776, 1000.000000000000000 ) ;
#1591 = EDGE_CURVE ( 'NONE', #1052, #3513, #2190, .T. ) ;
#1592 = CARTESIAN_POINT ( 'NONE',  ( 15.78503777425775390, -25.22129294843106706, -4.002000000000000668 ) ) ;
#1593 = LINE ( 'NONE', #2841, #961 ) ;
#1594 = VECTOR ( 'NONE', #224, 1000.000000000000000 ) ;
#1595 = CARTESIAN_POINT ( 'NONE',  ( 15.78503777425776100, 19.77870705156889031, 3.292323440001584611 ) ) ;
#1596 = CIRCLE ( 'NONE', #1201, 3.000000000000000888 ) ;
#1597 = ORIENTED_EDGE ( 'NONE', *, *, #1975, .T. ) ;
#1598 = FILL_AREA_STYLE_COLOUR ( '', #1248 ) ;
#1599 = ORIENTED_EDGE ( 'NONE', *, *, #310, .T. ) ;
#1600 = DIRECTION ( 'NONE',  ( -0.000000000000000000, -0.000000000000000000, -1.000000000000000000 ) ) ;
#1601 = AXIS2_PLACEMENT_3D ( 'NONE', #3809, #712, #3854 ) ;
#1602 = DIRECTION ( 'NONE',  ( 1.000000000000000000, 0.000000000000000000, 0.000000000000000000 ) ) ;
#1603 = EDGE_CURVE ( 'NONE', #1798, #3531, #1909, .T. ) ;
#1604 = ORIENTED_EDGE ( 'NONE', *, *, #3434, .T. ) ;
#1605 = CARTESIAN_POINT ( 'NONE',  ( 2.452039483241733375, 19.84070686846390430, -4.001000000000001222 ) ) ;
#1606 = CARTESIAN_POINT ( 'NONE',  ( -16.21496222574229762, 22.52870705156889031, 9.999999999999998224 ) ) ;
#1607 = ORIENTED_EDGE ( 'NONE', *, *, #3729, .F. ) ;
#1608 = ORIENTED_EDGE ( 'NONE', *, *, #1171, .F. ) ;
#1609 = DIRECTION ( 'NONE',  ( -0.7071067811865585639, -1.226634733346718539E-16, -0.7071067811865364705 ) ) ;
#1610 = CARTESIAN_POINT ( 'NONE',  ( 15.78503777425776100, 19.77870705156889031, -4.002000000000000668 ) ) ;
#1611 = EDGE_CURVE ( 'NONE', #521, #3376, #647, .T. ) ;
#1612 = CARTESIAN_POINT ( 'NONE',  ( -19.46496222574226209, -26.97129294843108838, 3.292323440001584611 ) ) ;
#1613 = ORIENTED_EDGE ( 'NONE', *, *, #1439, .T. ) ;
#1614 = DIRECTION ( 'NONE',  ( -2.135044278125326586E-15, -1.000000000000000000, 0.000000000000000000 ) ) ;
#1615 = DIRECTION ( 'NONE',  ( 0.000000000000000000, 0.000000000000000000, -1.000000000000000000 ) ) ;
#1616 = DIRECTION ( 'NONE',  ( 0.000000000000000000, 1.000000000000000000, 0.000000000000000000 ) ) ;
#1617 = ORIENTED_EDGE ( 'NONE', *, *, #1866, .F. ) ;
#1618 = DIRECTION ( 'NONE',  ( -1.000000000000000000, 0.000000000000000000, -0.000000000000000000 ) ) ;
#1619 = ORIENTED_EDGE ( 'NONE', *, *, #202, .F. ) ;
#1620 = CARTESIAN_POINT ( 'NONE',  ( -16.21496222574229762, 25.27870705156888320, 3.292323440001584611 ) ) ;
#1621 = DIRECTION ( 'NONE',  ( 0.000000000000000000, 0.000000000000000000, 1.000000000000000000 ) ) ;
#1622 = EDGE_CURVE ( 'NONE', #3922, #3786, #520, .T. ) ;
#1623 = DIRECTION ( 'NONE',  ( -1.000000000000000000, 0.000000000000000000, 0.000000000000000000 ) ) ;
#1624 = CARTESIAN_POINT ( 'NONE',  ( -12.64106361317945293, -22.11161202698745498, 8.499999999999998224 ) ) ;
#1625 = CARTESIAN_POINT ( 'NONE',  ( 11.40187074164451175, 28.52870705156890452, 3.292323440001584611 ) ) ;
#1626 = VERTEX_POINT ( 'NONE', #2493 ) ;
#1627 = VERTEX_POINT ( 'NONE', #2517 ) ;
#1628 = LINE ( 'NONE', #3165, #80 ) ;
#1629 = EDGE_CURVE ( 'NONE', #2859, #3297, #3440, .T. ) ;
#1630 = ORIENTED_EDGE ( 'NONE', *, *, #1527, .F. ) ;
#1631 = CARTESIAN_POINT ( 'NONE',  ( 17.53503777425773080, 30.02870705156891162, 3.292323440001584611 ) ) ;
#1632 = DIRECTION ( 'NONE',  ( 0.000000000000000000, 0.000000000000000000, -1.000000000000000000 ) ) ;
#1633 = LINE ( 'NONE', #1658, #3810 ) ;
#1634 = VECTOR ( 'NONE', #267, 1000.000000000000000 ) ;
#1635 = ORIENTED_EDGE ( 'NONE', *, *, #1761, .T. ) ;
#1636 = CARTESIAN_POINT ( 'NONE',  ( -16.96496222574226564, 18.77870705156889031, 8.499999999999998224 ) ) ;
#1637 = ORIENTED_EDGE ( 'NONE', *, *, #2713, .F. ) ;
#1638 = DIRECTION ( 'NONE',  ( -1.156482317317871971E-16, 1.000000000000000000, -0.000000000000000000 ) ) ;
#1639 = CARTESIAN_POINT ( 'NONE',  ( 2.015431251695973813, 11.01227139059988147, 9.999999999999998224 ) ) ;
#1640 = AXIS2_PLACEMENT_3D ( 'NONE', #2918, #1343, #1427 ) ;
#1641 = ORIENTED_EDGE ( 'NONE', *, *, #2378, .F. ) ;
#1642 = FACE_OUTER_BOUND ( 'NONE', #3544, .T. ) ;
#1643 = CYLINDRICAL_SURFACE ( 'NONE', #3035, 1.402036092185268590 ) ;
#1644 = AXIS2_PLACEMENT_3D ( 'NONE', #2995, #176, #1450 ) ;
#1645 = AXIS2_PLACEMENT_3D ( 'NONE', #2599, #2845, #2533 ) ;
#1646 = FACE_OUTER_BOUND ( 'NONE', #1667, .T. ) ;
#1647 = VERTEX_POINT ( 'NONE', #1893 ) ;
#1648 = CARTESIAN_POINT ( 'NONE',  ( -10.88296222574226668, -25.62529294843109540, 1.699999999999999289 ) ) ;
#1649 = CARTESIAN_POINT ( 'NONE',  ( -10.88296222574226668, -25.62529294843109540, -0.1000000000000002554 ) ) ;
#1650 = AXIS2_PLACEMENT_3D ( 'NONE', #3413, #3152, #566 ) ;
#1651 = VECTOR ( 'NONE', #962, 1000.000000000000000 ) ;
#1652 = EDGE_CURVE ( 'NONE', #93, #4026, #2807, .T. ) ;
#1653 = EDGE_LOOP ( 'NONE', ( #1388, #123 ) ) ;
#1654 = AXIS2_PLACEMENT_3D ( 'NONE', #1277, #2566, #2143 ) ;
#1655 = CARTESIAN_POINT ( 'NONE',  ( -11.95796222574226597, -25.62529294843109540, -0.1000000000000002554 ) ) ;
#1656 = CARTESIAN_POINT ( 'NONE',  ( 16.53503777425773791, -18.72129294843107417, -4.002000000000000668 ) ) ;
#1657 = AXIS2_PLACEMENT_3D ( 'NONE', #273, #1528, #2773 ) ;
#1658 = CARTESIAN_POINT ( 'NONE',  ( -17.96496222574226564, 30.02870705156890097, 3.292323440001584611 ) ) ;
#1659 = ADVANCED_FACE ( 'NONE', ( #287, #3746, #2152, #324, #1271 ), #1541, .F. ) ;
#1660 = ORIENTED_EDGE ( 'NONE', *, *, #3484, .T. ) ;
#1661 = LINE ( 'NONE', #3568, #655 ) ;
#1662 = ORIENTED_EDGE ( 'NONE', *, *, #2632, .F. ) ;
#1663 = DIRECTION ( 'NONE',  ( -0.000000000000000000, -0.000000000000000000, 1.000000000000000000 ) ) ;
#1664 = CARTESIAN_POINT ( 'NONE',  ( -3.389963385410266206, 19.84070686846390430, 8.499999999999998224 ) ) ;
#1665 = EDGE_CURVE ( 'NONE', #3523, #3572, #941, .T. ) ;
#1666 = VECTOR ( 'NONE', #1020, 1000.000000000000000 ) ;
#1667 = EDGE_LOOP ( 'NONE', ( #2023, #1617, #283, #1024, #1374, #2511, #659, #3326 ) ) ;
#1668 = CIRCLE ( 'NONE', #2769, 1.000000000000000888 ) ;
#1669 = CARTESIAN_POINT ( 'NONE',  ( 9.710935302704854166, -22.11161202698745853, 8.499999999999998224 ) ) ;
#1670 = EDGE_LOOP ( 'NONE', ( #2037, #2923 ) ) ;
#1671 = VERTEX_POINT ( 'NONE', #571 ) ;
#1672 = CARTESIAN_POINT ( 'NONE',  ( 15.78503777425773613, -22.47129294843107417, 3.292323440001584611 ) ) ;
#1673 = DIRECTION ( 'NONE',  ( -1.000000000000000000, 0.000000000000000000, -0.000000000000000000 ) ) ;
#1674 = VECTOR ( 'NONE', #875, 1000.000000000000000 ) ;
#1675 = EDGE_CURVE ( 'NONE', #2111, #2820, #3136, .T. ) ;
#1676 = ORIENTED_EDGE ( 'NONE', *, *, #531, .T. ) ;
#1677 = CARTESIAN_POINT ( 'NONE',  ( -17.96496222574226564, 30.02870705156890097, 8.499999999999998224 ) ) ;
#1678 = CARTESIAN_POINT ( 'NONE',  ( -9.066960760898265193, 21.25670570879590571, 9.999999999999998224 ) ) ;
#1679 = DIRECTION ( 'NONE',  ( 1.204669080539449344E-16, 0.000000000000000000, -1.000000000000000000 ) ) ;
#1680 = ORIENTED_EDGE ( 'NONE', *, *, #1083, .T. ) ;
#1681 = DIRECTION ( 'NONE',  ( 1.000000000000000000, 0.000000000000000000, 0.000000000000000000 ) ) ;
#1682 = ORIENTED_EDGE ( 'NONE', *, *, #1700, .F. ) ;
#1683 = DIRECTION ( 'NONE',  ( -1.000000000000000000, 0.000000000000000000, 0.000000000000000000 ) ) ;
#1684 = CARTESIAN_POINT ( 'NONE',  ( 7.285040208365946235, -29.97129294843108838, 6.892323440001584700 ) ) ;
#1685 = VERTEX_POINT ( 'NONE', #1558 ) ;
#1686 = AXIS2_PLACEMENT_3D ( 'NONE', #1004, #2255, #1067 ) ;
#1687 = CARTESIAN_POINT ( 'NONE',  ( -16.21496222574229762, 25.27870705156888320, -4.002000000000000668 ) ) ;
#1688 = ADVANCED_FACE ( 'NONE', ( #2474 ), #3725, .F. ) ;
#1689 = EDGE_CURVE ( 'NONE', #1916, #605, #3765, .T. ) ;
#1690 = AXIS2_PLACEMENT_3D ( 'NONE', #1097, #2971, #2947 ) ;
#1691 = CARTESIAN_POINT ( 'NONE',  ( 10.45303777425773362, -25.62529294843109540, -0.1000000000000002554 ) ) ;
#1692 = ORIENTED_EDGE ( 'NONE', *, *, #2587, .F. ) ;
#1693 = ORIENTED_EDGE ( 'NONE', *, *, #2399, .F. ) ;
#1694 = DIRECTION ( 'NONE',  ( 1.000000000000000000, -1.949127501097536693E-16, 0.000000000000000000 ) ) ;
#1695 = CARTESIAN_POINT ( 'NONE',  ( -16.21496222574229051, -19.72129294843107417, -4.002000000000000668 ) ) ;
#1696 = ORIENTED_EDGE ( 'NONE', *, *, #3147, .F. ) ;
#1697 = CARTESIAN_POINT ( 'NONE',  ( -10.88296222574226668, -25.62529294843109540, 1.699999999999999289 ) ) ;
#1698 = FACE_BOUND ( 'NONE', #3446, .T. ) ;
#1699 = CARTESIAN_POINT ( 'NONE',  ( -17.96496222574226564, 27.02870705156890097, 3.292323440001584611 ) ) ;
#1700 = EDGE_CURVE ( 'NONE', #1931, #1095, #3379, .T. ) ;
#1701 = AXIS2_PLACEMENT_3D ( 'NONE', #900, #4037, #1358 ) ;
#1702 = ORIENTED_EDGE ( 'NONE', *, *, #4015, .F. ) ;
#1703 = CARTESIAN_POINT ( 'NONE',  ( -16.21496222574226564, -22.47129294843110969, 3.292323440001584611 ) ) ;
#1704 = ORIENTED_EDGE ( 'NONE', *, *, #3863, .T. ) ;
#1705 = DIRECTION ( 'NONE',  ( 0.000000000000000000, -1.000000000000000000, 0.000000000000000000 ) ) ;
#1707 = AXIS2_PLACEMENT_3D ( 'NONE', #1442, #3934, #1129 ) ;
#1706 = LINE ( 'NONE', #778, #747 ) ;
#1708 = EDGE_CURVE ( 'NONE', #3572, #2549, #1289, .T. ) ;
#1709 = VERTEX_POINT ( 'NONE', #2535 ) ;
#1710 = AXIS2_PLACEMENT_3D ( 'NONE', #3880, #3594, #2626 ) ;
#1711 = EDGE_CURVE ( 'NONE', #1074, #493, #3120, .T. ) ;
#1712 = LINE ( 'NONE', #2960, #3727 ) ;
#1713 = VECTOR ( 'NONE', #1907, 1000.000000000000000 ) ;
#1714 = ORIENTED_EDGE ( 'NONE', *, *, #3068, .T. ) ;
#1715 = CARTESIAN_POINT ( 'NONE',  ( -9.066960760898265193, 17.28171028643190610, 9.999999999999998224 ) ) ;
#1716 = DIRECTION ( 'NONE',  ( -1.949127501097536693E-16, 1.000000000000000000, 0.000000000000000000 ) ) ;
#1717 =( NAMED_UNIT ( * ) SI_UNIT ( $, .STERADIAN. ) SOLID_ANGLE_UNIT ( ) );
#1718 = EDGE_LOOP ( 'NONE', ( #2286, #3480, #2166, #149, #338, #1726, #1825, #2136, #2217, #3016, #3845, #3219, #2027, #3554, #1268, #1150, #980, #246, #1514, #3457, #1714, #3005, #843, #3526, #1149, #1180, #1178, #1470, #1861, #1133, #2083, #750, #3887, #2168, #3262, #2706, #2931, #2707, #354, #2394, #1312, #3122, #2940, #640, #3743, #1564, #2553, #178, #743, #1220 ) ) ;
#1719 = CARTESIAN_POINT ( 'NONE',  ( -17.71496222574226564, -22.47129294843110969, 5.000000000000001776 ) ) ;
#1720 = VECTOR ( 'NONE', #1767, 999.9999999999998863 ) ;
#1721 = CARTESIAN_POINT ( 'NONE',  ( -10.66696076089826661, 21.25670570879590571, -4.001000000000001222 ) ) ;
#1722 = DIRECTION ( 'NONE',  ( 0.000000000000000000, 0.000000000000000000, 1.000000000000000000 ) ) ;
#1723 = AXIS2_PLACEMENT_3D ( 'NONE', #3995, #883, #1188 ) ;
#1724 = AXIS2_PLACEMENT_3D ( 'NONE', #842, #1752, #165 ) ;
#1725 = EDGE_CURVE ( 'NONE', #2905, #2569, #3077, .T. ) ;
#1726 = ORIENTED_EDGE ( 'NONE', *, *, #726, .T. ) ;
#1727 = CYLINDRICAL_SURFACE ( 'NONE', #727, 2.749999999999995559 ) ;
#1728 = ORIENTED_EDGE ( 'NONE', *, *, #624, .F. ) ;
#1729 = DIRECTION ( 'NONE',  ( 1.000000000000000000, 0.000000000000000000, 0.000000000000000000 ) ) ;
#1730 = PLANE ( 'NONE',  #1251 ) ;
#1731 = VECTOR ( 'NONE', #2447, 1000.000000000000000 ) ;
#1732 = EDGE_LOOP ( 'NONE', ( #4018, #2466, #3340, #381 ) ) ;
#1733 = CARTESIAN_POINT ( 'NONE',  ( 10.45303777425773362, 25.68270705156890443, -0.1000000000000002554 ) ) ;
#1734 = EDGE_CURVE ( 'NONE', #1228, #588, #2765, .T. ) ;
#1735 = CIRCLE ( 'NONE', #739, 1.500000000000001332 ) ;
#1736 = AXIS2_PLACEMENT_3D ( 'NONE', #3448, #638, #3146 ) ;
#1737 = CARTESIAN_POINT ( 'NONE',  ( 8.294385674648733442, 19.84070686846390430, -4.001000000000001222 ) ) ;
#1738 = ORIENTED_EDGE ( 'NONE', *, *, #1953, .F. ) ;
#1739 = DIRECTION ( 'NONE',  ( -0.000000000000000000, -0.000000000000000000, 1.000000000000000000 ) ) ;
#1740 = CARTESIAN_POINT ( 'NONE',  ( -16.21496222574229762, 22.52870705156888675, 3.292323440001584611 ) ) ;
#1741 = AXIS2_PLACEMENT_3D ( 'NONE', #2916, #1088, #2934 ) ;
#1742 = ORIENTED_EDGE ( 'NONE', *, *, #1974, .F. ) ;
#1743 = CYLINDRICAL_SURFACE ( 'NONE', #3886, 1.500000000000001332 ) ;
#1744 = CARTESIAN_POINT ( 'NONE',  ( 16.03503777425773791, -28.47129294843108482, -4.000000000000000000 ) ) ;
#1745 = EDGE_CURVE ( 'NONE', #428, #556, #56, .T. ) ;
#1746 = CARTESIAN_POINT ( 'NONE',  ( 16.03503777425773791, -29.97129294843108838, 9.500000000000005329 ) ) ;
#1747 = EDGE_CURVE ( 'NONE', #1497, #2176, #3545, .T. ) ;
#1748 = ORIENTED_EDGE ( 'NONE', *, *, #581, .F. ) ;
#1749 = CARTESIAN_POINT ( 'NONE',  ( -16.21496222574229762, 22.52870705156889031, 3.292323440001584611 ) ) ;
#1750 = ORIENTED_EDGE ( 'NONE', *, *, #194, .F. ) ;
#1751 = LINE ( 'NONE', #1437, #1594 ) ;
#1752 = DIRECTION ( 'NONE',  ( 0.000000000000000000, -0.000000000000000000, -1.000000000000000000 ) ) ;
#1753 = ORIENTED_EDGE ( 'NONE', *, *, #3610, .F. ) ;
#1754 = FACE_OUTER_BOUND ( 'NONE', #1902, .T. ) ;
#1755 = EDGE_CURVE ( 'NONE', #1015, #3283, #2352, .T. ) ;
#1756 = ORIENTED_EDGE ( 'NONE', *, *, #3292, .F. ) ;
#1757 = EDGE_LOOP ( 'NONE', ( #966, #3345 ) ) ;
#1758 = CARTESIAN_POINT ( 'NONE',  ( -16.21496222574229051, -25.22129294843106706, 8.499999999999998224 ) ) ;
#1759 = DIRECTION ( 'NONE',  ( 1.000000000000000000, 0.000000000000000000, 0.000000000000000000 ) ) ;
#1760 = AXIS2_PLACEMENT_3D ( 'NONE', #3924, #3295, #2350 ) ;
#1761 = EDGE_CURVE ( 'NONE', #3277, #869, #120, .T. ) ;
#1762 = ORIENTED_EDGE ( 'NONE', *, *, #2340, .T. ) ;
#1763 = DIRECTION ( 'NONE',  ( 1.911638545475405006E-16, -0.7071067811865584529, -0.7071067811865365815 ) ) ;
#1764 = CARTESIAN_POINT ( 'NONE',  ( -16.46496222574226920, 30.02870705156890097, 3.292323440001584611 ) ) ;
#1765 = CARTESIAN_POINT ( 'NONE',  ( -16.21496222574229762, 22.52870705156889031, -4.002000000000000668 ) ) ;
#1766 = ORIENTED_EDGE ( 'NONE', *, *, #2636, .F. ) ;
#1767 = DIRECTION ( 'NONE',  ( 0.000000000000000000, -0.7071067811865376918, -0.7071067811865574537 ) ) ;
#1768 = ORIENTED_EDGE ( 'NONE', *, *, #3529, .T. ) ;
#1769 = LINE ( 'NONE', #2356, #289 ) ;
#1770 = DIRECTION ( 'NONE',  ( -0.000000000000000000, 0.000000000000000000, 1.000000000000000000 ) ) ;
#1771 = ORIENTED_EDGE ( 'NONE', *, *, #2588, .T. ) ;
#1772 = EDGE_LOOP ( 'NONE', ( #1940, #2156 ) ) ;
#1773 = DIRECTION ( 'NONE',  ( 1.000000000000000000, 0.000000000000000000, 0.000000000000000000 ) ) ;
#1774 = AXIS2_PLACEMENT_3D ( 'NONE', #1733, #1463, #2985 ) ;
#1775 = VERTEX_POINT ( 'NONE', #3241 ) ;
#1776 = DIRECTION ( 'NONE',  ( -0.000000000000000000, -0.000000000000000000, 1.000000000000000000 ) ) ;
#1777 = CARTESIAN_POINT ( 'NONE',  ( 16.53503777425774146, -26.22129294843106706, -4.002000000000000668 ) ) ;
#1778 = AXIS2_PLACEMENT_3D ( 'NONE', #565, #3387, #2452 ) ;
#1779 = ORIENTED_EDGE ( 'NONE', *, *, #496, .T. ) ;
#1780 = LINE ( 'NONE', #2071, #2770 ) ;
#1781 = CARTESIAN_POINT ( 'NONE',  ( -16.46496222574226209, -29.47129294843110614, 9.999999999999998224 ) ) ;
#1782 = EDGE_CURVE ( 'NONE', #3357, #975, #974, .T. ) ;
#1783 = CARTESIAN_POINT ( 'NONE',  ( -16.21496222574229762, 25.27870705156888320, 8.499999999999998224 ) ) ;
#1784 = AXIS2_PLACEMENT_3D ( 'NONE', #939, #2455, #3992 ) ;
#1785 = ORIENTED_EDGE ( 'NONE', *, *, #2686, .F. ) ;
#1786 = DIRECTION ( 'NONE',  ( 1.000000000000000000, 0.000000000000000000, 0.000000000000000000 ) ) ;
#1787 = ORIENTED_EDGE ( 'NONE', *, *, #2194, .T. ) ;
#1788 = LINE ( 'NONE', #510, #818 ) ;
#1789 = CARTESIAN_POINT ( 'NONE',  ( -7.882962225742265794, -25.62529294843109540, 1.699999999999999289 ) ) ;
#1790 = EDGE_CURVE ( 'NONE', #880, #2633, #3065, .T. ) ;
#1791 = CIRCLE ( 'NONE', #2562, 2.250000000000001776 ) ;
#1792 = ORIENTED_EDGE ( 'NONE', *, *, #291, .T. ) ;
#1793 = ORIENTED_EDGE ( 'NONE', *, *, #1524, .T. ) ;
#1794 = LINE ( 'NONE', #3046, #75 ) ;
#1795 = EDGE_CURVE ( 'NONE', #699, #1443, #390, .T. ) ;
#1796 = AXIS2_PLACEMENT_3D ( 'NONE', #3978, #150, #3309 ) ;
#1797 = ORIENTED_EDGE ( 'NONE', *, *, #2938, .T. ) ;
#1798 = VERTEX_POINT ( 'NONE', #3195 ) ;
#1799 = CARTESIAN_POINT ( 'NONE',  ( -13.96496222574229762, 22.52870705156889031, 5.000000000000001776 ) ) ;
#1800 = VECTOR ( 'NONE', #2246, 1000.000000000000000 ) ;
#1801 = AXIS2_PLACEMENT_3D ( 'NONE', #809, #1467, #1759 ) ;
#1802 = ORIENTED_EDGE ( 'NONE', *, *, #3855, .F. ) ;
#1803 = AXIS2_PLACEMENT_3D ( 'NONE', #3103, #288, #101 ) ;
#1804 = DIRECTION ( 'NONE',  ( 0.000000000000000000, 0.000000000000000000, -1.000000000000000000 ) ) ;
#1805 = CARTESIAN_POINT ( 'NONE',  ( -10.66696076089826661, 21.25670570879590571, 8.499999999999998224 ) ) ;
#1806 = DIRECTION ( 'NONE',  ( 0.000000000000000000, 1.000000000000000000, 0.000000000000000000 ) ) ;
#1807 = EDGE_CURVE ( 'NONE', #2099, #345, #1397, .T. ) ;
#1808 = DIRECTION ( 'NONE',  ( 0.000000000000000000, 0.000000000000000000, -1.000000000000000000 ) ) ;
#1809 = VERTEX_POINT ( 'NONE', #2293 ) ;
#1810 = AXIS2_PLACEMENT_3D ( 'NONE', #164, #3000, #1104 ) ;
#1811 = DIRECTION ( 'NONE',  ( 1.000000000000000000, 2.703465157366452467E-16, 0.000000000000000000 ) ) ;
#1812 = EDGE_LOOP ( 'NONE', ( #1462, #2032 ) ) ;
#1813 = DIRECTION ( 'NONE',  ( -1.949127501097536693E-16, 1.000000000000000000, 0.000000000000000000 ) ) ;
#1814 = FACE_BOUND ( 'NONE', #3497, .T. ) ;
#1815 = VECTOR ( 'NONE', #1380, 1000.000000000000000 ) ;
#1816 = ORIENTED_EDGE ( 'NONE', *, *, #18, .T. ) ;
#1817 = ORIENTED_EDGE ( 'NONE', *, *, #231, .T. ) ;
#1818 = DIRECTION ( 'NONE',  ( 1.000000000000000000, 0.000000000000000000, 0.000000000000000000 ) ) ;
#1819 = EDGE_CURVE ( 'NONE', #646, #2855, #981, .T. ) ;
#1820 = LINE ( 'NONE', #2477, #2306 ) ;
#1821 = ORIENTED_EDGE ( 'NONE', *, *, #2295, .F. ) ;
#1822 = CARTESIAN_POINT ( 'NONE',  ( 15.78503777425770060, 22.52870705156892583, 5.000000000000001776 ) ) ;
#1823 = PLANE ( 'NONE',  #1253 ) ;
#1824 = AXIS2_PLACEMENT_3D ( 'NONE', #1224, #2814, #2468 ) ;
#1825 = ORIENTED_EDGE ( 'NONE', *, *, #2604, .T. ) ;
#1826 = LINE ( 'NONE', #1687, #1815 ) ;
#1827 = VERTEX_POINT ( 'NONE', #2016 ) ;
#1828 = EDGE_CURVE ( 'NONE', #3979, #950, #2231, .T. ) ;
#1829 = LINE ( 'NONE', #3075, #44 ) ;
#1830 = CARTESIAN_POINT ( 'NONE',  ( -16.96496222574226564, 26.27870705156888320, 8.499999999999998224 ) ) ;
#1831 = EDGE_LOOP ( 'NONE', ( #1089, #3650 ) ) ;
#1832 = CARTESIAN_POINT ( 'NONE',  ( 15.78503777425776988, 25.27870705156888320, 3.292323440001584611 ) ) ;
#1833 = ORIENTED_EDGE ( 'NONE', *, *, #2996, .T. ) ;
#1834 = CARTESIAN_POINT ( 'NONE',  ( 16.03503777425773436, 27.02870705156891162, 3.292323440001584611 ) ) ;
#1835 = ADVANCED_FACE ( 'NONE', ( #2932 ), #689, .T. ) ;
#1836 = CARTESIAN_POINT ( 'NONE',  ( 18.03503777425773436, -22.47129294843107417, 5.000000000000001776 ) ) ;
#1837 = ADVANCED_FACE ( 'NONE', ( #734 ), #1377, .F. ) ;
#1838 = ORIENTED_EDGE ( 'NONE', *, *, #2711, .F. ) ;
#1839 = CYLINDRICAL_SURFACE ( 'NONE', #1657, 2.250000000000001776 ) ;
#1840 = ADVANCED_FACE ( 'NONE', ( #1932 ), #3178, .F. ) ;
#1841 = DIRECTION ( 'NONE',  ( -0.000000000000000000, -0.000000000000000000, 1.000000000000000000 ) ) ;
#1842 = VERTEX_POINT ( 'NONE', #2315 ) ;
#1843 = FACE_OUTER_BOUND ( 'NONE', #600, .T. ) ;
#1844 = CARTESIAN_POINT ( 'NONE',  ( 16.03503777425773436, 27.02870705156891162, -4.000000000000000000 ) ) ;
#1845 = VECTOR ( 'NONE', #2188, 1000.000000000000000 ) ;
#1846 = FACE_OUTER_BOUND ( 'NONE', #2034, .T. ) ;
#1847 = FACE_OUTER_BOUND ( 'NONE', #323, .T. ) ;
#1848 = VECTOR ( 'NONE', #2033, 1000.000000000000000 ) ;
#1849 = VERTEX_POINT ( 'NONE', #369 ) ;
#1850 = CARTESIAN_POINT ( 'NONE',  ( 7.285040208365946235, -29.97129294843108838, 6.892323440001584700 ) ) ;
#1851 = ORIENTED_EDGE ( 'NONE', *, *, #1869, .T. ) ;
#1852 = CARTESIAN_POINT ( 'NONE',  ( -16.21496222574229051, -19.72129294843107417, -4.002000000000000668 ) ) ;
#1853 = DIRECTION ( 'NONE',  ( -0.000000000000000000, -0.000000000000000000, 1.000000000000000000 ) ) ;
#1854 = CIRCLE ( 'NONE', #2560, 2.749999999999995559 ) ;
#1855 = AXIS2_PLACEMENT_3D ( 'NONE', #1605, #36, #2236 ) ;
#1856 = EDGE_LOOP ( 'NONE', ( #742, #1597, #831, #2887 ) ) ;
#1857 = EDGE_CURVE ( 'NONE', #2734, #1128, #3570, .T. ) ;
#1858 = AXIS2_PLACEMENT_3D ( 'NONE', #1672, #2544, #3795 ) ;
#1859 = CARTESIAN_POINT ( 'NONE',  ( 14.28503777425773436, -22.47129294843107417, 5.000000000000001776 ) ) ;
#1860 = VECTOR ( 'NONE', #2520, 1000.000000000000000 ) ;
#1861 = ORIENTED_EDGE ( 'NONE', *, *, #3565, .F. ) ;
#1862 = LINE ( 'NONE', #3447, #148 ) ;
#1863 = AXIS2_PLACEMENT_3D ( 'NONE', #1844, #300, #47 ) ;
#1864 = LINE ( 'NONE', #2791, #70 ) ;
#1865 = VECTOR ( 'NONE', #586, 1000.000000000000000 ) ;
#1866 = EDGE_CURVE ( 'NONE', #3133, #2859, #1491, .T. ) ;
#1867 = ORIENTED_EDGE ( 'NONE', *, *, #519, .T. ) ;
#1868 = DIRECTION ( 'NONE',  ( 0.000000000000000000, 0.000000000000000000, 1.000000000000000000 ) ) ;
#1869 = EDGE_CURVE ( 'NONE', #975, #3938, #3853, .T. ) ;
#1870 = CARTESIAN_POINT ( 'NONE',  ( -16.46496222574226920, 27.02870705156890097, 9.999999999999998224 ) ) ;
#1871 = DIRECTION ( 'NONE',  ( -0.000000000000000000, 0.000000000000000000, 1.000000000000000000 ) ) ;
#1872 = ORIENTED_EDGE ( 'NONE', *, *, #3329, .F. ) ;
#1873 = DIRECTION ( 'NONE',  ( -1.000000000000000000, 2.135044278125326981E-15, -0.000000000000000000 ) ) ;
#1874 = VERTEX_POINT ( 'NONE', #2890 ) ;
#1875 = DIRECTION ( 'NONE',  ( -1.156482317317871971E-16, 1.000000000000000000, -0.000000000000000000 ) ) ;
#1876 = FACE_OUTER_BOUND ( 'NONE', #240, .T. ) ;
#1877 = LINE ( 'NONE', #3066, #1860 ) ;
#1878 = EDGE_CURVE ( 'NONE', #3598, #2616, #1335, .T. ) ;
#1879 = VERTEX_POINT ( 'NONE', #1969 ) ;
#1880 = FACE_OUTER_BOUND ( 'NONE', #321, .T. ) ;
#1881 = EDGE_CURVE ( 'NONE', #692, #882, #3216, .T. ) ;
#1882 = CARTESIAN_POINT ( 'NONE',  ( -17.96496222574225854, -18.72129294843107417, 8.499999999999998224 ) ) ;
#1883 = ORIENTED_EDGE ( 'NONE', *, *, #2547, .T. ) ;
#1884 = DIRECTION ( 'NONE',  ( -0.000000000000000000, -0.000000000000000000, 1.000000000000000000 ) ) ;
#1885 = CARTESIAN_POINT ( 'NONE',  ( -19.46496222574226209, -28.47129294843108482, 8.499999999999998224 ) ) ;
#1886 = CARTESIAN_POINT ( 'NONE',  ( 15.78503777425775390, -25.22129294843106706, 3.292323440001584611 ) ) ;
#1887 = DIRECTION ( 'NONE',  ( 0.000000000000000000, 0.000000000000000000, 1.000000000000000000 ) ) ;
#1888 = EDGE_CURVE ( 'NONE', #3580, #3713, #1769, .T. ) ;
#1889 = CIRCLE ( 'NONE', #113, 1.000000000000000888 ) ;
#1890 = ORIENTED_EDGE ( 'NONE', *, *, #2386, .T. ) ;
#1891 = FACE_OUTER_BOUND ( 'NONE', #3093, .T. ) ;
#1892 = ORIENTED_EDGE ( 'NONE', *, *, #476, .T. ) ;
#1893 = CARTESIAN_POINT ( 'NONE',  ( -16.46496222574226209, -28.47129294843108482, 3.292323440001584611 ) ) ;
#1894 = DIRECTION ( 'NONE',  ( -1.000000000000000000, 0.000000000000000000, -0.000000000000000000 ) ) ;
#1895 = LINE ( 'NONE', #327, #2048 ) ;
#1896 = CARTESIAN_POINT ( 'NONE',  ( 19.03503777425773080, 27.02870705156891162, 9.500000000000005329 ) ) ;
#1897 = DIRECTION ( 'NONE',  ( 0.000000000000000000, 0.000000000000000000, -1.000000000000000000 ) ) ;
#1898 = ORIENTED_EDGE ( 'NONE', *, *, #81, .F. ) ;
#1899 = CARTESIAN_POINT ( 'NONE',  ( 4.793649565339142882, 11.01227139059988147, 8.499999999999994671 ) ) ;
#1900 = CARTESIAN_POINT ( 'NONE',  ( -16.96496222574225854, -19.72129294843107417, 8.499999999999998224 ) ) ;
#1901 = CARTESIAN_POINT ( 'NONE',  ( -16.96496222574225854, -19.72129294843107417, -4.002000000000000668 ) ) ;
#1902 = EDGE_LOOP ( 'NONE', ( #1630, #187, #2956, #847 ) ) ;
#1903 = EDGE_LOOP ( 'NONE', ( #665, #3244, #704, #940 ) ) ;
#1904 = DIRECTION ( 'NONE',  ( 0.000000000000000000, 0.000000000000000000, -1.000000000000000000 ) ) ;
#1905 = DIRECTION ( 'NONE',  ( -1.000000000000000000, 0.000000000000000000, 0.000000000000000000 ) ) ;
#1906 = ORIENTED_EDGE ( 'NONE', *, *, #1306, .F. ) ;
#1907 = DIRECTION ( 'NONE',  ( 0.000000000000000000, 0.000000000000000000, 1.000000000000000000 ) ) ;
#1908 = EDGE_LOOP ( 'NONE', ( #1545, #3143, #3682, #1278 ) ) ;
#1909 = LINE ( 'NONE', #2169, #1634 ) ;
#1910 = CARTESIAN_POINT ( 'NONE',  ( -13.88296222574226668, -25.62529294843109540, 1.699999999999999289 ) ) ;
#1911 = CIRCLE ( 'NONE', #3997, 2.250000000000001776 ) ;
#1912 = CARTESIAN_POINT ( 'NONE',  ( -11.95796222574226597, -25.62529294843109540, 1.699999999999999289 ) ) ;
#1913 = AXIS2_PLACEMENT_3D ( 'NONE', #3018, #1423, #530 ) ;
#1914 = VECTOR ( 'NONE', #2767, 1000.000000000000000 ) ;
#1915 = DIRECTION ( 'NONE',  ( 1.156482317317871971E-16, -1.000000000000000000, 0.000000000000000000 ) ) ;
#1916 = VERTEX_POINT ( 'NONE', #2663 ) ;
#1917 = EDGE_LOOP ( 'NONE', ( #183, #163, #3946, #1035 ) ) ;
#1918 = PLANE ( 'NONE',  #2766 ) ;
#1919 = CIRCLE ( 'NONE', #1858, 1.500000000000001332 ) ;
#1920 = DIRECTION ( 'NONE',  ( -0.000000000000000000, -0.000000000000000000, 1.000000000000000000 ) ) ;
#1921 = ORIENTED_EDGE ( 'NONE', *, *, #3472, .F. ) ;
#1922 = DIRECTION ( 'NONE',  ( -0.000000000000000000, 0.000000000000000000, 1.000000000000000000 ) ) ;
#1923 = DIRECTION ( 'NONE',  ( -0.000000000000000000, 1.000000000000000000, -0.000000000000000000 ) ) ;
#1924 = AXIS2_PLACEMENT_3D ( 'NONE', #1124, #2679, #3606 ) ;
#1925 = CARTESIAN_POINT ( 'NONE',  ( -19.46496222574226209, -29.97129294843108838, 3.292323440001584611 ) ) ;
#1926 = EDGE_CURVE ( 'NONE', #1874, #2905, #1788, .T. ) ;
#1927 = VECTOR ( 'NONE', #3738, 1000.000000000000000 ) ;
#1928 = VECTOR ( 'NONE', #1430, 1000.000000000000000 ) ;
#1929 = ORIENTED_EDGE ( 'NONE', *, *, #1050, .T. ) ;
#1930 = SURFACE_STYLE_FILL_AREA ( #3503 ) ;
#1931 = VERTEX_POINT ( 'NONE', #3667 ) ;
#1932 = FACE_OUTER_BOUND ( 'NONE', #2788, .T. ) ;
#1933 = AXIS2_PLACEMENT_3D ( 'NONE', #1273, #347, #2518 ) ;
#1934 = CARTESIAN_POINT ( 'NONE',  ( -4.791999477595536128, 19.84070686846390430, 9.999999999999998224 ) ) ;
#1935 = DIRECTION ( 'NONE',  ( -0.000000000000000000, -0.000000000000000000, 1.000000000000000000 ) ) ;
#1936 = DIRECTION ( 'NONE',  ( 0.000000000000000000, 0.000000000000000000, -1.000000000000000000 ) ) ;
#1937 = ADVANCED_FACE ( 'NONE', ( #2097 ), #3911, .T. ) ;
#1938 = DIRECTION ( 'NONE',  ( 1.000000000000000000, 0.000000000000000000, 0.000000000000000000 ) ) ;
#1939 = ORIENTED_EDGE ( 'NONE', *, *, #2993, .F. ) ;
#1940 = ORIENTED_EDGE ( 'NONE', *, *, #2519, .T. ) ;
#1941 = LINE ( 'NONE', #3533, #2825 ) ;
#1942 = PLANE ( 'NONE',  #1138 ) ;
#1943 = EDGE_LOOP ( 'NONE', ( #3177, #1464, #3385, #3083 ) ) ;
#1944 = DIRECTION ( 'NONE',  ( 1.156482317317871971E-16, -1.000000000000000000, 0.000000000000000000 ) ) ;
#1945 = CARTESIAN_POINT ( 'NONE',  ( 10.45303777425773362, -25.62529294843109540, 1.699999999999999289 ) ) ;
#1946 = DIRECTION ( 'NONE',  ( -0.000000000000000000, -0.000000000000000000, 1.000000000000000000 ) ) ;
#1947 = EDGE_LOOP ( 'NONE', ( #2160, #3586, #3823, #906 ) ) ;
#1948 = ORIENTED_EDGE ( 'NONE', *, *, #3293, .F. ) ;
#1949 = DIRECTION ( 'NONE',  ( 0.000000000000000000, 0.000000000000000000, -1.000000000000000000 ) ) ;
#1950 = PLANE ( 'NONE',  #3613 ) ;
#1951 = ORIENTED_EDGE ( 'NONE', *, *, #65, .F. ) ;
#1952 = CARTESIAN_POINT ( 'NONE',  ( -11.95796222574226597, -25.62529294843109540, -0.1000000000000002554 ) ) ;
#1953 = EDGE_CURVE ( 'NONE', #2764, #1026, #3041, .T. ) ;
#1954 = CARTESIAN_POINT ( 'NONE',  ( -19.46496222574226209, -26.97129294843108838, 9.500000000000005329 ) ) ;
#1955 = EDGE_CURVE ( 'NONE', #3277, #861, #1498, .T. ) ;
#1956 = DIRECTION ( 'NONE',  ( 1.000000000000000000, 0.000000000000000000, 0.000000000000000000 ) ) ;
#1957 = ORIENTED_EDGE ( 'NONE', *, *, #748, .F. ) ;
#1958 = VERTEX_POINT ( 'NONE', #3300 ) ;
#1959 = DIRECTION ( 'NONE',  ( 1.000000000000000000, 0.000000000000000000, 0.000000000000000000 ) ) ;
#1960 = LINE ( 'NONE', #2857, #4023 ) ;
#1961 = EDGE_CURVE ( 'NONE', #646, #3580, #1142, .T. ) ;
#1962 = EDGE_LOOP ( 'NONE', ( #433, #3866 ) ) ;
#1963 = CARTESIAN_POINT ( 'NONE',  ( -11.95796222574226597, 25.68270705156890443, -0.1000000000000002554 ) ) ;
#1964 = CARTESIAN_POINT ( 'NONE',  ( -18.46496222574230117, 22.52870705156889031, 5.000000000000001776 ) ) ;
#1965 = FACE_OUTER_BOUND ( 'NONE', #2278, .T. ) ;
#1966 = ORIENTED_EDGE ( 'NONE', *, *, #1665, .F. ) ;
#1967 = LINE ( 'NONE', #3214, #3090 ) ;
#1968 = ORIENTED_EDGE ( 'NONE', *, *, #173, .T. ) ;
#1969 = CARTESIAN_POINT ( 'NONE',  ( -11.95796222574226597, 25.68270705156890443, -0.1000000000000002554 ) ) ;
#1970 = CARTESIAN_POINT ( 'NONE',  ( 18.03503777425769883, 22.52870705156892583, 5.000000000000001776 ) ) ;
#1971 = VERTEX_POINT ( 'NONE', #491 ) ;
#1972 = LINE ( 'NONE', #3220, #827 ) ;
#1973 = DIRECTION ( 'NONE',  ( 1.000000000000000000, 0.000000000000000000, 0.000000000000000000 ) ) ;
#1974 = EDGE_CURVE ( 'NONE', #2375, #1056, #1751, .T. ) ;
#1975 = EDGE_CURVE ( 'NONE', #1052, #2905, #1479, .T. ) ;
#1976 = AXIS2_PLACEMENT_3D ( 'NONE', #334, #2968, #2007 ) ;
#1977 = FACE_OUTER_BOUND ( 'NONE', #2941, .T. ) ;
#1978 = EDGE_LOOP ( 'NONE', ( #3339, #138, #1401, #899 ) ) ;
#1979 = ORIENTED_EDGE ( 'NONE', *, *, #1575, .T. ) ;
#1980 = DIRECTION ( 'NONE',  ( 0.000000000000000000, 0.000000000000000000, 1.000000000000000000 ) ) ;
#1981 = CARTESIAN_POINT ( 'NONE',  ( 18.03503777425773436, -22.47129294843107417, 5.000000000000001776 ) ) ;
#1982 = CIRCLE ( 'NONE', #2965, 3.000000000000000888 ) ;
#1983 = AXIS2_PLACEMENT_3D ( 'NONE', #2826, #905, #1580 ) ;
#1984 = VERTEX_POINT ( 'NONE', #3353 ) ;
#1985 = CARTESIAN_POINT ( 'NONE',  ( -9.066960760898265193, 21.25670570879590571, 8.499999999999998224 ) ) ;
#1986 = CARTESIAN_POINT ( 'NONE',  ( -16.96496222574226209, -25.22129294843106706, -4.002000000000000668 ) ) ;
#1987 = CIRCLE ( 'NONE', #214, 2.749999999999995559 ) ;
#1988 = PLANE ( 'NONE',  #3678 ) ;
#1989 = EDGE_CURVE ( 'NONE', #3148, #615, #3686, .T. ) ;
#1990 = EDGE_CURVE ( 'NONE', #1394, #1627, #2704, .T. ) ;
#1991 = ORIENTED_EDGE ( 'NONE', *, *, #348, .F. ) ;
#1992 = DIRECTION ( 'NONE',  ( 1.000000000000000000, 0.000000000000000000, 0.000000000000000000 ) ) ;
#1993 = ORIENTED_EDGE ( 'NONE', *, *, #2843, .F. ) ;
#1994 = DIRECTION ( 'NONE',  ( 0.000000000000000000, 0.000000000000000000, -1.000000000000000000 ) ) ;
#1995 = PLANE ( 'NONE',  #17 ) ;
#1996 = AXIS2_PLACEMENT_3D ( 'NONE', #1697, #1057, #3560 ) ;
#1997 = VERTEX_POINT ( 'NONE', #2414 ) ;
#1998 = AXIS2_PLACEMENT_3D ( 'NONE', #2954, #3833, #1068 ) ;
#1999 = CARTESIAN_POINT ( 'NONE',  ( 17.53503777425773080, 30.02870705156891162, -4.000000000000000000 ) ) ;
#2000 = VECTOR ( 'NONE', #4049, 1000.000000000000000 ) ;
#2001 = CARTESIAN_POINT ( 'NONE',  ( -16.21496222574229051, -25.22129294843106706, -4.002000000000000668 ) ) ;
#2002 = EDGE_CURVE ( 'NONE', #501, #1042, #1147, .T. ) ;
#2003 = ORIENTED_EDGE ( 'NONE', *, *, #3078, .F. ) ;
#2004 = ORIENTED_EDGE ( 'NONE', *, *, #1411, .F. ) ;
#2005 = CARTESIAN_POINT ( 'NONE',  ( 16.53503777425774146, -26.22129294843106706, 3.292323440001584611 ) ) ;
#2006 = CARTESIAN_POINT ( 'NONE',  ( 16.03503777425773791, -29.47129294843110614, 9.999999999999998224 ) ) ;
#2007 = DIRECTION ( 'NONE',  ( 1.000000000000000000, 0.000000000000000000, 0.000000000000000000 ) ) ;
#2008 = VERTEX_POINT ( 'NONE', #2376 ) ;
#2009 = LINE ( 'NONE', #1985, #482 ) ;
#2010 = DIRECTION ( 'NONE',  ( -0.000000000000000000, -0.000000000000000000, -1.000000000000000000 ) ) ;
#2011 = LINE ( 'NONE', #3849, #1191 ) ;
#2012 = EDGE_CURVE ( 'NONE', #1396, #3694, #671, .T. ) ;
#2013 = VERTEX_POINT ( 'NONE', #1087 ) ;
#2014 = FACE_BOUND ( 'NONE', #3317, .T. ) ;
#2015 = ORIENTED_EDGE ( 'NONE', *, *, #3197, .F. ) ;
#2016 = CARTESIAN_POINT ( 'NONE',  ( -16.96496222574226564, 19.77870705156889031, 8.499999999999998224 ) ) ;
#2017 = CARTESIAN_POINT ( 'NONE',  ( 17.53503777425774146, -26.97129294843108482, 3.292323440001584611 ) ) ;
#2018 = ORIENTED_EDGE ( 'NONE', *, *, #4015, .T. ) ;
#2019 = DIRECTION ( 'NONE',  ( 0.000000000000000000, 0.000000000000000000, -1.000000000000000000 ) ) ;
#2020 = AXIS2_PLACEMENT_3D ( 'NONE', #3704, #3095, #3115 ) ;
#2021 = DIRECTION ( 'NONE',  ( -0.000000000000000000, -0.000000000000000000, 1.000000000000000000 ) ) ;
#2022 = ORIENTED_EDGE ( 'NONE', *, *, #3370, .F. ) ;
#2023 = ORIENTED_EDGE ( 'NONE', *, *, #1629, .F. ) ;
#2024 = LINE ( 'NONE', #3006, #806 ) ;
#2025 = DIRECTION ( 'NONE',  ( 1.000000000000000000, 0.000000000000000000, 0.000000000000000000 ) ) ;
#2026 = EDGE_CURVE ( 'NONE', #493, #2456, #2337, .T. ) ;
#2027 = ORIENTED_EDGE ( 'NONE', *, *, #3832, .T. ) ;
#2028 = DIRECTION ( 'NONE',  ( 2.409338161078898687E-16, -0.000000000000000000, -1.000000000000000000 ) ) ;
#2029 = CARTESIAN_POINT ( 'NONE',  ( -11.83179519312907679, -28.47129294843108482, 3.292323440001584611 ) ) ;
#2030 = CARTESIAN_POINT ( 'NONE',  ( -14.71496222574229762, 22.52870705156888675, 5.000000000000001776 ) ) ;
#2031 = EDGE_CURVE ( 'NONE', #2831, #731, #3589, .T. ) ;
#2032 = ORIENTED_EDGE ( 'NONE', *, *, #926, .T. ) ;
#2033 = DIRECTION ( 'NONE',  ( -0.000000000000000000, -0.000000000000000000, 1.000000000000000000 ) ) ;
#2034 = EDGE_LOOP ( 'NONE', ( #3009, #2230, #4021, #3894 ) ) ;
#2035 = CARTESIAN_POINT ( 'NONE',  ( 16.53503777425773791, -19.72129294843107417, -4.002000000000000668 ) ) ;
#2036 = PLANE ( 'NONE',  #1741 ) ;
#2037 = ORIENTED_EDGE ( 'NONE', *, *, #168, .F. ) ;
#2038 = ADVANCED_FACE ( 'NONE', ( #469 ), #2979, .F. ) ;
#2039 = DIRECTION ( 'NONE',  ( 1.000000000000000000, 0.000000000000000000, 0.000000000000000000 ) ) ;
#2040 = VECTOR ( 'NONE', #2973, 1000.000000000000000 ) ;
#2041 = ORIENTED_EDGE ( 'NONE', *, *, #3068, .F. ) ;
#2042 = DIRECTION ( 'NONE',  ( 1.000000000000000000, 0.000000000000000000, 0.000000000000000000 ) ) ;
#2043 = DIRECTION ( 'NONE',  ( 0.000000000000000000, -0.000000000000000000, -1.000000000000000000 ) ) ;
#2044 = ORIENTED_EDGE ( 'NONE', *, *, #3921, .T. ) ;
#2045 = PLANE ( 'NONE',  #3494 ) ;
#2046 = VECTOR ( 'NONE', #623, 1000.000000000000000 ) ;
#2047 = CARTESIAN_POINT ( 'NONE',  ( -19.46496222574226209, -26.97129294843108838, 9.500000000000005329 ) ) ;
#2048 = VECTOR ( 'NONE', #2154, 1000.000000000000000 ) ;
#2049 = CARTESIAN_POINT ( 'NONE',  ( -16.21496222574229407, 19.77870705156889031, -4.002000000000000668 ) ) ;
#2050 = AXIS2_PLACEMENT_3D ( 'NONE', #1765, #2721, #2675 ) ;
#2051 = ORIENTED_EDGE ( 'NONE', *, *, #3771, .F. ) ;
#2052 = FACE_BOUND ( 'NONE', #76, .T. ) ;
#2053 = CIRCLE ( 'NONE', #276, 3.000000000000000000 ) ;
#2054 = ORIENTED_EDGE ( 'NONE', *, *, #2933, .T. ) ;
#2055 = EDGE_CURVE ( 'NONE', #2502, #1997, #3630, .T. ) ;
#2056 = DIRECTION ( 'NONE',  ( -0.000000000000000000, -0.000000000000000000, 1.000000000000000000 ) ) ;
#2057 = DIRECTION ( 'NONE',  ( -0.000000000000000000, -0.000000000000000000, 1.000000000000000000 ) ) ;
#2058 = AXIS2_PLACEMENT_3D ( 'NONE', #2877, #1609, #3843 ) ;
#2059 = VERTEX_POINT ( 'NONE', #822 ) ;
#2060 = DIRECTION ( 'NONE',  ( 0.000000000000000000, 0.000000000000000000, -1.000000000000000000 ) ) ;
#2061 = CIRCLE ( 'NONE', #284, 1.074999999999999512 ) ;
#2062 = EDGE_CURVE ( 'NONE', #1775, #1383, #2077, .T. ) ;
#2063 = CIRCLE ( 'NONE', #610, 2.250000000000001776 ) ;
#2064 = DIRECTION ( 'NONE',  ( 1.000000000000000000, 2.135044278125326586E-15, 0.000000000000000000 ) ) ;
#2065 = ORIENTED_EDGE ( 'NONE', *, *, #3973, .T. ) ;
#2066 = FACE_OUTER_BOUND ( 'NONE', #272, .T. ) ;
#2067 = DIRECTION ( 'NONE',  ( 0.000000000000000000, -0.000000000000000000, -1.000000000000000000 ) ) ;
#2068 = VECTOR ( 'NONE', #777, 1000.000000000000000 ) ;
#2069 = EDGE_CURVE ( 'NONE', #355, #4043, #3718, .T. ) ;
#2070 = ORIENTED_EDGE ( 'NONE', *, *, #2588, .F. ) ;
#2071 = CARTESIAN_POINT ( 'NONE',  ( 18.53503777425775567, -26.97129294843108482, 9.999999999999998224 ) ) ;
#2072 = CARTESIAN_POINT ( 'NONE',  ( 19.03503777425774146, -26.97129294843108482, 3.292323440001584611 ) ) ;
#2073 = CARTESIAN_POINT ( 'NONE',  ( -9.934129258355479664, 28.52870705156890097, 1.699999999999999289 ) ) ;
#2074 = ORIENTED_EDGE ( 'NONE', *, *, #3629, .F. ) ;
#2075 = DIRECTION ( 'NONE',  ( 1.000000000000000000, 2.703465157366452467E-16, -0.000000000000000000 ) ) ;
#2076 = ORIENTED_EDGE ( 'NONE', *, *, #481, .F. ) ;
#2077 = LINE ( 'NONE', #3683, #24 ) ;
#2078 = CARTESIAN_POINT ( 'NONE',  ( -10.88296222574226668, 25.68270705156890443, 8.499999999999998224 ) ) ;
#2079 = PRODUCT_DEFINITION ( 'General', '', #1579, #292 ) ;
#2080 = VERTEX_POINT ( 'NONE', #3760 ) ;
#2081 = CARTESIAN_POINT ( 'NONE',  ( -12.64106361317946003, 13.48838797301254111, 8.499999999999994671 ) ) ;
#2082 = ADVANCED_FACE ( 'NONE', ( #642 ), #877, .F. ) ;
#2083 = ORIENTED_EDGE ( 'NONE', *, *, #25, .T. ) ;
#2084 = CARTESIAN_POINT ( 'NONE',  ( -12.64106361317946003, 13.48838797301254111, -4.001000000000001222 ) ) ;
#2085 = LINE ( 'NONE', #2346, #1928 ) ;
#2086 = EDGE_CURVE ( 'NONE', #3979, #1383, #3739, .T. ) ;
#2087 = AXIS2_PLACEMENT_3D ( 'NONE', #1372, #3868, #1021 ) ;
#2088 = ORIENTED_EDGE ( 'NONE', *, *, #1431, .F. ) ;
#2089 = DIRECTION ( 'NONE',  ( 1.000000000000000000, 0.000000000000000000, -0.000000000000000000 ) ) ;
#2090 = CARTESIAN_POINT ( 'NONE',  ( 16.53503777425774146, -26.22129294843106706, 8.499999999999998224 ) ) ;
#2091 = EDGE_CURVE ( 'NONE', #3628, #2176, #1205, .T. ) ;
#2092 = CARTESIAN_POINT ( 'NONE',  ( -10.88296222574226668, -25.62529294843109540, 8.499999999999998224 ) ) ;
#2093 = ADVANCED_FACE ( 'NONE', ( #603 ), #3374, .F. ) ;
#2094 = ORIENTED_EDGE ( 'NONE', *, *, #3124, .T. ) ;
#2095 = FACE_BOUND ( 'NONE', #1962, .T. ) ;
#2096 = EDGE_LOOP ( 'NONE', ( #2712, #2729, #1319, #1966 ) ) ;
#2097 = FACE_OUTER_BOUND ( 'NONE', #3658, .T. ) ;
#2098 = CARTESIAN_POINT ( 'NONE',  ( 17.28503777425773791, -22.47129294843107417, 3.292323440001584611 ) ) ;
#2099 = VERTEX_POINT ( 'NONE', #3412 ) ;
#2100 = ORIENTED_EDGE ( 'NONE', *, *, #3752, .T. ) ;
#2101 = DIRECTION ( 'NONE',  ( 0.000000000000000000, 0.000000000000000000, 1.000000000000000000 ) ) ;
#2102 = ORIENTED_EDGE ( 'NONE', *, *, #2816, .T. ) ;
#2103 = DIRECTION ( 'NONE',  ( 0.000000000000000000, 0.000000000000000000, -1.000000000000000000 ) ) ;
#2104 = EDGE_CURVE ( 'NONE', #3859, #2600, #2184, .T. ) ;
#2105 = AXIS2_PLACEMENT_3D ( 'NONE', #2001, #1406, #2064 ) ;
#2106 = EDGE_LOOP ( 'NONE', ( #688, #769 ) ) ;
#2107 = CARTESIAN_POINT ( 'NONE',  ( 17.53503777425774146, -26.97129294843108482, 8.499999999999998224 ) ) ;
#2108 = DIRECTION ( 'NONE',  ( -0.000000000000000000, 0.000000000000000000, 1.000000000000000000 ) ) ;
#2109 = DIRECTION ( 'NONE',  ( -0.000000000000000000, -0.000000000000000000, 1.000000000000000000 ) ) ;
#2110 = VECTOR ( 'NONE', #3478, 1000.000000000000000 ) ;
#2111 = VERTEX_POINT ( 'NONE', #4013 ) ;
#2112 = LINE ( 'NONE', #3351, #3432 ) ;
#2113 = VERTEX_POINT ( 'NONE', #953 ) ;
#2114 = DIRECTION ( 'NONE',  ( 1.000000000000000000, -1.156482317317871725E-15, 0.000000000000000000 ) ) ;
#2115 = PLANE ( 'NONE',  #3483 ) ;
#2116 = AXIS2_PLACEMENT_3D ( 'NONE', #1022, #3826, #2596 ) ;
#2117 = ADVANCED_FACE ( 'NONE', ( #1239 ), #3916, .T. ) ;
#2118 = EDGE_LOOP ( 'NONE', ( #2744, #3779, #126, #3577 ) ) ;
#2119 = ORIENTED_EDGE ( 'NONE', *, *, #1955, .F. ) ;
#2120 = CARTESIAN_POINT ( 'NONE',  ( 16.53503777425774501, -25.22129294843106706, -4.002000000000000668 ) ) ;
#2121 = AXIS2_PLACEMENT_3D ( 'NONE', #1076, #1694, #1036 ) ;
#2122 = CARTESIAN_POINT ( 'NONE',  ( -9.807962225742267393, -25.62529294843109540, 1.699999999999999289 ) ) ;
#2123 = VECTOR ( 'NONE', #441, 1000.000000000000000 ) ;
#2124 = EDGE_CURVE ( 'NONE', #813, #692, #622, .T. ) ;
#2125 = VERTEX_POINT ( 'NONE', #1570 ) ;
#2126 = CARTESIAN_POINT ( 'NONE',  ( 12.21093530270484706, 13.48838797301253933, 8.499999999999994671 ) ) ;
#2127 = DIRECTION ( 'NONE',  ( 1.000000000000000000, 0.000000000000000000, 0.000000000000000000 ) ) ;
#2128 = ORIENTED_EDGE ( 'NONE', *, *, #2768, .T. ) ;
#2129 = EDGE_CURVE ( 'NONE', #2460, #1164, #579, .T. ) ;
#2130 = ORIENTED_EDGE ( 'NONE', *, *, #1711, .T. ) ;
#2131 = CARTESIAN_POINT ( 'NONE',  ( -10.14106361317946003, -22.11161202698745498, -4.001000000000001222 ) ) ;
#2132 = DIRECTION ( 'NONE',  ( 0.000000000000000000, 0.000000000000000000, -1.000000000000000000 ) ) ;
#2133 = EDGE_CURVE ( 'NONE', #838, #1842, #2308, .T. ) ;
#2134 = EDGE_LOOP ( 'NONE', ( #1210, #844, #1867, #2451 ) ) ;
#2135 = FACE_OUTER_BOUND ( 'NONE', #3576, .T. ) ;
#2136 = ORIENTED_EDGE ( 'NONE', *, *, #1689, .F. ) ;
#2137 = DIRECTION ( 'NONE',  ( 0.000000000000000000, -1.000000000000000000, 0.000000000000000000 ) ) ;
#2138 = ORIENTED_EDGE ( 'NONE', *, *, #233, .T. ) ;
#2139 = CARTESIAN_POINT ( 'NONE',  ( -16.21496222574229762, 22.52870705156889031, 5.000000000000001776 ) ) ;
#2140 = ORIENTED_EDGE ( 'NONE', *, *, #2256, .F. ) ;
#2141 = LINE ( 'NONE', #3109, #2374 ) ;
#2142 = EDGE_CURVE ( 'NONE', #3052, #106, #837, .T. ) ;
#2143 = DIRECTION ( 'NONE',  ( -1.000000000000000000, 0.000000000000000000, 0.000000000000000000 ) ) ;
#2144 = ORIENTED_EDGE ( 'NONE', *, *, #3528, .T. ) ;
#2145 = DIRECTION ( 'NONE',  ( -0.000000000000000000, -0.000000000000000000, 1.000000000000000000 ) ) ;
#2146 = CARTESIAN_POINT ( 'NONE',  ( -16.46496222574226209, -26.97129294843108838, -4.000000000000000000 ) ) ;
#2147 = DIRECTION ( 'NONE',  ( 1.000000000000000000, 0.000000000000000000, 0.000000000000000000 ) ) ;
#2148 = ADVANCED_FACE ( 'NONE', ( #1 ), #2430, .F. ) ;
#2149 = EDGE_LOOP ( 'NONE', ( #3514, #539, #2003, #403 ) ) ;
#2150 = CARTESIAN_POINT ( 'NONE',  ( 9.710935302704847061, 13.48838797301253933, -4.001000000000001222 ) ) ;
#2151 = EDGE_LOOP ( 'NONE', ( #1682, #2368, #1187, #3392 ) ) ;
#2152 = FACE_BOUND ( 'NONE', #2580, .T. ) ;
#2153 = FACE_OUTER_BOUND ( 'NONE', #3758, .T. ) ;
#2154 = DIRECTION ( 'NONE',  ( -0.000000000000000000, -0.000000000000000000, -1.000000000000000000 ) ) ;
#2155 = EDGE_CURVE ( 'NONE', #2569, #605, #1829, .T. ) ;
#2156 = ORIENTED_EDGE ( 'NONE', *, *, #3243, .T. ) ;
#2157 = CARTESIAN_POINT ( 'NONE',  ( 15.78503777425776988, 25.27870705156888320, -4.002000000000000668 ) ) ;
#2158 = CARTESIAN_POINT ( 'NONE',  ( -10.66696076089826661, 17.28171028643190610, -4.001000000000001222 ) ) ;
#2159 = ORIENTED_EDGE ( 'NONE', *, *, #2654, .T. ) ;
#2160 = ORIENTED_EDGE ( 'NONE', *, *, #1376, .F. ) ;
#2161 = CIRCLE ( 'NONE', #1181, 3.000000000000000888 ) ;
#2162 = FACE_OUTER_BOUND ( 'NONE', #3908, .T. ) ;
#2163 = CARTESIAN_POINT ( 'NONE',  ( -14.71496222574226387, -22.47129294843110969, 5.000000000000001776 ) ) ;
#2164 = VECTOR ( 'NONE', #3644, 1000.000000000000000 ) ;
#2165 = ADVANCED_FACE ( 'NONE', ( #1846 ), #1512, .F. ) ;
#2166 = ORIENTED_EDGE ( 'NONE', *, *, #2928, .F. ) ;
#2167 = DIRECTION ( 'NONE',  ( -0.000000000000000000, -0.000000000000000000, -1.000000000000000000 ) ) ;
#2168 = ORIENTED_EDGE ( 'NONE', *, *, #760, .T. ) ;
#2169 = CARTESIAN_POINT ( 'NONE',  ( 16.03503777425773791, -29.97129294843108838, -4.000000000000000000 ) ) ;
#2170 = CYLINDRICAL_SURFACE ( 'NONE', #1412, 2.749999999999995559 ) ;
#2171 = CIRCLE ( 'NONE', #2631, 2.749999999999995559 ) ;
#2172 = EDGE_LOOP ( 'NONE', ( #1173, #2758, #2336, #185 ) ) ;
#2173 = AXIS2_PLACEMENT_3D ( 'NONE', #562, #1583, #3985 ) ;
#2174 = AXIS2_PLACEMENT_3D ( 'NONE', #3555, #720, #1384 ) ;
#2175 = FACE_OUTER_BOUND ( 'NONE', #625, .T. ) ;
#2176 = VERTEX_POINT ( 'NONE', #1534 ) ;
#2177 = FACE_OUTER_BOUND ( 'NONE', #3208, .T. ) ;
#2178 = LINE ( 'NONE', #275, #2318 ) ;
#2179 = CYLINDRICAL_SURFACE ( 'NONE', #1189, 1.402036092185269034 ) ;
#2180 = VECTOR ( 'NONE', #357, 1000.000000000000000 ) ;
#2181 = ORIENTED_EDGE ( 'NONE', *, *, #3370, .T. ) ;
#2182 = DIRECTION ( 'NONE',  ( 1.000000000000000000, 0.000000000000000000, 0.000000000000000000 ) ) ;
#2183 = CARTESIAN_POINT ( 'NONE',  ( 19.03503777425774146, -26.97129294843108482, -4.000000000000000000 ) ) ;
#2184 = LINE ( 'NONE', #3435, #904 ) ;
#2185 = CYLINDRICAL_SURFACE ( 'NONE', #3804, 1.074999999999999512 ) ;
#2186 = VECTOR ( 'NONE', #1027, 1000.000000000000000 ) ;
#2187 = ORIENTED_EDGE ( 'NONE', *, *, #1348, .F. ) ;
#2188 = DIRECTION ( 'NONE',  ( -0.000000000000000000, 1.000000000000000000, -0.000000000000000000 ) ) ;
#2189 = ORIENTED_EDGE ( 'NONE', *, *, #1489, .T. ) ;
#2190 = LINE ( 'NONE', #628, #714 ) ;
#2191 = DIRECTION ( 'NONE',  ( 0.000000000000000000, 0.000000000000000000, 1.000000000000000000 ) ) ;
#2192 = ADVANCED_FACE ( 'NONE', ( #2162 ), #2779, .F. ) ;
#2193 = DIRECTION ( 'NONE',  ( -0.000000000000000000, -0.000000000000000000, 1.000000000000000000 ) ) ;
#2194 = EDGE_CURVE ( 'NONE', #1128, #1809, #2464, .T. ) ;
#2195 = EDGE_LOOP ( 'NONE', ( #191, #2291, #821, #3488 ) ) ;
#2196 = FACE_OUTER_BOUND ( 'NONE', #724, .T. ) ;
#2197 = DIRECTION ( 'NONE',  ( -1.000000000000000000, -2.703465157366452467E-16, 0.000000000000000000 ) ) ;
#2198 = DIRECTION ( 'NONE',  ( 1.000000000000000000, 0.000000000000000000, 0.000000000000000000 ) ) ;
#2199 = ORIENTED_EDGE ( 'NONE', *, *, #1548, .F. ) ;
#2200 = CARTESIAN_POINT ( 'NONE',  ( -16.21496222574226564, -22.47129294843110969, 5.000000000000001776 ) ) ;
#2201 = DIRECTION ( 'NONE',  ( -0.000000000000000000, -0.000000000000000000, 1.000000000000000000 ) ) ;
#2202 = CARTESIAN_POINT ( 'NONE',  ( 13.45303777425773539, 25.68270705156890443, 8.499999999999998224 ) ) ;
#2203 = CIRCLE ( 'NONE', #3519, 1.500000000000001332 ) ;
#2204 = ADVANCED_FACE ( 'NONE', ( #2551 ), #3475, .F. ) ;
#2205 = ORIENTED_EDGE ( 'NONE', *, *, #3803, .F. ) ;
#2206 = CARTESIAN_POINT ( 'NONE',  ( -17.96496222574226564, 30.02870705156890097, -4.000000000000000000 ) ) ;
#2207 = ORIENTED_EDGE ( 'NONE', *, *, #1869, .F. ) ;
#2208 = DIRECTION ( 'NONE',  ( -0.000000000000000000, -0.000000000000000000, 1.000000000000000000 ) ) ;
#2209 = DIRECTION ( 'NONE',  ( 0.000000000000000000, 0.000000000000000000, -1.000000000000000000 ) ) ;
#2210 = VECTOR ( 'NONE', #1663, 1000.000000000000000 ) ;
#2211 = LINE ( 'NONE', #694, #271 ) ;
#2212 = LINE ( 'NONE', #3770, #3932 ) ;
#2213 = AXIS2_PLACEMENT_3D ( 'NONE', #54, #2274, #139 ) ;
#2214 = DIRECTION ( 'NONE',  ( 1.000000000000000000, 0.000000000000000000, 0.000000000000000000 ) ) ;
#2215 = EDGE_CURVE ( 'NONE', #3922, #4064, #3561, .T. ) ;
#2216 = ORIENTED_EDGE ( 'NONE', *, *, #1725, .T. ) ;
#2217 = ORIENTED_EDGE ( 'NONE', *, *, #186, .T. ) ;
#2218 = AXIS2_PLACEMENT_3D ( 'NONE', #1870, #1904, #318 ) ;
#2219 = CARTESIAN_POINT ( 'NONE',  ( 10.45303777425773362, 25.68270705156890443, 1.699999999999999289 ) ) ;
#2220 = CARTESIAN_POINT ( 'NONE',  ( -19.46496222574226920, 28.52870705156889741, 3.292323440001584611 ) ) ;
#2221 = DIRECTION ( 'NONE',  ( 0.000000000000000000, -0.000000000000000000, -1.000000000000000000 ) ) ;
#2222 = ORIENTED_EDGE ( 'NONE', *, *, #1807, .F. ) ;
#2223 = CARTESIAN_POINT ( 'NONE',  ( 7.453037774257734505, 25.68270705156890443, 8.499999999999998224 ) ) ;
#2224 = DIRECTION ( 'NONE',  ( -1.000000000000000000, 0.000000000000000000, 0.000000000000000000 ) ) ;
#2225 = CARTESIAN_POINT ( 'NONE',  ( -10.88296222574226668, 25.68270705156890443, 1.699999999999999289 ) ) ;
#2226 = AXIS2_PLACEMENT_3D ( 'NONE', #1509, #2752, #4010 ) ;
#2227 = VECTOR ( 'NONE', #1043, 1000.000000000000000 ) ;
#2228 = ORIENTED_EDGE ( 'NONE', *, *, #116, .T. ) ;
#2229 = CARTESIAN_POINT ( 'NONE',  ( -16.96496222574226920, 25.27870705156888320, -4.002000000000000668 ) ) ;
#2230 = ORIENTED_EDGE ( 'NONE', *, *, #963, .T. ) ;
#2231 = LINE ( 'NONE', #431, #959 ) ;
#2232 = CARTESIAN_POINT ( 'NONE',  ( -10.66696076089826661, 17.28171028643190610, 8.499999999999998224 ) ) ;
#2233 = EDGE_CURVE ( 'NONE', #2999, #1497, #3127, .T. ) ;
#2234 = CIRCLE ( 'NONE', #3675, 3.000000000000000888 ) ;
#2235 = VECTOR ( 'NONE', #2057, 1000.000000000000000 ) ;
#2236 = DIRECTION ( 'NONE',  ( 1.000000000000000000, 0.000000000000000000, 0.000000000000000000 ) ) ;
#2237 = AXIS2_PLACEMENT_3D ( 'NONE', #1480, #2132, #2431 ) ;
#2238 = CARTESIAN_POINT ( 'NONE',  ( 10.45303777425773362, 25.68270705156890443, 1.699999999999999289 ) ) ;
#2239 = VERTEX_POINT ( 'NONE', #2925 ) ;
#2240 = ORIENTED_EDGE ( 'NONE', *, *, #2803, .F. ) ;
#2241 = DIRECTION ( 'NONE',  ( -1.000000000000000000, 0.000000000000000000, 0.000000000000000000 ) ) ;
#2242 = CARTESIAN_POINT ( 'NONE',  ( -17.96496222574226564, 26.27870705156888320, 3.292323440001584611 ) ) ;
#2243 = CIRCLE ( 'NONE', #2899, 1.074999999999999512 ) ;
#2244 = CARTESIAN_POINT ( 'NONE',  ( 4.793649565339141994, 12.66714344531767900, 8.499999999999998224 ) ) ;
#2245 = EDGE_LOOP ( 'NONE', ( #1455, #1555, #3784, #1948 ) ) ;
#2246 = DIRECTION ( 'NONE',  ( -0.000000000000000000, -0.000000000000000000, 1.000000000000000000 ) ) ;
#2247 = CARTESIAN_POINT ( 'NONE',  ( 10.45303777425773362, -25.62529294843109540, -0.1000000000000002554 ) ) ;
#2248 = AXIS2_PLACEMENT_3D ( 'NONE', #3320, #3337, #1729 ) ;
#2249 = LINE ( 'NONE', #3562, #1322 ) ;
#2250 = CIRCLE ( 'NONE', #1266, 2.500000000000019540 ) ;
#2251 = ADVANCED_FACE ( 'NONE', ( #706 ), #752, .T. ) ;
#2252 = ORIENTED_EDGE ( 'NONE', *, *, #1795, .F. ) ;
#2253 = DIRECTION ( 'NONE',  ( 0.000000000000000000, 0.000000000000000000, -1.000000000000000000 ) ) ;
#2254 = ORIENTED_EDGE ( 'NONE', *, *, #3583, .T. ) ;
#2255 = DIRECTION ( 'NONE',  ( 0.000000000000000000, 0.000000000000000000, 1.000000000000000000 ) ) ;
#2256 = EDGE_CURVE ( 'NONE', #57, #995, #383, .T. ) ;
#2257 = AXIS2_PLACEMENT_3D ( 'NONE', #3590, #2602, #3279 ) ;
#2258 = CARTESIAN_POINT ( 'NONE',  ( 9.504204806870960809, 28.52870705156890452, 3.292323440001584611 ) ) ;
#2259 = DIRECTION ( 'NONE',  ( 0.000000000000000000, 0.000000000000000000, 1.000000000000000000 ) ) ;
#2260 = DIRECTION ( 'NONE',  ( -0.000000000000000000, -0.000000000000000000, 1.000000000000000000 ) ) ;
#2261 = VECTOR ( 'NONE', #2201, 1000.000000000000000 ) ;
#2262 = EDGE_CURVE ( 'NONE', #3926, #2460, #308, .T. ) ;
#2263 = DIRECTION ( 'NONE',  ( -1.000000000000000000, -0.000000000000000000, -0.000000000000000000 ) ) ;
#2264 = ORIENTED_EDGE ( 'NONE', *, *, #3832, .F. ) ;
#2265 = CARTESIAN_POINT ( 'NONE',  ( -13.96496222574226209, -22.47129294843110969, 9.999999999999998224 ) ) ;
#2266 = DIRECTION ( 'NONE',  ( 1.000000000000000000, 0.000000000000000000, 0.000000000000000000 ) ) ;
#2267 = EDGE_LOOP ( 'NONE', ( #3162, #1123, #787, #3645 ) ) ;
#2268 = CARTESIAN_POINT ( 'NONE',  ( -7.714959791634051989, -29.97129294843108838, -0.3076765599984150334 ) ) ;
#2269 = CARTESIAN_POINT ( 'NONE',  ( 2.015431251695973813, 12.66714344531767900, -4.001000000000001222 ) ) ;
#2270 = DIRECTION ( 'NONE',  ( -1.000000000000000000, 0.000000000000000000, 0.000000000000000000 ) ) ;
#2271 = ORIENTED_EDGE ( 'NONE', *, *, #3043, .T. ) ;
#2272 =( NAMED_UNIT ( * ) SI_UNIT ( $, .STERADIAN. ) SOLID_ANGLE_UNIT ( ) );
#2273 = ORIENTED_EDGE ( 'NONE', *, *, #3462, .T. ) ;
#2274 = DIRECTION ( 'NONE',  ( -0.000000000000000000, -0.000000000000000000, -1.000000000000000000 ) ) ;
#2275 = DIRECTION ( 'NONE',  ( 1.000000000000000000, 0.000000000000000000, 0.000000000000000000 ) ) ;
#2276 = EDGE_CURVE ( 'NONE', #2893, #2917, #1494, .T. ) ;
#2277 = AXIS2_PLACEMENT_3D ( 'NONE', #3190, #976, #662 ) ;
#2278 = EDGE_LOOP ( 'NONE', ( #3322, #1883, #1635, #3336 ) ) ;
#2279 = CARTESIAN_POINT ( 'NONE',  ( 18.53503777425775567, 27.02870705156891162, 9.999999999999998224 ) ) ;
#2280 = DIRECTION ( 'NONE',  ( 1.000000000000000000, 0.000000000000000000, 0.000000000000000000 ) ) ;
#2281 = ORIENTED_EDGE ( 'NONE', *, *, #2952, .F. ) ;
#2282 = CARTESIAN_POINT ( 'NONE',  ( -10.14106361317946003, 13.48838797301254111, -4.001000000000001222 ) ) ;
#2283 = DIRECTION ( 'NONE',  ( 0.000000000000000000, 0.000000000000000000, 1.000000000000000000 ) ) ;
#2284 = EDGE_CURVE ( 'NONE', #733, #1260, #2310, .T. ) ;
#2285 = EDGE_CURVE ( 'NONE', #1685, #2472, #3652, .T. ) ;
#2286 = ORIENTED_EDGE ( 'NONE', *, *, #3138, .F. ) ;
#2287 = DIRECTION ( 'NONE',  ( 0.000000000000000000, 0.000000000000000000, -1.000000000000000000 ) ) ;
#2288 = DIRECTION ( 'NONE',  ( 0.000000000000000000, -0.000000000000000000, 1.000000000000000000 ) ) ;
#2289 = DIRECTION ( 'NONE',  ( -0.000000000000000000, -0.000000000000000000, -1.000000000000000000 ) ) ;
#2290 = VECTOR ( 'NONE', #1875, 1000.000000000000000 ) ;
#2291 = ORIENTED_EDGE ( 'NONE', *, *, #1782, .F. ) ;
#2292 = VERTEX_POINT ( 'NONE', #2529 ) ;
#2293 = CARTESIAN_POINT ( 'NONE',  ( -13.46496222574230295, 22.52870705156889031, 3.292323440001584611 ) ) ;
#2294 = DIRECTION ( 'NONE',  ( -1.000000000000000000, -1.156482317317871971E-16, 0.000000000000000000 ) ) ;
#2295 = EDGE_CURVE ( 'NONE', #678, #30, #1593, .T. ) ;
#2296 = ORIENTED_EDGE ( 'NONE', *, *, #836, .F. ) ;
#2297 = VECTOR ( 'NONE', #1117, 1000.000000000000000 ) ;
#2298 = AXIS2_PLACEMENT_3D ( 'NONE', #2774, #2465, #2481 ) ;
#2299 = CARTESIAN_POINT ( 'NONE',  ( -13.46496222574230295, 22.52870705156889031, -4.002000000000000668 ) ) ;
#2300 = VERTEX_POINT ( 'NONE', #3801 ) ;
#2301 = VERTEX_POINT ( 'NONE', #1964 ) ;
#2302 = FACE_OUTER_BOUND ( 'NONE', #570, .T. ) ;
#2303 = FACE_OUTER_BOUND ( 'NONE', #2364, .T. ) ;
#2304 = ADVANCED_FACE ( 'NONE', ( #3210 ), #28, .F. ) ;
#2305 = VECTOR ( 'NONE', #1513, 1000.000000000000000 ) ;
#2306 = VECTOR ( 'NONE', #3728, 1000.000000000000000 ) ;
#2307 = ORIENTED_EDGE ( 'NONE', *, *, #3008, .F. ) ;
#2308 = CIRCLE ( 'NONE', #1778, 1.500000000000001332 ) ;
#2309 = CARTESIAN_POINT ( 'NONE',  ( -16.46496222574226209, -26.97129294843108838, 3.292323440001584611 ) ) ;
#2310 = LINE ( 'NONE', #1678, #2603 ) ;
#2311 = AXIS2_PLACEMENT_3D ( 'NONE', #968, #928, #4027 ) ;
#2312 = DIRECTION ( 'NONE',  ( -1.000000000000000000, -1.949127501097536693E-16, 0.000000000000000000 ) ) ;
#2313 = ORIENTED_EDGE ( 'NONE', *, *, #2361, .F. ) ;
#2314 = EDGE_LOOP ( 'NONE', ( #1114, #2800, #1779, #627 ) ) ;
#2315 = CARTESIAN_POINT ( 'NONE',  ( 17.28503777425773791, -22.47129294843107417, 5.000000000000001776 ) ) ;
#2316 = VECTOR ( 'NONE', #2881, 1000.000000000000000 ) ;
#2317 = FACE_BOUND ( 'NONE', #3451, .T. ) ;
#2318 = VECTOR ( 'NONE', #313, 1000.000000000000000 ) ;
#2319 = VECTOR ( 'NONE', #3980, 1000.000000000000000 ) ;
#2320 = ORIENTED_EDGE ( 'NONE', *, *, #3535, .T. ) ;
#2321 = CIRCLE ( 'NONE', #351, 1.402036092185269034 ) ;
#2322 = DIRECTION ( 'NONE',  ( -1.734723475976807094E-16, 1.000000000000000000, 0.000000000000000000 ) ) ;
#2323 = EDGE_CURVE ( 'NONE', #869, #1065, #1284, .T. ) ;
#2324 = PLANE ( 'NONE',  #1710 ) ;
#2325 = ORIENTED_EDGE ( 'NONE', *, *, #2340, .F. ) ;
#2326 = ORIENTED_EDGE ( 'NONE', *, *, #782, .T. ) ;
#2327 = DIRECTION ( 'NONE',  ( 1.000000000000000000, 0.000000000000000000, 0.000000000000000000 ) ) ;
#2328 = CARTESIAN_POINT ( 'NONE',  ( 13.53503777425773791, -22.47129294843107417, 5.000000000000001776 ) ) ;
#2329 = EDGE_CURVE ( 'NONE', #3135, #3049, #771, .T. ) ;
#2330 = EDGE_LOOP ( 'NONE', ( #3171, #1338, #3378, #3287 ) ) ;
#2331 = DIRECTION ( 'NONE',  ( -0.000000000000000000, -0.000000000000000000, -1.000000000000000000 ) ) ;
#2332 = LINE ( 'NONE', #2047, #2790 ) ;
#2333 = LINE ( 'NONE', #3584, #3730 ) ;
#2334 = VERTEX_POINT ( 'NONE', #1352 ) ;
#2335 = CARTESIAN_POINT ( 'NONE',  ( -13.88296222574226668, 25.68270705156890443, 1.699999999999999289 ) ) ;
#2336 = ORIENTED_EDGE ( 'NONE', *, *, #208, .T. ) ;
#2337 = LINE ( 'NONE', #529, #1198 ) ;
#2338 = DIRECTION ( 'NONE',  ( 1.000000000000000000, 0.000000000000000000, 0.000000000000000000 ) ) ;
#2339 = EDGE_CURVE ( 'NONE', #2627, #715, #2595, .T. ) ;
#2340 = EDGE_CURVE ( 'NONE', #563, #1879, #1292, .T. ) ;
#2341 = EDGE_LOOP ( 'NONE', ( #840, #1538 ) ) ;
#2342 = FACE_OUTER_BOUND ( 'NONE', #3942, .T. ) ;
#2343 = CARTESIAN_POINT ( 'NONE',  ( -16.21496222574229762, 22.52870705156888675, 3.000000000000001776 ) ) ;
#2344 = VERTEX_POINT ( 'NONE', #1328 ) ;
#2345 = LINE ( 'NONE', #848, #1399 ) ;
#2346 = CARTESIAN_POINT ( 'NONE',  ( -16.46496222574226209, -29.97129294843108838, -4.000000000000000000 ) ) ;
#2347 = ADVANCED_FACE ( 'NONE', ( #3825 ), #1304, .T. ) ;
#2348 = ORIENTED_EDGE ( 'NONE', *, *, #3434, .F. ) ;
#2349 = CARTESIAN_POINT ( 'NONE',  ( 9.378037774257734327, 25.68270705156890443, -0.1000000000000002554 ) ) ;
#2350 = DIRECTION ( 'NONE',  ( 1.000000000000000000, 0.000000000000000000, -0.000000000000000000 ) ) ;
#2351 = CARTESIAN_POINT ( 'NONE',  ( 2.015431251695973813, 12.66714344531767900, 8.499999999999998224 ) ) ;
#2352 = CIRCLE ( 'NONE', #2213, 3.000000000000000888 ) ;
#2353 = ORIENTED_EDGE ( 'NONE', *, *, #3921, .F. ) ;
#2354 = FACE_BOUND ( 'NONE', #516, .T. ) ;
#2355 = ORIENTED_EDGE ( 'NONE', *, *, #1337, .F. ) ;
#2356 = CARTESIAN_POINT ( 'NONE',  ( 19.03503777425773080, 30.02870705156891162, 9.500000000000005329 ) ) ;
#2357 = CARTESIAN_POINT ( 'NONE',  ( -9.807962225742267393, 25.68270705156890443, -0.1000000000000002554 ) ) ;
#2358 = ADVANCED_FACE ( 'NONE', ( #3600 ), #193, .F. ) ;
#2359 = VERTEX_POINT ( 'NONE', #485 ) ;
#2360 = DIRECTION ( 'NONE',  ( 0.000000000000000000, 0.000000000000000000, 1.000000000000000000 ) ) ;
#2361 = EDGE_CURVE ( 'NONE', #1497, #507, #462, .T. ) ;
#2362 = FACE_OUTER_BOUND ( 'NONE', #2537, .T. ) ;
#2363 = CIRCLE ( 'NONE', #3797, 1.074999999999999512 ) ;
#2364 = EDGE_LOOP ( 'NONE', ( #142, #1821, #1641, #2199 ) ) ;
#2365 = DIRECTION ( 'NONE',  ( 1.000000000000000000, 0.000000000000000000, 0.000000000000000000 ) ) ;
#2366 = DIRECTION ( 'NONE',  ( 0.000000000000000000, 0.000000000000000000, 1.000000000000000000 ) ) ;
#2367 = AXIS2_PLACEMENT_3D ( 'NONE', #1144, #1085, #1786 ) ;
#2368 = ORIENTED_EDGE ( 'NONE', *, *, #208, .F. ) ;
#2369 = FACE_OUTER_BOUND ( 'NONE', #1831, .T. ) ;
#2370 = CIRCLE ( 'NONE', #1393, 3.000000000000000000 ) ;
#2371 = DIRECTION ( 'NONE',  ( -0.000000000000000000, -0.000000000000000000, 1.000000000000000000 ) ) ;
#2372 = ORIENTED_EDGE ( 'NONE', *, *, #2026, .T. ) ;
#2373 = DIRECTION ( 'NONE',  ( -0.000000000000000000, -0.000000000000000000, -1.000000000000000000 ) ) ;
#2374 = VECTOR ( 'NONE', #3732, 1000.000000000000000 ) ;
#2375 = VERTEX_POINT ( 'NONE', #852 ) ;
#2376 = CARTESIAN_POINT ( 'NONE',  ( 15.78503777425775390, -19.72129294843107772, 8.499999999999998224 ) ) ;
#2377 = DIRECTION ( 'NONE',  ( 1.156482317317871971E-16, -1.000000000000000000, 0.000000000000000000 ) ) ;
#2378 = EDGE_CURVE ( 'NONE', #2582, #678, #1889, .T. ) ;
#2379 = CIRCLE ( 'NONE', #730, 1.500000000000001332 ) ;
#2380 = ORIENTED_EDGE ( 'NONE', *, *, #186, .F. ) ;
#2381 = EDGE_CURVE ( 'NONE', #757, #3357, #789, .T. ) ;
#2382 = CARTESIAN_POINT ( 'NONE',  ( 13.53503777425770238, 22.52870705156892583, 9.999999999999998224 ) ) ;
#2383 = CIRCLE ( 'NONE', #1996, 1.074999999999999512 ) ;
#2384 = VECTOR ( 'NONE', #3054, 1000.000000000000000 ) ;
#2385 = EDGE_CURVE ( 'NONE', #975, #1106, #2332, .T. ) ;
#2386 = EDGE_CURVE ( 'NONE', #4064, #2125, #2203, .T. ) ;
#2387 = ORIENTED_EDGE ( 'NONE', *, *, #1611, .F. ) ;
#2388 = CARTESIAN_POINT ( 'NONE',  ( 1.050003391056464341, 19.84070686846390430, 8.499999999999998224 ) ) ;
#2389 = DIRECTION ( 'NONE',  ( 0.000000000000000000, 1.000000000000000000, -0.000000000000000000 ) ) ;
#2390 = EDGE_CURVE ( 'NONE', #3062, #1842, #2657, .T. ) ;
#2391 = VERTEX_POINT ( 'NONE', #1140 ) ;
#2392 = FACE_BOUND ( 'NONE', #3664, .T. ) ;
#2393 = PLANE ( 'NONE',  #3449 ) ;
#2394 = ORIENTED_EDGE ( 'NONE', *, *, #3742, .T. ) ;
#2395 = CARTESIAN_POINT ( 'NONE',  ( -16.21496222574229762, 22.52870705156889031, -4.002000000000000668 ) ) ;
#2396 = ORIENTED_EDGE ( 'NONE', *, *, #871, .T. ) ;
#2397 = CARTESIAN_POINT ( 'NONE',  ( 18.53503777425775922, 3.215316515512184301E-15, 9.999999999999998224 ) ) ;
#2398 = DIRECTION ( 'NONE',  ( 0.000000000000000000, -0.000000000000000000, -1.000000000000000000 ) ) ;
#2399 = EDGE_CURVE ( 'NONE', #30, #2999, #772, .T. ) ;
#2400 = ORIENTED_EDGE ( 'NONE', *, *, #3953, .T. ) ;
#2401 = ORIENTED_EDGE ( 'NONE', *, *, #618, .F. ) ;
#2402 = CARTESIAN_POINT ( 'NONE',  ( 15.78503777425773613, -22.47129294843107417, -4.002000000000000668 ) ) ;
#2403 = VERTEX_POINT ( 'NONE', #2029 ) ;
#2404 = DIRECTION ( 'NONE',  ( 1.000000000000000000, 0.000000000000000000, 0.000000000000000000 ) ) ;
#2405 = VECTOR ( 'NONE', #443, 999.9999999999998863 ) ;
#2406 = ORIENTED_EDGE ( 'NONE', *, *, #3243, .F. ) ;
#2407 = LINE ( 'NONE', #3659, #3168 ) ;
#2408 = CARTESIAN_POINT ( 'NONE',  ( -9.934129258355474335, 28.52870705156890097, 8.499999999999998224 ) ) ;
#2409 = ADVANCED_FACE ( 'NONE', ( #3034 ), #2393, .F. ) ;
#2410 = LINE ( 'NONE', #2073, #3212 ) ;
#2411 = ORIENTED_EDGE ( 'NONE', *, *, #2439, .T. ) ;
#2412 = CARTESIAN_POINT ( 'NONE',  ( -16.46496222574226920, 27.02870705156890097, 8.499999999999998224 ) ) ;
#2413 = ORIENTED_EDGE ( 'NONE', *, *, #2295, .T. ) ;
#2414 = CARTESIAN_POINT ( 'NONE',  ( -16.46496222574226920, 29.52870705156892228, 9.999999999999998224 ) ) ;
#2415 = CARTESIAN_POINT ( 'NONE',  ( -9.807962225742267393, -25.62529294843109540, -0.1000000000000002554 ) ) ;
#2416 = ORIENTED_EDGE ( 'NONE', *, *, #1361, .F. ) ;
#2417 = ORIENTED_EDGE ( 'NONE', *, *, #3701, .F. ) ;
#2418 = CARTESIAN_POINT ( 'NONE',  ( 15.78503777425775390, -19.72129294843107417, 8.499999999999998224 ) ) ;
#2419 = ADVANCED_FACE ( 'NONE', ( #217 ), #1391, .T. ) ;
#2420 = CARTESIAN_POINT ( 'NONE',  ( -16.46496222574226209, -29.47129294843110614, 9.999999999999998224 ) ) ;
#2421 = ADVANCED_FACE ( 'NONE', ( #1698, #3272 ), #2720, .T. ) ;
#2422 = ORIENTED_EDGE ( 'NONE', *, *, #3325, .T. ) ;
#2423 = DIRECTION ( 'NONE',  ( -0.000000000000000000, 0.000000000000000000, 1.000000000000000000 ) ) ;
#2424 = FACE_BOUND ( 'NONE', #1670, .T. ) ;
#2425 = AXIS2_PLACEMENT_3D ( 'NONE', #2865, #344, #709 ) ;
#2426 = DIRECTION ( 'NONE',  ( 1.000000000000000000, 0.000000000000000000, 0.000000000000000000 ) ) ;
#2427 = AXIS2_PLACEMENT_3D ( 'NONE', #1435, #3604, #162 ) ;
#2428 = VERTEX_POINT ( 'NONE', #2635 ) ;
#2429 = VERTEX_POINT ( 'NONE', #2408 ) ;
#2430 = PLANE ( 'NONE',  #1554 ) ;
#2431 = DIRECTION ( 'NONE',  ( -1.000000000000000000, 0.000000000000000000, 0.000000000000000000 ) ) ;
#2432 = CIRCLE ( 'NONE', #3734, 1.000000000000000888 ) ;
#2433 = ORIENTED_EDGE ( 'NONE', *, *, #768, .T. ) ;
#2434 = DIRECTION ( 'NONE',  ( 0.000000000000000000, 0.000000000000000000, -1.000000000000000000 ) ) ;
#2435 = ORIENTED_EDGE ( 'NONE', *, *, #2339, .T. ) ;
#2436 = DIRECTION ( 'NONE',  ( 1.000000000000000000, 0.000000000000000000, 0.000000000000000000 ) ) ;
#2437 = AXIS2_PLACEMENT_3D ( 'NONE', #654, #255, #3714 ) ;
#2438 = ORIENTED_EDGE ( 'NONE', *, *, #3771, .T. ) ;
#2439 = EDGE_CURVE ( 'NONE', #2334, #1709, #1473, .T. ) ;
#2440 = VECTOR ( 'NONE', #550, 1000.000000000000000 ) ;
#2441 = CARTESIAN_POINT ( 'NONE',  ( 15.78503777425775390, -19.72129294843107417, -4.002000000000000668 ) ) ;
#2442 = AXIS2_PLACEMENT_3D ( 'NONE', #1822, #1415, #3622 ) ;
#2443 = AXIS2_PLACEMENT_3D ( 'NONE', #2904, #89, #2592 ) ;
#2444 = AXIS2_PLACEMENT_3D ( 'NONE', #1115, #3071, #2089 ) ;
#2445 = ORIENTED_EDGE ( 'NONE', *, *, #2993, .T. ) ;
#2446 = AXIS2_PLACEMENT_3D ( 'NONE', #3482, #1621, #2536 ) ;
#2447 = DIRECTION ( 'NONE',  ( -1.000000000000000000, -0.000000000000000000, -0.000000000000000000 ) ) ;
#2448 = EDGE_CURVE ( 'NONE', #259, #2999, #816, .T. ) ;
#2449 = CARTESIAN_POINT ( 'NONE',  ( -13.46496222574230295, 22.52870705156889031, 8.499999999999998224 ) ) ;
#2450 = VERTEX_POINT ( 'NONE', #2072 ) ;
#2451 = ORIENTED_EDGE ( 'NONE', *, *, #2636, .T. ) ;
#2452 = DIRECTION ( 'NONE',  ( 1.000000000000000000, 0.000000000000000000, 0.000000000000000000 ) ) ;
#2453 = DIRECTION ( 'NONE',  ( -0.000000000000000000, -0.000000000000000000, -1.000000000000000000 ) ) ;
#2454 = ORIENTED_EDGE ( 'NONE', *, *, #1622, .T. ) ;
#2455 = DIRECTION ( 'NONE',  ( -0.000000000000000000, 0.000000000000000000, 1.000000000000000000 ) ) ;
#2456 = VERTEX_POINT ( 'NONE', #1081 ) ;
#2457 = DIRECTION ( 'NONE',  ( -0.000000000000000000, -0.000000000000000000, -1.000000000000000000 ) ) ;
#2458 = CYLINDRICAL_SURFACE ( 'NONE', #1208, 3.000000000000000888 ) ;
#2459 = EDGE_CURVE ( 'NONE', #2859, #3133, #3324, .T. ) ;
#2460 = VERTEX_POINT ( 'NONE', #1433 ) ;
#2461 = FACE_OUTER_BOUND ( 'NONE', #526, .T. ) ;
#2462 = VERTEX_POINT ( 'NONE', #2673 ) ;
#2463 = DIRECTION ( 'NONE',  ( -0.000000000000000000, -0.000000000000000000, 1.000000000000000000 ) ) ;
#2464 = CIRCLE ( 'NONE', #1363, 2.749999999999995559 ) ;
#2465 = DIRECTION ( 'NONE',  ( 0.000000000000000000, 0.000000000000000000, 1.000000000000000000 ) ) ;
#2466 = ORIENTED_EDGE ( 'NONE', *, *, #1961, .F. ) ;
#2467 = PLANE ( 'NONE',  #3301 ) ;
#2468 = DIRECTION ( 'NONE',  ( -1.000000000000000000, 0.000000000000000000, 0.000000000000000000 ) ) ;
#2469 = DIRECTION ( 'NONE',  ( 0.000000000000000000, -1.000000000000000000, 0.000000000000000000 ) ) ;
#2470 = ORIENTED_EDGE ( 'NONE', *, *, #722, .T. ) ;
#2471 = DIRECTION ( 'NONE',  ( 1.000000000000000000, 0.000000000000000000, 0.000000000000000000 ) ) ;
#2472 = VERTEX_POINT ( 'NONE', #1764 ) ;
#2473 = EDGE_CURVE ( 'NONE', #3938, #2502, #2981, .T. ) ;
#2474 = FACE_OUTER_BOUND ( 'NONE', #1465, .T. ) ;
#2475 = DIRECTION ( 'NONE',  ( -0.000000000000000000, 0.000000000000000000, 1.000000000000000000 ) ) ;
#2476 = ADVANCED_FACE ( 'NONE', ( #4008 ), #1197, .T. ) ;
#2477 = CARTESIAN_POINT ( 'NONE',  ( 9.696421766834003364, 19.84070686846390430, -4.001000000000001222 ) ) ;
#2478 = ORIENTED_EDGE ( 'NONE', *, *, #1060, .T. ) ;
#2479 = CARTESIAN_POINT ( 'NONE',  ( -16.96496222574225854, -19.72129294843107417, 3.292323440001584611 ) ) ;
#2480 = VECTOR ( 'NONE', #3702, 1000.000000000000000 ) ;
#2481 = DIRECTION ( 'NONE',  ( 1.000000000000000000, 0.000000000000000000, 0.000000000000000000 ) ) ;
#2482 = ORIENTED_EDGE ( 'NONE', *, *, #3955, .F. ) ;
#2483 = DIRECTION ( 'NONE',  ( 1.000000000000000000, 0.000000000000000000, 0.000000000000000000 ) ) ;
#2484 = EDGE_CURVE ( 'NONE', #3926, #317, #2178, .T. ) ;
#2485 = ORIENTED_EDGE ( 'NONE', *, *, #3767, .F. ) ;
#2486 = AXIS2_PLACEMENT_3D ( 'NONE', #1227, #3134, #2471 ) ;
#2487 = DIRECTION ( 'NONE',  ( 0.000000000000000000, -1.000000000000000000, 0.000000000000000000 ) ) ;
#2488 = CARTESIAN_POINT ( 'NONE',  ( 6.892349582463465296, 19.84070686846390430, 8.499999999999998224 ) ) ;
#2489 = CIRCLE ( 'NONE', #464, 2.749999999999995559 ) ;
#2490 = ORIENTED_EDGE ( 'NONE', *, *, #2339, .F. ) ;
#2491 = FACE_OUTER_BOUND ( 'NONE', #2314, .T. ) ;
#2492 = EDGE_LOOP ( 'NONE', ( #2640, #2568, #2984, #3592 ) ) ;
#2493 = CARTESIAN_POINT ( 'NONE',  ( 15.78503777425775390, -19.72129294843107417, 3.292323440001584611 ) ) ;
#2494 = CARTESIAN_POINT ( 'NONE',  ( -17.71496222574230117, 22.52870705156888675, 3.292323440001584611 ) ) ;
#2495 = AXIS2_PLACEMENT_3D ( 'NONE', #4033, #2453, #3705 ) ;
#2496 = EDGE_CURVE ( 'NONE', #862, #87, #1257, .T. ) ;
#2497 = ADVANCED_FACE ( 'NONE', ( #2424, #3844 ), #1321, .T. ) ;
#2498 = AXIS2_PLACEMENT_3D ( 'NONE', #2238, #1897, #3791 ) ;
#2499 = AXIS2_PLACEMENT_3D ( 'NONE', #2629, #1368, #2327 ) ;
#2500 = DIRECTION ( 'NONE',  ( -0.000000000000000000, -0.000000000000000000, 1.000000000000000000 ) ) ;
#2501 = EDGE_CURVE ( 'NONE', #699, #2301, #2063, .T. ) ;
#2502 = VERTEX_POINT ( 'NONE', #1280 ) ;
#2503 = VECTOR ( 'NONE', #2145, 1000.000000000000000 ) ;
#2504 = LINE ( 'NONE', #947, #1194 ) ;
#2505 = AXIS2_PLACEMENT_3D ( 'NONE', #3419, #3747, #3137 ) ;
#2506 = EDGE_CURVE ( 'NONE', #161, #180, #3776, .T. ) ;
#2507 = CYLINDRICAL_SURFACE ( 'NONE', #3612, 1.000000000000000888 ) ;
#2508 = VECTOR ( 'NONE', #3546, 1000.000000000000000 ) ;
#2509 = VERTEX_POINT ( 'NONE', #2571 ) ;
#2510 = DIRECTION ( 'NONE',  ( 1.000000000000000000, 0.000000000000000000, 0.000000000000000000 ) ) ;
#2511 = ORIENTED_EDGE ( 'NONE', *, *, #3958, .T. ) ;
#2512 = DIRECTION ( 'NONE',  ( -0.000000000000000000, -0.000000000000000000, 1.000000000000000000 ) ) ;
#2513 = DIRECTION ( 'NONE',  ( -1.000000000000000000, 0.000000000000000000, 0.000000000000000000 ) ) ;
#2514 = EDGE_LOOP ( 'NONE', ( #2808, #2997, #2650, #1991 ) ) ;
#2515 = DIRECTION ( 'NONE',  ( 0.000000000000000000, 0.000000000000000000, -1.000000000000000000 ) ) ;
#2516 = VERTEX_POINT ( 'NONE', #333 ) ;
#2517 = CARTESIAN_POINT ( 'NONE',  ( 16.53503777425773436, 19.77870705156889031, 8.499999999999998224 ) ) ;
#2518 = DIRECTION ( 'NONE',  ( 1.000000000000000000, 0.000000000000000000, 0.000000000000000000 ) ) ;
#2519 = EDGE_CURVE ( 'NONE', #2391, #2846, #3167, .T. ) ;
#2520 = DIRECTION ( 'NONE',  ( -1.949127501097536693E-16, -1.000000000000000000, 0.000000000000000000 ) ) ;
#2521 = CARTESIAN_POINT ( 'NONE',  ( -16.21496222574226564, -22.47129294843110969, 5.000000000000001776 ) ) ;
#2522 = ORIENTED_EDGE ( 'NONE', *, *, #196, .F. ) ;
#2523 = DIRECTION ( 'NONE',  ( -1.734723475976807094E-16, 1.000000000000000000, 0.000000000000000000 ) ) ;
#2524 = CYLINDRICAL_SURFACE ( 'NONE', #3361, 1.074999999999999512 ) ;
#2525 = LINE ( 'NONE', #3429, #1249 ) ;
#2526 = VERTEX_POINT ( 'NONE', #990 ) ;
#2527 = LINE ( 'NONE', #1303, #3688 ) ;
#2528 = EDGE_CURVE ( 'NONE', #2429, #448, #1960, .T. ) ;
#2529 = CARTESIAN_POINT ( 'NONE',  ( -13.96496222574226209, -22.47129294843110969, 5.000000000000001776 ) ) ;
#2530 = FACE_OUTER_BOUND ( 'NONE', #667, .T. ) ;
#2531 = VECTOR ( 'NONE', #1632, 1000.000000000000000 ) ;
#2532 = VERTEX_POINT ( 'NONE', #2242 ) ;
#2533 = DIRECTION ( 'NONE',  ( 1.000000000000000000, 0.000000000000000000, 0.000000000000000000 ) ) ;
#2534 = ORIENTED_EDGE ( 'NONE', *, *, #846, .F. ) ;
#2535 = CARTESIAN_POINT ( 'NONE',  ( 11.52803777425773468, 25.68270705156890443, 1.699999999999999289 ) ) ;
#2536 = DIRECTION ( 'NONE',  ( 1.000000000000000000, 0.000000000000000000, 0.000000000000000000 ) ) ;
#2537 = EDGE_LOOP ( 'NONE', ( #1382, #2271, #1202, #3087 ) ) ;
#2538 = FACE_OUTER_BOUND ( 'NONE', #3184, .T. ) ;
#2539 = EDGE_CURVE ( 'NONE', #3283, #2975, #3821, .T. ) ;
#2540 = LINE ( 'NONE', #3815, #2955 ) ;
#2541 = CARTESIAN_POINT ( 'NONE',  ( 2.015431251695973813, 12.66714344531767900, 8.499999999999998224 ) ) ;
#2542 = ORIENTED_EDGE ( 'NONE', *, *, #427, .F. ) ;
#2543 = ORIENTED_EDGE ( 'NONE', *, *, #3955, .T. ) ;
#2544 = DIRECTION ( 'NONE',  ( -0.000000000000000000, -0.000000000000000000, -1.000000000000000000 ) ) ;
#2545 = DIRECTION ( 'NONE',  ( 1.000000000000000000, 0.000000000000000000, 0.000000000000000000 ) ) ;
#2546 = ADVANCED_FACE ( 'NONE', ( #1369 ), #2524, .T. ) ;
#2547 = EDGE_CURVE ( 'NONE', #644, #3277, #2611, .T. ) ;
#2548 = DIRECTION ( 'NONE',  ( 0.000000000000000000, 0.000000000000000000, 1.000000000000000000 ) ) ;
#2549 = VERTEX_POINT ( 'NONE', #1900 ) ;
#2550 = DIRECTION ( 'NONE',  ( 0.000000000000000000, 0.000000000000000000, -1.000000000000000000 ) ) ;
#2551 = FACE_OUTER_BOUND ( 'NONE', #1943, .T. ) ;
#2552 = CARTESIAN_POINT ( 'NONE',  ( -16.21496222574229051, -19.72129294843107417, 3.292323440001584611 ) ) ;
#2553 = ORIENTED_EDGE ( 'NONE', *, *, #3876, .T. ) ;
#2554 = CARTESIAN_POINT ( 'NONE',  ( 9.710935302704854166, -22.11161202698745853, 9.999999999999998224 ) ) ;
#2555 = VERTEX_POINT ( 'NONE', #401 ) ;
#2556 = DIRECTION ( 'NONE',  ( -1.000000000000000000, 0.000000000000000000, 0.000000000000000000 ) ) ;
#2557 = DIRECTION ( 'NONE',  ( -0.000000000000000000, -0.000000000000000000, 1.000000000000000000 ) ) ;
#2558 = AXIS2_PLACEMENT_3D ( 'NONE', #1102, #839, #2977 ) ;
#2559 = EDGE_CURVE ( 'NONE', #2975, #1052, #3425, .T. ) ;
#2560 = AXIS2_PLACEMENT_3D ( 'NONE', #895, #1871, #3388 ) ;
#2561 = CARTESIAN_POINT ( 'NONE',  ( -16.46496222574226920, 28.52870705156889741, -4.000000000000000000 ) ) ;
#2562 = AXIS2_PLACEMENT_3D ( 'NONE', #2521, #3161, #3445 ) ;
#2563 = CARTESIAN_POINT ( 'NONE',  ( 13.53503777425770238, 22.52870705156892583, 5.000000000000001776 ) ) ;
#2564 = AXIS2_PLACEMENT_3D ( 'NONE', #825, #803, #2060 ) ;
#2565 = VECTOR ( 'NONE', #2263, 1000.000000000000000 ) ;
#2566 = DIRECTION ( 'NONE',  ( 0.000000000000000000, 0.000000000000000000, -1.000000000000000000 ) ) ;
#2567 = VECTOR ( 'NONE', #540, 1000.000000000000000 ) ;
#2568 = ORIENTED_EDGE ( 'NONE', *, *, #3803, .T. ) ;
#2569 = VERTEX_POINT ( 'NONE', #1037 ) ;
#2570 = CYLINDRICAL_SURFACE ( 'NONE', #3159, 2.999999999999999112 ) ;
#2571 = CARTESIAN_POINT ( 'NONE',  ( -11.83179519312907679, -28.47129294843108482, 8.499999999999998224 ) ) ;
#2572 = VECTOR ( 'NONE', #2747, 1000.000000000000000 ) ;
#2573 = ORIENTED_EDGE ( 'NONE', *, *, #4017, .T. ) ;
#2574 = EDGE_CURVE ( 'NONE', #3598, #2792, #3047, .T. ) ;
#2575 = CARTESIAN_POINT ( 'NONE',  ( 14.28503777425773436, -22.47129294843107417, 3.292323440001584611 ) ) ;
#2576 = DIRECTION ( 'NONE',  ( -0.000000000000000000, 1.000000000000000000, 0.000000000000000000 ) ) ;
#2577 = CARTESIAN_POINT ( 'NONE',  ( -16.46496222574226209, -29.97129294843108838, 9.500000000000005329 ) ) ;
#2578 = CIRCLE ( 'NONE', #3490, 2.999999999999999112 ) ;
#2579 = AXIS2_PLACEMENT_3D ( 'NONE', #3011, #596, #295 ) ;
#2580 = EDGE_LOOP ( 'NONE', ( #3352, #3633 ) ) ;
#2581 = DIRECTION ( 'NONE',  ( -0.000000000000000000, -0.000000000000000000, 1.000000000000000000 ) ) ;
#2582 = VERTEX_POINT ( 'NONE', #721 ) ;
#2583 = CARTESIAN_POINT ( 'NONE',  ( -13.46496222574226920, -22.47129294843110969, -4.002000000000000668 ) ) ;
#2584 = AXIS2_PLACEMENT_3D ( 'NONE', #2601, #1949, #2556 ) ;
#2585 = CARTESIAN_POINT ( 'NONE',  ( -16.21496222574229407, 19.77870705156889031, 8.499999999999998224 ) ) ;
#2586 = ORIENTED_EDGE ( 'NONE', *, *, #3061, .F. ) ;
#2587 = EDGE_CURVE ( 'NONE', #880, #2917, #969, .T. ) ;
#2588 = EDGE_CURVE ( 'NONE', #3373, #2875, #1531, .T. ) ;
#2589 = FACE_OUTER_BOUND ( 'NONE', #3954, .T. ) ;
#2590 = ORIENTED_EDGE ( 'NONE', *, *, #348, .T. ) ;
#2591 = LINE ( 'NONE', #2942, #542 ) ;
#2592 = DIRECTION ( 'NONE',  ( 1.000000000000000000, 2.312964634635742267E-15, 0.000000000000000000 ) ) ;
#2593 = EDGE_LOOP ( 'NONE', ( #946, #1785, #3669, #2542 ) ) ;
#2594 = LINE ( 'NONE', #1039, #744 ) ;
#2595 = LINE ( 'NONE', #3173, #3067 ) ;
#2596 = DIRECTION ( 'NONE',  ( 1.000000000000000000, 0.000000000000000000, 0.000000000000000000 ) ) ;
#2597 = ADVANCED_FACE ( 'NONE', ( #43 ), #1942, .F. ) ;
#2598 = EDGE_LOOP ( 'NONE', ( #555, #765, #2411, #3609 ) ) ;
#2599 = CARTESIAN_POINT ( 'NONE',  ( 16.53503777425773436, 18.77870705156889031, 8.499999999999998224 ) ) ;
#2600 = VERTEX_POINT ( 'NONE', #3468 ) ;
#2601 = CARTESIAN_POINT ( 'NONE',  ( -10.88296222574226668, -25.62529294843109540, 1.699999999999999289 ) ) ;
#2602 = DIRECTION ( 'NONE',  ( 0.000000000000000000, 0.000000000000000000, 1.000000000000000000 ) ) ;
#2603 = VECTOR ( 'NONE', #1923, 1000.000000000000000 ) ;
#2604 = EDGE_CURVE ( 'NONE', #1874, #605, #814, .T. ) ;
#2605 = ORIENTED_EDGE ( 'NONE', *, *, #3355, .F. ) ;
#2606 = CARTESIAN_POINT ( 'NONE',  ( -10.88296222574226668, 25.68270705156890443, -0.1000000000000002554 ) ) ;
#2607 = CARTESIAN_POINT ( 'NONE',  ( -9.066960760898265193, 21.25670570879590571, 9.999999999999998224 ) ) ;
#2608 = ORIENTED_EDGE ( 'NONE', *, *, #1049, .T. ) ;
#2609 = ORIENTED_EDGE ( 'NONE', *, *, #1291, .F. ) ;
#2610 = CARTESIAN_POINT ( 'NONE',  ( -9.934129258355456571, -28.47129294843108482, 8.499999999999998224 ) ) ;
#2611 = LINE ( 'NONE', #701, #90 ) ;
#2612 = ORIENTED_EDGE ( 'NONE', *, *, #454, .T. ) ;
#2613 = CARTESIAN_POINT ( 'NONE',  ( 15.78503777425776100, 19.77870705156889031, 3.292323440001584611 ) ) ;
#2614 = DIRECTION ( 'NONE',  ( 0.000000000000000000, 0.000000000000000000, 1.000000000000000000 ) ) ;
#2615 = CARTESIAN_POINT ( 'NONE',  ( 17.53503777425773791, -18.72129294843107772, 3.292323440001584611 ) ) ;
#2616 = VERTEX_POINT ( 'NONE', #1586 ) ;
#2617 = CARTESIAN_POINT ( 'NONE',  ( -17.71496222574230117, 22.52870705156888675, 5.000000000000001776 ) ) ;
#2618 = ORIENTED_EDGE ( 'NONE', *, *, #574, .F. ) ;
#2619 = DIRECTION ( 'NONE',  ( 0.000000000000000000, 0.000000000000000000, 1.000000000000000000 ) ) ;
#2620 = CARTESIAN_POINT ( 'NONE',  ( 19.03503777425773080, 30.02870705156891162, 3.292323440001584611 ) ) ;
#2621 = AXIS2_PLACEMENT_3D ( 'NONE', #2343, #2021, #1109 ) ;
#2622 = ORIENTED_EDGE ( 'NONE', *, *, #468, .T. ) ;
#2623 = CARTESIAN_POINT ( 'NONE',  ( -10.14106361317946003, -22.11161202698745498, 9.999999999999998224 ) ) ;
#2624 = EDGE_CURVE ( 'NONE', #1997, #2013, #2250, .T. ) ;
#2625 = PRESENTATION_LAYER_ASSIGNMENT (  '', '', ( #587 ) ) ;
#2626 = DIRECTION ( 'NONE',  ( -1.734723475976807094E-16, 1.000000000000000000, 0.000000000000000000 ) ) ;
#2627 = VERTEX_POINT ( 'NONE', #3903 ) ;
#2628 = ORIENTED_EDGE ( 'NONE', *, *, #2843, .T. ) ;
#2629 = CARTESIAN_POINT ( 'NONE',  ( -16.21496222574226564, -22.47129294843110969, 5.000000000000001776 ) ) ;
#2630 = CARTESIAN_POINT ( 'NONE',  ( 17.53503777425773791, -18.72129294843107772, -4.000000000000000000 ) ) ;
#2631 = AXIS2_PLACEMENT_3D ( 'NONE', #1499, #1770, #552 ) ;
#2632 = EDGE_CURVE ( 'NONE', #521, #1394, #1668, .T. ) ;
#2633 = VERTEX_POINT ( 'NONE', #2328 ) ;
#2634 = LINE ( 'NONE', #2268, #3557 ) ;
#2635 = CARTESIAN_POINT ( 'NONE',  ( -12.64106361317946003, 13.48838797301254111, 9.999999999999998224 ) ) ;
#2636 = EDGE_CURVE ( 'NONE', #646, #1521, #212, .T. ) ;
#2637 = AXIS2_PLACEMENT_3D ( 'NONE', #785, #2103, #2669 ) ;
#2638 = CARTESIAN_POINT ( 'NONE',  ( -1.987927293224997172, 19.84070686846390430, 8.499999999999998224 ) ) ;
#2639 = EDGE_CURVE ( 'NONE', #1626, #731, #830, .T. ) ;
#2640 = ORIENTED_EDGE ( 'NONE', *, *, #146, .T. ) ;
#2641 = DIRECTION ( 'NONE',  ( 1.000000000000000000, 0.000000000000000000, 0.000000000000000000 ) ) ;
#2642 = ORIENTED_EDGE ( 'NONE', *, *, #3472, .T. ) ;
#2643 = CARTESIAN_POINT ( 'NONE',  ( -13.96496222574229762, 22.52870705156889031, 5.000000000000001776 ) ) ;
#2644 = CARTESIAN_POINT ( 'NONE',  ( 9.378037774257734327, -25.62529294843109540, -0.1000000000000002554 ) ) ;
#2645 = VECTOR ( 'NONE', #1559, 1000.000000000000000 ) ;
#2646 = EDGE_LOOP ( 'NONE', ( #3119, #1562 ) ) ;
#2647 = AXIS2_PLACEMENT_3D ( 'NONE', #901, #307, #4038 ) ;
#2648 = ADVANCED_FACE ( 'NONE', ( #3638 ), #151, .T. ) ;
#2649 = FACE_OUTER_BOUND ( 'NONE', #568, .T. ) ;
#2650 = ORIENTED_EDGE ( 'NONE', *, *, #2900, .T. ) ;
#2651 = DIRECTION ( 'NONE',  ( -0.000000000000000000, -0.000000000000000000, 1.000000000000000000 ) ) ;
#2652 = DIRECTION ( 'NONE',  ( -0.000000000000000000, -0.000000000000000000, 1.000000000000000000 ) ) ;
#2653 = SHAPE_DEFINITION_REPRESENTATION ( #541, #2757 ) ;
#2654 = EDGE_CURVE ( 'NONE', #3297, #3768, #1596, .T. ) ;
#2655 = ORIENTED_EDGE ( 'NONE', *, *, #1747, .F. ) ;
#2656 = PLANE ( 'NONE',  #1535 ) ;
#2657 = LINE ( 'NONE', #2695, #3261 ) ;
#2658 = DIRECTION ( 'NONE',  ( 1.000000000000000000, 0.000000000000000000, 0.000000000000000000 ) ) ;
#2659 = ADVANCED_FACE ( 'NONE', ( #2303 ), #3556, .F. ) ;
#2660 = EDGE_LOOP ( 'NONE', ( #1604, #1532, #3871, #254 ) ) ;
#2661 = FACE_BOUND ( 'NONE', #917, .T. ) ;
#2662 = ORIENTED_EDGE ( 'NONE', *, *, #2686, .T. ) ;
#2663 = CARTESIAN_POINT ( 'NONE',  ( 17.53503777425773436, 26.27870705156888320, 8.499999999999998224 ) ) ;
#2664 = CARTESIAN_POINT ( 'NONE',  ( 10.45303777425773362, -25.62529294843109540, 1.699999999999999289 ) ) ;
#2665 = ORIENTED_EDGE ( 'NONE', *, *, #3696, .T. ) ;
#2666 = CARTESIAN_POINT ( 'NONE',  ( -16.21496222574229051, -25.22129294843106706, -4.002000000000000668 ) ) ;
#2667 = CYLINDRICAL_SURFACE ( 'NONE', #2810, 2.249999999999998668 ) ;
#2668 = ORIENTED_EDGE ( 'NONE', *, *, #3674, .T. ) ;
#2669 = DIRECTION ( 'NONE',  ( -1.000000000000000000, 0.000000000000000000, 0.000000000000000000 ) ) ;
#2670 = DIRECTION ( 'NONE',  ( 1.000000000000000000, 0.000000000000000000, 0.000000000000000000 ) ) ;
#2671 = AXIS2_PLACEMENT_3D ( 'NONE', #3131, #2512, #4032 ) ;
#2672 = CARTESIAN_POINT ( 'NONE',  ( -17.96496222574226564, 27.02870705156890097, 8.499999999999998224 ) ) ;
#2673 = CARTESIAN_POINT ( 'NONE',  ( -17.96496222574225854, -26.22129294843106706, 3.292323440001584611 ) ) ;
#2674 = EDGE_CURVE ( 'NONE', #1084, #68, #1410, .T. ) ;
#2675 = DIRECTION ( 'NONE',  ( 1.000000000000000000, 0.000000000000000000, 0.000000000000000000 ) ) ;
#2676 = ORIENTED_EDGE ( 'NONE', *, *, #116, .F. ) ;
#2677 = PLANE ( 'NONE',  #2367 ) ;
#2678 = ORIENTED_EDGE ( 'NONE', *, *, #1231, .F. ) ;
#2679 = DIRECTION ( 'NONE',  ( 0.000000000000000000, -0.000000000000000000, -1.000000000000000000 ) ) ;
#2680 = DIRECTION ( 'NONE',  ( 1.949127501097536200E-16, -1.000000000000000000, 0.000000000000000000 ) ) ;
#2681 = EDGE_CURVE ( 'NONE', #2403, #2509, #3940, .T. ) ;
#2682 = ORIENTED_EDGE ( 'NONE', *, *, #2539, .F. ) ;
#2683 = AXIS2_PLACEMENT_3D ( 'NONE', #3307, #1034, #2280 ) ;
#2684 = LINE ( 'NONE', #1170, #2962 ) ;
#2685 = EDGE_CURVE ( 'NONE', #1521, #197, #349, .T. ) ;
#2686 = EDGE_CURVE ( 'NONE', #3357, #93, #2085, .T. ) ;
#2687 = AXIS2_PLACEMENT_3D ( 'NONE', #3377, #247, #881 ) ;
#2688 = ORIENTED_EDGE ( 'NONE', *, *, #2262, .F. ) ;
#2689 = CARTESIAN_POINT ( 'NONE',  ( 10.45303777425773362, 25.68270705156890443, 8.499999999999998224 ) ) ;
#2690 = CARTESIAN_POINT ( 'NONE',  ( 16.03503777425773791, 30.02870705156891162, -4.000000000000000000 ) ) ;
#2691 = AXIS2_PLACEMENT_3D ( 'NONE', #3715, #1920, #2198 ) ;
#2692 = ORIENTED_EDGE ( 'NONE', *, *, #233, .F. ) ;
#2693 = DIRECTION ( 'NONE',  ( 1.949127501097536693E-16, -1.000000000000000000, 0.000000000000000000 ) ) ;
#2694 = AXIS2_PLACEMENT_3D ( 'NONE', #29, #1571, #3782 ) ;
#2695 = CARTESIAN_POINT ( 'NONE',  ( 17.28503777425773791, -22.47129294843107417, 3.000000000000001776 ) ) ;
#2696 = VECTOR ( 'NONE', #3695, 1000.000000000000000 ) ;
#2697 = DIRECTION ( 'NONE',  ( 0.000000000000000000, 0.000000000000000000, 1.000000000000000000 ) ) ;
#2698 = ADVANCED_FACE ( 'NONE', ( #3269 ), #458, .F. ) ;
#2699 = EDGE_CURVE ( 'NONE', #950, #1507, #786, .T. ) ;
#2700 = ORIENTED_EDGE ( 'NONE', *, *, #3767, .T. ) ;
#2701 = DIRECTION ( 'NONE',  ( 1.000000000000000000, 0.000000000000000000, 0.000000000000000000 ) ) ;
#2702 = AXIS2_PLACEMENT_3D ( 'NONE', #745, #438, #420 ) ;
#2703 = ORIENTED_EDGE ( 'NONE', *, *, #3348, .T. ) ;
#2704 = LINE ( 'NONE', #3949, #4016 ) ;
#2705 = CARTESIAN_POINT ( 'NONE',  ( 16.03503777425773791, -26.97129294843108838, 9.999999999999998224 ) ) ;
#2706 = ORIENTED_EDGE ( 'NONE', *, *, #3206, .T. ) ;
#2707 = ORIENTED_EDGE ( 'NONE', *, *, #1331, .T. ) ;
#2708 = CARTESIAN_POINT ( 'NONE',  ( 16.53503777425773436, 18.77870705156889031, -4.002000000000000668 ) ) ;
#2709 = VECTOR ( 'NONE', #1262, 1000.000000000000000 ) ;
#2710 = AXIS2_PLACEMENT_3D ( 'NONE', #1135, #2043, #2670 ) ;
#2711 = EDGE_CURVE ( 'NONE', #2532, #3373, #3007, .T. ) ;
#2712 = ORIENTED_EDGE ( 'NONE', *, *, #3405, .F. ) ;
#2713 = EDGE_CURVE ( 'NONE', #774, #27, #547, .T. ) ;
#2714 = CARTESIAN_POINT ( 'NONE',  ( -16.21496222574226564, -22.47129294843110969, 3.000000000000001776 ) ) ;
#2715 = DIRECTION ( 'NONE',  ( 1.000000000000000000, -1.156482317317871725E-15, 0.000000000000000000 ) ) ;
#2716 = VECTOR ( 'NONE', #1638, 1000.000000000000000 ) ;
#2717 = VECTOR ( 'NONE', #339, 1000.000000000000000 ) ;
#2718 = ORIENTED_EDGE ( 'NONE', *, *, #251, .T. ) ;
#2719 = LINE ( 'NONE', #2735, #2319 ) ;
#2720 = PLANE ( 'NONE',  #1760 ) ;
#2721 = DIRECTION ( 'NONE',  ( 0.000000000000000000, 0.000000000000000000, 1.000000000000000000 ) ) ;
#2722 = ORIENTED_EDGE ( 'NONE', *, *, #10, .F. ) ;
#2723 = DIRECTION ( 'NONE',  ( 1.000000000000000000, 0.000000000000000000, 0.000000000000000000 ) ) ;
#2724 = VERTEX_POINT ( 'NONE', #2006 ) ;
#2725 = EDGE_CURVE ( 'NONE', #3830, #2781, #673, .T. ) ;
#2726 = DIRECTION ( 'NONE',  ( -0.000000000000000000, -1.000000000000000000, 0.000000000000000000 ) ) ;
#2727 = CARTESIAN_POINT ( 'NONE',  ( 1.050003391056464341, 19.84070686846390430, -4.001000000000001222 ) ) ;
#2728 = ORIENTED_EDGE ( 'NONE', *, *, #1386, .T. ) ;
#2729 = ORIENTED_EDGE ( 'NONE', *, *, #4039, .T. ) ;
#2730 = FACE_BOUND ( 'NONE', #3841, .T. ) ;
#2731 = ADVANCED_FACE ( 'NONE', ( #189 ), #3250, .T. ) ;
#2732 = CARTESIAN_POINT ( 'NONE',  ( 15.78503777425773613, -22.47129294843107417, 3.292323440001584611 ) ) ;
#2733 = AXIS2_PLACEMENT_3D ( 'NONE', #1656, #114, #2224 ) ;
#2734 = VERTEX_POINT ( 'NONE', #1385 ) ;
#2735 = CARTESIAN_POINT ( 'NONE',  ( 4.793649565339142882, 11.01227139059988147, -4.001000000000001222 ) ) ;
#2736 = CARTESIAN_POINT ( 'NONE',  ( 11.40187074164450642, 28.52870705156890452, 8.499999999999998224 ) ) ;
#2737 = ORIENTED_EDGE ( 'NONE', *, *, #826, .F. ) ;
#2738 = DIRECTION ( 'NONE',  ( 0.000000000000000000, -0.000000000000000000, -1.000000000000000000 ) ) ;
#2739 = ORIENTED_EDGE ( 'NONE', *, *, #1888, .F. ) ;
#2740 = CARTESIAN_POINT ( 'NONE',  ( 11.40187074164454017, -28.47129294843108482, 1.699999999999999289 ) ) ;
#2741 = FACE_BOUND ( 'NONE', #3022, .T. ) ;
#2742 = VECTOR ( 'NONE', #758, 1000.000000000000000 ) ;
#2743 = EDGE_CURVE ( 'NONE', #3376, #2239, #3920, .T. ) ;
#2744 = ORIENTED_EDGE ( 'NONE', *, *, #2681, .F. ) ;
#2745 = LINE ( 'NONE', #1850, #3870 ) ;
#2746 = PLANE ( 'NONE',  #1127 ) ;
#2747 = DIRECTION ( 'NONE',  ( 0.000000000000000000, 0.000000000000000000, -1.000000000000000000 ) ) ;
#2748 = AXIS2_PLACEMENT_3D ( 'NONE', #763, #2898, #717 ) ;
#2749 = VECTOR ( 'NONE', #3390, 1000.000000000000000 ) ;
#2750 = ORIENTED_EDGE ( 'NONE', *, *, #2674, .T. ) ;
#2751 = CARTESIAN_POINT ( 'NONE',  ( 7.285040208365947123, -28.47129294843108482, 3.292323440001584611 ) ) ;
#2752 = DIRECTION ( 'NONE',  ( 0.000000000000000000, 0.000000000000000000, 1.000000000000000000 ) ) ;
#2753 = AXIS2_PLACEMENT_3D ( 'NONE', #2078, #3321, #3042 ) ;
#2754 = ADVANCED_FACE ( 'NONE', ( #670 ), #3888, .T. ) ;
#2755 = ORIENTED_EDGE ( 'NONE', *, *, #3792, .F. ) ;
#2756 = DIRECTION ( 'NONE',  ( 0.000000000000000000, 0.000000000000000000, 1.000000000000000000 ) ) ;
#2757 = ADVANCED_BREP_SHAPE_REPRESENTATION ( 'Top_Enclosure', ( #3748, #1976 ), #3153 ) ;
#2758 = ORIENTED_EDGE ( 'NONE', *, *, #949, .T. ) ;
#2759 = DIRECTION ( 'NONE',  ( 0.000000000000000000, 0.000000000000000000, 1.000000000000000000 ) ) ;
#2760 = CARTESIAN_POINT ( 'NONE',  ( 15.78503777425775390, -25.22129294843106706, 8.499999999999998224 ) ) ;
#2761 = VECTOR ( 'NONE', #3365, 1000.000000000000000 ) ;
#2762 = ORIENTED_EDGE ( 'NONE', *, *, #67, .T. ) ;
#2763 = CARTESIAN_POINT ( 'NONE',  ( 1.050003391056464341, 19.84070686846390430, 9.999999999999998224 ) ) ;
#2764 = VERTEX_POINT ( 'NONE', #3459 ) ;
#2765 = LINE ( 'NONE', #3709, #453 ) ;
#2766 = AXIS2_PLACEMENT_3D ( 'NONE', #2157, #3126, #1196 ) ;
#2767 = DIRECTION ( 'NONE',  ( 1.000000000000000000, 0.000000000000000000, 0.000000000000000000 ) ) ;
#2768 = EDGE_CURVE ( 'NONE', #3835, #1958, #9, .T. ) ;
#2769 = AXIS2_PLACEMENT_3D ( 'NONE', #2990, #3579, #518 ) ;
#2770 = VECTOR ( 'NONE', #3312, 999.9999999999998863 ) ;
#2771 = ORIENTED_EDGE ( 'NONE', *, *, #3963, .T. ) ;
#2772 = CIRCLE ( 'NONE', #2257, 2.249999999999998668 ) ;
#2773 = DIRECTION ( 'NONE',  ( 1.000000000000000000, 0.000000000000000000, 0.000000000000000000 ) ) ;
#2774 = CARTESIAN_POINT ( 'NONE',  ( 15.78503777425770060, 22.52870705156892583, 9.999999999999998224 ) ) ;
#2775 = ORIENTED_EDGE ( 'NONE', *, *, #1306, .T. ) ;
#2776 = VECTOR ( 'NONE', #2510, 1000.000000000000000 ) ;
#2777 = CYLINDRICAL_SURFACE ( 'NONE', #3024, 1.074999999999999512 ) ;
#2778 = ORIENTED_EDGE ( 'NONE', *, *, #1989, .F. ) ;
#2779 = CYLINDRICAL_SURFACE ( 'NONE', #442, 1.500000000000001332 ) ;
#2780 = LINE ( 'NONE', #4014, #2305 ) ;
#2781 = VERTEX_POINT ( 'NONE', #2494 ) ;
#2782 = CARTESIAN_POINT ( 'NONE',  ( -16.21496222574229762, 22.52870705156889031, 5.000000000000001776 ) ) ;
#2783 = VERTEX_POINT ( 'NONE', #1934 ) ;
#2784 = DIRECTION ( 'NONE',  ( -1.000000000000000000, 0.000000000000000000, 0.000000000000000000 ) ) ;
#2785 = CARTESIAN_POINT ( 'NONE',  ( 16.53503777425773791, -19.72129294843107417, 8.499999999999998224 ) ) ;
#2786 = CYLINDRICAL_SURFACE ( 'NONE', #601, 1.500000000000001332 ) ;
#2787 = EDGE_CURVE ( 'NONE', #490, #1526, #4056, .T. ) ;
#2788 = EDGE_LOOP ( 'NONE', ( #1086, #1589, #136, #117 ) ) ;
#2789 = CARTESIAN_POINT ( 'NONE',  ( 16.03503777425773791, -28.47129294843108482, 8.499999999999998224 ) ) ;
#2790 = VECTOR ( 'NONE', #1116, 999.9999999999998863 ) ;
#2791 = CARTESIAN_POINT ( 'NONE',  ( -16.46496222574226209, -28.47129294843108482, -4.000000000000000000 ) ) ;
#2792 = VERTEX_POINT ( 'NONE', #3179 ) ;
#2793 = ADVANCED_FACE ( 'NONE', ( #3788 ), #325, .F. ) ;
#2794 = DIRECTION ( 'NONE',  ( 1.000000000000000000, 0.000000000000000000, 0.000000000000000000 ) ) ;
#2795 = DIRECTION ( 'NONE',  ( -0.000000000000000000, -0.000000000000000000, 1.000000000000000000 ) ) ;
#2796 = CARTESIAN_POINT ( 'NONE',  ( -9.934129258355479664, 28.52870705156890097, 3.292323440001584611 ) ) ;
#2797 = EDGE_CURVE ( 'NONE', #2292, #556, #960, .T. ) ;
#2798 = ORIENTED_EDGE ( 'NONE', *, *, #1652, .T. ) ;
#2799 = CARTESIAN_POINT ( 'NONE',  ( 10.45303777425773362, 25.68270705156890443, 1.699999999999999289 ) ) ;
#2800 = ORIENTED_EDGE ( 'NONE', *, *, #618, .T. ) ;
#2801 = DIRECTION ( 'NONE',  ( 1.734723475976807341E-16, -1.000000000000000000, 0.000000000000000000 ) ) ;
#2802 = CARTESIAN_POINT ( 'NONE',  ( -10.88296222574226668, 25.68270705156890443, 1.699999999999999289 ) ) ;
#2803 = EDGE_CURVE ( 'NONE', #199, #838, #3726, .T. ) ;
#2804 = VERTEX_POINT ( 'NONE', #1577 ) ;
#2805 = EDGE_CURVE ( 'NONE', #2526, #2344, #220, .T. ) ;
#2806 = LINE ( 'NONE', #573, #660 ) ;
#2807 = CIRCLE ( 'NONE', #3723, 2.999999999999999112 ) ;
#2808 = ORIENTED_EDGE ( 'NONE', *, *, #2787, .T. ) ;
#2809 = CARTESIAN_POINT ( 'NONE',  ( -16.21496222574229051, -25.22129294843106706, 8.499999999999998224 ) ) ;
#2810 = AXIS2_PLACEMENT_3D ( 'NONE', #3917, #3222, #417 ) ;
#2811 = DIRECTION ( 'NONE',  ( 0.000000000000000000, -0.000000000000000000, -1.000000000000000000 ) ) ;
#2812 = ORIENTED_EDGE ( 'NONE', *, *, #2012, .F. ) ;
#2813 = DIRECTION ( 'NONE',  ( 1.000000000000000000, 0.000000000000000000, 0.000000000000000000 ) ) ;
#2814 = DIRECTION ( 'NONE',  ( 0.000000000000000000, 0.000000000000000000, -1.000000000000000000 ) ) ;
#2815 = LINE ( 'NONE', #1553, #3347 ) ;
#2816 = EDGE_CURVE ( 'NONE', #1842, #838, #873, .T. ) ;
#2817 = CIRCLE ( 'NONE', #3218, 1.499999999999999556 ) ;
#2818 = ORIENTED_EDGE ( 'NONE', *, *, #3535, .F. ) ;
#2819 = CARTESIAN_POINT ( 'NONE',  ( -10.88296222574226668, 25.68270705156890443, -0.1000000000000002554 ) ) ;
#2820 = VERTEX_POINT ( 'NONE', #1230 ) ;
#2821 = CARTESIAN_POINT ( 'NONE',  ( -17.96496222574226564, 30.02870705156890097, 8.499999999999998224 ) ) ;
#2822 = DIRECTION ( 'NONE',  ( 1.000000000000000000, 0.000000000000000000, 0.000000000000000000 ) ) ;
#2823 = AXIS2_PLACEMENT_3D ( 'NONE', #3869, #426, #3174 ) ;
#2824 = ORIENTED_EDGE ( 'NONE', *, *, #3501, .T. ) ;
#2825 = VECTOR ( 'NONE', #1298, 1000.000000000000000 ) ;
#2826 = CARTESIAN_POINT ( 'NONE',  ( -16.21496222574226564, -22.47129294843110969, 5.000000000000001776 ) ) ;
#2827 = ADVANCED_FACE ( 'NONE', ( #1876 ), #2458, .T. ) ;
#2828 = VECTOR ( 'NONE', #3289, 1000.000000000000000 ) ;
#2829 = ADVANCED_FACE ( 'NONE', ( #3121 ), #2170, .T. ) ;
#2830 = CARTESIAN_POINT ( 'NONE',  ( -18.96496222574227986, -26.97129294843108838, 9.999999999999998224 ) ) ;
#2831 = VERTEX_POINT ( 'NONE', #2785 ) ;
#2832 = AXIS2_PLACEMENT_3D ( 'NONE', #3943, #851, #2693 ) ;
#2833 = CARTESIAN_POINT ( 'NONE',  ( -18.46496222574226564, -22.47129294843110969, 9.999999999999998224 ) ) ;
#2834 = DIRECTION ( 'NONE',  ( -0.000000000000000000, 0.000000000000000000, 1.000000000000000000 ) ) ;
#2835 = AXIS2_PLACEMENT_3D ( 'NONE', #1695, #2389, #2943 ) ;
#2836 = AXIS2_PLACEMENT_3D ( 'NONE', #1174, #2423, #3677 ) ;
#2837 = DIRECTION ( 'NONE',  ( 0.000000000000000000, 0.000000000000000000, 1.000000000000000000 ) ) ;
#2838 = VECTOR ( 'NONE', #432, 1000.000000000000000 ) ;
#2839 = ORIENTED_EDGE ( 'NONE', *, *, #157, .F. ) ;
#2840 = EDGE_LOOP ( 'NONE', ( #784, #3334 ) ) ;
#2841 = CARTESIAN_POINT ( 'NONE',  ( 17.53503777425774146, -26.22129294843107061, -4.000000000000000000 ) ) ;
#2842 = CARTESIAN_POINT ( 'NONE',  ( 9.710935302704847061, 13.48838797301253933, -4.001000000000001222 ) ) ;
#2843 = EDGE_CURVE ( 'NONE', #1056, #1671, #227, .T. ) ;
#2844 = ORIENTED_EDGE ( 'NONE', *, *, #2155, .T. ) ;
#2845 = DIRECTION ( 'NONE',  ( 0.000000000000000000, -0.000000000000000000, -1.000000000000000000 ) ) ;
#2846 = VERTEX_POINT ( 'NONE', #3766 ) ;
#2847 = CARTESIAN_POINT ( 'NONE',  ( -16.46496222574226209, -26.97129294843108838, 3.292323440001584611 ) ) ;
#2848 = CARTESIAN_POINT ( 'NONE',  ( -16.21496222574226564, -22.47129294843110969, 5.000000000000001776 ) ) ;
#2849 = EDGE_CURVE ( 'NONE', #955, #2920, #3048, .T. ) ;
#2850 = LINE ( 'NONE', #394, #1064 ) ;
#2851 = DIRECTION ( 'NONE',  ( -1.000000000000000000, 0.000000000000000000, 0.000000000000000000 ) ) ;
#2852 = EDGE_CURVE ( 'NONE', #3603, #1079, #160, .T. ) ;
#2853 = CARTESIAN_POINT ( 'NONE',  ( -7.714959791634053765, -29.97129294843108838, 6.892323440001584700 ) ) ;
#2854 = ORIENTED_EDGE ( 'NONE', *, *, #2155, .F. ) ;
#2855 = VERTEX_POINT ( 'NONE', #648 ) ;
#2856 = LINE ( 'NONE', #2282, #342 ) ;
#2857 = CARTESIAN_POINT ( 'NONE',  ( -19.46496222574226920, 28.52870705156889741, 8.499999999999998224 ) ) ;
#2858 = LINE ( 'NONE', #1549, #4061 ) ;
#2859 = VERTEX_POINT ( 'NONE', #1910 ) ;
#2860 = EDGE_LOOP ( 'NONE', ( #3023, #2612, #2901, #242 ) ) ;
#2861 = DIRECTION ( 'NONE',  ( -1.000000000000000000, 0.000000000000000000, 0.000000000000000000 ) ) ;
#2862 = CARTESIAN_POINT ( 'NONE',  ( 16.53503777425773080, 26.27870705156888320, 3.292323440001584611 ) ) ;
#2863 = AXIS2_PLACEMENT_3D ( 'NONE', #3781, #1615, #2861 ) ;
#2864 = VERTEX_POINT ( 'NONE', #34 ) ;
#2865 = CARTESIAN_POINT ( 'NONE',  ( 15.78503777425770060, 22.52870705156892583, 9.999999999999998224 ) ) ;
#2866 = ORIENTED_EDGE ( 'NONE', *, *, #1023, .T. ) ;
#2867 = DIRECTION ( 'NONE',  ( 1.000000000000000000, -2.135044278125326586E-15, 0.000000000000000000 ) ) ;
#2868 = LINE ( 'NONE', #2620, #3753 ) ;
#2869 = EDGE_CURVE ( 'NONE', #99, #3247, #3693, .T. ) ;
#2870 = ORIENTED_EDGE ( 'NONE', *, *, #3111, .T. ) ;
#2871 = DIRECTION ( 'NONE',  ( 1.000000000000000000, 0.000000000000000000, 0.000000000000000000 ) ) ;
#2872 = DIRECTION ( 'NONE',  ( 0.000000000000000000, -0.000000000000000000, -1.000000000000000000 ) ) ;
#2873 = ADVANCED_FACE ( 'NONE', ( #2153 ), #3394, .T. ) ;
#2874 = CARTESIAN_POINT ( 'NONE',  ( 15.78503777425776988, 25.27870705156888320, 3.292323440001584611 ) ) ;
#2875 = VERTEX_POINT ( 'NONE', #3196 ) ;
#2876 = ORIENTED_EDGE ( 'NONE', *, *, #48, .T. ) ;
#2877 = CARTESIAN_POINT ( 'NONE',  ( 18.53503777425775922, 3.215316515512184301E-15, 9.999999999999998224 ) ) ;
#2878 = CARTESIAN_POINT ( 'NONE',  ( -16.21496222574229762, 22.52870705156889031, 5.000000000000001776 ) ) ;
#2879 = AXIS2_PLACEMENT_3D ( 'NONE', #1737, #3858, #783 ) ;
#2880 = ORIENTED_EDGE ( 'NONE', *, *, #2982, .T. ) ;
#2881 = DIRECTION ( 'NONE',  ( 1.734723475976807341E-16, -1.000000000000000000, 0.000000000000000000 ) ) ;
#2882 = DIRECTION ( 'NONE',  ( -1.000000000000000000, 0.000000000000000000, 0.000000000000000000 ) ) ;
#2883 = DIRECTION ( 'NONE',  ( 1.000000000000000000, 0.000000000000000000, 0.000000000000000000 ) ) ;
#2884 = ADVANCED_FACE ( 'NONE', ( #735 ), #2036, .F. ) ;
#2885 = ADVANCED_FACE ( 'NONE', ( #2317, #3260 ), #1995, .T. ) ;
#2886 = CIRCLE ( 'NONE', #3672, 3.000000000000000888 ) ;
#2887 = ORIENTED_EDGE ( 'NONE', *, *, #726, .F. ) ;
#2888 = PLANE ( 'NONE',  #3404 ) ;
#2889 = ORIENTED_EDGE ( 'NONE', *, *, #703, .F. ) ;
#2890 = CARTESIAN_POINT ( 'NONE',  ( 16.03503777425773791, 28.52870705156890807, 8.499999999999998224 ) ) ;
#2891 = CARTESIAN_POINT ( 'NONE',  ( 16.03503777425773791, 28.52870705156890807, 3.292323440001584611 ) ) ;
#2892 = VECTOR ( 'NONE', #2075, 1000.000000000000000 ) ;
#2893 = VERTEX_POINT ( 'NONE', #3525 ) ;
#2894 = AXIS2_PLACEMENT_3D ( 'NONE', #2225, #1264, #2513 ) ;
#2895 = CYLINDRICAL_SURFACE ( 'NONE', #2897, 1.000000000000000888 ) ;
#2896 = DIRECTION ( 'NONE',  ( 1.000000000000000000, 0.000000000000000000, 0.000000000000000000 ) ) ;
#2897 = AXIS2_PLACEMENT_3D ( 'NONE', #83, #3651, #1818 ) ;
#2898 = DIRECTION ( 'NONE',  ( -1.000000000000000000, 0.000000000000000000, -0.000000000000000000 ) ) ;
#2899 = AXIS2_PLACEMENT_3D ( 'NONE', #1648, #679, #989 ) ;
#2900 = EDGE_CURVE ( 'NONE', #715, #1572, #1378, .T. ) ;
#2901 = ORIENTED_EDGE ( 'NONE', *, *, #3935, .T. ) ;
#2902 = EDGE_LOOP ( 'NONE', ( #1662, #1511, #2264, #236 ) ) ;
#2903 = CARTESIAN_POINT ( 'NONE',  ( 10.45303777425773362, 25.68270705156890443, 1.699999999999999289 ) ) ;
#2904 = CARTESIAN_POINT ( 'NONE',  ( 10.45303777425773362, 25.68270705156890443, 3.292323440001584611 ) ) ;
#2905 = VERTEX_POINT ( 'NONE', #2891 ) ;
#2906 = DIRECTION ( 'NONE',  ( 0.000000000000000000, 0.000000000000000000, -1.000000000000000000 ) ) ;
#2907 = DIRECTION ( 'NONE',  ( -0.000000000000000000, -0.000000000000000000, -1.000000000000000000 ) ) ;
#2908 = DIRECTION ( 'NONE',  ( 0.000000000000000000, 0.000000000000000000, 1.000000000000000000 ) ) ;
#2909 = VECTOR ( 'NONE', #3889, 1000.000000000000000 ) ;
#2910 = VECTOR ( 'NONE', #2283, 1000.000000000000000 ) ;
#2911 = EDGE_LOOP ( 'NONE', ( #1680, #2590, #2728, #3489 ) ) ;
#2912 = CARTESIAN_POINT ( 'NONE',  ( -14.71496222574229762, 22.52870705156888675, 3.292323440001584611 ) ) ;
#2913 = ORIENTED_EDGE ( 'NONE', *, *, #3227, .T. ) ;
#2914 = DIRECTION ( 'NONE',  ( 0.000000000000000000, 0.000000000000000000, 1.000000000000000000 ) ) ;
#2915 = VECTOR ( 'NONE', #841, 1000.000000000000000 ) ;
#2916 = CARTESIAN_POINT ( 'NONE',  ( -10.14106361317946003, 13.48838797301254111, -4.001000000000001222 ) ) ;
#2917 = VERTEX_POINT ( 'NONE', #78 ) ;
#2918 = CARTESIAN_POINT ( 'NONE',  ( -12.64106361317945293, -22.11161202698745498, -4.001000000000001222 ) ) ;
#2919 = EDGE_LOOP ( 'NONE', ( #1762, #3569 ) ) ;
#2920 = VERTEX_POINT ( 'NONE', #1970 ) ;
#2921 = DIRECTION ( 'NONE',  ( -0.000000000000000000, -0.000000000000000000, -1.000000000000000000 ) ) ;
#2922 = EDGE_CURVE ( 'NONE', #2633, #880, #2772, .T. ) ;
#2923 = ORIENTED_EDGE ( 'NONE', *, *, #531, .F. ) ;
#2924 = DIRECTION ( 'NONE',  ( 1.000000000000000000, 0.000000000000000000, 0.000000000000000000 ) ) ;
#2925 = CARTESIAN_POINT ( 'NONE',  ( 17.53503777425774146, -18.72129294843107417, 8.499999999999998224 ) ) ;
#2926 = CARTESIAN_POINT ( 'NONE',  ( -10.66696076089826661, 17.28171028643190610, 9.999999999999998224 ) ) ;
#2927 = AXIS2_PLACEMENT_3D ( 'NONE', #3481, #2914, #669 ) ;
#2928 = EDGE_CURVE ( 'NONE', #5, #448, #487, .T. ) ;
#2929 = VERTEX_POINT ( 'NONE', #3896 ) ;
#2930 =( LENGTH_UNIT ( ) NAMED_UNIT ( * ) SI_UNIT ( .MILLI., .METRE. ) );
#2931 = ORIENTED_EDGE ( 'NONE', *, *, #1708, .T. ) ;
#2932 = FACE_OUTER_BOUND ( 'NONE', #1908, .T. ) ;
#2933 = EDGE_CURVE ( 'NONE', #1958, #1095, #690, .T. ) ;
#2934 = DIRECTION ( 'NONE',  ( 0.000000000000000000, 0.000000000000000000, -1.000000000000000000 ) ) ;
#2935 = AXIS2_PLACEMENT_3D ( 'NONE', #1040, #3499, #96 ) ;
#2936 = ORIENTED_EDGE ( 'NONE', *, *, #3654, .T. ) ;
#2937 = DIRECTION ( 'NONE',  ( 1.000000000000000000, 1.734723475976807094E-16, -0.000000000000000000 ) ) ;
#2938 = EDGE_CURVE ( 'NONE', #197, #2450, #2868, .T. ) ;
#2939 = PLANE ( 'NONE',  #1640 ) ;
#2940 = ORIENTED_EDGE ( 'NONE', *, *, #3293, .T. ) ;
#2941 = EDGE_LOOP ( 'NONE', ( #538, #1014, #2913, #2866 ) ) ;
#2942 = CARTESIAN_POINT ( 'NONE',  ( -19.46496222574226209, -28.47129294843108482, 8.499999999999998224 ) ) ;
#2943 = DIRECTION ( 'NONE',  ( 0.000000000000000000, 0.000000000000000000, 1.000000000000000000 ) ) ;
#2944 = AXIS2_PLACEMENT_3D ( 'NONE', #918, #8, #3393 ) ;
#2945 = ORIENTED_EDGE ( 'NONE', *, *, #930, .F. ) ;
#2946 = CARTESIAN_POINT ( 'NONE',  ( -19.46496222574226920, 27.02870705156890097, -4.000000000000000000 ) ) ;
#2947 = DIRECTION ( 'NONE',  ( 0.000000000000000000, -0.000000000000000000, -1.000000000000000000 ) ) ;
#2948 = CARTESIAN_POINT ( 'NONE',  ( 10.45303777425773362, -25.62529294843109540, 8.499999999999998224 ) ) ;
#2949 = ORIENTED_EDGE ( 'NONE', *, *, #2797, .T. ) ;
#2950 = PLANE ( 'NONE',  #3936 ) ;
#2951 = ORIENTED_EDGE ( 'NONE', *, *, #3711, .F. ) ;
#2952 = EDGE_CURVE ( 'NONE', #1827, #3603, #391, .T. ) ;
#2953 = CARTESIAN_POINT ( 'NONE',  ( 15.78503777425773613, -22.47129294843107417, 5.000000000000001776 ) ) ;
#2954 = CARTESIAN_POINT ( 'NONE',  ( 16.03503777425773436, 27.02870705156891162, 9.999999999999998224 ) ) ;
#2955 = VECTOR ( 'NONE', #37, 1000.000000000000000 ) ;
#2956 = ORIENTED_EDGE ( 'NONE', *, *, #2639, .F. ) ;
#2957 = DIRECTION ( 'NONE',  ( 0.000000000000000000, 0.000000000000000000, -1.000000000000000000 ) ) ;
#2958 = CIRCLE ( 'NONE', #984, 1.000000000000000888 ) ;
#2959 = CIRCLE ( 'NONE', #1120, 2.749999999999995559 ) ;
#2960 = CARTESIAN_POINT ( 'NONE',  ( -7.882962225742265794, -25.62529294843109540, 1.699999999999999289 ) ) ;
#2961 = ORIENTED_EDGE ( 'NONE', *, *, #3316, .T. ) ;
#2962 = VECTOR ( 'NONE', #249, 1000.000000000000000 ) ;
#2963 = CARTESIAN_POINT ( 'NONE',  ( 2.015431251695973813, 11.01227139059988147, 9.999999999999998224 ) ) ;
#2964 = DIRECTION ( 'NONE',  ( 0.000000000000000000, 0.000000000000000000, -1.000000000000000000 ) ) ;
#2965 = AXIS2_PLACEMENT_3D ( 'NONE', #3454, #4050, #1905 ) ;
#2966 = VECTOR ( 'NONE', #1935, 1000.000000000000000 ) ;
#2967 = EDGE_CURVE ( 'NONE', #1042, #2855, #879, .T. ) ;
#2968 = DIRECTION ( 'NONE',  ( 0.000000000000000000, 0.000000000000000000, 1.000000000000000000 ) ) ;
#2969 = VERTEX_POINT ( 'NONE', #1684 ) ;
#2970 = DIRECTION ( 'NONE',  ( 0.000000000000000000, -1.000000000000000000, 0.000000000000000000 ) ) ;
#2971 = DIRECTION ( 'NONE',  ( 0.000000000000000000, -1.000000000000000000, 0.000000000000000000 ) ) ;
#2972 = VECTOR ( 'NONE', #1256, 1000.000000000000000 ) ;
#2973 = DIRECTION ( 'NONE',  ( -0.000000000000000000, -1.000000000000000000, -0.000000000000000000 ) ) ;
#2974 = CARTESIAN_POINT ( 'NONE',  ( -10.88296222574226668, 25.68270705156890443, 8.499999999999998224 ) ) ;
#2975 = VERTEX_POINT ( 'NONE', #2258 ) ;
#2976 = AXIS2_PLACEMENT_3D ( 'NONE', #858, #244, #2114 ) ;
#2977 = DIRECTION ( 'NONE',  ( -1.000000000000000000, 0.000000000000000000, -0.000000000000000000 ) ) ;
#2978 = ORIENTED_EDGE ( 'NONE', *, *, #3292, .T. ) ;
#2979 = PLANE ( 'NONE',  #1810 ) ;
#2980 = PLANE ( 'NONE',  #1913 ) ;
#2981 = CIRCLE ( 'NONE', #2579, 2.999999999999999112 ) ;
#2982 = EDGE_CURVE ( 'NONE', #1671, #1056, #554, .T. ) ;
#2983 = AXIS2_PLACEMENT_3D ( 'NONE', #522, #1804, #1432 ) ;
#2984 = ORIENTED_EDGE ( 'NONE', *, *, #2284, .T. ) ;
#2985 = DIRECTION ( 'NONE',  ( -1.000000000000000000, 0.000000000000000000, 0.000000000000000000 ) ) ;
#2986 = CARTESIAN_POINT ( 'NONE',  ( -16.21496222574229762, 22.52870705156888675, 3.292323440001584611 ) ) ;
#2987 = EDGE_CURVE ( 'NONE', #2059, #3359, #2321, .T. ) ;
#2988 = EDGE_LOOP ( 'NONE', ( #1607, #2416 ) ) ;
#2989 = CARTESIAN_POINT ( 'NONE',  ( -16.96496222574226564, 19.77870705156889031, 3.292323440001584611 ) ) ;
#2990 = CARTESIAN_POINT ( 'NONE',  ( 16.53503777425773436, 18.77870705156889031, 3.292323440001584611 ) ) ;
#2991 = AXIS2_PLACEMENT_3D ( 'NONE', #124, #2019, #1623 ) ;
#2992 = LINE ( 'NONE', #1492, #1206 ) ;
#2993 = EDGE_CURVE ( 'NONE', #3986, #1453, #1706, .T. ) ;
#2994 = CARTESIAN_POINT ( 'NONE',  ( 17.53503777425773080, 30.02870705156891162, 3.292323440001584611 ) ) ;
#2995 = CARTESIAN_POINT ( 'NONE',  ( -16.96496222574226564, 18.77870705156889031, -4.002000000000000668 ) ) ;
#2996 = EDGE_CURVE ( 'NONE', #2555, #2783, #1272, .T. ) ;
#2997 = ORIENTED_EDGE ( 'NONE', *, *, #81, .T. ) ;
#2998 = DIRECTION ( 'NONE',  ( -0.000000000000000000, -0.000000000000000000, -1.000000000000000000 ) ) ;
#2999 = VERTEX_POINT ( 'NONE', #2017 ) ;
#3000 = DIRECTION ( 'NONE',  ( -1.000000000000000000, -1.156482317317871971E-16, 0.000000000000000000 ) ) ;
#3001 = CARTESIAN_POINT ( 'NONE',  ( 9.710935302704847061, 13.48838797301253933, 9.999999999999998224 ) ) ;
#3002 = ORIENTED_EDGE ( 'NONE', *, *, #890, .F. ) ;
#3003 = DIRECTION ( 'NONE',  ( -1.000000000000000000, 0.000000000000000000, 0.000000000000000000 ) ) ;
#3004 = AXIS2_PLACEMENT_3D ( 'NONE', #523, #1159, #3966 ) ;
#3005 = ORIENTED_EDGE ( 'NONE', *, *, #79, .T. ) ;
#3006 = CARTESIAN_POINT ( 'NONE',  ( -9.807962225742267393, -25.62529294843109540, -0.1000000000000002554 ) ) ;
#3007 = LINE ( 'NONE', #480, #1339 ) ;
#3008 = EDGE_CURVE ( 'NONE', #2359, #1671, #1398, .T. ) ;
#3009 = ORIENTED_EDGE ( 'NONE', *, *, #2725, .T. ) ;
#3010 = DIRECTION ( 'NONE',  ( -0.000000000000000000, -0.000000000000000000, 1.000000000000000000 ) ) ;
#3011 = CARTESIAN_POINT ( 'NONE',  ( -16.46496222574226920, 27.02870705156890097, 9.500000000000005329 ) ) ;
#3012 = FACE_OUTER_BOUND ( 'NONE', #1436, .T. ) ;
#3013 = EDGE_CURVE ( 'NONE', #3794, #3532, #3364, .T. ) ;
#3014 = ORIENTED_EDGE ( 'NONE', *, *, #3237, .F. ) ;
#3015 = CARTESIAN_POINT ( 'NONE',  ( -19.46496222574226920, 28.52870705156889741, 3.292323440001584611 ) ) ;
#3016 = ORIENTED_EDGE ( 'NONE', *, *, #500, .T. ) ;
#3017 = DIRECTION ( 'NONE',  ( 1.000000000000000000, 0.000000000000000000, 0.000000000000000000 ) ) ;
#3019 = VECTOR ( 'NONE', #2801, 1000.000000000000000 ) ;
#3018 = CARTESIAN_POINT ( 'NONE',  ( 0.000000000000000000, 0.000000000000000000, 8.499999999999998224 ) ) ;
#3020 = ADVANCED_FACE ( 'NONE', ( #1005 ), #1950, .F. ) ;
#3021 = ADVANCED_FACE ( 'NONE', ( #3668 ), #3092, .T. ) ;
#3022 = EDGE_LOOP ( 'NONE', ( #1993, #792 ) ) ;
#3023 = ORIENTED_EDGE ( 'NONE', *, *, #297, .T. ) ;
#3024 = AXIS2_PLACEMENT_3D ( 'NONE', #910, #1203, #2182 ) ;
#3025 = ORIENTED_EDGE ( 'NONE', *, *, #1675, .F. ) ;
#3026 = CIRCLE ( 'NONE', #135, 1.402036092185268590 ) ;
#3027 = ORIENTED_EDGE ( 'NONE', *, *, #802, .F. ) ;
#3028 = LINE ( 'NONE', #3344, #3098 ) ;
#3029 = CARTESIAN_POINT ( 'NONE',  ( -19.46496222574226209, -29.97129294843108838, -4.000000000000000000 ) ) ;
#3030 = VECTOR ( 'NONE', #3665, 1000.000000000000000 ) ;
#3031 = ORIENTED_EDGE ( 'NONE', *, *, #1481, .F. ) ;
#3032 = PLANE ( 'NONE',  #3563 ) ;
#3033 = CIRCLE ( 'NONE', #335, 1.500000000000001332 ) ;
#3034 = FACE_OUTER_BOUND ( 'NONE', #2172, .T. ) ;
#3035 = AXIS2_PLACEMENT_3D ( 'NONE', #59, #2260, #2871 ) ;
#3036 = DIRECTION ( 'NONE',  ( 1.000000000000000000, 2.703465157366452467E-16, -0.000000000000000000 ) ) ;
#3037 = ORIENTED_EDGE ( 'NONE', *, *, #635, .T. ) ;
#3038 = FACE_BOUND ( 'NONE', #1195, .T. ) ;
#3039 = VECTOR ( 'NONE', #889, 1000.000000000000000 ) ;
#3040 = EDGE_LOOP ( 'NONE', ( #1236, #3626, #1286, #1100 ) ) ;
#3041 = LINE ( 'NONE', #795, #1342 ) ;
#3042 = DIRECTION ( 'NONE',  ( -1.000000000000000000, 0.000000000000000000, 0.000000000000000000 ) ) ;
#3043 = EDGE_CURVE ( 'NONE', #774, #3694, #3375, .T. ) ;
#3044 = EDGE_LOOP ( 'NONE', ( #3928, #509, #3993, #2041 ) ) ;
#3045 = EDGE_LOOP ( 'NONE', ( #2065, #1968, #2622, #1334 ) ) ;
#3046 = CARTESIAN_POINT ( 'NONE',  ( -19.46496222574226209, -28.47129294843108482, 3.292323440001584611 ) ) ;
#3047 = CIRCLE ( 'NONE', #1405, 2.749999999999995559 ) ;
#3048 = CIRCLE ( 'NONE', #3496, 2.249999999999998668 ) ;
#3049 = VERTEX_POINT ( 'NONE', #1166 ) ;
#3050 = ORIENTED_EDGE ( 'NONE', *, *, #1591, .T. ) ;
#3051 = LINE ( 'NONE', #1134, #414 ) ;
#3052 = VERTEX_POINT ( 'NONE', #2415 ) ;
#3053 = CARTESIAN_POINT ( 'NONE',  ( -7.982983065599765860E-15, 29.52870705156892583, 9.999999999999998224 ) ) ;
#3054 = DIRECTION ( 'NONE',  ( 1.000000000000000000, 0.000000000000000000, 0.000000000000000000 ) ) ;
#3055 = ADVANCED_FACE ( 'NONE', ( #878 ), #3684, .F. ) ;
#3056 = DIRECTION ( 'NONE',  ( -1.000000000000000000, -2.703465157366452467E-16, 0.000000000000000000 ) ) ;
#3057 = ORIENTED_EDGE ( 'NONE', *, *, #3958, .F. ) ;
#3058 = ORIENTED_EDGE ( 'NONE', *, *, #1439, .F. ) ;
#3059 = DIRECTION ( 'NONE',  ( 1.734723475976807094E-16, -1.000000000000000000, 0.000000000000000000 ) ) ;
#3060 = FACE_BOUND ( 'NONE', #3101, .T. ) ;
#3061 = EDGE_CURVE ( 'NONE', #3359, #2059, #4001, .T. ) ;
#3062 = VERTEX_POINT ( 'NONE', #2098 ) ;
#3063 = ORIENTED_EDGE ( 'NONE', *, *, #168, .T. ) ;
#3064 = CARTESIAN_POINT ( 'NONE',  ( -17.96496222574225854, -18.72129294843107417, 3.292323440001584611 ) ) ;
#3065 = CIRCLE ( 'NONE', #896, 2.249999999999998668 ) ;
#3066 = CARTESIAN_POINT ( 'NONE',  ( 12.21093530270484706, 13.48838797301253933, 8.499999999999998224 ) ) ;
#3067 = VECTOR ( 'NONE', #363, 1000.000000000000000 ) ;
#3068 = EDGE_CURVE ( 'NONE', #259, #507, #3033, .T. ) ;
#3069 = ADVANCED_FACE ( 'NONE', ( #511 ), #2115, .F. ) ;
#3070 = ORIENTED_EDGE ( 'NONE', *, *, #2604, .F. ) ;
#3071 = DIRECTION ( 'NONE',  ( 0.000000000000000000, 0.000000000000000000, 1.000000000000000000 ) ) ;
#3072 = CYLINDRICAL_SURFACE ( 'NONE', #525, 1.402036092185269034 ) ;
#3073 = ORIENTED_EDGE ( 'NONE', *, *, #496, .F. ) ;
#3074 = ORIENTED_EDGE ( 'NONE', *, *, #1828, .F. ) ;
#3075 = CARTESIAN_POINT ( 'NONE',  ( 17.53503777425773080, 27.02870705156891162, -4.000000000000000000 ) ) ;
#3076 = DIRECTION ( 'NONE',  ( -1.000000000000000000, 0.000000000000000000, 0.000000000000000000 ) ) ;
#3077 = CIRCLE ( 'NONE', #1302, 1.500000000000001332 ) ;
#3078 = EDGE_CURVE ( 'NONE', #68, #180, #2171, .T. ) ;
#3079 = ORIENTED_EDGE ( 'NONE', *, *, #2699, .F. ) ;
#3080 = DIRECTION ( 'NONE',  ( -0.000000000000000000, 1.000000000000000000, 0.000000000000000000 ) ) ;
#3081 = ORIENTED_EDGE ( 'NONE', *, *, #3420, .T. ) ;
#3082 = DIRECTION ( 'NONE',  ( 1.000000000000000000, -2.312964634635740689E-15, 0.000000000000000000 ) ) ;
#3083 = ORIENTED_EDGE ( 'NONE', *, *, #2031, .F. ) ;
#3084 = CARTESIAN_POINT ( 'NONE',  ( 16.53503777425774501, -25.22129294843106706, 3.292323440001584611 ) ) ;
#3085 = ADVANCED_FACE ( 'NONE', ( #2741, #492 ), #1730, .T. ) ;
#3086 = AXIS2_PLACEMENT_3D ( 'NONE', #1539, #3080, #4052 ) ;
#3087 = ORIENTED_EDGE ( 'NONE', *, *, #476, .F. ) ;
#3088 = LINE ( 'NONE', #1585, #1408 ) ;
#3089 = DIRECTION ( 'NONE',  ( 2.135044278125326586E-15, 1.000000000000000000, -0.000000000000000000 ) ) ;
#3090 = VECTOR ( 'NONE', #732, 1000.000000000000000 ) ;
#3091 = LINE ( 'NONE', #1901, #536 ) ;
#3092 = CONICAL_SURFACE ( 'NONE', #2237, 2.500000000000019540, 0.7853981633974352894 ) ;
#3093 = EDGE_LOOP ( 'NONE', ( #2417, #2138, #1407, #2252 ) ) ;
#3094 = DIRECTION ( 'NONE',  ( 0.000000000000000000, -0.000000000000000000, -1.000000000000000000 ) ) ;
#3095 = DIRECTION ( 'NONE',  ( -0.000000000000000000, -0.000000000000000000, 1.000000000000000000 ) ) ;
#3096 = CARTESIAN_POINT ( 'NONE',  ( 15.78503777425773613, -22.47129294843107417, 8.499999999999998224 ) ) ;
#3097 = AXIS2_PLACEMENT_3D ( 'NONE', #2862, #50, #1305 ) ;
#3098 = VECTOR ( 'NONE', #3268, 1000.000000000000000 ) ;
#3099 = ORIENTED_EDGE ( 'NONE', *, *, #1440, .T. ) ;
#3100 = CARTESIAN_POINT ( 'NONE',  ( -16.21496222574229762, 22.52870705156889031, 5.000000000000001776 ) ) ;
#3101 = EDGE_LOOP ( 'NONE', ( #2755, #3079, #3074, #2015 ) ) ;
#3102 = DIRECTION ( 'NONE',  ( 1.000000000000000000, 0.000000000000000000, 0.000000000000000000 ) ) ;
#3103 = CARTESIAN_POINT ( 'NONE',  ( -10.88296222574226668, -25.62529294843109540, -0.1000000000000002554 ) ) ;
#3104 = CARTESIAN_POINT ( 'NONE',  ( 10.45303777425773362, -25.62529294843109540, -0.1000000000000002554 ) ) ;
#3105 = VECTOR ( 'NONE', #661, 1000.000000000000000 ) ;
#3106 = AXIS2_PLACEMENT_3D ( 'NONE', #1077, #746, #2715 ) ;
#3107 = VERTEX_POINT ( 'NONE', #796 ) ;
#3108 = ADVANCED_FACE ( 'NONE', ( #3990, #3338, #1814, #1148, #3060, #3302, #3607, #1183 ), #2980, .F. ) ;
#3109 = CARTESIAN_POINT ( 'NONE',  ( 3.854075575427002853, 19.84070686846390430, -4.001000000000001222 ) ) ;
#3110 = FACE_OUTER_BOUND ( 'NONE', #205, .T. ) ;
#3111 = EDGE_CURVE ( 'NONE', #563, #3049, #1105, .T. ) ;
#3112 = ORIENTED_EDGE ( 'NONE', *, *, #782, .F. ) ;
#3113 = CIRCLE ( 'NONE', #1018, 1.000000000000000888 ) ;
#3114 = DIRECTION ( 'NONE',  ( 0.000000000000000000, 0.000000000000000000, -1.000000000000000000 ) ) ;
#3115 = DIRECTION ( 'NONE',  ( 1.000000000000000000, 0.000000000000000000, 0.000000000000000000 ) ) ;
#3116 = DIRECTION ( 'NONE',  ( -0.000000000000000000, -0.000000000000000000, 1.000000000000000000 ) ) ;
#3117 = ORIENTED_EDGE ( 'NONE', *, *, #1745, .F. ) ;
#3118 = CARTESIAN_POINT ( 'NONE',  ( -10.14106361317946003, 13.48838797301254111, 9.999999999999998224 ) ) ;
#3119 = ORIENTED_EDGE ( 'NONE', *, *, #664, .T. ) ;
#3120 = LINE ( 'NONE', #306, #256 ) ;
#3121 = FACE_OUTER_BOUND ( 'NONE', #2149, .T. ) ;
#3122 = ORIENTED_EDGE ( 'NONE', *, *, #2852, .T. ) ;
#3123 = DIRECTION ( 'NONE',  ( -0.000000000000000000, -0.000000000000000000, 1.000000000000000000 ) ) ;
#3124 = EDGE_CURVE ( 'NONE', #1849, #3731, #201, .T. ) ;
#3125 = VERTEX_POINT ( 'NONE', #3930 ) ;
#3126 = DIRECTION ( 'NONE',  ( -2.135044278125331319E-15, 1.000000000000000000, 0.000000000000000000 ) ) ;
#3127 = CIRCLE ( 'NONE', #2087, 1.500000000000001332 ) ;
#3128 = DIRECTION ( 'NONE',  ( 0.000000000000000000, -1.000000000000000000, 0.000000000000000000 ) ) ;
#3129 = ORIENTED_EDGE ( 'NONE', *, *, #2685, .T. ) ;
#3130 = CARTESIAN_POINT ( 'NONE',  ( 3.854075575427002853, 19.84070686846390430, 8.499999999999998224 ) ) ;
#3131 = CARTESIAN_POINT ( 'NONE',  ( 15.78503777425773613, -22.47129294843107417, 5.000000000000001776 ) ) ;
#3132 = DIRECTION ( 'NONE',  ( 1.000000000000000000, 0.000000000000000000, 0.000000000000000000 ) ) ;
#3133 = VERTEX_POINT ( 'NONE', #1789 ) ;
#3134 = DIRECTION ( 'NONE',  ( -0.000000000000000000, -0.000000000000000000, 1.000000000000000000 ) ) ;
#3135 = VERTEX_POINT ( 'NONE', #823 ) ;
#3136 = LINE ( 'NONE', #2821, #2290 ) ;
#3137 = DIRECTION ( 'NONE',  ( -1.000000000000000000, 0.000000000000000000, 0.000000000000000000 ) ) ;
#3138 = EDGE_CURVE ( 'NONE', #2429, #2526, #3548, .T. ) ;
#3139 = ADVANCED_FACE ( 'NONE', ( #1457 ), #925, .T. ) ;
#3140 = CYLINDRICAL_SURFACE ( 'NONE', #3221, 1.074999999999999512 ) ;
#3141 = LINE ( 'NONE', #328, #3401 ) ;
#3142 = DIRECTION ( 'NONE',  ( 0.000000000000000000, 0.000000000000000000, 1.000000000000000000 ) ) ;
#3143 = ORIENTED_EDGE ( 'NONE', *, *, #134, .F. ) ;
#3144 = DIRECTION ( 'NONE',  ( 0.000000000000000000, 0.000000000000000000, 1.000000000000000000 ) ) ;
#3145 = CIRCLE ( 'NONE', #459, 1.402036092185269034 ) ;
#3146 = DIRECTION ( 'NONE',  ( 1.000000000000000000, -2.312964634635740689E-15, 0.000000000000000000 ) ) ;
#3147 = EDGE_CURVE ( 'NONE', #2008, #882, #408, .T. ) ;
#3148 = VERTEX_POINT ( 'NONE', #2488 ) ;
#3149 = ORIENTED_EDGE ( 'NONE', *, *, #3935, .F. ) ;
#3150 = VECTOR ( 'NONE', #1873, 1000.000000000000000 ) ;
#3151 = DIRECTION ( 'NONE',  ( -1.000000000000000000, 2.135044278125326586E-15, 0.000000000000000000 ) ) ;
#3152 = DIRECTION ( 'NONE',  ( 0.000000000000000000, 0.000000000000000000, 1.000000000000000000 ) ) ;
#3153 =( GEOMETRIC_REPRESENTATION_CONTEXT ( 3 ) GLOBAL_UNCERTAINTY_ASSIGNED_CONTEXT ( ( #1276 ) ) GLOBAL_UNIT_ASSIGNED_CONTEXT ( ( #3865, #1349, #1717 ) ) REPRESENTATION_CONTEXT ( 'NONE', 'WORKASPACE' ) );
#3154 = ORIENTED_EDGE ( 'NONE', *, *, #3836, .T. ) ;
#3155 = ORIENTED_EDGE ( 'NONE', *, *, #2329, .F. ) ;
#3156 = CARTESIAN_POINT ( 'NONE',  ( 17.53503777425773791, 3.041844167914499647E-15, 8.499999999999998224 ) ) ;
#3157 = CARTESIAN_POINT ( 'NONE',  ( 15.78503777425770060, 22.52870705156892583, -4.002000000000000668 ) ) ;
#3158 = CIRCLE ( 'NONE', #2116, 1.000000000000000888 ) ;
#3159 = AXIS2_PLACEMENT_3D ( 'NONE', #3820, #400, #1959 ) ;
#3160 = CYLINDRICAL_SURFACE ( 'NONE', #1855, 1.402036092185269034 ) ;
#3161 = DIRECTION ( 'NONE',  ( 0.000000000000000000, 0.000000000000000000, 1.000000000000000000 ) ) ;
#3162 = ORIENTED_EDGE ( 'NONE', *, *, #3314, .F. ) ;
#3163 = ORIENTED_EDGE ( 'NONE', *, *, #2559, .F. ) ;
#3164 = CLOSED_SHELL ( 'NONE', ( #4004, #3996, #2546, #1167, #1294, #1937, #3663, #702, #2165, #3685, #2698, #2093, #2358, #506, #2192, #3422, #3406, #3428, #1252, #970, #1119, #3306, #3055, #2148, #365, #3827, #2597, #1659, #1146, #316, #866, #835, #2421, #1242, #810, #1487, #921, #1688, #263, #3720, #386, #252, #614, #2082, #1835, #12, #3430, #2754, #952, #1199, #3139, #656, #2648, #3021, #2251, #2117, #341, #1029, #3931, #3395, #418, #3362, #612, #1193, #849, #4028, #2476, #2038, #445, #2829, #1566, #35, #384, #3108, #1484, #1426, #372, #2419, #3945, #3657, #3020, #2731, #997, #1209, #2409, #1152, #4045, #1537, #3635, #243, #1241, #2884, #3229, #3396, #1354, #597, #1837, #3069, #2304, #2793, #4002, #3838, #3539, #1840, #4054, #1500, #2659, #2204, #1447, #1364, #396, #1071, #2827, #2885, #1098, #2497, #567, #3085, #1275, #2347, #2873, #3864, #884, #3616, #3187, #3811 ) ) ;
#3165 = CARTESIAN_POINT ( 'NONE',  ( -19.46496222574226920, 30.02870705156890097, 3.292323440001584611 ) ) ;
#3166 = DIRECTION ( 'NONE',  ( 0.000000000000000000, 0.000000000000000000, -1.000000000000000000 ) ) ;
#3167 = CIRCLE ( 'NONE', #3952, 3.000000000000000888 ) ;
#3168 = VECTOR ( 'NONE', #1448, 1000.000000000000000 ) ;
#3169 = DIRECTION ( 'NONE',  ( -0.000000000000000000, -0.000000000000000000, -1.000000000000000000 ) ) ;
#3170 = AXIS2_PLACEMENT_3D ( 'NONE', #1311, #55, #450 ) ;
#3171 = ORIENTED_EDGE ( 'NONE', *, *, #3462, .F. ) ;
#3172 = CARTESIAN_POINT ( 'NONE',  ( 7.453037774257734505, 25.68270705156890443, 1.699999999999999289 ) ) ;
#3173 = CARTESIAN_POINT ( 'NONE',  ( 2.015431251695973813, 12.66714344531767900, 9.999999999999998224 ) ) ;
#3174 = DIRECTION ( 'NONE',  ( 1.000000000000000000, 0.000000000000000000, 0.000000000000000000 ) ) ;
#3175 = ORIENTED_EDGE ( 'NONE', *, *, #2496, .F. ) ;
#3176 = PRESENTATION_STYLE_ASSIGNMENT (( #1333 ) ) ;
#3177 = ORIENTED_EDGE ( 'NONE', *, *, #755, .F. ) ;
#3178 = CYLINDRICAL_SURFACE ( 'NONE', #1686, 1.000000000000000888 ) ;
#3179 = CARTESIAN_POINT ( 'NONE',  ( -16.21496222574229051, -25.22129294843106706, 3.292323440001584611 ) ) ;
#3180 = EDGE_CURVE ( 'NONE', #1394, #161, #3740, .T. ) ;
#3181 = LINE ( 'NONE', #3769, #3736 ) ;
#3182 = LINE ( 'NONE', #634, #3 ) ;
#3183 = ORIENTED_EDGE ( 'NONE', *, *, #3783, .T. ) ;
#3184 = EDGE_LOOP ( 'NONE', ( #315, #3697, #1892, #127 ) ) ;
#3185 = CARTESIAN_POINT ( 'NONE',  ( -7.714959791634052877, -29.97129294843108838, 3.292323440001584611 ) ) ;
#3186 = DIRECTION ( 'NONE',  ( -2.703465157366452467E-16, 1.000000000000000000, 0.000000000000000000 ) ) ;
#3187 = ADVANCED_FACE ( 'NONE', ( #936 ), #2185, .T. ) ;
#3188 = ORIENTED_EDGE ( 'NONE', *, *, #1548, .T. ) ;
#3189 = LINE ( 'NONE', #3271, #1800 ) ;
#3190 = CARTESIAN_POINT ( 'NONE',  ( -19.46496222574226920, 30.02870705156890097, -4.000000000000000000 ) ) ;
#3191 = DIRECTION ( 'NONE',  ( 1.000000000000000000, 0.000000000000000000, 0.000000000000000000 ) ) ;
#3192 = ORIENTED_EDGE ( 'NONE', *, *, #553, .T. ) ;
#3193 = CARTESIAN_POINT ( 'NONE',  ( 17.53503777425773080, 26.27870705156888320, -4.000000000000000000 ) ) ;
#3194 = ORIENTED_EDGE ( 'NONE', *, *, #1755, .F. ) ;
#3195 = CARTESIAN_POINT ( 'NONE',  ( 16.03503777425773791, -29.97129294843108838, 3.292323440001584611 ) ) ;
#3196 = CARTESIAN_POINT ( 'NONE',  ( -16.46496222574226920, 28.52870705156889741, 3.292323440001584611 ) ) ;
#3197 = EDGE_CURVE ( 'NONE', #967, #3979, #2815, .T. ) ;
#3198 = ORIENTED_EDGE ( 'NONE', *, *, #2399, .T. ) ;
#3199 = DIRECTION ( 'NONE',  ( -0.000000000000000000, -0.000000000000000000, 1.000000000000000000 ) ) ;
#3200 = CYLINDRICAL_SURFACE ( 'NONE', #4009, 2.999999999999999112 ) ;
#3201 = FACE_OUTER_BOUND ( 'NONE', #2646, .T. ) ;
#3202 = VERTEX_POINT ( 'NONE', #319 ) ;
#3203 = ORIENTED_EDGE ( 'NONE', *, *, #1734, .F. ) ;
#3204 = DIRECTION ( 'NONE',  ( -0.000000000000000000, -0.000000000000000000, 1.000000000000000000 ) ) ;
#3205 = DIRECTION ( 'NONE',  ( 1.000000000000000000, 0.000000000000000000, 0.000000000000000000 ) ) ;
#3206 = EDGE_CURVE ( 'NONE', #2616, #3572, #143, .T. ) ;
#3207 = CIRCLE ( 'NONE', #1446, 1.402036092185269034 ) ;
#3208 = EDGE_LOOP ( 'NONE', ( #584, #371, #1569, #3960 ) ) ;
#3209 = DIRECTION ( 'NONE',  ( -0.000000000000000000, -0.000000000000000000, 1.000000000000000000 ) ) ;
#3210 = FACE_OUTER_BOUND ( 'NONE', #2860, .T. ) ;
#3211 = DIRECTION ( 'NONE',  ( 1.949127501097536693E-16, -1.000000000000000000, 0.000000000000000000 ) ) ;
#3212 = VECTOR ( 'NONE', #2109, 1000.000000000000000 ) ;
#3213 = ORIENTED_EDGE ( 'NONE', *, *, #79, .F. ) ;
#3214 = CARTESIAN_POINT ( 'NONE',  ( -16.21496222574229407, 19.77870705156889031, 3.292323440001584611 ) ) ;
#3215 = ORIENTED_EDGE ( 'NONE', *, *, #1291, .T. ) ;
#3216 = LINE ( 'NONE', #200, #2068 ) ;
#3217 = CARTESIAN_POINT ( 'NONE',  ( -3.389963385410266206, 19.84070686846390430, 9.999999999999998224 ) ) ;
#3218 = AXIS2_PLACEMENT_3D ( 'NONE', #2412, #222, #2701 ) ;
#3219 = ORIENTED_EDGE ( 'NONE', *, *, #481, .T. ) ;
#3220 = CARTESIAN_POINT ( 'NONE',  ( 4.793649565339142882, 12.66714344531767900, 9.999999999999998224 ) ) ;
#3221 = AXIS2_PLACEMENT_3D ( 'NONE', #3423, #2500, #4042 ) ;
#3222 = DIRECTION ( 'NONE',  ( -0.000000000000000000, -0.000000000000000000, 1.000000000000000000 ) ) ;
#3223 = EDGE_LOOP ( 'NONE', ( #299, #3256, #3025, #3382 ) ) ;
#3224 = ORIENTED_EDGE ( 'NONE', *, *, #320, .F. ) ;
#3225 = CARTESIAN_POINT ( 'NONE',  ( -19.46496222574226920, 30.02870705156890097, 9.500000000000005329 ) ) ;
#3226 = CARTESIAN_POINT ( 'NONE',  ( -16.46496222574226920, 27.02870705156890097, 3.292323440001584611 ) ) ;
#3227 = EDGE_CURVE ( 'NONE', #3830, #3532, #643, .T. ) ;
#3228 = PRODUCT_CONTEXT ( 'NONE', #902, 'mechanical' ) ;
#3229 = ADVANCED_FACE ( 'NONE', ( #2530 ), #913, .F. ) ;
#3230 = ORIENTED_EDGE ( 'NONE', *, *, #3575, .F. ) ;
#3231 = AXIS2_PLACEMENT_3D ( 'NONE', #1416, #175, #504 ) ;
#3232 = CARTESIAN_POINT ( 'NONE',  ( -11.83179519312905903, 28.52870705156890097, 8.499999999999998224 ) ) ;
#3233 = DIRECTION ( 'NONE',  ( 0.000000000000000000, 0.000000000000000000, -1.000000000000000000 ) ) ;
#3234 = DIRECTION ( 'NONE',  ( -2.409338161078898687E-16, 0.000000000000000000, 1.000000000000000000 ) ) ;
#3235 = VECTOR ( 'NONE', #1944, 1000.000000000000000 ) ;
#3236 = VECTOR ( 'NONE', #370, 1000.000000000000000 ) ;
#3237 = EDGE_CURVE ( 'NONE', #1074, #1228, #2780, .T. ) ;
#3238 = ORIENTED_EDGE ( 'NONE', *, *, #1008, .F. ) ;
#3239 = SURFACE_SIDE_STYLE ('',( #1930 ) ) ;
#3240 = ORIENTED_EDGE ( 'NONE', *, *, #581, .T. ) ;
#3241 = CARTESIAN_POINT ( 'NONE',  ( -12.64106361317945293, -22.11161202698745498, 9.999999999999998224 ) ) ;
#3242 = DIRECTION ( 'NONE',  ( 0.000000000000000000, 0.000000000000000000, -1.000000000000000000 ) ) ;
#3243 = EDGE_CURVE ( 'NONE', #2846, #2391, #1126, .T. ) ;
#3244 = ORIENTED_EDGE ( 'NONE', *, *, #2803, .T. ) ;
#3245 = DIRECTION ( 'NONE',  ( 0.7071067811865352493, 0.000000000000000000, -0.7071067811865597852 ) ) ;
#3246 = CYLINDRICAL_SURFACE ( 'NONE', #2879, 1.402036092185268590 ) ;
#3247 = VERTEX_POINT ( 'NONE', #2163 ) ;
#3248 = ORIENTED_EDGE ( 'NONE', *, *, #2816, .F. ) ;
#3249 = CARTESIAN_POINT ( 'NONE',  ( -9.807962225742267393, 25.68270705156890443, -0.1000000000000002554 ) ) ;
#3250 = PLANE ( 'NONE',  #2835 ) ;
#3251 = EDGE_CURVE ( 'NONE', #2917, #2893, #270, .T. ) ;
#3252 = ORIENTED_EDGE ( 'NONE', *, *, #1700, .T. ) ;
#3253 = DIRECTION ( 'NONE',  ( 1.000000000000000000, 0.000000000000000000, 0.000000000000000000 ) ) ;
#3254 = CARTESIAN_POINT ( 'NONE',  ( 15.78503777425773613, -22.47129294843107417, 9.999999999999998224 ) ) ;
#3255 = DIRECTION ( 'NONE',  ( 1.000000000000000000, 0.000000000000000000, 0.000000000000000000 ) ) ;
#3256 = ORIENTED_EDGE ( 'NONE', *, *, #1008, .T. ) ;
#3257 = CARTESIAN_POINT ( 'NONE',  ( -19.46496222574226920, 27.02870705156890097, 9.500000000000005329 ) ) ;
#3258 = ORIENTED_EDGE ( 'NONE', *, *, #1049, .F. ) ;
#3259 = DIRECTION ( 'NONE',  ( -1.000000000000000000, 0.000000000000000000, 0.000000000000000000 ) ) ;
#3260 = FACE_OUTER_BOUND ( 'NONE', #1772, .T. ) ;
#3261 = VECTOR ( 'NONE', #1449, 1000.000000000000000 ) ;
#3262 = ORIENTED_EDGE ( 'NONE', *, *, #352, .T. ) ;
#3263 = DIRECTION ( 'NONE',  ( 0.000000000000000000, 0.000000000000000000, -1.000000000000000000 ) ) ;
#3264 = EDGE_CURVE ( 'NONE', #223, #2099, #1459, .T. ) ;
#3265 = CARTESIAN_POINT ( 'NONE',  ( -10.14106361317946003, 13.48838797301254111, 9.999999999999998224 ) ) ;
#3266 = EDGE_LOOP ( 'NONE', ( #1379, #3409, #2396, #1833 ) ) ;
#3267 = ORIENTED_EDGE ( 'NONE', *, *, #2685, .F. ) ;
#3268 = DIRECTION ( 'NONE',  ( 0.000000000000000000, 0.000000000000000000, -1.000000000000000000 ) ) ;
#3269 = FACE_OUTER_BOUND ( 'NONE', #1903, .T. ) ;
#3270 = ORIENTED_EDGE ( 'NONE', *, *, #1458, .F. ) ;
#3271 = CARTESIAN_POINT ( 'NONE',  ( 13.45303777425773539, 25.68270705156890443, 1.699999999999999289 ) ) ;
#3272 = FACE_OUTER_BOUND ( 'NONE', #534, .T. ) ;
#3273 = CARTESIAN_POINT ( 'NONE',  ( 8.294385674648733442, 19.84070686846390430, 9.999999999999998224 ) ) ;
#3274 = EDGE_CURVE ( 'NONE', #731, #3376, #2432, .T. ) ;
#3275 = VERTEX_POINT ( 'NONE', #2202 ) ;
#3276 = CARTESIAN_POINT ( 'NONE',  ( 18.03503777425769883, 22.52870705156892583, 9.999999999999998224 ) ) ;
#3277 = VERTEX_POINT ( 'NONE', #1240 ) ;
#3278 = DIRECTION ( 'NONE',  ( -0.000000000000000000, 0.000000000000000000, -1.000000000000000000 ) ) ;
#3279 = DIRECTION ( 'NONE',  ( 1.000000000000000000, 0.000000000000000000, 0.000000000000000000 ) ) ;
#3280 = EDGE_CURVE ( 'NONE', #3768, #588, #1982, .T. ) ;
#3281 = VECTOR ( 'NONE', #1573, 1000.000000000000000 ) ;
#3282 = EDGE_CURVE ( 'NONE', #882, #2582, #262, .T. ) ;
#3283 = VERTEX_POINT ( 'NONE', #2796 ) ;
#3284 = DIRECTION ( 'NONE',  ( 1.000000000000000000, 0.000000000000000000, 0.000000000000000000 ) ) ;
#3285 = AXIS2_PLACEMENT_3D ( 'NONE', #2705, #3951, #977 ) ;
#3286 = FACE_OUTER_BOUND ( 'NONE', #3040, .T. ) ;
#3287 = ORIENTED_EDGE ( 'NONE', *, *, #2528, .F. ) ;
#3288 = AXIS2_PLACEMENT_3D ( 'NONE', #2402, #3341, #2436 ) ;
#3289 = DIRECTION ( 'NONE',  ( -0.000000000000000000, -0.000000000000000000, 1.000000000000000000 ) ) ;
#3290 = DIRECTION ( 'NONE',  ( -0.000000000000000000, -0.000000000000000000, -1.000000000000000000 ) ) ;
#3291 = AXIS2_PLACEMENT_3D ( 'NONE', #218, #1474, #3315 ) ;
#3292 = EDGE_CURVE ( 'NONE', #1984, #3107, #3408, .T. ) ;
#3293 = EDGE_CURVE ( 'NONE', #1079, #3455, #1854, .T. ) ;
#3294 = CARTESIAN_POINT ( 'NONE',  ( 17.53503777425773080, 30.02870705156891162, -4.000000000000000000 ) ) ;
#3295 = DIRECTION ( 'NONE',  ( 0.000000000000000000, 0.000000000000000000, 1.000000000000000000 ) ) ;
#3296 = DIRECTION ( 'NONE',  ( 1.204669080539449344E-16, 0.000000000000000000, -1.000000000000000000 ) ) ;
#3297 = VERTEX_POINT ( 'NONE', #580 ) ;
#3298 = LINE ( 'NONE', #447, #1720 ) ;
#3299 = ORIENTED_EDGE ( 'NONE', *, *, #1761, .F. ) ;
#3300 = CARTESIAN_POINT ( 'NONE',  ( -10.66696076089826661, 17.28171028643190610, 8.499999999999998224 ) ) ;
#3301 = AXIS2_PLACEMENT_3D ( 'NONE', #1592, #1614, #1283 ) ;
#3302 = FACE_BOUND ( 'NONE', #3974, .T. ) ;
#3303 = VECTOR ( 'NONE', #3516, 1000.000000000000000 ) ;
#3304 = ORIENTED_EDGE ( 'NONE', *, *, #1032, .F. ) ;
#3305 = CARTESIAN_POINT ( 'NONE',  ( 2.015431251695973813, 11.01227139059988147, 8.499999999999994671 ) ) ;
#3306 = ADVANCED_FACE ( 'NONE', ( #1847 ), #1536, .F. ) ;
#3307 = CARTESIAN_POINT ( 'NONE',  ( 2.452039483241733375, 19.84070686846390430, -4.001000000000001222 ) ) ;
#3308 = VERTEX_POINT ( 'NONE', #3476 ) ;
#3309 = DIRECTION ( 'NONE',  ( 1.000000000000000000, 0.000000000000000000, 0.000000000000000000 ) ) ;
#3310 = CARTESIAN_POINT ( 'NONE',  ( -10.88296222574226668, -25.62529294843109540, 8.499999999999998224 ) ) ;
#3311 = ORIENTED_EDGE ( 'NONE', *, *, #811, .T. ) ;
#3312 = DIRECTION ( 'NONE',  ( 0.7071067811865376918, 0.000000000000000000, -0.7071067811865574537 ) ) ;
#3313 = DIRECTION ( 'NONE',  ( 1.000000000000000000, 0.000000000000000000, 0.000000000000000000 ) ) ;
#3314 = EDGE_CURVE ( 'NONE', #3107, #99, #2249, .T. ) ;
#3315 = DIRECTION ( 'NONE',  ( 1.000000000000000000, 0.000000000000000000, 0.000000000000000000 ) ) ;
#3316 = EDGE_CURVE ( 'NONE', #1066, #2627, #2011, .T. ) ;
#3317 = EDGE_LOOP ( 'NONE', ( #4048, #3442, #2490, #3149 ) ) ;
#3318 = LINE ( 'NONE', #2335, #2164 ) ;
#3319 = VERTEX_POINT ( 'NONE', #1353 ) ;
#3320 = CARTESIAN_POINT ( 'NONE',  ( 2.452039483241733375, 19.84070686846390430, 9.999999999999998224 ) ) ;
#3321 = DIRECTION ( 'NONE',  ( 0.000000000000000000, 0.000000000000000000, -1.000000000000000000 ) ) ;
#3322 = ORIENTED_EDGE ( 'NONE', *, *, #122, .T. ) ;
#3323 = LINE ( 'NONE', #514, #1108 ) ;
#3324 = CIRCLE ( 'NONE', #3231, 3.000000000000000888 ) ;
#3325 = EDGE_CURVE ( 'NONE', #644, #93, #1392, .T. ) ;
#3326 = ORIENTED_EDGE ( 'NONE', *, *, #3565, .T. ) ;
#3327 = LINE ( 'NONE', #517, #1590 ) ;
#3328 = CARTESIAN_POINT ( 'NONE',  ( 15.78503777425776988, 25.27870705156888320, -4.002000000000000668 ) ) ;
#3329 = EDGE_CURVE ( 'NONE', #27, #774, #797, .T. ) ;
#3330 = ORIENTED_EDGE ( 'NONE', *, *, #219, .F. ) ;
#3331 = PLANE ( 'NONE',  #2832 ) ;
#3332 = DIRECTION ( 'NONE',  ( 0.000000000000000000, -0.000000000000000000, -1.000000000000000000 ) ) ;
#3333 = CYLINDRICAL_SURFACE ( 'NONE', #2050, 2.749999999999995559 ) ;
#3334 = ORIENTED_EDGE ( 'NONE', *, *, #1267, .F. ) ;
#3335 = FACE_BOUND ( 'NONE', #1153, .T. ) ;
#3336 = ORIENTED_EDGE ( 'NONE', *, *, #2323, .T. ) ;
#3337 = DIRECTION ( 'NONE',  ( 0.000000000000000000, 0.000000000000000000, 1.000000000000000000 ) ) ;
#3338 = FACE_BOUND ( 'NONE', #82, .T. ) ;
#3339 = ORIENTED_EDGE ( 'NONE', *, *, #1878, .F. ) ;
#3340 = ORIENTED_EDGE ( 'NONE', *, *, #1819, .T. ) ;
#3341 = DIRECTION ( 'NONE',  ( 0.000000000000000000, 0.000000000000000000, 1.000000000000000000 ) ) ;
#3342 = ORIENTED_EDGE ( 'NONE', *, *, #3251, .T. ) ;
#3343 = EDGE_LOOP ( 'NONE', ( #1233, #130, #3643, #3918 ) ) ;
#3344 = CARTESIAN_POINT ( 'NONE',  ( -9.934129258355456571, -28.47129294843108482, 1.699999999999999289 ) ) ;
#3345 = ORIENTED_EDGE ( 'NONE', *, *, #194, .T. ) ;
#3346 = DIRECTION ( 'NONE',  ( -1.000000000000000000, -2.703465157366452467E-16, 0.000000000000000000 ) ) ;
#3347 = VECTOR ( 'NONE', #340, 1000.000000000000000 ) ;
#3348 = EDGE_CURVE ( 'NONE', #161, #1084, #1581, .T. ) ;
#3349 = LINE ( 'NONE', #2351, #3469 ) ;
#3350 = ORIENTED_EDGE ( 'NONE', *, *, #2987, .F. ) ;
#3351 = CARTESIAN_POINT ( 'NONE',  ( -19.46496222574226920, 28.52870705156889741, 8.499999999999998224 ) ) ;
#3352 = ORIENTED_EDGE ( 'NONE', *, *, #1622, .F. ) ;
#3353 = CARTESIAN_POINT ( 'NONE',  ( -14.71496222574226387, -22.47129294843110969, 3.292323440001584611 ) ) ;
#3354 = DIRECTION ( 'NONE',  ( 0.000000000000000000, 0.000000000000000000, -1.000000000000000000 ) ) ;
#3355 = EDGE_CURVE ( 'NONE', #681, #3859, #3158, .T. ) ;
#3356 = VECTOR ( 'NONE', #479, 1000.000000000000000 ) ;
#3357 = VERTEX_POINT ( 'NONE', #2577 ) ;
#3358 = AXIS2_PLACEMENT_3D ( 'NONE', #192, #3923, #544 ) ;
#3359 = VERTEX_POINT ( 'NONE', #2638 ) ;
#3360 = LINE ( 'NONE', #2666, #593 ) ;
#3361 = AXIS2_PLACEMENT_3D ( 'NONE', #1649, #1017, #3205 ) ;
#3362 = ADVANCED_FACE ( 'NONE', ( #3540 ), #364, .F. ) ;
#3363 = EDGE_CURVE ( 'NONE', #1095, #733, #444, .T. ) ;
#3364 = CIRCLE ( 'NONE', #1601, 1.500000000000001332 ) ;
#3365 = DIRECTION ( 'NONE',  ( -0.000000000000000000, -0.000000000000000000, 1.000000000000000000 ) ) ;
#3366 = VECTOR ( 'NONE', #2795, 1000.000000000000000 ) ;
#3367 = ORIENTED_EDGE ( 'NONE', *, *, #173, .F. ) ;
#3368 = FACE_OUTER_BOUND ( 'NONE', #1301, .T. ) ;
#3369 = CIRCLE ( 'NONE', #2991, 1.074999999999999512 ) ;
#3370 = EDGE_CURVE ( 'NONE', #1958, #862, #729, .T. ) ;
#3371 = FACE_BOUND ( 'NONE', #2988, .T. ) ;
#3372 = ORIENTED_EDGE ( 'NONE', *, *, #3444, .T. ) ;
#3373 = VERTEX_POINT ( 'NONE', #1699 ) ;
#3374 = CYLINDRICAL_SURFACE ( 'NONE', #2671, 2.249999999999998668 ) ;
#3375 = LINE ( 'NONE', #2727, #4007 ) ;
#3376 = VERTEX_POINT ( 'NONE', #2615 ) ;
#3377 = CARTESIAN_POINT ( 'NONE',  ( -10.88296222574226668, 25.68270705156890443, 1.699999999999999289 ) ) ;
#3378 = ORIENTED_EDGE ( 'NONE', *, *, #231, .F. ) ;
#3379 = LINE ( 'NONE', #33, #1505 ) ;
#3380 = EDGE_CURVE ( 'NONE', #317, #3628, #2370, .T. ) ;
#3381 = CARTESIAN_POINT ( 'NONE',  ( -11.83179519312905370, 28.52870705156890097, 1.699999999999999289 ) ) ;
#3382 = ORIENTED_EDGE ( 'NONE', *, *, #468, .F. ) ;
#3383 = PLANE ( 'NONE',  #2311 ) ;
#3384 = CARTESIAN_POINT ( 'NONE',  ( -16.21496222574229762, 25.27870705156888320, -4.002000000000000668 ) ) ;
#3385 = ORIENTED_EDGE ( 'NONE', *, *, #3274, .F. ) ;
#3386 = CARTESIAN_POINT ( 'NONE',  ( 13.45303777425773539, 25.68270705156890443, 1.699999999999999289 ) ) ;
#3387 = DIRECTION ( 'NONE',  ( 0.000000000000000000, 0.000000000000000000, 1.000000000000000000 ) ) ;
#3388 = DIRECTION ( 'NONE',  ( 1.000000000000000000, 0.000000000000000000, 0.000000000000000000 ) ) ;
#3389 = EDGE_LOOP ( 'NONE', ( #2240, #3037, #794, #2102 ) ) ;
#3390 = DIRECTION ( 'NONE',  ( -0.000000000000000000, -0.000000000000000000, 1.000000000000000000 ) ) ;
#3391 = VECTOR ( 'NONE', #346, 1000.000000000000000 ) ;
#3392 = ORIENTED_EDGE ( 'NONE', *, *, #3363, .F. ) ;
#3393 = DIRECTION ( 'NONE',  ( 1.000000000000000000, 0.000000000000000000, 0.000000000000000000 ) ) ;
#3394 = CYLINDRICAL_SURFACE ( 'NONE', #1803, 1.074999999999999512 ) ;
#3395 = ADVANCED_FACE ( 'NONE', ( #1965 ), #1988, .F. ) ;
#3396 = ADVANCED_FACE ( 'NONE', ( #115 ), #1373, .F. ) ;
#3397 = CIRCLE ( 'NONE', #854, 1.074999999999999512 ) ;
#3398 = ORIENTED_EDGE ( 'NONE', *, *, #1725, .F. ) ;
#3399 = DIRECTION ( 'NONE',  ( -1.000000000000000000, 0.000000000000000000, 0.000000000000000000 ) ) ;
#3400 = EDGE_CURVE ( 'NONE', #2516, #2080, #474, .T. ) ;
#3401 = VECTOR ( 'NONE', #1936, 1000.000000000000000 ) ;
#3402 = EDGE_LOOP ( 'NONE', ( #3014, #2130, #1069, #3002, #3299, #3639, #1421, #3203 ) ) ;
#3403 = PLANE ( 'NONE',  #159 ) ;
#3404 = AXIS2_PLACEMENT_3D ( 'NONE', #74, #756, #52 ) ;
#3405 = EDGE_CURVE ( 'NONE', #512, #3523, #3521, .T. ) ;
#3406 = ADVANCED_FACE ( 'NONE', ( #1000 ), #72, .T. ) ;
#3407 = CYLINDRICAL_SURFACE ( 'NONE', #2691, 1.074999999999999512 ) ;
#3408 = CIRCLE ( 'NONE', #2495, 1.500000000000001332 ) ;
#3409 = ORIENTED_EDGE ( 'NONE', *, *, #2987, .T. ) ;
#3410 = CIRCLE ( 'NONE', #1654, 3.000000000000000000 ) ;
#3411 = LINE ( 'NONE', #1885, #1927 ) ;
#3412 = CARTESIAN_POINT ( 'NONE',  ( -17.96496222574226564, 26.27870705156888320, 8.499999999999998224 ) ) ;
#3413 = CARTESIAN_POINT ( 'NONE',  ( 15.78503777425773613, -22.47129294843107417, 9.999999999999998224 ) ) ;
#3414 = AXIS2_PLACEMENT_3D ( 'NONE', #2219, #21, #332 ) ;
#3415 = EDGE_LOOP ( 'NONE', ( #2281, #3517, #1168, #2144 ) ) ;
#3416 = LINE ( 'NONE', #3118, #1845 ) ;
#3417 = ORIENTED_EDGE ( 'NONE', *, *, #1795, .T. ) ;
#3418 = DIRECTION ( 'NONE',  ( -1.734723475976807094E-16, 1.000000000000000000, 0.000000000000000000 ) ) ;
#3419 = CARTESIAN_POINT ( 'NONE',  ( -10.88296222574226668, 25.68270705156890443, 8.499999999999998224 ) ) ;
#3420 = EDGE_CURVE ( 'NONE', #1453, #3859, #1633, .T. ) ;
#3421 = ORIENTED_EDGE ( 'NONE', *, *, #768, .F. ) ;
#3422 = ADVANCED_FACE ( 'NONE', ( #707 ), #1099, .F. ) ;
#3423 = CARTESIAN_POINT ( 'NONE',  ( -10.88296222574226668, 25.68270705156890443, -0.1000000000000002554 ) ) ;
#3424 = AXIS2_PLACEMENT_3D ( 'NONE', #155, #2550, #705 ) ;
#3425 = CIRCLE ( 'NONE', #2443, 3.000000000000000888 ) ;
#3426 = ORIENTED_EDGE ( 'NONE', *, *, #2711, .T. ) ;
#3427 = DIRECTION ( 'NONE',  ( 1.000000000000000000, 1.734723475976807094E-16, -0.000000000000000000 ) ) ;
#3428 = ADVANCED_FACE ( 'NONE', ( #158 ), #3333, .T. ) ;
#3429 = CARTESIAN_POINT ( 'NONE',  ( 13.53503777425773791, -22.47129294843107417, 5.000000000000001776 ) ) ;
#3430 = ADVANCED_FACE ( 'NONE', ( #545 ), #1417, .T. ) ;
#3431 = ORIENTED_EDGE ( 'NONE', *, *, #91, .F. ) ;
#3432 = VECTOR ( 'NONE', #1811, 1000.000000000000000 ) ;
#3433 = CARTESIAN_POINT ( 'NONE',  ( 15.78503777425776988, 25.27870705156888320, 8.499999999999998224 ) ) ;
#3434 = EDGE_CURVE ( 'NONE', #3938, #2013, #3967, .T. ) ;
#3435 = CARTESIAN_POINT ( 'NONE',  ( -17.96496222574226564, 18.77870705156889031, -4.000000000000000000 ) ) ;
#3436 = CARTESIAN_POINT ( 'NONE',  ( 10.45303777425773362, 25.68270705156890443, -0.1000000000000002554 ) ) ;
#3437 = VERTEX_POINT ( 'NONE', #790 ) ;
#3438 = CYLINDRICAL_SURFACE ( 'NONE', #2687, 3.000000000000000888 ) ;
#3439 = ORIENTED_EDGE ( 'NONE', *, *, #310, .F. ) ;
#3440 = LINE ( 'NONE', #3458, #3391 ) ;
#3441 = CARTESIAN_POINT ( 'NONE',  ( -13.96496222574226209, -22.47129294843110969, 5.000000000000001776 ) ) ;
#3442 = ORIENTED_EDGE ( 'NONE', *, *, #2900, .F. ) ;
#3443 = DIRECTION ( 'NONE',  ( 1.000000000000000000, 0.000000000000000000, 0.000000000000000000 ) ) ;
#3444 = EDGE_CURVE ( 'NONE', #995, #2462, #2958, .T. ) ;
#3445 = DIRECTION ( 'NONE',  ( 1.000000000000000000, 0.000000000000000000, 0.000000000000000000 ) ) ;
#3446 = EDGE_LOOP ( 'NONE', ( #3248, #3465 ) ) ;
#3447 = CARTESIAN_POINT ( 'NONE',  ( 4.793649565339142882, 12.66714344531767900, -4.001000000000001222 ) ) ;
#3448 = CARTESIAN_POINT ( 'NONE',  ( 16.03503777425773436, 27.02870705156891162, 8.499999999999998224 ) ) ;
#3449 = AXIS2_PLACEMENT_3D ( 'NONE', #1721, #3641, #834 ) ;
#3450 = DIRECTION ( 'NONE',  ( 0.000000000000000000, 0.000000000000000000, -1.000000000000000000 ) ) ;
#3451 = EDGE_LOOP ( 'NONE', ( #2678, #3155 ) ) ;
#3452 = CARTESIAN_POINT ( 'NONE',  ( -16.46496222574226209, -29.97129294843108838, 3.292323440001584611 ) ) ;
#3453 = DIRECTION ( 'NONE',  ( -0.000000000000000000, -0.000000000000000000, 1.000000000000000000 ) ) ;
#3454 = CARTESIAN_POINT ( 'NONE',  ( -10.88296222574226668, -25.62529294843109540, 8.499999999999998224 ) ) ;
#3455 = VERTEX_POINT ( 'NONE', #1783 ) ;
#3456 = DIRECTION ( 'NONE',  ( 1.156482317317871971E-16, -1.000000000000000000, 0.000000000000000000 ) ) ;
#3457 = ORIENTED_EDGE ( 'NONE', *, *, #48, .F. ) ;
#3458 = CARTESIAN_POINT ( 'NONE',  ( -13.88296222574226668, -25.62529294843109540, 1.699999999999999289 ) ) ;
#3459 = CARTESIAN_POINT ( 'NONE',  ( 9.710935302704854166, -22.11161202698745853, 8.499999999999998224 ) ) ;
#3460 = VECTOR ( 'NONE', #3418, 1000.000000000000000 ) ;
#3461 = DIRECTION ( 'NONE',  ( -1.000000000000000000, 0.000000000000000000, 0.000000000000000000 ) ) ;
#3462 = EDGE_CURVE ( 'NONE', #3283, #2429, #2410, .T. ) ;
#3463 = DIRECTION ( 'NONE',  ( 0.7071067811865574537, 8.177564888978113732E-17, -0.7071067811865376918 ) ) ;
#3464 = ORIENTED_EDGE ( 'NONE', *, *, #2386, .F. ) ;
#3465 = ORIENTED_EDGE ( 'NONE', *, *, #2133, .F. ) ;
#3466 = DIRECTION ( 'NONE',  ( 1.000000000000000000, 1.734723475976807094E-16, -0.000000000000000000 ) ) ;
#3467 = AXIS2_PLACEMENT_3D ( 'NONE', #2986, #1051, #455 ) ;
#3468 = CARTESIAN_POINT ( 'NONE',  ( -17.96496222574226564, 18.77870705156889031, 8.499999999999998224 ) ) ;
#3469 = VECTOR ( 'NONE', #1806, 1000.000000000000000 ) ;
#3470 = CARTESIAN_POINT ( 'NONE',  ( 17.28503777425770238, 22.52870705156892583, 5.000000000000001776 ) ) ;
#3471 = ORIENTED_EDGE ( 'NONE', *, *, #2448, .F. ) ;
#3472 = EDGE_CURVE ( 'NONE', #3202, #2929, #3026, .T. ) ;
#3473 = CYLINDRICAL_SURFACE ( 'NONE', #1863, 2.999999999999999112 ) ;
#3474 = CIRCLE ( 'NONE', #1645, 1.000000000000000888 ) ;
#3475 = CYLINDRICAL_SURFACE ( 'NONE', #2733, 1.000000000000000888 ) ;
#3476 = CARTESIAN_POINT ( 'NONE',  ( -16.46496222574226920, 28.52870705156889741, 8.499999999999998224 ) ) ;
#3477 = ORIENTED_EDGE ( 'NONE', *, *, #1560, .T. ) ;
#3478 = DIRECTION ( 'NONE',  ( 0.000000000000000000, 0.000000000000000000, 1.000000000000000000 ) ) ;
#3479 = CIRCLE ( 'NONE', #1723, 3.000000000000000000 ) ;
#3480 = ORIENTED_EDGE ( 'NONE', *, *, #2528, .T. ) ;
#3481 = CARTESIAN_POINT ( 'NONE',  ( -16.46496222574226920, 27.02870705156890097, -4.000000000000000000 ) ) ;
#3482 = CARTESIAN_POINT ( 'NONE',  ( 15.78503777425773613, -22.47129294843107417, 5.000000000000001776 ) ) ;
#3483 = AXIS2_PLACEMENT_3D ( 'NONE', #3631, #226, #3354 ) ;
#3484 = EDGE_CURVE ( 'NONE', #1526, #1066, #3349, .T. ) ;
#3485 = LINE ( 'NONE', #674, #2966 ) ;
#3486 = DIRECTION ( 'NONE',  ( 0.000000000000000000, 0.000000000000000000, -1.000000000000000000 ) ) ;
#3487 = CARTESIAN_POINT ( 'NONE',  ( 15.78503777425770060, 22.52870705156892583, 5.000000000000001776 ) ) ;
#3488 = ORIENTED_EDGE ( 'NONE', *, *, #18, .F. ) ;
#3489 = ORIENTED_EDGE ( 'NONE', *, *, #454, .F. ) ;
#3490 = AXIS2_PLACEMENT_3D ( 'NONE', #641, #3114, #2813 ) ;
#3491 = CYLINDRICAL_SURFACE ( 'NONE', #2174, 1.500000000000001332 ) ;
#3492 = DIRECTION ( 'NONE',  ( 0.000000000000000000, 1.000000000000000000, 0.000000000000000000 ) ) ;
#3493 = VECTOR ( 'NONE', #3597, 1000.000000000000000 ) ;
#3494 = AXIS2_PLACEMENT_3D ( 'NONE', #3294, #3427, #2523 ) ;
#3495 = CARTESIAN_POINT ( 'NONE',  ( 9.378037774257734327, 25.68270705156890443, 1.699999999999999289 ) ) ;
#3496 = AXIS2_PLACEMENT_3D ( 'NONE', #943, #2191, #2822 ) ;
#3497 = EDGE_LOOP ( 'NONE', ( #419, #2778 ) ) ;
#3498 = CARTESIAN_POINT ( 'NONE',  ( 10.45303777425773362, -25.62529294843109540, -0.1000000000000002554 ) ) ;
#3499 = DIRECTION ( 'NONE',  ( -0.000000000000000000, -0.000000000000000000, -1.000000000000000000 ) ) ;
#3500 = CARTESIAN_POINT ( 'NONE',  ( 15.78503777425770060, 22.52870705156892583, 3.292323440001584611 ) ) ;
#3501 = EDGE_CURVE ( 'NONE', #32, #5, #524, .T. ) ;
#3502 = EDGE_LOOP ( 'NONE', ( #3304, #2018, #331, #3877 ) ) ;
#3503 = FILL_AREA_STYLE ('',( #1598 ) ) ;
#3504 = ORIENTED_EDGE ( 'NONE', *, *, #3953, .F. ) ;
#3505 = CARTESIAN_POINT ( 'NONE',  ( -19.46496222574226920, 30.02870705156890097, 9.500000000000005329 ) ) ;
#3506 = DIRECTION ( 'NONE',  ( -1.000000000000000000, 0.000000000000000000, 0.000000000000000000 ) ) ;
#3507 = VECTOR ( 'NONE', #3199, 1000.000000000000000 ) ;
#3508 = ORIENTED_EDGE ( 'NONE', *, *, #1989, .T. ) ;
#3509 = LINE ( 'NONE', #1952, #3507 ) ;
#3510 = CARTESIAN_POINT ( 'NONE',  ( -10.14106361317946003, 13.48838797301254111, 8.499999999999994671 ) ) ;
#3511 = EDGE_CURVE ( 'NONE', #2113, #493, #3601, .T. ) ;
#3512 = CYLINDRICAL_SURFACE ( 'NONE', #2173, 3.000000000000000888 ) ;
#3513 = VERTEX_POINT ( 'NONE', #2736 ) ;
#3514 = ORIENTED_EDGE ( 'NONE', *, *, #3348, .F. ) ;
#3515 = CYLINDRICAL_SURFACE ( 'NONE', #2702, 3.000000000000000888 ) ;
#3516 = DIRECTION ( 'NONE',  ( 1.000000000000000000, 2.703465157366452467E-16, -0.000000000000000000 ) ) ;
#3517 = ORIENTED_EDGE ( 'NONE', *, *, #3585, .T. ) ;
#3518 = LINE ( 'NONE', #1963, #225 ) ;
#3519 = AXIS2_PLACEMENT_3D ( 'NONE', #3623, #3582, #3944 ) ;
#3520 = CARTESIAN_POINT ( 'NONE',  ( -16.21496222574229762, 22.52870705156889031, 3.292323440001584611 ) ) ;
#3521 = LINE ( 'NONE', #2552, #274 ) ;
#3522 = ORIENTED_EDGE ( 'NONE', *, *, #2104, .T. ) ;
#3523 = VERTEX_POINT ( 'NONE', #3982 ) ;
#3524 = DIRECTION ( 'NONE',  ( 0.000000000000000000, -0.7071067811865352493, 0.7071067811865597852 ) ) ;
#3525 = CARTESIAN_POINT ( 'NONE',  ( 13.53503777425773791, -22.47129294843107417, 9.999999999999998224 ) ) ;
#3526 = ORIENTED_EDGE ( 'NONE', *, *, #326, .F. ) ;
#3527 = CARTESIAN_POINT ( 'NONE',  ( -16.96496222574225854, -26.22129294843106706, -4.002000000000000668 ) ) ;
#3528 = EDGE_CURVE ( 'NONE', #1971, #3603, #486, .T. ) ;
#3529 = EDGE_CURVE ( 'NONE', #2472, #1521, #2333, .T. ) ;
#3530 = LINE ( 'NONE', #1669, #395 ) ;
#3531 = VERTEX_POINT ( 'NONE', #1746 ) ;
#3532 = VERTEX_POINT ( 'NONE', #2030 ) ;
#3533 = CARTESIAN_POINT ( 'NONE',  ( -14.71496222574226387, -22.47129294843110969, 3.000000000000001776 ) ) ;
#3534 = CARTESIAN_POINT ( 'NONE',  ( -16.21496222574226564, -22.47129294843110969, 3.292323440001584611 ) ) ;
#3535 = EDGE_CURVE ( 'NONE', #2113, #2969, #773, .T. ) ;
#3536 = ORIENTED_EDGE ( 'NONE', *, *, #2381, .T. ) ;
#3537 = LINE ( 'NONE', #725, #546 ) ;
#3538 = DIRECTION ( 'NONE',  ( 1.000000000000000000, 0.000000000000000000, 0.000000000000000000 ) ) ;
#3539 = ADVANCED_FACE ( 'NONE', ( #3012 ), #3907, .F. ) ;
#3540 = FACE_OUTER_BOUND ( 'NONE', #4036, .T. ) ;
#3541 = CIRCLE ( 'NONE', #1784, 2.500000000000019540 ) ;
#3542 = ORIENTED_EDGE ( 'NONE', *, *, #1819, .F. ) ;
#3543 = LINE ( 'NONE', #3193, #2227 ) ;
#3544 = EDGE_LOOP ( 'NONE', ( #2676, #1939, #3774, #1326 ) ) ;
#3545 = LINE ( 'NONE', #3808, #3981 ) ;
#3546 = DIRECTION ( 'NONE',  ( -0.000000000000000000, -0.000000000000000000, 1.000000000000000000 ) ) ;
#3547 = ORIENTED_EDGE ( 'NONE', *, *, #683, .T. ) ;
#3548 = CIRCLE ( 'NONE', #2753, 3.000000000000000888 ) ;
#3549 = DIRECTION ( 'NONE',  ( -1.000000000000000000, 0.000000000000000000, 0.000000000000000000 ) ) ;
#3550 = EDGE_CURVE ( 'NONE', #3531, #3357, #195, .T. ) ;
#3551 = DIRECTION ( 'NONE',  ( 0.000000000000000000, 0.000000000000000000, 1.000000000000000000 ) ) ;
#3552 = AXIS2_PLACEMENT_3D ( 'NONE', #3939, #808, #2042 ) ;
#3553 = ORIENTED_EDGE ( 'NONE', *, *, #3756, .F. ) ;
#3554 = ORIENTED_EDGE ( 'NONE', *, *, #23, .F. ) ;
#3555 = CARTESIAN_POINT ( 'NONE',  ( 16.03503777425773791, -26.97129294843108838, -4.000000000000000000 ) ) ;
#3556 = CYLINDRICAL_SURFACE ( 'NONE', #422, 1.000000000000000888 ) ;
#3557 = VECTOR ( 'NONE', #2028, 1000.000000000000000 ) ;
#3558 = ORIENTED_EDGE ( 'NONE', *, *, #2276, .T. ) ;
#3559 = VECTOR ( 'NONE', #2025, 1000.000000000000000 ) ;
#3560 = DIRECTION ( 'NONE',  ( -1.000000000000000000, 0.000000000000000000, 0.000000000000000000 ) ) ;
#3561 = LINE ( 'NONE', #728, #3977 ) ;
#3562 = CARTESIAN_POINT ( 'NONE',  ( -17.71496222574226564, -22.47129294843110969, 3.000000000000001776 ) ) ;
#3563 = AXIS2_PLACEMENT_3D ( 'NONE', #3053, #1763, #3346 ) ;
#3564 = AXIS2_PLACEMENT_3D ( 'NONE', #3217, #140, #2275 ) ;
#3565 = EDGE_CURVE ( 'NONE', #2509, #3297, #2886, .T. ) ;
#3566 = EDGE_CURVE ( 'NONE', #2820, #57, #532, .T. ) ;
#3567 = ORIENTED_EDGE ( 'NONE', *, *, #760, .F. ) ;
#3568 = CARTESIAN_POINT ( 'NONE',  ( -12.64106361317946003, 13.48838797301254111, 8.499999999999998224 ) ) ;
#3569 = ORIENTED_EDGE ( 'NONE', *, *, #1376, .T. ) ;
#3570 = LINE ( 'NONE', #1620, #1157 ) ;
#3571 = DIRECTION ( 'NONE',  ( 0.000000000000000000, -0.000000000000000000, -1.000000000000000000 ) ) ;
#3572 = VERTEX_POINT ( 'NONE', #84 ) ;
#3573 = DIRECTION ( 'NONE',  ( 0.000000000000000000, -1.000000000000000000, 0.000000000000000000 ) ) ;
#3574 = CYLINDRICAL_SURFACE ( 'NONE', #2621, 1.500000000000001332 ) ;
#3575 = EDGE_CURVE ( 'NONE', #2456, #2969, #1341, .T. ) ;
#3576 = EDGE_LOOP ( 'NONE', ( #2406, #2400, #560, #3311, #957, #2273, #3681, #2945 ) ) ;
#3577 = ORIENTED_EDGE ( 'NONE', *, *, #591, .F. ) ;
#3578 = CARTESIAN_POINT ( 'NONE',  ( 17.53503777425773080, 27.02870705156891162, 8.499999999999998224 ) ) ;
#3579 = DIRECTION ( 'NONE',  ( 0.000000000000000000, 0.000000000000000000, 1.000000000000000000 ) ) ;
#3580 = VERTEX_POINT ( 'NONE', #1896 ) ;
#3581 = CARTESIAN_POINT ( 'NONE',  ( 15.78503777425776100, 19.77870705156892939, 8.499999999999998224 ) ) ;
#3582 = DIRECTION ( 'NONE',  ( 0.000000000000000000, 0.000000000000000000, 1.000000000000000000 ) ) ;
#3583 = EDGE_CURVE ( 'NONE', #2792, #995, #2540, .T. ) ;
#3584 = CARTESIAN_POINT ( 'NONE',  ( -19.46496222574226920, 30.02870705156890097, 3.292323440001584611 ) ) ;
#3585 = EDGE_CURVE ( 'NONE', #1827, #681, #3141, .T. ) ;
#3586 = ORIENTED_EDGE ( 'NONE', *, *, #219, .T. ) ;
#3587 = LINE ( 'NONE', #508, #1848 ) ;
#3588 = ORIENTED_EDGE ( 'NONE', *, *, #3756, .T. ) ;
#3589 = LINE ( 'NONE', #2035, #753 ) ;
#3590 = CARTESIAN_POINT ( 'NONE',  ( 15.78503777425773613, -22.47129294843107417, 5.000000000000001776 ) ) ;
#3591 = AXIS2_PLACEMENT_3D ( 'NONE', #1945, #1059, #71 ) ;
#3592 = ORIENTED_EDGE ( 'NONE', *, *, #949, .F. ) ;
#3593 = CARTESIAN_POINT ( 'NONE',  ( 3.854075575427002853, 19.84070686846390430, 9.999999999999998224 ) ) ;
#3594 = DIRECTION ( 'NONE',  ( 1.000000000000000000, 1.734723475976807094E-16, -0.000000000000000000 ) ) ;
#3595 = EDGE_LOOP ( 'NONE', ( #368, #3188, #888, #336 ) ) ;
#3596 = DIRECTION ( 'NONE',  ( 1.000000000000000000, 2.703465157366452467E-16, 0.000000000000000000 ) ) ;
#3597 = DIRECTION ( 'NONE',  ( 0.000000000000000000, 0.000000000000000000, 1.000000000000000000 ) ) ;
#3598 = VERTEX_POINT ( 'NONE', #16 ) ;
#3599 = DIRECTION ( 'NONE',  ( -1.000000000000000000, -2.703465157366452467E-16, 0.000000000000000000 ) ) ;
#3600 = FACE_OUTER_BOUND ( 'NONE', #153, .T. ) ;
#3601 = LINE ( 'NONE', #3662, #268 ) ;
#3602 = EDGE_CURVE ( 'NONE', #2855, #1997, #2212, .T. ) ;
#3603 = VERTEX_POINT ( 'NONE', #1011 ) ;
#3604 = DIRECTION ( 'NONE',  ( -0.000000000000000000, -0.000000000000000000, -1.000000000000000000 ) ) ;
#3605 = ORIENTED_EDGE ( 'NONE', *, *, #1866, .T. ) ;
#3606 = DIRECTION ( 'NONE',  ( 1.000000000000000000, 0.000000000000000000, 0.000000000000000000 ) ) ;
#3607 = FACE_BOUND ( 'NONE', #1917, .T. ) ;
#3608 = AXIS2_PLACEMENT_3D ( 'NONE', #6, #3763, #916 ) ;
#3609 = ORIENTED_EDGE ( 'NONE', *, *, #3729, .T. ) ;
#3610 = EDGE_CURVE ( 'NONE', #3455, #223, #695, .T. ) ;
#3611 = CARTESIAN_POINT ( 'NONE',  ( 16.03503777425773791, 30.02870705156891162, 3.292323440001584611 ) ) ;
#3612 = AXIS2_PLACEMENT_3D ( 'NONE', #948, #3450, #639 ) ;
#3613 = AXIS2_PLACEMENT_3D ( 'NONE', #1046, #2294, #2377 ) ;
#3614 = EDGE_CURVE ( 'NONE', #1084, #2516, #1211, .T. ) ;
#3615 = CARTESIAN_POINT ( 'NONE',  ( 7.453037774257734505, -25.62529294843109540, 8.499999999999998224 ) ) ;
#3616 = ADVANCED_FACE ( 'NONE', ( #3689 ), #898, .T. ) ;
#3617 = ORIENTED_EDGE ( 'NONE', *, *, #3314, .T. ) ;
#3618 = DIRECTION ( 'NONE',  ( -0.000000000000000000, -0.000000000000000000, -1.000000000000000000 ) ) ;
#3619 = DIRECTION ( 'NONE',  ( -1.000000000000000000, 0.000000000000000000, 0.000000000000000000 ) ) ;
#3620 = CIRCLE ( 'NONE', #3741, 2.250000000000001776 ) ;
#3621 = AXIS2_PLACEMENT_3D ( 'NONE', #2689, #1429, #1093 ) ;
#3622 = DIRECTION ( 'NONE',  ( 1.000000000000000000, 0.000000000000000000, -0.000000000000000000 ) ) ;
#3623 = CARTESIAN_POINT ( 'NONE',  ( 15.78503777425770060, 22.52870705156892583, 5.000000000000001776 ) ) ;
#3624 = AXIS2_PLACEMENT_3D ( 'NONE', #2714, #3961, #2404 ) ;
#3625 = CARTESIAN_POINT ( 'NONE',  ( -19.46496222574226920, 30.02870705156890097, -4.000000000000000000 ) ) ;
#3626 = ORIENTED_EDGE ( 'NONE', *, *, #380, .T. ) ;
#3627 = FACE_OUTER_BOUND ( 'NONE', #1366, .T. ) ;
#3628 = VERTEX_POINT ( 'NONE', #607 ) ;
#3629 = EDGE_CURVE ( 'NONE', #2176, #1074, #2161, .T. ) ;
#3630 = LINE ( 'NONE', #1422, #558 ) ;
#3631 = CARTESIAN_POINT ( 'NONE',  ( 4.793649565339142882, 12.66714344531767900, -4.001000000000001222 ) ) ;
#3632 = VECTOR ( 'NONE', #3885, 1000.000000000000000 ) ;
#3633 = ORIENTED_EDGE ( 'NONE', *, *, #3840, .F. ) ;
#3634 = CARTESIAN_POINT ( 'NONE',  ( 4.793649565339142882, 11.01227139059988147, 9.999999999999998224 ) ) ;
#3635 = ADVANCED_FACE ( 'NONE', ( #2491 ), #3744, .F. ) ;
#3636 = ORIENTED_EDGE ( 'NONE', *, *, #3602, .F. ) ;
#3637 = CARTESIAN_POINT ( 'NONE',  ( 16.53503777425773436, 25.27870705156888320, -4.002000000000000668 ) ) ;
#3638 = FACE_OUTER_BOUND ( 'NONE', #892, .T. ) ;
#3639 = ORIENTED_EDGE ( 'NONE', *, *, #1955, .T. ) ;
#3640 = FACE_OUTER_BOUND ( 'NONE', #2341, .T. ) ;
#3641 = DIRECTION ( 'NONE',  ( -0.000000000000000000, 1.000000000000000000, 0.000000000000000000 ) ) ;
#3642 = DIRECTION ( 'NONE',  ( -1.000000000000000000, 0.000000000000000000, 0.000000000000000000 ) ) ;
#3643 = ORIENTED_EDGE ( 'NONE', *, *, #1131, .T. ) ;
#3644 = DIRECTION ( 'NONE',  ( -0.000000000000000000, -0.000000000000000000, 1.000000000000000000 ) ) ;
#3645 = ORIENTED_EDGE ( 'NONE', *, *, #574, .T. ) ;
#3646 = CARTESIAN_POINT ( 'NONE',  ( -19.46496222574226209, -28.47129294843108482, 3.292323440001584611 ) ) ;
#3647 = DIRECTION ( 'NONE',  ( 0.000000000000000000, -1.000000000000000000, 0.000000000000000000 ) ) ;
#3648 = EDGE_CURVE ( 'NONE', #615, #3148, #66, .T. ) ;
#3649 = ORIENTED_EDGE ( 'NONE', *, *, #971, .F. ) ;
#3650 = ORIENTED_EDGE ( 'NONE', *, *, #2849, .T. ) ;
#3651 = DIRECTION ( 'NONE',  ( 0.000000000000000000, 0.000000000000000000, 1.000000000000000000 ) ) ;
#3652 = CIRCLE ( 'NONE', #2935, 2.999999999999999112 ) ;
#3653 = ORIENTED_EDGE ( 'NONE', *, *, #2233, .F. ) ;
#3654 = EDGE_CURVE ( 'NONE', #1383, #1154, #3416, .T. ) ;
#3655 = EDGE_LOOP ( 'NONE', ( #1019, #451, #2936, #2401 ) ) ;
#3656 = DIRECTION ( 'NONE',  ( 1.000000000000000000, 0.000000000000000000, 0.000000000000000000 ) ) ;
#3657 = ADVANCED_FACE ( 'NONE', ( #956 ), #1269, .F. ) ;
#3658 = EDGE_LOOP ( 'NONE', ( #3883, #582, #2159, #3745 ) ) ;
#3659 = CARTESIAN_POINT ( 'NONE',  ( 2.015431251695973813, 12.66714344531767900, 8.499999999999998224 ) ) ;
#3660 = CARTESIAN_POINT ( 'NONE',  ( 11.52803777425773468, 25.68270705156890443, -0.1000000000000002554 ) ) ;
#3661 = EDGE_CURVE ( 'NONE', #2472, #2502, #645, .T. ) ;
#3662 = CARTESIAN_POINT ( 'NONE',  ( 7.285040208365947123, -28.47129294843108482, -0.3076765599984150334 ) ) ;
#3663 = ADVANCED_FACE ( 'NONE', ( #2135 ), #3438, .T. ) ;
#3664 = EDGE_LOOP ( 'NONE', ( #3464, #3258 ) ) ;
#3665 = DIRECTION ( 'NONE',  ( -1.000000000000000000, -0.000000000000000000, -0.000000000000000000 ) ) ;
#3666 = ORIENTED_EDGE ( 'NONE', *, *, #1254, .F. ) ;
#3667 = CARTESIAN_POINT ( 'NONE',  ( -10.66696076089826661, 21.25670570879590571, 9.999999999999998224 ) ) ;
#3668 = FACE_OUTER_BOUND ( 'NONE', #2195, .T. ) ;
#3669 = ORIENTED_EDGE ( 'NONE', *, *, #1782, .T. ) ;
#3670 = EDGE_LOOP ( 'NONE', ( #2586, #3350 ) ) ;
#3671 = DIRECTION ( 'NONE',  ( -1.000000000000000000, 0.000000000000000000, 0.000000000000000000 ) ) ;
#3672 = AXIS2_PLACEMENT_3D ( 'NONE', #2092, #3486, #2851 ) ;
#3673 = DIRECTION ( 'NONE',  ( 1.000000000000000000, 2.135044278125326981E-15, 0.000000000000000000 ) ) ;
#3674 = EDGE_CURVE ( 'NONE', #1026, #1849, #1556, .T. ) ;
#3675 = AXIS2_PLACEMENT_3D ( 'NONE', #657, #3169, #4029 ) ;
#3676 = ORIENTED_EDGE ( 'NONE', *, *, #500, .F. ) ;
#3677 = DIRECTION ( 'NONE',  ( 1.000000000000000000, 0.000000000000000000, 0.000000000000000000 ) ) ;
#3678 = AXIS2_PLACEMENT_3D ( 'NONE', #686, #97, #3234 ) ;
#3679 = AXIS2_PLACEMENT_3D ( 'NONE', #3104, #14, #3399 ) ;
#3680 = CARTESIAN_POINT ( 'NONE',  ( -16.21496222574229762, 25.27870705156888320, 3.292323440001584611 ) ) ;
#3681 = ORIENTED_EDGE ( 'NONE', *, *, #3138, .T. ) ;
#3682 = ORIENTED_EDGE ( 'NONE', *, *, #2473, .T. ) ;
#3683 = CARTESIAN_POINT ( 'NONE',  ( -12.64106361317945293, -22.11161202698745498, 9.999999999999998224 ) ) ;
#3684 = PLANE ( 'NONE',  #991 ) ;
#3685 = ADVANCED_FACE ( 'NONE', ( #1891 ), #626, .F. ) ;
#3686 = CIRCLE ( 'NONE', #1924, 1.402036092185268590 ) ;
#3687 = ORIENTED_EDGE ( 'NONE', *, *, #3674, .F. ) ;
#3688 = VECTOR ( 'NONE', #621, 1000.000000000000000 ) ;
#3689 = FACE_OUTER_BOUND ( 'NONE', #2919, .T. ) ;
#3690 = EDGE_LOOP ( 'NONE', ( #3970, #1270, #2348, #2207 ) ) ;
#3691 = PLANE ( 'NONE',  #2564 ) ;
#3692 = AXIS2_PLACEMENT_3D ( 'NONE', #3029, #1094, #2067 ) ;
#3693 = CIRCLE ( 'NONE', #676, 1.500000000000001332 ) ;
#3694 = VERTEX_POINT ( 'NONE', #2763 ) ;
#3695 = DIRECTION ( 'NONE',  ( 0.000000000000000000, 0.000000000000000000, 1.000000000000000000 ) ) ;
#3696 = EDGE_CURVE ( 'NONE', #2969, #1065, #2745, .T. ) ;
#3697 = ORIENTED_EDGE ( 'NONE', *, *, #2713, .T. ) ;
#3698 = LINE ( 'NONE', #1546, #3039 ) ;
#3699 = DIRECTION ( 'NONE',  ( 0.000000000000000000, 0.000000000000000000, 1.000000000000000000 ) ) ;
#3700 = ORIENTED_EDGE ( 'NONE', *, *, #871, .F. ) ;
#3701 = EDGE_CURVE ( 'NONE', #2301, #699, #1911, .T. ) ;
#3702 = DIRECTION ( 'NONE',  ( 0.000000000000000000, 0.000000000000000000, 1.000000000000000000 ) ) ;
#3703 = LINE ( 'NONE', #893, #2503 ) ;
#3704 = CARTESIAN_POINT ( 'NONE',  ( -16.21496222574229762, 22.52870705156888675, 3.000000000000001776 ) ) ;
#3705 = DIRECTION ( 'NONE',  ( 1.000000000000000000, 0.000000000000000000, 0.000000000000000000 ) ) ;
#3706 = ORIENTED_EDGE ( 'NONE', *, *, #1603, .T. ) ;
#3707 = CARTESIAN_POINT ( 'NONE',  ( 19.03503777425774146, -26.97129294843108482, 9.500000000000005329 ) ) ;
#3708 = ORIENTED_EDGE ( 'NONE', *, *, #3566, .F. ) ;
#3709 = CARTESIAN_POINT ( 'NONE',  ( -19.46496222574226209, -28.47129294843108482, 8.499999999999998224 ) ) ;
#3710 = DIRECTION ( 'NONE',  ( 1.000000000000000000, 0.000000000000000000, 0.000000000000000000 ) ) ;
#3711 = EDGE_CURVE ( 'NONE', #2724, #501, #3541, .T. ) ;
#3712 = CYLINDRICAL_SURFACE ( 'NONE', #1983, 2.250000000000001776 ) ;
#3713 = VERTEX_POINT ( 'NONE', #3707 ) ;
#3714 = DIRECTION ( 'NONE',  ( 1.000000000000000000, 0.000000000000000000, 0.000000000000000000 ) ) ;
#3715 = CARTESIAN_POINT ( 'NONE',  ( -10.88296222574226668, 25.68270705156890443, -0.1000000000000002554 ) ) ;
#3716 = ORIENTED_EDGE ( 'NONE', *, *, #427, .T. ) ;
#3717 = LINE ( 'NONE', #1533, #3105 ) ;
#3718 = LINE ( 'NONE', #935, #3366 ) ;
#3719 = DIRECTION ( 'NONE',  ( 0.000000000000000000, -0.000000000000000000, 1.000000000000000000 ) ) ;
#3720 = ADVANCED_FACE ( 'NONE', ( #1186 ), #285, .F. ) ;
#3721 = ORIENTED_EDGE ( 'NONE', *, *, #2574, .T. ) ;
#3722 = DIRECTION ( 'NONE',  ( -1.000000000000000000, 0.000000000000000000, -0.000000000000000000 ) ) ;
#3723 = AXIS2_PLACEMENT_3D ( 'NONE', #2847, #1600, #585 ) ;
#3724 = ORIENTED_EDGE ( 'NONE', *, *, #91, .T. ) ;
#3725 = CYLINDRICAL_SURFACE ( 'NONE', #2944, 1.500000000000001332 ) ;
#3726 = LINE ( 'NONE', #3962, #2645 ) ;
#3727 = VECTOR ( 'NONE', #495, 1000.000000000000000 ) ;
#3728 = DIRECTION ( 'NONE',  ( -0.000000000000000000, -0.000000000000000000, 1.000000000000000000 ) ) ;
#3729 = EDGE_CURVE ( 'NONE', #1709, #4011, #2363, .T. ) ;
#3730 = VECTOR ( 'NONE', #3036, 1000.000000000000000 ) ;
#3731 = VERTEX_POINT ( 'NONE', #2554 ) ;
#3732 = DIRECTION ( 'NONE',  ( -0.000000000000000000, -0.000000000000000000, 1.000000000000000000 ) ) ;
#3733 = CARTESIAN_POINT ( 'NONE',  ( -16.96496222574226564, 26.27870705156888320, 3.292323440001584611 ) ) ;
#3734 = AXIS2_PLACEMENT_3D ( 'NONE', #954, #1887, #3132 ) ;
#3735 = ORIENTED_EDGE ( 'NONE', *, *, #2262, .T. ) ;
#3736 = VECTOR ( 'NONE', #373, 1000.000000000000000 ) ;
#3737 = CARTESIAN_POINT ( 'NONE',  ( 19.03503777425773080, 27.02870705156891162, -4.000000000000000000 ) ) ;
#3738 = DIRECTION ( 'NONE',  ( -1.000000000000000000, 0.000000000000000000, 0.000000000000000000 ) ) ;
#3739 = LINE ( 'NONE', #2131, #2717 ) ;
#3740 = LINE ( 'NONE', #1595, #1518 ) ;
#3741 = AXIS2_PLACEMENT_3D ( 'NONE', #60, #3816, #1176 ) ;
#3742 = EDGE_CURVE ( 'NONE', #2600, #1827, #920, .T. ) ;
#3743 = ORIENTED_EDGE ( 'NONE', *, *, #3264, .T. ) ;
#3744 = PLANE ( 'NONE',  #3086 ) ;
#3745 = ORIENTED_EDGE ( 'NONE', *, *, #1177, .F. ) ;
#3746 = FACE_BOUND ( 'NONE', #1501, .T. ) ;
#3747 = DIRECTION ( 'NONE',  ( 0.000000000000000000, 0.000000000000000000, -1.000000000000000000 ) ) ;
#3748 = MANIFOLD_SOLID_BREP ( 'Boss-Extrude2', #3164 ) ;
#3749 = VECTOR ( 'NONE', #1853, 1000.000000000000000 ) ;
#3750 = CARTESIAN_POINT ( 'NONE',  ( -10.66696076089826661, 21.25670570879590571, 8.499999999999994671 ) ) ;
#3751 = CIRCLE ( 'NONE', #3819, 1.499999999999999556 ) ;
#3752 = EDGE_CURVE ( 'NONE', #2734, #223, #3829, .T. ) ;
#3753 = VECTOR ( 'NONE', #1336, 1000.000000000000000 ) ;
#3754 = ORIENTED_EDGE ( 'NONE', *, *, #2587, .T. ) ;
#3755 = FACE_OUTER_BOUND ( 'NONE', #377, .T. ) ;
#3756 = EDGE_CURVE ( 'NONE', #2450, #1798, #329, .T. ) ;
#3757 = CARTESIAN_POINT ( 'NONE',  ( -10.14106361317946003, -22.11161202698745498, 8.499999999999998224 ) ) ;
#3758 = EDGE_LOOP ( 'NONE', ( #4053, #4051, #2433, #3063 ) ) ;
#3759 = LINE ( 'NONE', #4067, #2709 ) ;
#3760 = CARTESIAN_POINT ( 'NONE',  ( 17.53503777425773080, 26.27870705156888320, 3.292323440001584611 ) ) ;
#3761 = DIRECTION ( 'NONE',  ( -0.000000000000000000, 0.000000000000000000, 1.000000000000000000 ) ) ;
#3762 = ORIENTED_EDGE ( 'NONE', *, *, #2459, .T. ) ;
#3763 = DIRECTION ( 'NONE',  ( 0.000000000000000000, -0.000000000000000000, -1.000000000000000000 ) ) ;
#3764 = ORIENTED_EDGE ( 'NONE', *, *, #202, .T. ) ;
#3765 = LINE ( 'NONE', #3156, #3460 ) ;
#3766 = CARTESIAN_POINT ( 'NONE',  ( -13.88296222574226668, 25.68270705156890443, 1.699999999999999289 ) ) ;
#3767 = EDGE_CURVE ( 'NONE', #3882, #1568, #1387, .T. ) ;
#3768 = VERTEX_POINT ( 'NONE', #118 ) ;
#3769 = CARTESIAN_POINT ( 'NONE',  ( -9.066960760898265193, 21.25670570879590571, -4.001000000000001222 ) ) ;
#3770 = CARTESIAN_POINT ( 'NONE',  ( -7.982983065599765860E-15, 29.52870705156892583, 9.999999999999998224 ) ) ;
#3771 = EDGE_CURVE ( 'NONE', #2080, #1916, #3543, .T. ) ;
#3772 = DIRECTION ( 'NONE',  ( -0.000000000000000000, -0.000000000000000000, 1.000000000000000000 ) ) ;
#3773 = ORIENTED_EDGE ( 'NONE', *, *, #2805, .T. ) ;
#3774 = ORIENTED_EDGE ( 'NONE', *, *, #1331, .F. ) ;
#3775 = CYLINDRICAL_SURFACE ( 'NONE', #3414, 3.000000000000000888 ) ;
#3776 = LINE ( 'NONE', #1610, #2910 ) ;
#3777 = AXIS2_PLACEMENT_3D ( 'NONE', #2269, #2576, #2288 ) ;
#3778 = CARTESIAN_POINT ( 'NONE',  ( -16.21496222574229407, 19.77870705156889031, -4.002000000000000668 ) ) ;
#3779 = ORIENTED_EDGE ( 'NONE', *, *, #1481, .T. ) ;
#3780 = CARTESIAN_POINT ( 'NONE',  ( -16.46496222574226209, -26.97129294843108838, 9.999999999999998224 ) ) ;
#3781 = CARTESIAN_POINT ( 'NONE',  ( -10.88296222574226668, 25.68270705156890443, -0.1000000000000002554 ) ) ;
#3782 = DIRECTION ( 'NONE',  ( 1.000000000000000000, 0.000000000000000000, 0.000000000000000000 ) ) ;
#3783 = EDGE_CURVE ( 'NONE', #1971, #681, #1967, .T. ) ;
#3784 = ORIENTED_EDGE ( 'NONE', *, *, #1348, .T. ) ;
#3785 =( NAMED_UNIT ( * ) PLANE_ANGLE_UNIT ( ) SI_UNIT ( $, .RADIAN. ) );
#3786 = VERTEX_POINT ( 'NONE', #410 ) ;
#3787 = DIRECTION ( 'NONE',  ( -1.000000000000000000, 0.000000000000000000, 0.000000000000000000 ) ) ;
#3788 = FACE_OUTER_BOUND ( 'NONE', #366, .T. ) ;
#3789 = DIRECTION ( 'NONE',  ( 0.000000000000000000, 0.000000000000000000, 1.000000000000000000 ) ) ;
#3790 = DIRECTION ( 'NONE',  ( -1.000000000000000000, -2.703465157366452467E-16, 0.000000000000000000 ) ) ;
#3791 = DIRECTION ( 'NONE',  ( -1.000000000000000000, 0.000000000000000000, -0.000000000000000000 ) ) ;
#3792 = EDGE_CURVE ( 'NONE', #1507, #967, #1661, .T. ) ;
#3793 = ORIENTED_EDGE ( 'NONE', *, *, #1975, .F. ) ;
#3794 = VERTEX_POINT ( 'NONE', #2617 ) ;
#3795 = DIRECTION ( 'NONE',  ( 1.000000000000000000, 0.000000000000000000, 0.000000000000000000 ) ) ;
#3796 = DIRECTION ( 'NONE',  ( -0.000000000000000000, -0.000000000000000000, -1.000000000000000000 ) ) ;
#3797 = AXIS2_PLACEMENT_3D ( 'NONE', #2799, #2434, #569 ) ;
#3798 = DIRECTION ( 'NONE',  ( 1.000000000000000000, 0.000000000000000000, 0.000000000000000000 ) ) ;
#3799 = ORIENTED_EDGE ( 'NONE', *, *, #748, .T. ) ;
#3800 = CARTESIAN_POINT ( 'NONE',  ( 19.03503777425773080, 27.02870705156891162, 3.292323440001584611 ) ) ;
#3801 = CARTESIAN_POINT ( 'NONE',  ( 12.21093530270483996, -22.11161202698745853, 9.999999999999998224 ) ) ;
#3802 = DIRECTION ( 'NONE',  ( 1.000000000000000000, -0.000000000000000000, 0.000000000000000000 ) ) ;
#3803 = EDGE_CURVE ( 'NONE', #3835, #733, #3872, .T. ) ;
#3804 = AXIS2_PLACEMENT_3D ( 'NONE', #3436, #3116, #2 ) ;
#3805 = ORIENTED_EDGE ( 'NONE', *, *, #2129, .T. ) ;
#3806 = DIRECTION ( 'NONE',  ( -0.000000000000000000, -0.000000000000000000, 1.000000000000000000 ) ) ;
#3807 = ORIENTED_EDGE ( 'NONE', *, *, #635, .F. ) ;
#3808 = CARTESIAN_POINT ( 'NONE',  ( -19.46496222574226209, -28.47129294843108482, 3.292323440001584611 ) ) ;
#3809 = CARTESIAN_POINT ( 'NONE',  ( -16.21496222574229762, 22.52870705156888675, 5.000000000000001776 ) ) ;
#3810 = VECTOR ( 'NONE', #1330, 1000.000000000000000 ) ;
#3811 = ADVANCED_FACE ( 'NONE', ( #1002 ), #31, .T. ) ;
#3812 = CARTESIAN_POINT ( 'NONE',  ( 16.53503777425773436, 19.77870705156889031, 3.292323440001584611 ) ) ;
#3813 = CIRCLE ( 'NONE', #2499, 1.500000000000001332 ) ;
#3814 = FACE_OUTER_BOUND ( 'NONE', #98, .T. ) ;
#3815 = CARTESIAN_POINT ( 'NONE',  ( -16.21496222574229051, -25.22129294843106706, 3.292323440001584611 ) ) ;
#3816 = DIRECTION ( 'NONE',  ( 0.000000000000000000, 0.000000000000000000, 1.000000000000000000 ) ) ;
#3817 = EDGE_LOOP ( 'NONE', ( #1756, #515 ) ) ;
#3818 = ORIENTED_EDGE ( 'NONE', *, *, #1524, .F. ) ;
#3819 = AXIS2_PLACEMENT_3D ( 'NONE', #578, #3094, #1551 ) ;
#3820 = CARTESIAN_POINT ( 'NONE',  ( -16.46496222574226209, -26.97129294843108838, -4.000000000000000000 ) ) ;
#3821 = LINE ( 'NONE', #2220, #3303 ) ;
#3822 = AXIS2_PLACEMENT_3D ( 'NONE', #3226, #2921, #109 ) ;
#3823 = ORIENTED_EDGE ( 'NONE', *, *, #2329, .T. ) ;
#3824 = CARTESIAN_POINT ( 'NONE',  ( -10.66696076089826661, 21.25670570879590571, 9.999999999999998224 ) ) ;
#3825 = FACE_OUTER_BOUND ( 'NONE', #1812, .T. ) ;
#3826 = DIRECTION ( 'NONE',  ( 0.000000000000000000, 0.000000000000000000, 1.000000000000000000 ) ) ;
#3827 = ADVANCED_FACE ( 'NONE', ( #388 ), #2888, .F. ) ;
#3828 = ORIENTED_EDGE ( 'NONE', *, *, #67, .F. ) ;
#3829 = LINE ( 'NONE', #2229, #2110 ) ;
#3830 = VERTEX_POINT ( 'NONE', #2912 ) ;
#3831 = CARTESIAN_POINT ( 'NONE',  ( -16.46496222574226209, -26.97129294843108838, 9.500000000000005329 ) ) ;
#3832 = EDGE_CURVE ( 'NONE', #1627, #3437, #3474, .T. ) ;
#3833 = DIRECTION ( 'NONE',  ( -0.000000000000000000, 0.000000000000000000, 1.000000000000000000 ) ) ;
#3834 = VECTOR ( 'NONE', #3245, 1000.000000000000000 ) ;
#3835 = VERTEX_POINT ( 'NONE', #666 ) ;
#3836 = EDGE_CURVE ( 'NONE', #2059, #2783, #1308, .T. ) ;
#3837 = CARTESIAN_POINT ( 'NONE',  ( 9.710935302704854166, -22.11161202698745853, -4.001000000000001222 ) ) ;
#3838 = ADVANCED_FACE ( 'NONE', ( #2354, #3927, #2052, #2095, #2661, #3038, #775, #198, #3335, #2014, #3893, #1163 ), #2677, .T. ) ;
#3839 = FACE_OUTER_BOUND ( 'NONE', #119, .T. ) ;
#3840 = EDGE_CURVE ( 'NONE', #3786, #3922, #141, .T. ) ;
#3841 = EDGE_LOOP ( 'NONE', ( #2618, #801 ) ) ;
#3842 = VERTEX_POINT ( 'NONE', #793 ) ;
#3843 = DIRECTION ( 'NONE',  ( -1.734723475976807094E-16, 1.000000000000000000, 0.000000000000000000 ) ) ;
#3844 = FACE_OUTER_BOUND ( 'NONE', #1162, .T. ) ;
#3845 = ORIENTED_EDGE ( 'NONE', *, *, #3078, .T. ) ;
#3846 = CARTESIAN_POINT ( 'NONE',  ( -16.21496222574226564, -22.47129294843110969, 3.292323440001584611 ) ) ;
#3847 = VECTOR ( 'NONE', #2108, 1000.000000000000000 ) ;
#3848 = DIRECTION ( 'NONE',  ( 1.000000000000000000, 0.000000000000000000, 0.000000000000000000 ) ) ;
#3849 = CARTESIAN_POINT ( 'NONE',  ( 2.015431251695973813, 12.66714344531767900, -4.001000000000001222 ) ) ;
#3850 = ORIENTED_EDGE ( 'NONE', *, *, #1611, .T. ) ;
#3851 = CARTESIAN_POINT ( 'NONE',  ( -4.791999477595536128, 19.84070686846390430, -4.001000000000001222 ) ) ;
#3852 = ORIENTED_EDGE ( 'NONE', *, *, #3008, .T. ) ;
#3853 = LINE ( 'NONE', #3505, #2716 ) ;
#3854 = DIRECTION ( 'NONE',  ( 1.000000000000000000, 0.000000000000000000, 0.000000000000000000 ) ) ;
#3855 = EDGE_CURVE ( 'NONE', #2724, #3531, #3298, .T. ) ;
#3856 = ORIENTED_EDGE ( 'NONE', *, *, #1711, .F. ) ;
#3857 = FACE_OUTER_BOUND ( 'NONE', #761, .T. ) ;
#3858 = DIRECTION ( 'NONE',  ( -0.000000000000000000, -0.000000000000000000, 1.000000000000000000 ) ) ;
#3859 = VERTEX_POINT ( 'NONE', #1454 ) ;
#3860 = ORIENTED_EDGE ( 'NONE', *, *, #320, .T. ) ;
#3861 = FACE_OUTER_BOUND ( 'NONE', #1243, .T. ) ;
#3862 = CARTESIAN_POINT ( 'NONE',  ( -19.46496222574226920, 28.52870705156889741, -4.000000000000000000 ) ) ;
#3863 = EDGE_CURVE ( 'NONE', #3523, #3598, #2959, .T. ) ;
#3864 = ADVANCED_FACE ( 'NONE', ( #1122 ), #527, .T. ) ;
#3865 =( LENGTH_UNIT ( ) NAMED_UNIT ( * ) SI_UNIT ( .MILLI., .METRE. ) );
#3866 = ORIENTED_EDGE ( 'NONE', *, *, #1091, .F. ) ;
#3867 = CARTESIAN_POINT ( 'NONE',  ( -18.96496222574228341, -2.193264346267234513E-15, 9.999999999999998224 ) ) ;
#3868 = DIRECTION ( 'NONE',  ( -0.000000000000000000, -0.000000000000000000, -1.000000000000000000 ) ) ;
#3869 = CARTESIAN_POINT ( 'NONE',  ( 2.452039483241733375, 19.84070686846390430, 8.499999999999998224 ) ) ;
#3870 = VECTOR ( 'NONE', #304, 1000.000000000000000 ) ;
#3871 = ORIENTED_EDGE ( 'NONE', *, *, #2055, .F. ) ;
#3872 = LINE ( 'NONE', #1356, #589 ) ;
#3873 = EDGE_LOOP ( 'NONE', ( #3764, #2438, #548, #2854 ) ) ;
#3874 = CARTESIAN_POINT ( 'NONE',  ( 16.03503777425773791, 30.02870705156891162, 9.500000000000005329 ) ) ;
#3875 = CARTESIAN_POINT ( 'NONE',  ( 10.45303777425773362, 25.68270705156890443, 8.499999999999998224 ) ) ;
#3876 = EDGE_CURVE ( 'NONE', #345, #3308, #2817, .T. ) ;
#3877 = ORIENTED_EDGE ( 'NONE', *, *, #2797, .F. ) ;
#3878 = AXIS2_PLACEMENT_3D ( 'NONE', #3500, #2289, #3255 ) ;
#3879 = DIRECTION ( 'NONE',  ( 0.000000000000000000, 0.000000000000000000, -1.000000000000000000 ) ) ;
#3880 = CARTESIAN_POINT ( 'NONE',  ( 19.03503777425773080, 30.02870705156891162, -4.000000000000000000 ) ) ;
#3881 = AXIS2_PLACEMENT_3D ( 'NONE', #498, #1111, #3656 ) ;
#3882 = VERTEX_POINT ( 'NONE', #3276 ) ;
#3883 = ORIENTED_EDGE ( 'NONE', *, *, #2459, .F. ) ;
#3884 = CARTESIAN_POINT ( 'NONE',  ( 17.53503777425773436, 18.77870705156889031, 3.292323440001584611 ) ) ;
#3885 = DIRECTION ( 'NONE',  ( 0.000000000000000000, -0.000000000000000000, 1.000000000000000000 ) ) ;
#3886 = AXIS2_PLACEMENT_3D ( 'NONE', #1139, #561, #1158 ) ;
#3887 = ORIENTED_EDGE ( 'NONE', *, *, #3566, .T. ) ;
#3888 = CONICAL_SURFACE ( 'NONE', #942, 2.500000000000019540, 0.7853981633974352894 ) ;
#3889 = DIRECTION ( 'NONE',  ( -1.156482317317871971E-16, 1.000000000000000000, 0.000000000000000000 ) ) ;
#3890 = DIRECTION ( 'NONE',  ( -1.000000000000000000, 0.000000000000000000, -0.000000000000000000 ) ) ;
#3891 = CARTESIAN_POINT ( 'NONE',  ( 9.710935302704847061, 13.48838797301253933, -4.001000000000001222 ) ) ;
#3892 = ORIENTED_EDGE ( 'NONE', *, *, #3180, .T. ) ;
#3893 = FACE_BOUND ( 'NONE', #2840, .T. ) ;
#3894 = ORIENTED_EDGE ( 'NONE', *, *, #3227, .F. ) ;
#3895 = DIRECTION ( 'NONE',  ( 0.000000000000000000, 0.000000000000000000, 1.000000000000000000 ) ) ;
#3896 = CARTESIAN_POINT ( 'NONE',  ( 6.892349582463465296, 19.84070686846390430, 9.999999999999998224 ) ) ;
#3897 = AXIS2_PLACEMENT_3D ( 'NONE', #1048, #3879, #3549 ) ;
#3898 = ORIENTED_EDGE ( 'NONE', *, *, #3855, .T. ) ;
#3899 = PRODUCT_RELATED_PRODUCT_CATEGORY ( 'part', '', ( #213 ) ) ;
#3900 = LINE ( 'NONE', #2299, #1113 ) ;
#3901 = EDGE_LOOP ( 'NONE', ( #2128, #2054, #1156, #2205 ) ) ;
#3902 = LINE ( 'NONE', #2084, #2567 ) ;
#3903 = CARTESIAN_POINT ( 'NONE',  ( 2.015431251695973813, 12.66714344531767900, 9.999999999999998224 ) ) ;
#3904 = EDGE_LOOP ( 'NONE', ( #1495, #2100, #1753, #2187 ) ) ;
#3905 = CARTESIAN_POINT ( 'NONE',  ( -19.46496222574226920, 28.52870705156889741, -4.000000000000000000 ) ) ;
#3906 = DIRECTION ( 'NONE',  ( 1.734723475976807341E-16, -1.000000000000000000, 0.000000000000000000 ) ) ;
#3907 = CYLINDRICAL_SURFACE ( 'NONE', #1644, 1.000000000000000888 ) ;
#3908 = EDGE_LOOP ( 'NONE', ( #2454, #533, #2608, #286 ) ) ;
#3909 = DIRECTION ( 'NONE',  ( 1.000000000000000000, 0.000000000000000000, 0.000000000000000000 ) ) ;
#3910 = ORIENTED_EDGE ( 'NONE', *, *, #3013, .F. ) ;
#3911 = CYLINDRICAL_SURFACE ( 'NONE', #92, 3.000000000000000888 ) ;
#3912 = DIRECTION ( 'NONE',  ( 0.000000000000000000, 0.000000000000000000, -1.000000000000000000 ) ) ;
#3913 = EDGE_CURVE ( 'NONE', #2875, #1015, #489, .T. ) ;
#3914 = ORIENTED_EDGE ( 'NONE', *, *, #3876, .F. ) ;
#3915 = CARTESIAN_POINT ( 'NONE',  ( 12.21093530270483996, -22.11161202698745853, 8.499999999999998224 ) ) ;
#3916 = CONICAL_SURFACE ( 'NONE', #2218, 2.500000000000019540, 0.7853981633974352894 ) ;
#3917 = CARTESIAN_POINT ( 'NONE',  ( 15.78503777425773613, -22.47129294843107417, 5.000000000000001776 ) ) ;
#3918 = ORIENTED_EDGE ( 'NONE', *, *, #944, .F. ) ;
#3919 = CARTESIAN_POINT ( 'NONE',  ( 16.53503777425773791, -19.72129294843107417, 3.292323440001584611 ) ) ;
#3920 = LINE ( 'NONE', #2630, #3632 ) ;
#3921 = EDGE_CURVE ( 'NONE', #1809, #1971, #2489, .T. ) ;
#3922 = VERTEX_POINT ( 'NONE', #466 ) ;
#3923 = DIRECTION ( 'NONE',  ( 0.000000000000000000, 0.000000000000000000, -1.000000000000000000 ) ) ;
#3924 = CARTESIAN_POINT ( 'NONE',  ( 15.78503777425773613, -22.47129294843107417, 5.000000000000001776 ) ) ;
#3925 = CARTESIAN_POINT ( 'NONE',  ( -16.96496222574225854, -26.22129294843106706, 3.292323440001584611 ) ) ;
#3926 = VERTEX_POINT ( 'NONE', #179 ) ;
#3927 = FACE_BOUND ( 'NONE', #2106, .T. ) ;
#3928 = ORIENTED_EDGE ( 'NONE', *, *, #2448, .T. ) ;
#3929 = DIRECTION ( 'NONE',  ( -0.000000000000000000, -0.000000000000000000, -1.000000000000000000 ) ) ;
#3930 = CARTESIAN_POINT ( 'NONE',  ( 9.378037774257734327, 25.68270705156890443, -0.1000000000000002554 ) ) ;
#3931 = ADVANCED_FACE ( 'NONE', ( #3627 ), #2950, .F. ) ;
#3932 = VECTOR ( 'NONE', #3790, 1000.000000000000000 ) ;
#3933 = ORIENTED_EDGE ( 'NONE', *, *, #104, .F. ) ;
#3934 = DIRECTION ( 'NONE',  ( 0.000000000000000000, 1.000000000000000000, 0.000000000000000000 ) ) ;
#3935 = EDGE_CURVE ( 'NONE', #932, #2627, #3969, .T. ) ;
#3936 = AXIS2_PLACEMENT_3D ( 'NONE', #820, #1477, #2723 ) ;
#3937 = VECTOR ( 'NONE', #2883, 1000.000000000000000 ) ;
#3938 = VERTEX_POINT ( 'NONE', #3257 ) ;
#3939 = CARTESIAN_POINT ( 'NONE',  ( 15.78503777425770060, 22.52870705156892583, 5.000000000000001776 ) ) ;
#3940 = LINE ( 'NONE', #499, #1468 ) ;
#3941 = CIRCLE ( 'NONE', #2637, 3.000000000000000000 ) ;
#3942 = EDGE_LOOP ( 'NONE', ( #1003, #3547, #2775, #764 ) ) ;
#3943 = CARTESIAN_POINT ( 'NONE',  ( -12.64106361317946003, 13.48838797301254111, -4.001000000000001222 ) ) ;
#3944 = DIRECTION ( 'NONE',  ( 1.000000000000000000, 0.000000000000000000, 0.000000000000000000 ) ) ;
#3945 = ADVANCED_FACE ( 'NONE', ( #1395 ), #1727, .T. ) ;
#3946 = ORIENTED_EDGE ( 'NONE', *, *, #297, .F. ) ;
#3947 = DIRECTION ( 'NONE',  ( 0.000000000000000000, 0.000000000000000000, 1.000000000000000000 ) ) ;
#3948 = ORIENTED_EDGE ( 'NONE', *, *, #3444, .F. ) ;
#3949 = CARTESIAN_POINT ( 'NONE',  ( 16.53503777425773436, 19.77870705156889031, -4.002000000000000668 ) ) ;
#3950 = AXIS2_PLACEMENT_3D ( 'NONE', #3780, #1922, #4031 ) ;
#3951 = DIRECTION ( 'NONE',  ( 0.000000000000000000, 0.000000000000000000, -1.000000000000000000 ) ) ;
#3952 = AXIS2_PLACEMENT_3D ( 'NONE', #421, #680, #1299 ) ;
#3953 = EDGE_CURVE ( 'NONE', #2846, #2344, #3318, .T. ) ;
#3954 = EDGE_LOOP ( 'NONE', ( #20, #1490, #3754, #3342 ) ) ;
#3955 = EDGE_CURVE ( 'NONE', #955, #1568, #3587, .T. ) ;
#3956 = VERTEX_POINT ( 'NONE', #2244 ) ;
#3957 = CARTESIAN_POINT ( 'NONE',  ( 16.03503777425773791, -28.47129294843108482, 3.292323440001584611 ) ) ;
#3958 = EDGE_CURVE ( 'NONE', #861, #2403, #2234, .T. ) ;
#3959 = ORIENTED_EDGE ( 'NONE', *, *, #3629, .T. ) ;
#3960 = ORIENTED_EDGE ( 'NONE', *, *, #691, .T. ) ;
#3961 = DIRECTION ( 'NONE',  ( -0.000000000000000000, -0.000000000000000000, 1.000000000000000000 ) ) ;
#3962 = CARTESIAN_POINT ( 'NONE',  ( 14.28503777425773436, -22.47129294843107417, 3.000000000000001776 ) ) ;
#3963 = EDGE_CURVE ( 'NONE', #3437, #521, #1281, .T. ) ;
#3964 = ORIENTED_EDGE ( 'NONE', *, *, #3585, .F. ) ;
#3965 = DIRECTION ( 'NONE',  ( -0.000000000000000000, -0.000000000000000000, 1.000000000000000000 ) ) ;
#3966 = DIRECTION ( 'NONE',  ( 1.000000000000000000, 0.000000000000000000, 0.000000000000000000 ) ) ;
#3967 = LINE ( 'NONE', #817, #650 ) ;
#3968 = ORIENTED_EDGE ( 'NONE', *, *, #1400, .T. ) ;
#3969 = LINE ( 'NONE', #137, #3030 ) ;
#3970 = ORIENTED_EDGE ( 'NONE', *, *, #2385, .T. ) ;
#3971 = CARTESIAN_POINT ( 'NONE',  ( -10.88296222574226668, -25.62529294843109540, 1.699999999999999289 ) ) ;
#3972 = DIRECTION ( 'NONE',  ( -0.000000000000000000, -0.000000000000000000, 1.000000000000000000 ) ) ;
#3973 = EDGE_CURVE ( 'NONE', #3842, #1647, #1864, .T. ) ;
#3974 = EDGE_LOOP ( 'NONE', ( #608, #1738, #3666, #2737 ) ) ;
#3975 = EDGE_LOOP ( 'NONE', ( #1485, #1608 ) ) ;
#3976 = DIRECTION ( 'NONE',  ( 0.000000000000000000, 0.000000000000000000, 1.000000000000000000 ) ) ;
#3977 = VECTOR ( 'NONE', #685, 1000.000000000000000 ) ;
#3978 = CARTESIAN_POINT ( 'NONE',  ( 16.53503777425773791, -18.72129294843107417, 8.499999999999998224 ) ) ;
#3979 = VERTEX_POINT ( 'NONE', #3757 ) ;
#3980 = DIRECTION ( 'NONE',  ( -0.000000000000000000, -0.000000000000000000, 1.000000000000000000 ) ) ;
#3981 = VECTOR ( 'NONE', #3259, 1000.000000000000000 ) ;
#3982 = CARTESIAN_POINT ( 'NONE',  ( -16.21496222574229051, -19.72129294843107417, 3.292323440001584611 ) ) ;
#3983 = EDGE_CURVE ( 'NONE', #2633, #2893, #2525, .T. ) ;
#3984 = VECTOR ( 'NONE', #4022, 1000.000000000000000 ) ;
#3985 = DIRECTION ( 'NONE',  ( 1.000000000000000000, 0.000000000000000000, 0.000000000000000000 ) ) ;
#3986 = VERTEX_POINT ( 'NONE', #1882 ) ;
#3987 = LINE ( 'NONE', #1179, #1674 ) ;
#3988 = EDGE_LOOP ( 'NONE', ( #737, #51, #2076, #543 ) ) ;
#3989 = CARTESIAN_POINT ( 'NONE',  ( 7.453037774257734505, -25.62529294843109540, 1.699999999999999289 ) ) ;
#3990 = FACE_OUTER_BOUND ( 'NONE', #1718, .T. ) ;
#3991 = ORIENTED_EDGE ( 'NONE', *, *, #3913, .T. ) ;
#3992 = DIRECTION ( 'NONE',  ( 1.000000000000000000, 0.000000000000000000, 0.000000000000000000 ) ) ;
#3993 = ORIENTED_EDGE ( 'NONE', *, *, #2361, .T. ) ;
#3994 = CIRCLE ( 'NONE', #2226, 1.402036092185268590 ) ;
#3995 = CARTESIAN_POINT ( 'NONE',  ( 10.45303777425773362, -25.62529294843109540, 1.699999999999999289 ) ) ;
#3996 = ADVANCED_FACE ( 'NONE', ( #1235 ), #3407, .T. ) ;
#3997 = AXIS2_PLACEMENT_3D ( 'NONE', #3100, #322, #4020 ) ;
#3998 = ORIENTED_EDGE ( 'NONE', *, *, #2869, .T. ) ;
#3999 = CIRCLE ( 'NONE', #2298, 2.249999999999998668 ) ;
#4000 = DIRECTION ( 'NONE',  ( -0.000000000000000000, -0.000000000000000000, -1.000000000000000000 ) ) ;
#4001 = CIRCLE ( 'NONE', #1724, 1.402036092185269034 ) ;
#4002 = ADVANCED_FACE ( 'NONE', ( #359 ), #2179, .F. ) ;
#4003 = CIRCLE ( 'NONE', #1774, 1.074999999999999512 ) ;
#4004 = ADVANCED_FACE ( 'NONE', ( #3110 ), #1588, .T. ) ;
#4005 = ORIENTED_EDGE ( 'NONE', *, *, #3355, .T. ) ;
#4006 = CARTESIAN_POINT ( 'NONE',  ( -12.64106361317946003, 13.48838797301254111, 9.999999999999998224 ) ) ;
#4007 = VECTOR ( 'NONE', #3972, 1000.000000000000000 ) ;
#4008 = FACE_OUTER_BOUND ( 'NONE', #3904, .T. ) ;
#4009 = AXIS2_PLACEMENT_3D ( 'NONE', #1313, #3789, #2896 ) ;
#4010 = DIRECTION ( 'NONE',  ( 1.000000000000000000, 0.000000000000000000, 0.000000000000000000 ) ) ;
#4011 = VERTEX_POINT ( 'NONE', #3495 ) ;
#4012 = ORIENTED_EDGE ( 'NONE', *, *, #2062, .F. ) ;
#4013 = CARTESIAN_POINT ( 'NONE',  ( -17.96496222574225854, -26.97129294843108838, 8.499999999999998224 ) ) ;
#4014 = CARTESIAN_POINT ( 'NONE',  ( 9.504204806870928834, -28.47129294843108482, 1.699999999999999289 ) ) ;
#4015 = EDGE_CURVE ( 'NONE', #2864, #428, #2858, .T. ) ;
#4016 = VECTOR ( 'NONE', #3895, 1000.000000000000000 ) ;
#4017 = EDGE_CURVE ( 'NONE', #1568, #3882, #3999, .T. ) ;
#4018 = ORIENTED_EDGE ( 'NONE', *, *, #1411, .T. ) ;
#4019 = CIRCLE ( 'NONE', #152, 1.000000000000000888 ) ;
#4020 = DIRECTION ( 'NONE',  ( 1.000000000000000000, 0.000000000000000000, 0.000000000000000000 ) ) ;
#4021 = ORIENTED_EDGE ( 'NONE', *, *, #3013, .T. ) ;
#4022 = DIRECTION ( 'NONE',  ( 0.000000000000000000, 0.000000000000000000, 1.000000000000000000 ) ) ;
#4023 = VECTOR ( 'NONE', #1347, 1000.000000000000000 ) ;
#4024 = VECTOR ( 'NONE', #2338, 1000.000000000000000 ) ;
#4025 = LINE ( 'NONE', #632, #1914 ) ;
#4026 = VERTEX_POINT ( 'NONE', #1612 ) ;
#4027 = DIRECTION ( 'NONE',  ( 1.000000000000000000, 0.000000000000000000, -0.000000000000000000 ) ) ;
#4028 = ADVANCED_FACE ( 'NONE', ( #908 ), #972, .T. ) ;
#4029 = DIRECTION ( 'NONE',  ( 1.000000000000000000, 1.156482317317871133E-15, 0.000000000000000000 ) ) ;
#4030 = ORIENTED_EDGE ( 'NONE', *, *, #1603, .F. ) ;
#4031 = DIRECTION ( 'NONE',  ( 1.000000000000000000, 0.000000000000000000, 0.000000000000000000 ) ) ;
#4032 = DIRECTION ( 'NONE',  ( 1.000000000000000000, 0.000000000000000000, 0.000000000000000000 ) ) ;
#4033 = CARTESIAN_POINT ( 'NONE',  ( -16.21496222574226564, -22.47129294843110969, 3.292323440001584611 ) ) ;
#4034 = ORIENTED_EDGE ( 'NONE', *, *, #1131, .F. ) ;
#4035 = DIRECTION ( 'NONE',  ( 1.000000000000000000, 0.000000000000000000, 0.000000000000000000 ) ) ;
#4036 = EDGE_LOOP ( 'NONE', ( #513, #2372, #1344, #2818 ) ) ;
#4037 = DIRECTION ( 'NONE',  ( 0.000000000000000000, 0.000000000000000000, 1.000000000000000000 ) ) ;
#4038 = DIRECTION ( 'NONE',  ( -1.000000000000000000, 0.000000000000000000, 0.000000000000000000 ) ) ;
#4039 = EDGE_CURVE ( 'NONE', #512, #2549, #3091, .T. ) ;
#4040 = EDGE_CURVE ( 'NONE', #2532, #2734, #1058, .T. ) ;
#4041 = VECTOR ( 'NONE', #2371, 1000.000000000000000 ) ;
#4042 = DIRECTION ( 'NONE',  ( 1.000000000000000000, 0.000000000000000000, 0.000000000000000000 ) ) ;
#4043 = VERTEX_POINT ( 'NONE', #1567 ) ;
#4044 = DIRECTION ( 'NONE',  ( 1.000000000000000000, -0.000000000000000000, 0.000000000000000000 ) ) ;
#4045 = ADVANCED_FACE ( 'NONE', ( #599 ), #1530, .F. ) ;
#4046 = DIRECTION ( 'NONE',  ( -0.000000000000000000, -0.000000000000000000, 1.000000000000000000 ) ) ;
#4047 = ORIENTED_EDGE ( 'NONE', *, *, #2026, .F. ) ;
#4048 = ORIENTED_EDGE ( 'NONE', *, *, #1386, .F. ) ;
#4049 = DIRECTION ( 'NONE',  ( 0.000000000000000000, 0.000000000000000000, -1.000000000000000000 ) ) ;
#4050 = DIRECTION ( 'NONE',  ( 0.000000000000000000, 0.000000000000000000, -1.000000000000000000 ) ) ;
#4051 = ORIENTED_EDGE ( 'NONE', *, *, #2142, .F. ) ;
#4052 = DIRECTION ( 'NONE',  ( 0.000000000000000000, -0.000000000000000000, 1.000000000000000000 ) ) ;
#4053 = ORIENTED_EDGE ( 'NONE', *, *, #1440, .F. ) ;
#4054 = ADVANCED_FACE ( 'NONE', ( #4062 ), #2507, .F. ) ;
#4055 = CARTESIAN_POINT ( 'NONE',  ( 19.03503777425773791, 30.03870705156891319, 3.292323440001584611 ) ) ;
#4056 = LINE ( 'NONE', #1214, #3236 ) ;
#4057 = CARTESIAN_POINT ( 'NONE',  ( -7.714959791634054653, -28.47129294843108482, 6.892323440001584700 ) ) ;
#4058 = MECHANICAL_DESIGN_GEOMETRIC_PRESENTATION_REPRESENTATION (  '', ( #587 ), #1578 ) ;
#4059 = ORIENTED_EDGE ( 'NONE', *, *, #668, .T. ) ;
#4060 = LINE ( 'NONE', #1508, #2972 ) ;
#4061 = VECTOR ( 'NONE', #4046, 1000.000000000000000 ) ;
#4062 = FACE_OUTER_BOUND ( 'NONE', #1584, .T. ) ;
#4063 = AXIS2_PLACEMENT_3D ( 'NONE', #3096, #3761, #2147 ) ;
#4064 = VERTEX_POINT ( 'NONE', #3470 ) ;
#4065 = CIRCLE ( 'NONE', #3679, 1.074999999999999512 ) ;
#4066 = LINE ( 'NONE', #1261, #2776 ) ;
#4067 = CARTESIAN_POINT ( 'NONE',  ( 17.53503777425773791, 3.041844167914499647E-15, 8.499999999999998224 ) ) ;
ENDSEC;
END-ISO-10303-21;
